0 0 0.050000000000000003 120.828 1389 1389 1387 114 1 1 0.14219821445525638 1 0.15715332636757504 0.017949130345904639 4 0.35054473876953124 4 0.36485073501999316 0.085381296621786576 0 0 0 0 0 0 0 0 0 0
1 0.050000000000000003 0.10000000000000001 143.398 4689 6078 4770 116 1 6 0.50543097087315147 5 0.62980571625724668 0.43403805074237645 11 0.68546228666563291 7 0.72784888293292072 0.42517705597748617 1 4.1895847320556641 1 9.9006595611572266 5.8521689319610593 0 0 0 0 0
2 0.10000000000000001 0.14999999999999999 134.76900000000001 4449 10527 5744 116 1 12 0.78829112128605916 7 0.92606387819562641 0.67233986778864774 17 0.65398890005575649 8 0.80374742971884239 0.6798084058503846 2 6.8672695159912109 1 12.765755653381348 7.3490032672882082 0 0 0 0 0
3 0.14999999999999999 0.20000000000000001 115.20399999999999 4551 15078 6218 116 1 16 0.64568977885776091 7 1.0860677825080023 0.77610086762715891 25 0.8296500734380774 9 0.93061633238921293 0.69095440044918566 3 8.5313835144042969 1 14.065869331359863 8.3524715137481689 0 0 0 0 0
4 0.20000000000000001 0.25 119.04000000000001 4462 19540 6494 116 1 21 0.66548268473337568 7 1.0128388707599942 0.77405515396405788 30 0.6210127991599006 9 0.90126315258644718 0.74709850751387097 4 10.185517311096191 1 14.310117721557617 8.3623507595062261 0 0 0 0 0
5 0.25 0.29999999999999999 115.155 4514 24054 6675 116 1 26 0.72466211233820232 7 0.92647764890912976 0.73506111369246541 39 0.84794375058766958 9 0.91007501547401015 0.748303689934112 5 11.53518009185791 1 14.664085388183594 8.6637897300720219 0 0 0 0 0
6 0.29999999999999999 0.35000000000000003 119.33499999999999 4519 28573 6837 116 1 31 0.78552280354594428 7 0.85094669201071305 0.73339655354619038 45 0.71834401568850959 9 0.95570155994312178 0.77695678823541936 6 13.024655342102051 1 14.685256958007812 8.5253694343566888 0 0 0 0 0
7 0.35000000000000003 0.40000000000000002 115.26300000000001 4523 33096 6956 116 1 34 0.55082088986796041 7 0.84493149734205675 0.70855337521859585 55 0.93097025381552212 10 1.0457738103093328 0.8705739424937482 6 4.7915072441101074 1 12.766750335693359 8.1510984516143807 0 0 0 0 0
8 0.40000000000000002 0.45000000000000001 122.036 4527 37623 7052 116 1 39 0.63664771143406151 7 0.87674510168532527 0.70867936827005862 60 0.67411447022412274 10 0.92977506663348219 0.79483646769137006 7 5.4785265922546387 1 14.597288131713867 9.3198270511627204 0 0 0 0 0
9 0.45000000000000001 0.5 119.792 4486 42109 7134 116 1 44 0.65141311869586982 7 1.0395566150546074 0.77903251691189201 66 0.6071168770661225 10 0.89331255796793341 0.71497851773854859 8 6.6456451416015625 1 14.210221290588379 8.8445130157470704 0 0 0 0 0
10 0.5 0.55000000000000004 121.654 4558 46667 7207 122 1 49 0.80206709368050921 7 0.94123437299600077 0.64449828275124588 75 0.78689484209627714 10 0.96314499700391609 0.79498672949301219 9 7.6653432846069336 1 14.537169456481934 8.9904673671722417 0 0 0 0 0
11 0.55000000000000004 0.59999999999999998 116.434 4479 51146 7272 122 1 54 0.96235570660792291 7 1.0016301671506851 0.63495963814367162 83 0.88688038821155957 11 0.96074602676404486 0.76587574548173576 10 9.1963109970092773 1 14.2791748046875 8.4842923450469971 0 0 0 0 0
12 0.59999999999999998 0.65000000000000002 117.715 4545 55691 7334 122 1 57 0.57784296974303229 7 1.1405910385979547 0.8568710598972854 90 0.77991676652753672 11 0.97635315970794578 0.86265442659484393 11 11.81992244720459 1 13.870804786682129 7.4025369834899903 0 0 0 0 0
13 0.65000000000000002 0.70000000000000007 119.78700000000001 4501 60192 7383 122 1 63 0.70053365684690927 7 1.0048762654501295 0.83091314826692841 97 0.78448928272401963 11 0.89796840500187225 0.75222985469811665 12 12.955530166625977 1 14.90240478515625 8.8757117462158206 0 0 0 0 0
14 0.70000000000000007 0.75 118.099 4524 64716 7442 122 1 67 0.54810679431945564 7 1.0818954308827717 0.78582841699085515 105 0.87111569643020625 11 0.87111569643020625 0.77910181969726422 12 4.7660741806030273 1 12.698993682861328 8.1078358650207516 0 0 0 0 0
15 0.75 0.80000000000000004 116.86 4500 69216 7482 122 1 73 0.70734325122265584 7 0.97410191524596446 0.79473144497190207 110 0.66267061636254598 11 0.87679912609023014 0.74690816107633939 13 6.1139078140258789 1 13.881620407104492 8.665601196289062 0 0 0 0 0
16 0.80000000000000004 0.84999999999999998 120.991 4511 73727 7523 122 1 77 0.59327295138722369 7 0.89903462902894093 0.74785408247794405 118 0.79193173473751222 11 0.8305445870032182 0.73689208044715837 14 7.575188159942627 1 14.08172607421875 8.5532835578918451 0 0 0 0 0
17 0.84999999999999998 0.90000000000000002 126.601 4489 78216 7554 122 1 84 0.80280619954305987 7 1.062216736021496 0.90366609888890448 128 1.0606352665939847 12 1.0842270400073077 0.81505551374361318 15 9.2919559478759766 1 14.141996383666992 8.3003431510925285 0 0 0 0 0
18 0.90000000000000002 0.95000000000000007 127.52800000000001 4503 82719 7592 122 1 89 0.81967324113088946 7 0.98167573081122506 0.7769518172173272 133 0.76609697251807196 12 1.039633293369332 0.83214337659617099 16 10.901078224182129 1 14.423541069030762 8.4069133663177489 0 0 0 0 0
19 0.95000000000000007 1 114.571 4404 87123 7625 122 1 92 0.54544138529944042 7 1.0139359841271052 0.74768926363142696 141 0.82616929339395984 12 0.90306467288551295 0.80539130346920029 16 4.010284423828125 1 10.685222625732422 6.8221189498901369 0 0 0 0 0
20 1 1.05 119.247 4597 91720 7653 122 1 97 0.59155956005293231 7 0.92147895078810438 0.74799220980159831 147 0.64079731292015796 12 1.0150701709695764 0.83217323448730507 17 5.2661943435668945 1 13.753698348999023 8.7566055822372437 0 0 0 0 0
21 1.05 1.1000000000000001 133.28999999999999 4490 96210 7675 122 1 104 0.88601139909218229 8 1.0205606847764954 0.81959383934499708 155 0.72724098545071236 12 0.88566832150760533 0.7792826699582307 18 6.3859782218933105 1 14.212255477905273 8.8913735580444335 0 0 0 0 0
22 1.1000000000000001 1.1500000000000001 117.19199999999999 4571 100781 7715 122 1 110 0.95975474327329602 8 1.0479699581388444 0.87937259645807364 161 0.66167106253623564 12 0.83807210060390269 0.71356511947215606 19 7.3651156425476074 1 14.537832260131836 9.0306224822998047 0 0 0 0 0
23 1.1500000000000001 1.2 117.72799999999999 4486 105267 7740 122 1 114 0.73361854893820622 8 1.0695728460947673 0.85880313103161132 168 0.61632788987276521 12 1.0225902834378586 0.80164809421530459 20 8.7145299911499023 1 14.367828369140625 8.6640334129333496 0 0 0 0 0
24 1.2 1.25 116.93600000000001 4440 109707 7767 122 1 122 1.152322607854056 9 1.2735134273294419 0.85531008735535641 175 0.69430619854530373 12 0.88493460195038365 0.67955566353153296 21 9.9765768051147461 1 14.588592529296875 8.7505297183990471 0 0 0 0 0
25 1.25 1.3 120.586 4577 114284 7793 122 1 127 1.0741096965613819 9 1.1295051059079548 0.87108426991436205 185 0.90429294318011078 12 1.042339538207995 0.87318721968255542 22 12.451275825500488 1 14.038774490356445 7.5499637889862061 0 0 0 0 0
26 1.3 1.3500000000000001 121.479 4471 118755 7819 122 1 131 0.86599921340507169 9 1.0528409056483754 0.84095696256865582 192 0.84231570045765791 12 0.9309027867341364 0.81811629630610139 23 13.904660224914551 1 14.76447582244873 8.5610998535156249 0 0 0 0 0
27 1.3500000000000001 1.4000000000000001 121.65600000000001 4549 123304 7841 122 1 137 1.0541794553753876 9 1.1419789514371328 0.76607616057294237 199 0.80967133349292231 12 0.89546895706019292 0.7890757419603398 23 5.1152405738830566 1 13.629329681396484 8.7018219470977787 0 0 0 0 0
28 1.4000000000000001 1.45 119.813 4437 127741 7865 122 1 142 1.0028863234874157 9 1.130283651208239 0.84443275267893947 207 0.8683558383191986 12 0.91400479512081512 0.80676528300474881 24 6.6055355072021484 1 13.844775199890137 8.524556741714477 0 0 0 0 0
29 1.45 1.5 129.791 4574 132315 7892 122 1 145 0.70631497010352118 9 0.99483447142004489 0.76980615602791413 211 0.60548969414183473 12 0.85116124860124309 0.69267875649142752 25 8.6801671981811523 1 13.750024795532227 7.9460451316833494 0 0 0 0 0
30 1.5 1.55 116.127 4501 136816 7911 122 1 150 0.68000705256625749 9 1.0343862524208065 0.81969655090242621 220 0.82927302439782435 12 0.97316083888306182 0.75141985878065232 26 10.527846336364746 1 14.211104393005371 8.1707358264923098 0 0 0 0 0
31 1.55 1.6000000000000001 121.434 4530 141346 7927 122 1 155 0.71475715792067129 9 0.96779582245572882 0.75924707416858939 225 0.66782535698836687 12 0.85739143571949716 0.70037921488484711 27 11.661114692687988 1 14.824180603027344 8.8780253219604486 0 0 0 0 0
32 1.6000000000000001 1.6500000000000001 115.39 4489 145835 7946 122 1 160 0.74150859375968425 9 0.90568057310063899 0.76716594356483814 230 0.59098885769375853 12 0.76661994878265216 0.61661125461847544 28 13.429347038269043 1 14.547837257385254 8.249389905929565 0 0 0 0 0
33 1.6500000000000001 1.7 127.05200000000001 4574 150409 7975 122 1 165 0.81626393910812023 9 0.87620619408854894 0.71964043191855154 238 0.76937575516491252 12 0.84247677913656571 0.68825578572893364 28 4.9403839111328125 1 13.16342830657959 8.404362421035767 0 0 0 0 0
34 1.7 1.75 119.678 4493 154902 7992 122 1 170 0.7313916902540003 9 1.0631253608181497 0.8776772354450243 246 0.81633636084515415 12 0.93058792030941284 0.81837224508872297 29 6.2661213874816895 1 13.945504188537598 8.6874759292602537 0 0 0 0 0
35 1.75 1.8 116.821 4544 159446 8004 122 1 174 0.66551434285335587 9 0.91615505204100334 0.70014140785594947 251 0.65770052114772448 12 0.85588311278283091 0.69759531820461762 30 7.3210210800170898 1 14.450798034667969 8.9556129646301272 0 0 0 0 0
36 1.8 1.8500000000000001 117.197 4442 163888 8020 122 1 179 0.73028195212232849 9 0.84291758164637565 0.72952866432618035 261 0.86633794767002648 12 1.0694802981735685 0.87452296517111949 31 8.5794000625610352 1 14.4307861328125 8.7541607570648186 0 0 0 0 0
37 1.8500000000000001 1.9000000000000001 115.952 4494 168382 8034 122 1 186 1.0025599751333318 9 1.0064221004188492 0.84154670178382251 266 0.66812059420186121 12 0.86650564557797205 0.73678249975833365 32 10.345541954040527 1 14.24713134765625 8.2514610385894773 0 0 0 0 0
38 1.9000000000000001 1.95 115.75 4570 172952 8049 122 1 191 0.91557232831049828 9 1.0287371605742841 0.87977155024563169 275 0.75626924505104887 12 1.080684195660256 0.88570292693376573 33 12.945374488830566 1 14.023556709289551 7.4260782909393308 0 0 0 0 0
39 1.95 2 120.074 4525 177477 8064 122 1 196 0.88550135777490635 9 0.99148475180563156 0.82342207505454657 283 0.79947804015230484 12 1.0802280454216777 0.82208661818584838 33 4.7623386383056641 1 12.68903923034668 8.101481122970581 0 0 0 0 0
40 2 2.0499999999999998 113.956 4481 181958 8084 122 1 200 0.63858899053439167 9 1.1441211863235878 0.87937225730764268 290 0.74390414355171697 12 0.92835586427434069 0.81177686963532414 34 5.8585944175720215 1 14.124475479125977 8.9146723842620847 0 0 0 0 0
41 2.0499999999999998 2.1000000000000001 121.71299999999999 4526 186484 8102 122 1 206 0.836308760021932 9 0.89763654982358632 0.7566316739966622 298 0.88372933925003616 12 0.90158184100244498 0.72643331759151186 35 7.1711010932922363 1 14.154872894287109 8.7005747318267819 0 0 0 0 0
42 2.1000000000000001 2.1499999999999999 117.63800000000001 4512 190996 8117 122 1 212 0.94972722192121017 9 1.0924463063583805 0.84009286420438445 306 0.86484286918027986 12 1.077660457991265 0.88356310641841129 36 8.8882265090942383 1 14.079607009887695 8.2999866104125974 0 0 0 0 0
43 2.1499999999999999 2.2000000000000002 121.762 4506 195502 8127 123 1 217 0.94307908929888895 9 1.0847990749674059 0.80023266074261235 310 0.57629084862970015 12 0.89039401420064879 0.71810862758352945 37 10.177254676818848 1 14.587355613708496 8.7238193988800052 0 0 0 0 0
44 2.2000000000000002 2.25 114.995 4503 200005 8151 123 1 220 0.69017134420054205 9 0.9244048624067096 0.72657768860523386 319 0.78964732577772556 12 0.94537941730908448 0.76174287698599119 38 12.883465766906738 1 13.956491470336914 7.3207608222961422 0 0 0 0 0
45 2.25 2.3000000000000003 117.21899999999999 4540 204545 8162 123 1 225 0.73921602912644258 9 0.97430415482013633 0.74509490494994635 325 0.71182532065573179 12 0.98027427192727057 0.72569509565588608 38 4.739565372467041 1 12.628355979919434 8.0627375221252446 0 0 0 0 0
46 2.3000000000000003 2.3500000000000001 117.687 4588 209133 8171 123 1 231 0.79927012196221314 9 1.093220910167668 0.89292541482048748 331 0.65628653191835495 12 0.92204813088944837 0.70363390138238102 39 5.6891922950744629 1 14.275829315185547 9.0598376274108894 0 0 0 0 0
47 2.3500000000000001 2.3999999999999999 131.012 4453 213586 8182 123 1 237 1.0386016058702441 9 1.0809877230813851 0.7154348017908585 339 0.75117183549398858 12 0.87024120366439928 0.77092529936678522 40 7.8625316619873047 1 13.492155075073242 7.8483220958709721 0 0 0 0 0
48 2.3999999999999999 2.4500000000000002 118.964 4472 218058 8198 123 1 240 0.69272787065751529 9 1.0180359264126195 0.81861711472633047 346 0.7079884502506576 12 0.97499046962585523 0.79950976242187055 41 9.9394617080688477 1 13.964422225952148 7.9437698650360105 0 0 0 0 0
49 2.4500000000000002 2.5 120.896 4520 222578 8214 123 1 247 0.93983186293559906 9 1.1218360405559893 0.86646979607176078 351 0.59689164198927169 12 0.80527659626787751 0.65053021260983457 42 13.557184219360352 1 13.557184219360352 6.4183320665359496 0 0 0 0 0
50 2.5 2.5500000000000003 115.178 4501 227079 8222 123 1 250 0.64272453430667642 9 0.92122195673795682 0.77033675086718523 358 0.67482465992324181 12 0.80747605194884342 0.67960048123493733 42 4.9874110221862793 1 13.288734436035156 8.484364318847657 0 0 0 0 0
51 2.5500000000000003 2.6000000000000001 119.339 4550 231629 8235 123 1 256 0.88701437638146541 9 1.061948923707509 0.71052581674308313 368 1.0290502217619497 12 1.0290502217619497 0.73038587166815527 43 6.7512898445129395 1 13.595424652099609 8.2537002277374274 0 0 0 0 0
52 2.6000000000000001 2.6499999999999999 121.404 4503 236132 8245 123 1 261 0.89459411190845395 9 0.99668722821405076 0.78614666087271845 376 0.9882406416955426 12 1.1228798839428065 0.90526777560023108 44 8.2532558441162109 1 14.162639617919922 8.5130036640167237 0 0 0 0 0
53 2.6499999999999999 2.7000000000000002 116.307 4480 240612 8253 123 1 266 0.83972312031554874 10 1.0742092136824 0.84797494555225938 380 0.66472047160815062 12 0.96867220191544545 0.75272837661976011 45 10.370792388916016 1 13.999106407165527 7.9035655498504642 0 0 0 0 0
54 2.7000000000000002 2.75 120.342 4493 245105 8265 123 1 271 0.75142233984500906 10 1.0402172553859115 0.88107154113752173 388 0.76513139954334819 12 0.89561426278227974 0.7654547376134806 45 3.8152027130126953 1 10.165436744689941 6.4902550554275509 0 0 0 0 0
55 2.75 2.8000000000000003 116.337 4530 249635 8279 123 1 276 0.74041994273644207 10 0.9796715949710032 0.80454365649260629 395 0.7340877122006495 12 0.98404194044322724 0.7874911508282959 46 5.2710099220275879 1 13.493681907653809 8.5587020921707158 0 0 0 0 0
56 2.8000000000000003 2.8500000000000001 118.03400000000001 4504 254139 8284 123 1 281 0.74989435827038009 10 1.0011472199757763 0.78427093051322316 402 0.68270950785914686 12 0.9769387820596811 0.80762298665919263 47 6.9549398422241211 1 13.728199005126953 8.3328517007827756 0 0 0 0 0
57 2.8500000000000001 2.8999999999999999 118.733 4484 258623 8284 123 1 285 0.71779855609637611 10 0.9069591479139435 0.66669657981814712 407 0.60325168814969743 12 0.77622511027697993 0.61920639626410823 48 8.5636358261108398 1 14.119045257568359 8.4073379993438717 0 0 0 0 0
58 2.8999999999999999 2.9500000000000002 118.825 4511 263134 8294 123 1 289 0.53053092934458668 10 1.134421369552205 0.82032191781405284 415 0.76261448398290577 12 0.80977193263273162 0.70709020375465059 49 9.6555852890014648 1 14.695426940917969 8.9189341545104988 0 0 0 0 0
59 2.9500000000000002 3 126.131 4493 267627 8301 123 1 296 0.90150933844976733 10 0.95404104817093249 0.74382990197802923 422 0.79319143216498311 12 0.91238726480469634 0.72648452649288442 50 12.510580062866211 1 13.826329231262207 7.173458766937256 0 0 0 0 0
60 3 3.0500000000000003 116.14700000000001 4567 272194 8311 123 1 301 0.83127205854504893 10 1.0157751338348746 0.86318806733057718 428 0.73500748867274301 12 0.84545980754177052 0.70625273379456965 50 4.6023874282836914 1 12.262853622436523 7.8293787193298341 0 0 0 0 0
61 3.0500000000000003 3.1000000000000001 120.986 4522 276716 8322 123 1 306 0.89534143370519037 10 0.92371658870713946 0.73021992994165952 437 0.98188018797403309 12 0.98638611243729757 0.72856059618442826 51 6.0536899566650391 1 13.744897842407227 8.5631621074676509 0 0 0 0 0
62 3.1000000000000001 3.1499999999999999 117.244 4507 281223 8329 123 1 310 0.74428125242699184 10 1.0173879158407508 0.78447529341927436 445 0.930265599100906 12 1.1553290424175713 0.91596507959594109 52 7.0462002754211426 1 14.475940704345703 9.0173839855194089 0 0 0 0 0
63 3.1499999999999999 3.2000000000000002 118.10299999999999 4484 285707 8335 123 1 316 0.92713698716489468 10 1.0246448101034755 0.77134759513837581 449 0.62070697558431775 12 0.9118451187197355 0.73890594815159605 53 8.2474994659423828 1 14.438669204711914 8.8106714534759529 0 0 0 0 0
64 3.2000000000000002 3.25 118.152 4440 290147 8342 123 1 321 0.92965709980392419 10 1.0070854945456582 0.79115572638818321 458 0.83706450844736324 12 0.88882567105745236 0.75877177787713768 54 8.8036794662475586 1 15.107172012329102 9.4493623352050786 0 0 0 0 0
65 3.25 3.3000000000000003 121.863 4551 294698 8349 123 1 325 0.8478958622732784 10 0.99834188497037613 0.71586699024318312 462 0.5592612581310038 12 0.82048951699718475 0.70746704019646556 55 10.872615814208984 1 14.101020812988281 7.9516863346099855 0 0 0 0 0
66 3.3000000000000003 3.3500000000000001 119.748 4575 299273 8357 123 1 328 0.63125550079164927 10 0.83760573745210132 0.69067179290202607 471 0.83291026843995841 12 0.86690196632034555 0.70205124142497199 56 11.787948608398438 1 14.985418319702148 9.0937893104553229 0 0 0 0 0
67 3.3500000000000001 3.3999999999999999 115.739 4491 303764 8367 123 1 333 0.63522665954787105 10 1.0109732634910451 0.78971926245549484 477 0.68340353316956104 12 0.9635198221962834 0.79666536532840881 57 12.282011032104492 1 15.304327011108398 9.5108605480194086 0 0 0 0 0
68 3.3999999999999999 3.4500000000000002 124.747 4508 308272 8373 123 1 340 0.94879241528918368 10 1.1822681180583996 0.80067050239792525 484 0.69448751396802089 12 0.90118794815928183 0.74578335009691243 57 4.5183019638061523 1 12.038810729980469 7.6863354492187499 0 0 0 0 0
69 3.4500000000000002 3.5 147.42699999999999 4534 312806 8381 123 1 344 0.78129683783036252 10 1.0337570896944739 0.80074682649896434 493 0.82059139597833353 12 1.1576649459983142 0.84812576648119875 58 5.4530844688415527 1 14.241796493530273 9.0745335292816165 0 0 0 0 0
70 3.5 3.5500000000000003 145.51499999999999 4502 317308 8384 123 1 349 0.80516348458467724 10 0.97693433901387128 0.7700219467222692 499 0.71544098274904633 12 0.90763618890456366 0.75275110881803742 59 7.1232481002807617 1 13.782003402709961 8.346480493545533 0 0 0 0 0
71 3.5500000000000003 3.6000000000000001 151.79599999999999 4523 321831 8391 123 1 355 0.93114159803140573 10 0.99447395626255575 0.8276583585543118 506 0.66896853110619137 12 0.99816938573656278 0.80276614599737539 60 8.7468624114990234 1 14.135578155517578 8.392567691802979 0 0 0 0 0
72 3.6000000000000001 3.6499999999999999 133.93100000000001 4582 326413 8397 123 1 359 0.73090154669877039 10 1.0268781914731879 0.83316513298912442 515 0.90176555730402985 12 0.96384041262275588 0.74249605982074574 61 10.407147407531738 1 14.33197021484375 8.356262197494507 0 0 0 0 0
73 3.6499999999999999 3.7000000000000002 122.218 4513 330926 8401 123 1 364 0.77336083356515795 10 0.93729838911998875 0.75161473557713732 521 0.77991146999464844 12 0.99094357223194418 0.76928823120822287 62 11.311333656311035 1 14.966361999511719 9.1048217296600349 0 0 0 0 0
74 3.7000000000000002 3.75 119.71299999999999 4440 335366 8412 123 1 370 0.8244013938708239 10 1.1353059876038969 0.90184890752991398 529 0.90010914072488291 12 0.9182925356492736 0.74586511163453428 63 12.267183303833008 1 14.983169555664062 9.0536751461029059 0 0 0 0 0
75 3.75 3.8000000000000003 118.247 4572 339938 8420 123 1 374 0.72514913956275451 10 0.86816106339037524 0.73318373073393261 534 0.74514345898548306 12 0.88228579486620184 0.69396179813266456 63 4.5128474235534668 1 12.024276733398438 7.6770549869537357 0 0 0 0 0
76 3.8000000000000003 3.8500000000000001 119.003 4529 344467 8426 123 1 379 0.83745965126443045 10 0.92553601380005057 0.68245966557918092 542 0.89215736721285788 12 0.89215736721285788 0.71931620462073309 64 5.3760151863098145 1 14.324146270751953 9.1454375553131104 0 0 0 0 0
77 3.8500000000000001 3.8999999999999999 115.03 4538 349005 8431 123 1 383 0.71746241692072221 10 0.94794878459279486 0.75372191423848545 546 0.5620512396227515 12 0.9142915660954346 0.75924867146269048 65 6.4263815879821777 1 14.302168846130371 8.9601034641265862 0 0 0 0 0
78 3.8999999999999999 3.9500000000000002 119.31100000000001 4506 353511 8438 123 1 387 0.62831916695735357 10 0.92931476330360097 0.72317556171743103 555 0.72273830251432303 12 0.91878035634814781 0.81388739439967506 66 7.0878787040710449 1 14.855731964111328 9.3450963687896724 0 0 0 0 0
79 3.9500000000000002 4 114.40600000000001 4499 358010 8442 123 1 392 0.73295165438805598 10 0.85201937102263348 0.69006112236705097 561 0.6542534067436111 12 0.81524982620698938 0.71645106512076484 67 8.1508502960205078 1 14.557727813720703 8.9476216983795158 0 0 0 0 0
80 4 4.0499999999999998 116.14100000000001 4545 362555 8455 123 1 395 0.48024825074749905 10 1.0269030393771887 0.72637540559253311 568 0.6552788901893406 12 0.87583607009023967 0.75574142709553815 68 10.481291770935059 1 13.868105888366699 7.6927868175506591 0 0 0 0 0
81 4.0499999999999998 4.0999999999999996 115.485 4484 367039 8465 123 1 401 0.65690171626213556 10 1.1732515040121496 0.77748798665118501 577 0.81054130814926306 12 0.96160866790731625 0.81925803004049658 69 12.125579833984375 1 14.516953468322754 8.3720993041992191 0 0 0 0 0
82 4.0999999999999996 4.1500000000000004 121.2 4510 371549 8471 123 1 406 0.74262976988835616 10 0.94406737935999752 0.70877720412386414 582 0.64599436754219508 12 0.82121970994797377 0.70344757424675264 70 13.419240951538086 1 14.830554962158203 8.7192324542999273 0 0 0 0 0
83 4.1500000000000004 4.2000000000000002 117.762 4503 376052 8476 123 1 411 0.7596064378860502 10 0.96984838122054118 0.77684339653835766 590 0.71712956416682139 12 0.90897728180395243 0.79443862452098202 71 14.837326049804688 1 14.837326049804688 8.5960511875152594 0 0 0 0 0
84 4.2000000000000002 4.25 120.48399999999999 4540 380592 8481 123 1 416 0.83385540974545869 10 0.88697513887689483 0.72014181535004396 596 0.67328246061398034 12 0.84590839302630538 0.69205877595386955 71 5.4583492279052734 1 14.543527603149414 9.2855029201507566 0 0 0 0 0
85 4.25 4.2999999999999998 117.675 4508 385100 8484 123 1 421 0.80141399777124966 10 1.0063830027504603 0.82576886989957754 605 0.80973638465689457 12 0.99240325727850287 0.83787916118765027 72 6.1976003646850586 1 14.645920753479004 9.2681165790557856 0 0 0 0 0
86 4.2999999999999998 4.3500000000000005 118.65000000000001 4518 389618 8485 123 1 426 0.77886069577837813 10 1.0079107435922789 0.81597938310532436 614 0.97418880987961987 12 1.0344292410948863 0.8101595700826888 73 7.0991401672363281 1 14.58470630645752 9.1074452495574949 0 0 0 0 0
87 4.3500000000000005 4.4000000000000004 119.157 4579 394197 8490 123 1 432 0.92890214446991226 10 1.0684917616465737 0.80383492554937153 619 0.69240631197573588 12 1.0430245006591738 0.81951475833093412 74 7.9376363754272461 1 14.755489349365234 9.1698630905151362 0 0 0 0 0
88 4.4000000000000004 4.4500000000000002 117.977 4442 398639 8493 123 1 438 1.0775760582515173 10 1.1215527511778332 0.80518874895951098 628 0.9181477730671278 12 0.9181477730671278 0.74948134880661987 75 9.1702203750610352 1 14.526304244995117 8.7797009086608888 0 0 0 0 0
89 4.4500000000000002 4.5 117.66200000000001 4545 403184 8496 123 1 441 0.70758387777540421 10 1.0562386210002597 0.8424952358669705 635 0.78740258212830572 12 1.1048395218854901 0.88619893229210689 76 11.319002151489258 1 14.104344367980957 7.8726323795318605 0 0 0 0 0
90 4.5 4.5499999999999998 123.938 4520 407704 8502 123 1 449 1.1176364611065577 11 1.1968356427692233 0.86387533959888285 642 0.76654907569691944 12 0.88610069489962351 0.77740252342659066 77 13.488120079040527 1 14.322178840637207 7.8525002861022948 0 0 0 0 0
91 4.5499999999999998 4.6000000000000005 148.922 4475 412179 8506 123 1 453 0.84641768061925493 11 1.2526591089036729 0.9034364311278813 650 0.89423000085092075 12 0.90004804820023676 0.73845642594680994 77 4.9620027542114258 1 13.221037864685059 8.4411421108245843 0 0 0 0 0
92 4.6000000000000005 4.6500000000000004 132.041 4504 416683 8512 123 1 457 0.72010362715948195 11 0.95427949087960384 0.75997579563231699 658 0.93573132846756157 12 0.99355741961280242 0.82377708568272967 78 6.9425883293151855 1 13.432466506958008 8.0391511344909663 0 0 0 0 0
93 4.6500000000000004 4.7000000000000002 131.185 4475 421158 8518 123 1 461 0.55735998257758124 11 1.1178956353475178 0.79604238187509879 663 0.68949343627822157 12 0.93569399059649461 0.78432441018497867 79 7.8800411224365234 1 14.648427963256836 9.0718877887725835 0 0 0 0 0
94 4.7000000000000002 4.75 137.596 4546 425704 8524 123 1 466 0.63460449306737809 11 0.85662640654851518 0.71717608522328136 671 0.85230808109926004 12 0.90501185284228991 0.70367291635495122 80 8.1194486618041992 1 15.398377418518066 9.7629758930206307 0 0 0 0 0
95 4.75 4.7999999999999998 132.02099999999999 4532 430236 8531 123 1 473 0.99965912387484601 12 0.99965912387484601 0.74969473284979671 677 0.7364005995379459 12 0.9361485601893651 0.76340090456049936 81 8.9920358657836914 1 14.825355529785156 9.1361113739013664 0 0 0 0 0
96 4.7999999999999998 4.8500000000000005 139.11199999999999 4520 434756 8532 123 1 476 0.60117013897332883 12 1.0954032459311069 0.87070797726689353 685 0.79252767068258412 12 1.0075000340367566 0.80929718317900712 82 10.215441703796387 1 14.642092704772949 8.7887849235534663 0 0 0 0 0
97 4.8500000000000005 4.9000000000000004 144.04599999999999 4494 439250 8538 123 1 482 0.80160124737414573 12 0.96081171307476265 0.75394751076276123 693 0.8767733381360272 12 0.96898435359204038 0.78145887539588788 83 12.027777671813965 1 14.399864196777344 8.2057253456115724 0 0 0 0 0
98 4.9000000000000004 4.9500000000000002 149.24100000000001 4453 443703 8544 123 1 485 0.6021261878666424 12 0.89606503268615123 0.67367754932396906 698 0.66705114339388638 12 0.93274821831429433 0.7481726288671624 83 4.4247736930847168 1 11.78961181640625 7.5272297286987309 0 0 0 0 0
99 4.9500000000000002 5 160.251 4552 448255 8551 123 1 491 0.75520862562448854 12 0.97945262701620184 0.80082430938949867 708 0.88294694246836336 12 0.99087733833933 0.86733690636486427 84 5.9883518218994141 1 13.596542358398438 8.4520094871521003 0 0 0 0 0
100 5 5.0499999999999998 140.69499999999999 4569 452824 8562 123 1 496 0.70210319322751957 12 1.0540627526361421 0.84622692249296794 715 0.8461101173264044 12 0.95536027833802872 0.79322644670117493 85 7.7463569641113281 1 13.835288047790527 8.2595158767700187 0 0 0 0 0
101 5.0499999999999998 5.1000000000000005 119.03 4495 457319 8565 123 1 500 0.5889662547558564 12 0.93571034551548238 0.74692993974335764 721 0.72153396347949716 12 0.8880922683884549 0.77198327730288707 86 9.3549251556396484 1 14.237833976745605 8.4074646186828605 0 0 0 0 0
102 5.1000000000000005 5.1500000000000004 118.709 4545 461864 8570 123 1 505 0.60225874483298936 12 1.0130156234562968 0.78049067988247256 728 0.75298155228705632 12 0.88971707735129812 0.72562258814965963 87 11.547460556030273 1 14.104098320007324 7.8293147277832027 0 0 0 0 0
103 5.1500000000000004 5.2000000000000002 119.947 4471 466335 8576 123 1 510 0.68289117719971737 12 0.88566201670336242 0.71382200107998539 735 0.73590189463722089 12 0.9847403496224898 0.77366619914834556 87 4.2480740547180176 1 11.318805694580078 7.2266375541687013 0 0 0 0 0
104 5.2000000000000002 5.25 118.04000000000001 4493 470828 8584 123 1 515 0.71745103266238441 12 0.94469464905829692 0.75943527206966233 742 0.72753258991179282 12 0.98990778765195908 0.76504268509038953 88 5.4302549362182617 1 13.901345252990723 8.829602394104004 0 0 0 0 0
105 5.25 5.2999999999999998 122.27200000000001 4489 475317 8587 123 1 521 0.84746310744760323 12 0.97043536922056151 0.82366459219727917 750 0.89514054403828414 12 0.89514054403828414 0.6989273196198017 89 6.8168492317199707 1 14.004758834838867 8.6272243785858151 0 0 0 0 0
106 5.2999999999999998 5.3500000000000005 118.123 4558 479875 8593 123 1 526 0.9209847560640998 12 0.97793524108955798 0.72086188372751026 756 0.75218408407940629 12 0.93335304983168454 0.79018041036361841 90 7.5236248970031738 1 14.8507080078125 9.300269985198975 0 0 0 0 0
107 5.3500000000000005 5.4000000000000004 125.193 4508 484383 8595 123 1 531 0.8579485539831867 12 1.0591933857537366 0.85605881334575895 764 0.89937559470480211 12 0.91754416889533497 0.71914039341853953 91 7.8849573135375977 1 15.255753517150879 9.642266931533813 0 0 0 0 0
108 5.4000000000000004 5.4500000000000002 116.663 4495 488878 8597 123 1 534 0.60629541188557867 12 0.97271745469317816 0.72533559950175075 770 0.77438013417645057 12 0.93726246380062783 0.7723983109035808 92 7.9165606498718262 1 15.626314163208008 9.968714342117309 0 0 0 0 0
109 5.4500000000000002 5.5 123.77200000000001 4456 493334 8601 123 1 540 0.76907941198986696 12 0.99543606074953694 0.79121938395566571 777 0.7873072023045512 12 0.96161911103043096 0.74395857563886025 93 9.1624660491943359 1 14.514021873474121 8.7665107250213623 0 0 0 0 0
110 5.5 5.5499999999999998 119.373 4529 497863 8605 123 1 545 0.84261322964435215 12 0.87700090712123135 0.72084987339515871 785 0.866881334333238 12 0.90225945084519144 0.78608373387730823 94 10.70527458190918 1 14.450607299804688 8.472568330764771 0 0 0 0 0
111 5.5499999999999998 5.6000000000000005 122.441 4476 502339 8609 123 1 550 0.79440556979171084 12 1.027440334667268 0.84137804431947072 791 0.73614590152344128 12 0.92343229243425173 0.77808115305585235 95 12.044227600097656 1 14.710850715637207 8.6743922519683831 0 0 0 0 0
112 5.6000000000000005 5.6500000000000004 120.166 4510 506849 8613 123 1 556 0.89920287878966187 12 1.0343294398533163 0.84862818780590532 798 0.69531157031029622 12 0.94204976728791123 0.79718415162391987 95 4.4308257102966309 1 11.80573558807373 7.5375247764587403 0 0 0 0 0
113 5.6500000000000004 5.7000000000000002 126.836 4531 511380 8617 123 1 560 0.78502145511676524 12 0.89896312859351657 0.74796417202860965 806 0.76949626638125035 12 0.92125424656923982 0.79141954819969618 96 6.8505535125732422 1 12.991941452026367 7.6043864536285399 0 0 0 0 0
114 5.7000000000000002 5.75 123.004 4562 515942 8623 123 1 565 0.83164801988423043 12 0.9759479507394313 0.74748891459402733 814 0.85603425438344516 12 0.96517589736634657 0.77918935524450161 97 9.0253763198852539 1 13.736272811889648 7.846850666999817 0 0 0 0 0
115 5.75 5.7999999999999998 119.623 4489 520431 8628 123 1 569 0.72320286535905054 12 0.92486122561470785 0.74228503410640845 823 0.95675826459319391 12 1.0449540292894766 0.87325296043708334 98 11.10838794708252 1 14.121526718139648 7.9377490234375001 0 0 0 0 0
116 5.7999999999999998 5.8500000000000005 124.687 4491 524922 8633 123 1 574 0.78417457842743388 12 0.88415432097054791 0.73328673653717669 829 0.79791059494019212 12 0.93781321242050686 0.80591326017638654 98 4.0865497589111328 1 10.888426780700684 6.9518572521209716 0 0 0 0 0
117 5.8500000000000005 5.9000000000000004 115.628 4590 529512 8639 123 1 579 0.80718137883907937 12 0.98589345659440975 0.77087329723545339 838 1.0074784878137975 12 1.0074784878137975 0.7654936952397674 99 5.2942514419555664 1 13.826972961425781 8.8043333816528317 0 0 0 0 0
118 5.9000000000000004 5.9500000000000002 118.226 4426 533938 8641 123 1 585 0.91495902577150412 12 1.1401090281475708 0.84567746715070813 843 0.72705605094497361 12 0.98752908577790366 0.81816823782792114 100 6.9634885787963867 1 13.745075225830078 8.3473957729339592 0 0 0 0 0
119 5.9500000000000002 6 119.669 4462 538400 8644 123 1 589 0.80102097420835694 12 1.0182971027209415 0.74772318536010873 851 0.8315767218535014 12 0.91004936558169369 0.76138591199388428 101 9.1983366012573242 1 13.722304344177246 7.7874251222610473 0 0 0 0 0
120 6 6.0499999999999998 120.991 4553 542953 8646 123 1 594 0.80458584569885605 12 0.98272327866039466 0.79012143914893473 858 0.7865461374658187 12 0.90933237808781731 0.80133857327679547 102 10.718471527099609 1 14.468419075012207 8.4950165653228762 0 0 0 0 0
121 6.0499999999999998 6.1000000000000005 130.637 4427 547380 8654 123 1 600 0.99497681950816064 12 1.0150766921426952 0.76388761112699521 862 0.56358441833809425 12 0.80463802108692173 0.65317205129765199 103 12.901595115661621 1 14.258467674255371 7.8386358833312988 0 0 0 0 0
122 6.1000000000000005 6.1500000000000004 118.36 4496 551876 8658 123 1 604 0.81426911505460253 12 0.97527495830827216 0.81382729882317095 870 0.67867466787480424 12 0.9543149819396235 0.75092169361229311 103 4.7462344169616699 1 12.646126747131348 8.074082880020141 0 0 0 0 0
123 6.1500000000000004 6.2000000000000002 114.19 4500 556376 8662 123 1 607 0.51700092308111778 12 1.0628599666415508 0.77049593100483649 878 0.80904805088554177 12 0.89078136677224495 0.73579078180485125 104 5.5369348526000977 1 14.46079158782959 9.2171772193908694 0 0 0 0 0
124 6.2000000000000002 6.25 116.035 4485 560861 8665 123 1 614 0.81070202115984791 12 1.0726639278351644 0.82033711149583244 885 0.80721547209242406 12 0.89089633263395851 0.75857108701115505 105 6.3974905014038086 1 14.525496482849121 9.1480200862884526 0 0 0 0 0
125 6.25 6.2999999999999998 150.46199999999999 4576 565437 8671 124 1 619 0.76717180297489185 12 1.0276715793307014 0.83674728476813542 894 0.9072334933925319 12 1.0189681413809994 0.87395176647428585 106 6.7140712738037109 1 15.244293212890625 9.686574296951294 0 0 0 0 0
126 6.2999999999999998 6.3500000000000005 150.33799999999999 4533 569970 8676 124 1 625 0.91295701170724874 12 1.1204212657989068 0.80804875097578133 899 0.67154503899651607 12 0.97869452656926337 0.77388005681940042 107 7.0084934234619141 1 15.288827896118164 9.708512811660766 0 0 0 0 0
127 6.3500000000000005 6.4000000000000004 149.50299999999999 4476 574446 8682 124 1 630 0.81771480469476732 12 1.0323954990931938 0.8879438167337409 906 0.6294842571825594 12 0.99357966861209357 0.79839838196780233 108 7.798825740814209 1 14.790319442749023 9.2175446987152103 0 0 0 0 0
128 6.4000000000000004 6.4500000000000002 154.422 4533 578979 8685 124 1 635 0.71269325036851228 12 1.0421600890538056 0.89762580334194153 915 0.81184440633735144 12 0.95270818117502576 0.79243038806883059 109 8.995396614074707 1 14.537223815917969 8.8153586101531989 0 0 0 0 0
129 6.4500000000000002 6.5 144.62200000000001 4504 583483 8689 124 1 639 0.622100035822581 12 0.85539291302363096 0.72461097789189222 922 0.80481275610021641 12 1.0090806530134098 0.76371834133202965 110 10.643815040588379 1 14.367643356323242 8.3680134201049796 0 0 0 0 0
130 6.5 6.5499999999999998 172.16499999999999 4469 587952 8694 124 1 645 0.84620328046499738 12 0.91668106071532718 0.7305111368449908 927 0.62612501797643871 12 0.81412222987493954 0.71744747724404201 111 12.021617889404297 1 14.683236122131348 8.6359296512603763 0 0 0 0 0
131 6.5499999999999998 6.6000000000000005 188.08500000000001 4504 592456 8699 124 1 651 0.97105098462530548 12 0.99066751994310864 0.82877746536973007 935 0.75838952939957383 12 0.85398424525518679 0.73391852013283498 111 4.4225072860717773 1 11.783574104309082 7.523375091552734 0 0 0 0 0
132 6.6000000000000005 6.6500000000000004 152.00700000000001 4505 596961 8702 124 1 655 0.68539651764172416 12 1.0857185360103372 0.9177283063814754 941 0.68075637313965209 12 0.89814754778871664 0.72550811630910306 112 5.417844295501709 1 14.149757385253906 9.0145838546752923 0 0 0 0 0
133 6.6500000000000004 6.7000000000000002 140.46899999999999 4536 601497 8706 124 1 660 0.69765153604870045 12 1.0201649381409561 0.78151791640601742 949 0.84477908920458944 12 0.91513821749280932 0.70247678525865442 113 6.1826996803283691 1 14.610708236694336 9.2427680110931405 0 0 0 0 0
134 6.7000000000000002 6.75 147.30000000000001 4494 605991 8709 125 1 664 0.61958726883925019 12 0.82634421364803401 0.71220689787995051 955 0.71139067897503894 12 0.96560682144104126 0.7807077128208002 114 7.495032787322998 1 14.214183807373047 8.7007460021972651 0 0 0 0 0
135 6.75 6.7999999999999998 156.886 4497 610488 8710 125 1 668 0.50177980488118168 12 1.0516977952830198 0.75155401218765672 961 0.64006083055715568 12 0.83731248592627483 0.71926758978255034 115 8.0832748413085938 1 15.026224136352539 9.4176202487945559 0 0 0 0 0
136 6.7999999999999998 6.8500000000000005 151.56100000000001 4590 615078 8716 125 1 673 0.60308098183512426 12 0.78623003152749749 0.69335919658086143 968 0.61693101387393878 12 0.96212684845125518 0.77965613661860533 116 9.881129264831543 1 14.162910461425781 8.2200646305084231 0 0 0 0 0
137 6.8500000000000005 6.9000000000000004 184.12899999999999 4499 619577 8720 125 1 679 0.75510509176727658 12 1.0098701465740016 0.80187193044473304 975 0.71230226189045176 12 0.85181285000537565 0.66233598747866462 117 11.580531120300293 1 14.430229187011719 8.3175335884094235 0 0 0 0 0
138 6.9000000000000004 6.9500000000000002 147.845 4548 624125 8725 125 1 683 0.62930827630672925 12 0.92022768048581571 0.75946372480599311 983 0.76260390794690269 12 0.99893276033139589 0.81506459739283443 118 12.529965400695801 1 15.001092910766602 9.0600248336791989 0 0 0 0 0
139 6.9500000000000002 7 123.517 4414 628539 8729 125 1 688 0.69190372887758367 12 0.91582757225963485 0.73167921979750017 992 0.92971347425535822 12 0.9484949267265177 0.80752883459487057 118 4.6095194816589355 1 12.281855583190918 7.8415099906921384 0 0 0 0 0
140 7 7.0499999999999998 121.334 4568 633107 8731 125 1 694 0.82211928850402827 12 1.1321631504224643 0.82346319264582002 997 0.69436499554632136 12 0.96702418820085201 0.77354340667861676 119 5.6413512229919434 1 14.155782699584961 8.9784524726867669 0 0 0 0 0
141 7.0499999999999998 7.1000000000000005 120.479 4497 637604 8733 125 1 700 1.0293414435558415 12 1.0713496609090516 0.74722410268493733 1003 0.66055771313250922 12 0.89165954931642644 0.68211894695170461 120 8.0803937911987305 1 13.32231330871582 7.5852672958374026 0 0 0 0 0
142 7.1000000000000005 7.1500000000000004 129.36699999999999 4457 642061 8736 125 1 703 0.71358241356751884 12 1.1661124573341091 0.78880262326034478 1010 0.65040470669882544 12 0.96909536948824093 0.76680854326866699 121 9.8800697326660156 1 14.161391258239746 8.21826171875 0 0 0 0 0
143 7.1500000000000004 7.2000000000000002 121.346 4518 646579 8741 125 1 709 0.77724059835509562 12 1.2096853072978411 0.88935728449652984 1018 0.80051864455655963 12 0.8539561304573452 0.71624701778217958 121 3.6346757411956787 1 9.6844310760498047 6.1831500625610349 0 0 0 0 0
144 7.2000000000000002 7.25 123.355 4478 651057 8744 125 1 713 0.67352997971197304 12 0.96167228516393843 0.73759758430644629 1026 0.81229514090924593 12 0.99302829857660335 0.85320573135200262 122 5.7857775688171387 1 12.876480102539062 7.8703364706039425 0 0 0 0 0
145 7.25 7.2999999999999998 114.001 4539 655596 8749 125 1 719 0.82102244239618838 12 1.0724748872900669 0.80635847826211626 1033 0.78466065398035179 12 0.89803145422258746 0.78411589099851053 123 7.783818244934082 1 13.626912117004395 8.0218734359741219 0 0 0 0 0
146 7.2999999999999998 7.3500000000000005 119.479 4517 660113 8749 125 1 724 0.79562349545955424 12 1.0350737073836591 0.81879667721871419 1041 0.7945768311842818 12 0.97049828485451417 0.85504756628836187 124 8.9898719787597656 1 14.528300285339355 8.8059650516510004 0 0 0 0 0
147 7.3500000000000005 7.4000000000000004 119.22499999999999 4472 664585 8753 125 1 730 0.93525873432036843 12 1.0131536761538538 0.81413727661321289 1045 0.54768219979113963 12 0.79048451511286022 0.67686653783886963 125 9.4335536956787109 1 15.245325088500977 9.5607388496398933 0 0 0 0 0
148 7.4000000000000004 7.4500000000000002 118.36199999999999 4536 669121 8756 125 1 735 0.85154102466363435 12 1.0062049717743509 0.87653420833241658 1056 0.93190621154575304 12 0.98953203479274288 0.80879457341648975 126 10.107022285461426 1 15.077903747558594 9.3332417201995845 0 0 0 0 0
149 7.4500000000000002 7.5 121.657 4536 673657 8760 125 1 739 0.74271385116757982 12 0.92547831193374852 0.74266326290155238 1060 0.62428274984606869 12 0.91345323880806673 0.73698997028017377 127 12.154952049255371 1 14.263967514038086 7.9724780654907228 0 0 0 0 0
150 7.5 7.5499999999999998 118.288 4510 678167 8762 125 1 745 0.87552457146239993 12 0.99357427379668783 0.82089385059402931 1067 0.7338573389169516 12 0.81148955602671879 0.64827418801745917 128 13.9840087890625 1 14.554706573486328 8.1891733455657967 0 0 0 0 0
151 7.5499999999999998 7.6000000000000005 119.56 4469 682636 8763 125 1 749 0.66533325593053438 12 1.0330675791265995 0.84301710058291957 1074 0.75741899000975998 12 0.82050217449509377 0.73343001430140609 128 5.1444311141967773 1 13.707106590270996 8.7514796733856208 0 0 0 0 0
152 7.6000000000000005 7.6500000000000004 120.41800000000001 4518 687154 8763 125 1 755 0.853713407541003 12 1.0637923212820415 0.76587822754250101 1081 0.81352503879665738 12 0.9725381374361225 0.70120985885177134 129 6.7117013931274414 1 13.788737297058105 8.4483503341674808 0 0 0 0 0
153 7.6500000000000004 7.7000000000000002 116.44799999999999 4517 691671 8766 125 1 760 0.83641110435685906 12 1.1066802809345571 0.81078072674871504 1088 0.71221558081142877 12 1.0408719449430839 0.85705652822040268 130 9.105708122253418 1 13.58411979675293 7.6298507642745967 0 0 0 0 0
154 7.7000000000000002 7.75 116.709 4525 696196 8768 125 1 766 0.94879920008742724 12 1.0278218462419206 0.84111305460844821 1097 0.96192936639530124 12 1.0214117101721085 0.72574794846615631 131 11.786590576171875 1 13.831690788269043 7.3458360671997074 0 0 0 0 0
155 7.75 7.7999999999999998 118.44199999999999 4534 700730 8773 125 1 770 0.841300005906367 12 0.93001172517955644 0.74134851529633883 1102 0.66967263705022406 12 0.95986140483135607 0.82988456813710487 131 4.3360466957092285 1 11.553200721740723 7.3762912464141843 0 0 0 0 0
156 7.7999999999999998 7.8500000000000005 115.23399999999999 4503 705233 8778 125 1 774 0.65860068074357947 12 1.0151533235429528 0.81579903397914466 1111 0.90944208712191477 12 0.94655712488535582 0.73559311484002277 132 5.620452880859375 1 13.824077606201172 8.7283961105346677 0 0 0 0 0
157 7.8500000000000005 7.9000000000000004 118.194 4521 709754 8779 125 1 780 0.79716627761390912 12 1.0019802131726725 0.81519636506074622 1119 0.88269112496762658 12 1.1150069726480021 0.89134913435497831 133 6.3418703079223633 1 14.690093994140625 9.2857727432250972 0 0 0 0 0
158 7.9000000000000004 7.9500000000000002 119.25 4516 714270 8782 125 1 784 0.68748233814793747 12 0.94675082258322496 0.74351152825046496 1125 0.7945566030772957 12 0.93832136811436828 0.7359048241827939 134 6.7816996574401855 1 15.092944145202637 9.5645548725128169 0 0 0 0 0
159 7.9500000000000002 8 122.42700000000001 4483 718753 8788 125 1 788 0.64345515390942865 12 0.86016017248702381 0.67850901866687696 1132 0.78601638344494074 12 0.89552901822167474 0.76521190131032801 135 7.5106940269470215 1 14.825185775756836 9.2782740497589113 0 0 0 0 0
160 8 8.0500000000000007 119.824 4510 723263 8791 125 1 793 0.65343289586421305 12 1.0344536862793676 0.78377260926075043 1142 1.0866415439828021 12 1.1309881887725881 0.7834521075914036 136 8.8893957138061523 1 14.365921974182129 8.6350387096405026 0 0 0 0 0
161 8.0500000000000007 8.0999999999999996 118.586 4516 727779 8794 125 1 797 0.5960677738604685 12 0.91746266151199629 0.69171401109867592 1145 0.61051948605155626 12 1.0651245971587864 0.79570113503026807 137 10.904146194458008 1 14.141916275024414 8.0053283214569095 0 0 0 0 0
162 8.0999999999999996 8.1500000000000004 113.248 4525 732304 8797 125 1 801 0.53786311374083806 12 0.9606440189117027 0.69254518415416189 1151 0.62581578788121006 12 0.77552943513602823 0.63350481383079615 138 12.281139373779297 1 14.703192710876465 8.636730690002441 0 0 0 0 0
163 8.1500000000000004 8.1999999999999993 127.375 4498 736802 8799 125 1 807 0.71062911373578574 12 0.9983965537204621 0.78133676698586296 1159 0.72260190089409415 12 0.95237255430453127 0.76904326852353133 138 4.5179791450500488 1 12.037956237792969 7.6857875537872316 0 0 0 0 0
164 8.1999999999999993 8.25 137.13999999999999 4583 741385 8803 125 1 812 0.75153896029269884 12 0.90476222311556176 0.75314878249754325 1166 0.79968551677790145 12 0.79968551677790145 0.68044147525070775 139 5.3779029846191406 1 14.329176902770996 9.1486501979827874 0 0 0 0 0
165 8.25 8.3000000000000007 122.827 4511 745896 8805 125 1 816 0.63365918995409698 12 0.89025783105864231 0.75162558949846303 1173 0.73792957682823257 12 0.9259803938116199 0.81789727006030122 140 6.7975893020629883 1 13.965190887451172 8.5944607353210447 0 0 0 0 0
166 8.3000000000000007 8.3499999999999996 137.08799999999999 4516 750412 8809 125 1 823 0.96671521096002488 12 1.0061676057558211 0.7813744797610811 1182 0.87838647603686593 12 1.0746101385284517 0.83391586204959578 141 7.9342947006225586 1 14.457220077514648 8.8746253299713143 0 0 0 0 0
167 8.3499999999999996 8.4000000000000004 179.50999999999999 4496 754908 8812 125 1 829 1.0467668932581704 12 1.1802262701685466 0.87312718585370108 1187 0.63512984608878964 12 0.9848980821244343 0.78137286693465924 142 9.6895456314086914 1 14.16887092590332 8.2622432899475093 0 0 0 0 0
168 8.4000000000000004 8.4499999999999993 151.482 4450 759358 8815 125 1 834 0.9590714469788566 12 1.0813500086466472 0.88047215968370451 1196 0.75942602815866356 12 1.0885074709586144 0.8499156229154653 143 11.198505401611328 1 14.523679733276367 8.5060787296295164 0 0 0 0 0
169 8.4499999999999993 8.5 126.845 4593 763951 8819 125 1 840 1.1042855561725677 12 1.1265936053934551 0.80861414466585413 1205 0.92522994574645889 12 0.98244296441315215 0.80882148358082151 144 11.454290390014648 1 15.461673736572266 9.7467623519897462 0 0 0 0 0
170 8.5 8.5500000000000007 115.977 4413 768364 8826 125 1 843 0.76512759923934937 12 1.0824192431237962 0.81196825896463709 1213 0.93367905230135528 12 1.0122548332890948 0.85650003721937606 145 11.696560859680176 1 15.476064682006836 9.7601483726501463 0 0 0 0 0
171 8.5500000000000007 8.5999999999999996 156.51300000000001 4627 772991 8828 125 1 849 0.88807343715240084 12 0.98056927488909829 0.83066038780505691 1219 0.77141414075284387 12 0.95337644042195502 0.80929633743698526 145 4.3029251098632812 1 11.464953422546387 7.319947290420532 0 0 0 0 0
172 8.5999999999999996 8.6500000000000004 161.935 4427 777418 8829 125 1 853 0.79901336831232861 12 0.90088501359735218 0.7230931406746075 1229 1.0805143921761899 12 1.1246110198465553 0.77506145317812225 146 5.6895828247070312 1 13.717011451721191 8.6271600151062007 0 0 0 0 0
173 8.6500000000000004 8.7000000000000011 175.00899999999999 4521 781939 8832 125 1 858 0.67890478522768094 12 1.1560143190953467 0.91256242597268677 1234 0.75596525616742472 12 1.0591187797688149 0.86185520775656443 147 6.5417366027832031 1 14.558896064758301 9.1563401317596433 0 0 0 0 0
174 8.7000000000000011 8.75 176.12899999999999 4571 786510 8835 125 1 863 0.71548459563581712 12 0.96580308566372541 0.75743558622246221 1243 0.96928573629340609 12 1.0088430346669377 0.7617785574576339 148 7.2257404327392578 1 14.84479808807373 9.3228118324279787 0 0 0 0 0
175 8.75 8.8000000000000007 293.69299999999998 4424 790934 8839 125 1 868 0.71318697879859616 12 1.0639498258630435 0.79592542426172785 1249 0.70839413968292442 12 1.1067124381258682 0.90694018227667383 149 9.1634006500244141 1 13.946341514587402 8.0816517162322992 0 0 0 0 0
176 8.8000000000000007 8.8499999999999996 118.902 4501 795435 8841 125 1 874 0.94425780590741881 12 1.06464766899109 0.7236130689874678 1255 0.58869534736952267 12 0.93253683548521349 0.76715451525353084 150 11.97824764251709 1 13.778264999389648 7.2132064008712771 0 0 0 0 0
177 8.8499999999999996 8.9000000000000004 119.68899999999999 4537 799972 8843 125 1 878 0.72455270584794651 12 1.0385226558409779 0.85243599005150683 1264 0.83089712455465992 12 0.91828330773356803 0.73318507774154085 151 13.730642318725586 1 14.579697608947754 8.2650688076019279 0 0 0 0 0
178 8.9000000000000004 8.9500000000000011 126.917 4504 804476 8844 125 1 882 0.62174697244763444 12 0.86930500289946355 0.736701905167789 1270 0.69457674390963609 12 1.0156687187383304 0.78361045941972263 151 5.0512228012084961 1 13.458757400512695 8.5929172897338866 0 0 0 0 0
179 8.9500000000000011 9 123.863 4526 809002 8847 125 1 888 0.81925060237572611 12 1.0414715044651761 0.75684554898085354 1276 0.63900832885851122 12 0.83758490460396218 0.70366321229516815 152 5.7257170677185059 1 14.657722473144531 9.3322297763824462 0 0 0 0 0
180 9 9.0500000000000007 122.977 4418 813420 8850 125 1 893 0.917141961507277 12 0.96613476969281376 0.69673508689726193 1284 0.69578147474267349 12 0.95451692481198025 0.80865760721609858 153 6.29595947265625 1 14.878358840942383 9.4354406929016115 0 0 0 0 0
181 9.0500000000000007 9.0999999999999996 119.07299999999999 4522 817942 8857 125 1 897 0.84319049279974212 12 0.89898134844551103 0.70813506786066682 1291 0.69721814106750246 12 0.96385432112508929 0.75533446987452146 154 7.9715027809143066 1 13.955488204956055 8.3411562061309823 0 0 0 0 0
182 9.0999999999999996 9.1500000000000004 116.813 4530 822472 8859 125 1 902 0.80000570932961201 12 0.98886943749865108 0.83640519841197725 1300 0.89461410365801308 12 0.93112397804632907 0.77754428475476711 155 9.9795494079589844 1 14.020742416381836 8.0119658470153805 0 0 0 0 0
183 9.1500000000000004 9.2000000000000011 116.50700000000001 4475 826947 8861 125 1 907 0.84515691439908491 12 0.94131786785222482 0.74894959229568736 1305 0.65704517277701746 12 0.92311390019486017 0.77574173007238212 156 11.616740226745605 1 14.475347518920898 8.3791290855407716 0 0 0 0 0
184 9.2000000000000011 9.25 117.71599999999999 4537 831484 8862 125 1 911 0.77236655878579985 12 0.89189751039506449 0.70698565399911673 1312 0.69495332318668235 12 0.84368003277918069 0.71922639039267711 156 4.2735610008239746 1 11.386713027954102 7.2699944305419919 0 0 0 0 0
185 9.25 9.3000000000000007 116.952 4481 835965 8862 125 1 916 0.81640761327083999 12 0.90226991914078736 0.75004881711655935 1320 0.77539424720904648 12 1.0038964319943113 0.78522561599072815 157 5.5974655151367188 1 13.767538070678711 8.6892910337448122 0 0 0 0 0
186 9.3000000000000007 9.3499999999999996 121.41 4526 840491 8864 125 1 919 0.56879547203282443 12 0.94154915048523924 0.72133489974366016 1328 0.8142406265400336 12 0.98896470049359186 0.82640553716973708 158 6.5078482627868652 1 14.483477592468262 9.0986918926239007 0 0 0 0 0
187 9.3499999999999996 9.4000000000000004 116.482 4487 844978 8868 125 1 926 0.83393252898719983 12 1.0974609207201091 0.84861644963511407 1336 0.91536006975216988 12 0.91536006975216988 0.76475318141458171 159 7.7201099395751953 1 14.351125717163086 8.799819116592408 0 0 0 0 0
188 9.4000000000000004 9.4500000000000011 123.43300000000001 4590 849568 8871 125 1 931 0.83024042203360948 12 0.92697009638502481 0.79730615110162684 1342 0.79172839619356528 12 1.0042689035993482 0.77104813065737399 160 11.447290420532227 1 13.167518615722656 6.3099647378921508 0 0 0 0 0
189 9.4500000000000011 9.5 115.161 4502 854070 8876 125 1 936 0.80866043915930308 12 1.0269330551921967 0.81501573817881223 1348 0.68080698195720557 12 0.88734787711266105 0.75846465815258457 160 4.2112245559692383 1 11.220619201660156 7.1639500713348392 0 0 0 0 0
190 9.5 9.5500000000000007 134.26400000000001 4491 858561 8877 125 1 940 0.67483334932047467 12 0.96987163646941166 0.76741402858852115 1357 0.97962754193307833 12 1.0612177990976506 0.67713052388717576 161 5.3401145935058594 1 13.946760177612305 8.8823576259613031 0 0 0 0 0
191 9.5500000000000007 9.5999999999999996 120.639 4532 863093 8881 125 1 946 0.80989592416984546 12 1.0665146718114054 0.818664415013862 1364 0.85872618364880138 12 0.9877701905912436 0.87645321750354499 162 5.7554140090942383 1 15.03138542175293 9.5888421535491943 0 0 0 0 0
192 9.5999999999999996 9.6500000000000004 117.755 4475 867568 8882 125 1 951 0.77469873996390126 12 1.0250268512352534 0.82849717424679425 1372 1.0181065381802856 12 1.0181065381802856 0.70707286124035273 163 8.0034475326538086 1 13.462015151977539 7.774373183250427 0 0 0 0 0
193 9.6500000000000004 9.7000000000000011 118.474 4480 872048 8885 125 1 958 1.0638985255421967 12 1.1878543354234306 0.82479358060258534 1377 0.71374142349239855 12 1.1049808403423391 0.84187216461528758 164 9.8517608642578125 1 14.120817184448242 8.1701061534881596 0 0 0 0 0
194 9.7000000000000011 9.75 118.158 4527 876575 8888 125 1 961 0.70789377273126874 12 1.0457961672840053 0.82864726210485373 1385 0.81055279878037745 12 0.89968265636131484 0.76901838373702136 165 11.73023796081543 1 14.327342987060547 8.1402457523345948 0 0 0 0 0
195 9.75 9.8000000000000007 119.152 4469 881044 8891 125 1 968 0.98712620848720145 12 1.0597322100689164 0.83466159585954847 1392 0.79514188148734954 12 0.91368266757218974 0.77201409439008084 166 13.454775810241699 1 14.575384140014648 8.292648992538453 0 0 0 0 0
196 9.8000000000000007 9.8499999999999996 117.74299999999999 4522 885566 8896 125 1 972 0.85322279021860481 12 0.96757979998531529 0.7674894320114507 1400 0.79918895557726943 12 0.9761314749628508 0.86085806621899919 166 4.949737548828125 1 13.188353538513184 8.4202752971649169 0 0 0 0 0
197 9.8499999999999996 9.9000000000000004 119.411 4566 890132 8900 125 1 977 0.928312091600353 12 0.94706524175313522 0.7193097802240187 1407 0.79311415908913585 12 0.85628557854694698 0.76277108783749836 167 5.7665109634399414 1 14.469842910766602 9.1913678550720217 0 0 0 0 0
198 9.9000000000000004 9.9500000000000011 123.374 4477 894609 8901 125 1 982 0.85970782855201333 12 1.0285956064860193 0.86157128475962808 1414 0.67307862792717166 12 1.0476080895586803 0.87559606130162637 168 6.5700359344482422 1 14.621879577636719 9.2044830608367914 0 0 0 0 0
199 9.9500000000000011 10 117.033 4534 899143 8902 125 1 986 0.68633796676757197 12 1.0036213170914474 0.80656270142586095 1422 0.7877734720614088 12 0.93244980024054114 0.75131312979217735 169 7.4328241348266602 1 14.671485900878906 9.1458086299896237 0 0 0 0 0
200 10 10.050000000000001 119.96599999999999 4477 903620 8904 125 1 990 0.62265416837874044 12 0.80352210336261654 0.69796975131072925 1428 0.64188148638276599 12 0.91864609612915282 0.79308661362818311 170 8.7394390106201172 1 14.408895492553711 8.7064069747924808 0 0 0 0 0
201 10.050000000000001 10.1 118.578 4504 908124 8905 125 1 996 0.83914213615750555 12 0.90647704307995214 0.73805064950670585 1435 0.68518750119185812 12 0.86876437950280228 0.71388228143952348 171 9.7202577590942383 1 14.793857574462891 9.0289545059204102 0 0 0 0 0
202 10.1 10.15 121.063 4529 912653 8906 125 1 1001 0.782079893445212 12 1.0454183987208778 0.85014441098722249 1442 0.72352900921725338 12 0.8661427697530274 0.71879748081837069 172 10.622880935668945 1 14.924589157104492 9.1063729095458985 0 0 0 0 0
203 10.15 10.200000000000001 116.52200000000001 4567 917220 8910 125 1 1005 0.59473498473091735 12 1.1279032722352043 0.82039844668100759 1450 0.76807048866802996 12 0.9648734966983562 0.82076725981704968 173 11.85340690612793 1 14.770254135131836 8.7817380714416498 0 0 0 0 0
204 10.200000000000001 10.25 126.959 4444 921664 8914 125 1 1011 0.74691657036069836 12 1.0900083004482208 0.80171607710066306 1456 0.64738286992125116 12 0.9571941676107012 0.76813345959821699 174 13.319113731384277 1 14.71989631652832 8.5488998889923096 0 0 0 0 0
205 10.25 10.300000000000001 118.87 4515 926179 8916 125 1 1015 0.66771807793586968 12 0.9381086916204483 0.71332990818080444 1467 0.93654253966067547 12 1.1154381647190816 0.902911323327792 175 14.80048942565918 1 14.80048942565918 8.5333880519866945 0 0 0 0 0
206 10.300000000000001 10.35 115.857 4562 930741 8918 125 1 1020 0.68645216654690489 12 0.92661332007911468 0.77510353835329171 1472 0.69878579679631447 12 0.98903672521014785 0.77592773096599044 175 5.4447999000549316 1 14.507420539855957 9.2624519348144538 0 0 0 0 0
207 10.35 10.4 122.164 4524 935265 8921 125 1 1025 0.73764371747771895 12 0.89661803859330358 0.7429695278193269 1481 0.91276109341876654 12 0.94092530766631566 0.76113022355068749 176 6.633237361907959 1 14.183691024780273 8.8234058856964115 0 0 0 0 0
208 10.4 10.450000000000001 116.63800000000001 4482 939747 8922 125 1 1029 0.70048002870605575 12 0.81398819960535518 0.6717140129108039 1486 0.66769256546839384 12 0.98400539149981181 0.78316667097971371 177 7.9835963249206543 1 14.259007453918457 8.6630985832214353 0 0 0 0 0
209 10.450000000000001 10.5 121.221 4588 944335 8926 125 1 1034 0.72491704240914379 12 0.9467298012404215 0.76945742024714858 1493 0.65109106508500558 12 0.93322787690540754 0.77319280948722235 178 9.0633678436279297 1 14.647071838378906 8.9309906578063973 0 0 0 0 0
210 10.5 10.550000000000001 122.944 4537 948872 8930 125 1 1039 0.7977073508950453 12 0.87539478719219688 0.72158599556335024 1502 0.84145818709044184 12 0.92044131083449932 0.78450302259872562 179 12.115326881408691 1 13.659992218017578 6.9784596538543697 0 0 0 0 0
211 10.550000000000001 10.6 119.367 4490 953362 8933 125 1 1044 0.70656403267223922 12 1.1249944150802635 0.88388575584317253 1507 0.6431177492570147 12 0.86811805797193164 0.73690429934900836 179 4.4569811820983887 1 11.87542724609375 7.582020444869995 0 0 0 0 0
212 10.6 10.65 118.419 4528 957890 8935 125 1 1050 0.85152844485590262 12 1.02875654968167 0.80886126867122188 1515 0.737739749149247 12 0.95715883939074364 0.7711859170398131 180 5.3554611206054688 1 14.269386291503906 9.1104742431640631 0 0 0 0 0
213 10.65 10.700000000000001 122.124 4465 962355 8938 125 1 1054 0.7414375443985346 12 0.94255175991150153 0.7439143034160538 1523 0.79767120005851377 12 0.93230383936341288 0.8055306483637007 181 6.5086870193481445 1 14.198517799377441 8.8582661151885986 0 0 0 0 0
214 10.700000000000001 10.75 120.078 4553 966908 8938 125 1 1058 0.6758341804774578 12 0.86951871283559334 0.69987017759868508 1529 0.70742561132298387 12 0.93168038869425251 0.73799484489534406 182 7.310936450958252 1 14.722414016723633 9.2057463741302499 0 0 0 0 0
215 10.75 10.800000000000001 126.68899999999999 4485 971393 8939 125 1 1064 0.78414348370683407 12 1.0156804153544179 0.84515112070331444 1536 0.73848197764393042 12 0.82429780135589925 0.72600994169775179 183 8.4591360092163086 1 14.515935897827148 8.8632426261901855 0 0 0 0 0
216 10.800000000000001 10.85 123.411 4527 975920 8942 125 1 1068 0.68103404225023823 12 0.89486709423594191 0.73700248028793935 1544 0.81506494027134302 12 1.0156333788883416 0.78904511401357025 184 9.116999626159668 1 15.031384468078613 9.3486942386627199 0 0 0 0 0
217 10.85 10.9 129.69300000000001 4515 980435 8943 125 1 1073 0.68890864258959017 12 1.0708234716967127 0.78585459053270668 1553 0.87323426942567572 12 1.1929617443600216 0.91538332296479752 185 9.4803228378295898 1 15.320904731750488 9.6402978134155273 0 0 0 0 0
218 10.9 10.950000000000001 119.06100000000001 4533 984968 8946 125 1 1079 0.79436332160850132 12 1.0419097517830402 0.84797733515714824 1561 0.8991279537613327 12 1.0486884542413659 0.83922924906498697 186 12.09483814239502 1 13.912374496459961 7.4115420341491696 0 0 0 0 0
219 10.950000000000001 11 119.107 4523 989491 8948 125 1 1084 0.77437399529219786 12 0.96214713564051546 0.81344088099387346 1567 0.77008724631489933 12 0.89352256027427879 0.7764032790531985 186 4.4494433403015137 1 11.855344772338867 7.5691977882385251 0 0 0 0 0
220 11 11.050000000000001 115.375 4569 994060 8949 125 1 1091 1.0724835927835819 12 1.1162524531463991 0.8159726073869612 1574 0.79050063402266113 12 0.86107836414027861 0.73654684695843098 187 6.0855140686035156 1 13.543556213378906 8.3802355527877808 0 0 0 0 0
221 11.050000000000001 11.1 120.348 4469 998529 8949 125 1 1095 0.86616055835686701 12 1.0579307568445049 0.83918750864393843 1579 0.64808850026613962 12 0.82571256740673171 0.68153334437109347 188 7.4592814445495605 1 14.146379470825195 8.639925479888916 0 0 0 0 0
222 11.1 11.15 119.09099999999999 4518 1003047 8953 125 1 1100 0.80474908684379232 12 1.043248148741146 0.8544502702359541 1586 0.6492595898943978 12 0.8650292953929386 0.75559743362322851 189 8.749171257019043 1 14.424942970275879 8.7229638576507575 0 0 0 0 0
223 11.15 11.200000000000001 117.816 4579 1007626 8955 125 1 1106 0.89654828670468978 12 1.1627604096007762 0.86149663196413595 1594 0.75062142446435787 12 0.86520911418908353 0.76451328545003316 190 9.9893226623535156 1 14.607229232788086 8.7722095584869386 0 0 0 0 0
224 11.200000000000001 11.25 116.59999999999999 4436 1012062 8957 125 1 1111 0.82736550072903825 12 1.1393877780699155 0.86214418549057026 1602 0.75339815897892259 12 1.070194311867896 0.86211577142070273 191 13.575528144836426 1 13.575528144836426 6.4495367431640629 0 0 0 0 0
225 11.25 11.300000000000001 115.508 4548 1016610 8958 125 1 1117 0.99634654186592519 12 1.0370081947509611 0.78508401274148287 1608 0.65468419448132753 12 0.8828585965634399 0.74637873424477619 191 4.9941587448120117 1 13.30671501159668 8.4958434677124028 0 0 0 0 0
226 11.300000000000001 11.35 121.087 4533 1021143 8962 125 1 1120 0.73950767850157517 12 0.97661756338995098 0.7304695981217908 1618 0.91758128576927722 12 1.0554696174020677 0.82080409887699235 192 6.2859039306640625 1 13.989530563354492 8.7211291027069091 0 0 0 0 0
227 11.35 11.4 117.054 4452 1025595 8963 125 1 1124 0.66810353999810312 12 0.88398760841946122 0.70561307423906794 1625 0.89365814400552079 12 0.93012901964240291 0.78044148420002402 193 7.6384601593017578 1 14.199347496032715 8.6609212779998774 0 0 0 0 0
228 11.4 11.450000000000001 118.413 4550 1030145 8967 125 1 1129 0.69531196917831128 12 0.93857288491037927 0.76671354947671833 1630 0.68459220957463274 12 0.87596253006344638 0.74752282356741662 194 9.1864204406738281 1 14.263818740844727 8.4674680423736568 0 0 0 0 0
229 11.450000000000001 11.5 118.45699999999999 4547 1034692 8969 125 1 1135 0.93113189651948691 12 1.0086830949036854 0.7189113984628126 1639 0.93373608325756152 12 1.0542042267720202 0.72631210990569739 195 10.426493644714355 1 14.648675918579102 8.7722871589660638 0 0 0 0 0
230 11.5 11.550000000000001 119.901 4495 1039187 8976 125 1 1140 0.90791296580516523 12 0.97410193322253991 0.81663819116319525 1644 0.67652703097643296 12 0.91878538541908761 0.79518624439371632 196 12.105419158935547 1 14.492818832397461 8.3378052997589105 0 0 0 0 0
231 11.550000000000001 11.6 118.60899999999999 4531 1043718 8979 125 1 1144 0.76308019388302695 12 1.0096539542790273 0.77831004967787354 1652 0.75308193783905053 12 0.90160268015052014 0.78907303071713353 197 14.353996276855469 1 14.353996276855469 7.7738319873809818 0 0 0 0 0
232 11.6 11.65 118.015 4461 1048179 8982 125 1 1148 0.62797102852477971 12 0.93682249765554637 0.76868333135340539 1658 0.64810179797554945 12 0.92405805805496666 0.75258253369273975 197 5.2805428504943848 1 14.069767951965332 8.98302568435669 0 0 0 0 0
233 11.65 11.700000000000001 117.745 4563 1052742 8983 125 1 1153 0.66375183680702632 12 0.95137493004877105 0.75822660045021284 1667 0.90339086781432099 12 0.95925340498734668 0.72022827785897603 198 5.9679136276245117 1 14.678691864013672 9.3194809818267821 0 0 0 0 0
234 11.700000000000001 11.75 119.459 4523 1057265 8984 125 1 1157 0.62865292552918373 12 0.84432731545161788 0.66966975655821726 1671 0.63540706715666107 12 0.88550254927532801 0.69774542993189737 199 6.5560398101806641 1 14.885480880737305 9.4177363491058355 0 0 0 0 0
235 11.75 11.800000000000001 120.053 4530 1061795 8986 125 1 1162 0.61904539002312786 12 1.0837454218713105 0.80316258463595036 1678 0.66484867077788046 12 0.90279204657284007 0.72760842872487774 200 8.181427001953125 1 14.03938102722168 8.3908124160766597 0 0 0 0 0
236 11.800000000000001 11.85 117.622 4466 1066261 8986 125 1 1168 0.74527939917549346 12 1.057755252908148 0.82740501197794303 1686 0.74341401388690531 12 1.0394332391093486 0.78708253836444741 201 10.797916412353516 1 13.726839065551758 7.4095880651473998 0 0 0 0 0
237 11.85 11.9 115.125 4480 1070741 8989 125 1 1173 0.78491302898951976 13 1.0179772320247837 0.75441217034582142 1692 0.66471444911231459 12 0.87869155305114066 0.72656396606491713 202 12.753433227539062 1 14.379453659057617 8.0639754772186283 0 0 0 0 0
238 11.9 11.950000000000001 118.916 4523 1075264 8990 125 1 1179 0.8762182281130837 13 1.0987784900362532 0.86198568050823543 1701 0.80083274549373329 12 1.1054868569413541 0.83821127484009195 202 4.6917276382446289 1 12.500898361206055 7.9813601303100583 0 0 0 0 0
239 11.950000000000001 12 119.282 4487 1079751 8992 125 1 1185 1.0706727277664911 13 1.0706727277664911 0.75986457315702294 1708 0.7888810481835159 12 0.93130875334815777 0.76858939022471195 203 5.7513003349304199 1 14.145910263061523 8.9509872150421135 0 0 0 0 0
240 12 12.050000000000001 120.22 4538 1084289 8995 125 1 1188 0.62960537889647106 13 1.2935102515750461 0.91286195266814485 1717 0.91673718304042651 12 1.0825296972250469 0.84639104138396504 204 7.6591496467590332 1 13.679533958435059 8.1111641025543211 0 0 0 0 0
241 12.050000000000001 12.1 130.512 4490 1088779 8999 125 1 1196 1.0312310234894828 13 1.1171191448257083 0.87221822687084694 1723 0.79929238220893806 12 0.94353402055348112 0.76492300398023105 205 10.152236938476562 1 13.704082489013672 7.5317620944976804 0 0 0 0 0
242 12.1 12.15 117.916 4499 1093278 9000 125 1 1201 0.96295553623210817 13 1.0642304272050895 0.86124581767689623 1730 0.77063395615536434 12 0.93530045292329733 0.78512962394364649 206 11.680267333984375 1 14.554508209228516 8.4872000503540033 0 0 0 0 0
243 12.15 12.200000000000001 119.17 4580 1097858 9001 125 1 1207 1.104644462614069 13 1.172951823780461 0.81210417175517657 1737 0.7747957710623643 12 0.88940581579459566 0.75263646391476735 207 13.809382438659668 1 14.372953414916992 7.8921058368682857 0 0 0 0 0
244 12.200000000000001 12.25 116.65900000000001 4421 1102279 9002 125 1 1211 0.82925245262652869 13 1.0827710657779659 0.90756814508491945 1743 0.68991701367964875 12 0.83648520023775852 0.7326815131990827 207 5.0801906585693359 1 13.535938262939453 8.6421959209442143 0 0 0 0 0
245 12.25 12.300000000000001 118.40900000000001 4569 1106848 9005 125 1 1215 0.74416730739915415 13 0.85021651881406946 0.7191578204809348 1749 0.69166559664997285 12 0.76366910781273312 0.64691751710329271 208 6.3175525665283203 1 14.059968948364258 8.7749701118469243 0 0 0 0 0
246 12.300000000000001 12.35 120.773 4517 1111365 9006 125 1 1221 0.79003819629701499 13 1.0453230428734854 0.90696717635745017 1755 0.65277589692844717 12 0.89895565795810306 0.68715075879279952 209 7.8674626350402832 1 14.05158805847168 8.4655362987518306 0 0 0 0 0
247 12.35 12.4 120.17700000000001 4510 1115875 9006 125 1 1226 0.80589973348070909 13 0.97245806203563767 0.77794738885712844 1763 0.78554725332335795 12 0.86259245319710676 0.73341667954218148 210 9.9412765502929688 1 13.96696949005127 7.9468552780151365 0 0 0 0 0
248 12.4 12.450000000000001 119.453 4473 1120348 9008 125 1 1230 0.63623466883349 13 0.93516860265628476 0.80289475480679384 1770 0.75900509972385855 12 0.93029522682239019 0.78303441522948158 211 12.796652793884277 1 13.862448692321777 7.1730803680419921 0 0 0 0 0
249 12.450000000000001 12.5 118.339 4528 1124876 9010 125 1 1235 0.66376848612396444 13 0.92261092564588165 0.76639138141239382 1775 0.61908328840272353 12 0.76174444344251846 0.67906779069721779 211 4.7076263427734375 1 12.543262481689453 8.0084078121185307 0 0 0 0 0
250 12.5 12.550000000000001 117.92700000000001 4536 1129412 9015 125 1 1239 0.57614407219894237 13 1.0290152092811551 0.72167177090988499 1783 0.77261010431934618 12 0.8711154395102344 0.71286808913115651 212 5.6774420738220215 1 14.246346473693848 9.0398486328125003 0 0 0 0 0
251 12.550000000000001 12.6 117.79300000000001 4517 1133929 9018 125 1 1245 0.82226413830241851 13 0.93226542813411628 0.708713710530395 1792 0.95367007890493039 12 1.0330984511854586 0.79371746025014678 213 6.8123583793640137 1 14.278261184692383 8.876394147872924 0 0 0 0 0
252 12.6 12.65 150.55799999999999 4568 1138497 9024 125 1 1251 0.81657517446318173 13 1.2997499717500129 0.95801320509996513 1797 0.7000088294507103 12 0.93478616313078344 0.79167369310444902 214 8.6324920654296875 1 13.950746536254883 8.1980056667327883 0 0 0 0 0
253 12.65 12.700000000000001 118.747 4495 1142992 9027 125 1 1257 0.93360154629998859 13 1.073897309321336 0.83652088778267841 1804 0.6286054638618892 12 1.07124005507813 0.82744850957940652 215 12.688166618347168 1 13.20598030090332 5.9847454452514652 0 0 0 0 0
254 12.700000000000001 12.75 116.38 4576 1147568 9029 125 1 1262 0.86271466745488989 13 1.0609471641553039 0.86383117549008059 1812 0.746365552757006 12 0.94609776780628585 0.74827831023505442 215 4.6677169799804688 1 12.436923980712891 7.9405140495300293 0 0 0 0 0
255 12.75 12.800000000000001 122.08499999999999 4516 1152084 9030 125 1 1266 0.70955429871934816 13 0.97517128990845381 0.78655460902461305 1819 0.72650564221087122 12 0.90923712130237822 0.77641877483842803 216 5.5846328735351562 1 14.296550750732422 9.0922232723236078 0 0 0 0 0
256 12.800000000000001 12.85 118.706 4518 1156602 9031 125 1 1271 0.75147965204393097 13 1.0348833185464739 0.7521432732478327 1827 0.8259740847021011 12 0.94485318453105682 0.76638772843949554 217 7.070317268371582 1 13.955936431884766 8.5291239929199225 0 0 0 0 0
257 12.85 12.9 117.024 4450 1161052 9032 125 1 1276 0.82279194682858925 13 0.93284338225389418 0.72304916568664102 1833 0.68157521397292797 12 0.90395828987371174 0.79160844345188541 218 9.1062231063842773 1 13.859319686889648 7.9843845844268797 0 0 0 0 0
258 12.9 12.950000000000001 118.301 4523 1165575 9033 125 1 1283 1.0332832963695984 13 1.075452353442665 0.90271753812849354 1844 1.0447884776503666 12 1.0658946046857427 0.82959582108026897 219 12.131091117858887 1 13.677766799926758 7.0052791261672978 0 0 0 0 0
259 12.950000000000001 13 117.054 4540 1170115 9035 125 1 1288 0.96050313504333706 13 1.1499210081487727 0.86570554783197795 1849 0.75847376827402335 12 1.0241002833118322 0.8240018250143315 219 4.4627795219421387 1 11.89087963104248 7.5918843269348146 0 0 0 0 0
260 13 13.050000000000001 117.762 4524 1174639 9036 125 1 1292 0.80613721654486037 13 1.0438094767610397 0.78774806056978719 1856 0.73763676547772594 12 0.89782881665395953 0.77738612745372548 220 5.6670756340026855 1 13.938749313354492 8.8077072811126715 0 0 0 0 0
261 13.050000000000001 13.1 117.249 4528 1179167 9039 125 1 1298 0.89587449480216907 13 1.0181992915828277 0.86353805047401022 1864 0.81810539812856431 12 0.92241121533710657 0.78519818327779201 221 7.518399715423584 1 13.699414253234863 8.1671265649795526 0 0 0 0 0
262 13.1 13.15 119.254 4479 1183646 9040 125 1 1303 0.84725444868378963 13 0.95914905158099117 0.841786299111419 1869 0.64325248680024005 12 0.92199254133659914 0.71365084536132284 222 9.4024782180786133 1 14.026845932006836 8.1346997737884514 0 0 0 0 0
263 13.15 13.200000000000001 120.024 4479 1188125 9040 125 1 1307 0.69281183017455672 13 0.95506752393711558 0.787823958610402 1876 0.6611631919017118 12 0.94209207731811961 0.73902463558340381 223 10.366437911987305 1 14.858516693115234 9.0456492900848389 0 0 0 0 0
264 13.200000000000001 13.25 115.523 4517 1192642 9041 125 1 1313 0.79211390835778051 13 1.1128784036671822 0.85406839888701724 1885 0.84347545092607257 12 0.91372601742753157 0.79247768542306463 224 11.919578552246094 1 14.558603286743164 8.4623416996002199 0 0 0 0 0
265 13.25 13.300000000000001 118.526 4546 1197188 9042 125 1 1319 0.93671802468275966 13 1.0147344900420574 0.80921805771763355 1892 0.80808421095128302 12 1.0272762700357252 0.79179520621512378 225 14.285629272460938 1 14.285629272460938 7.6575297260284421 0 0 0 0 0
266 13.300000000000001 13.35 126.798 4569 1201757 9043 125 1 1323 0.7934680173982489 13 0.91816977954285883 0.77674305001219579 1898 0.73083536733943832 12 0.88567980875871621 0.72512758805623123 225 5.2553896903991699 1 14.002755165100098 8.9402390193939212 0 0 0 0 0
267 13.35 13.4 142.06200000000001 4545 1206302 9043 125 1 1328 0.78767873284866874 13 1.0422010224145453 0.79938248579576521 1904 0.70716976090731887 12 0.88118774325729454 0.67207831418034447 226 6.2075715065002441 1 14.379008293151855 9.0573091220855719 0 0 0 0 0
268 13.4 13.450000000000001 148.18700000000001 4487 1210789 9047 125 1 1333 0.79345964107523659 13 0.99795972690051149 0.78792749907614956 1911 0.67817962942504995 12 0.94138767573610638 0.78545805891984399 227 7.7172374725341797 1 14.06171989440918 8.5053799152374268 0 0 0 0 0
269 13.450000000000001 13.5 138.99600000000001 4454 1215243 9048 125 1 1338 0.79465499721089128 13 0.99481623182645895 0.79246741849373425 1919 0.81722676233702174 12 0.93623036668726256 0.72720356908821682 228 9.2154006958007812 1 14.308816909790039 8.516768474578857 0 0 0 0 0
270 13.5 13.550000000000001 122.063 4592 1219835 9048 125 1 1344 0.90191506636488017 13 1.1095608718961036 0.84618998633843834 1926 0.8032811904452013 12 0.9084266854150399 0.77056324192996184 229 10.160837173461914 1 14.858034133911133 9.0639853572845457 0 0 0 0 0
271 13.550000000000001 13.6 122.937 4420 1224255 9052 125 1 1348 0.70232904196948798 13 1.1264198891750161 0.8325174398129217 1932 0.75036118735133706 12 0.83387306100025727 0.70104118672431182 230 10.64542293548584 1 15.258393287658691 9.520245704650879 0 0 0 0 0
272 13.6 13.65 115.962 4532 1228787 9052 125 1 1353 0.61553266404471629 13 1.1215733392475093 0.87958213686598896 1942 0.9347469175862001 12 1.1107009850511673 0.89853311038967665 231 11.861700057983398 1 14.780586242675781 8.7958446121215825 0 0 0 0 0
273 13.65 13.700000000000001 118.253 4475 1233262 9053 125 1 1358 0.68083710211452431 13 0.90681627299783951 0.72899722505546194 1947 0.70295179988158873 12 0.91623767910977993 0.77002557031904573 232 12.97089672088623 1 14.920082092285156 8.9018564128875735 0 0 0 0 0
274 13.700000000000001 13.75 114.82599999999999 4571 1237833 9058 125 1 1365 0.91055389706740519 13 1.1340822348523698 0.88368367155196703 1955 0.77201525940394911 12 1.0220560757050163 0.79648968417852029 232 4.7717294692993164 1 12.714056015014648 8.1174549484252925 0 0 0 0 0
275 13.75 13.800000000000001 118.387 4559 1242392 9059 125 1 1369 0.71185755590579403 13 0.9647422386531852 0.8316368002963388 1963 0.85631148106680544 12 0.89125818127261736 0.7814088216110886 233 5.7010245323181152 1 14.305521011352539 9.0799656200408929 0 0 0 0 0
276 13.800000000000001 13.85 115.041 4399 1246791 9060 125 1 1374 0.69282990119822807 13 0.9695336473985342 0.81248886725562375 1967 0.57763759437569218 12 0.83935537821868567 0.70832905194777274 234 7.6406550407409668 1 13.646500587463379 8.0797007179260252 0 0 0 0 0
277 13.85 13.9 117.429 4590 1251381 9061 125 1 1379 0.62789273436331761 13 1.1017487076152988 0.85794077028587556 1976 0.75840309199897582 12 1.0468458780170136 0.79400901500354337 235 8.8158969879150391 1 14.534951210021973 8.8364719676971433 0 0 0 0 0
278 13.9 13.950000000000001 117.857 4494 1255875 9065 125 1 1384 0.69070558060819365 13 0.88776262016149687 0.73146390753299828 1984 0.90197166802512629 12 0.90197166802512629 0.72272722694462521 236 10.150646209716797 1 14.549216270446777 8.6785541152954107 0 0 0 0 0
279 13.950000000000001 14 121.473 4525 1260400 9067 125 1 1390 0.88595064905317544 13 0.88595064905317544 0.75908180481036813 1992 0.83173194060454503 12 1.1410586150916846 0.93440452543817287 237 12.515313148498535 1 14.110976219177246 7.65890025138855 0 0 0 0 0
280 14 14.050000000000001 119.998 4563 1264963 9068 125 1 1395 0.82007319421183567 13 1.0020683361414391 0.85887170585664496 1999 0.82905926188907109 12 0.87290396464837561 0.75940283915158857 237 4.6041278839111328 1 12.26749324798584 7.8323394775390627 0 0 0 0 0
281 14.050000000000001 14.1 120.586 4511 1269474 9070 125 1 1400 0.89032873216988861 13 0.90831454739668538 0.72409544463317788 2004 0.60738972618773179 12 0.8794040660600404 0.76000100892460021 238 6.7096076011657715 1 13.243942260742188 7.915502853393555 0 0 0 0 0
282 14.1 14.15 117.893 4490 1273964 9070 125 1 1403 0.64475924736624501 13 0.87269904458412495 0.71931255845081243 2012 0.73026349113599676 12 0.91333524846547354 0.7432157598435879 239 8.2379217147827148 1 14.136325836181641 8.486918125152588 0 0 0 0 0
283 14.15 14.200000000000001 119.28100000000001 4571 1278535 9073 125 1 1407 0.53785442651998683 13 1.0574958850169331 0.74075993438391607 2020 0.85845633334404714 12 0.89349059254132412 0.73794951129301978 240 9.9380197525024414 1 14.244453430175781 8.3168450450897211 0 0 0 0 0
284 14.200000000000001 14.25 113.94799999999999 4490 1283025 9075 125 1 1414 0.81557627862565085 13 0.96105506018378672 0.83615708440735692 2028 0.95018381062593005 12 0.96937878066422167 0.77405174749173444 241 10.426674842834473 1 15.246764183044434 9.5162156486511229 0 0 0 0 0
285 14.25 14.300000000000001 115.95099999999999 4480 1287505 9079 125 1 1420 0.95546412155286009 13 1.1670064553721391 0.81388720397985981 2031 0.56844392753759954 12 0.93136891679888645 0.7022595949270638 242 12.105486869812012 1 14.492898941040039 8.3379190921783444 0 0 0 0 0
286 14.300000000000001 14.35 116.70999999999999 4543 1292048 9079 125 1 1424 0.80439076229606776 13 0.93654465929145436 0.78448838843339119 2040 0.82183191477182649 12 0.82183191477182649 0.72211032270458886 243 14.157975196838379 1 14.443984985351562 7.9679679107666015 0 0 0 0 0
287 14.35 14.4 120.752 4555 1296603 9080 125 1 1430 0.83982117478434604 13 1.0380917570327011 0.91730357096891735 2047 0.72700475328948 12 1.0558177569358786 0.85063886761990692 243 5.208430290222168 1 13.877628326416016 8.8603514862060546 0 0 0 0 0
288 14.4 14.450000000000001 122.29600000000001 4446 1301049 9082 125 1 1434 0.65536899461690223 13 0.99888134631735392 0.8175345639265329 2055 0.75829503894256545 12 0.97955743274148055 0.83388643911376592 244 6.2766404151916504 1 14.251106262207031 8.9424361610412593 0 0 0 0 0
289 14.450000000000001 14.5 114.45999999999999 4527 1305576 9082 125 1 1440 0.78380296590863974 13 0.9503177937056333 0.8252269616228094 2061 0.66971778930094084 12 0.94506665752733421 0.73634320496133687 245 8.5591764450073242 1 13.558362007141113 7.7402163362503051 0 0 0 0 0
290 14.5 14.550000000000001 120.238 4521 1310097 9084 125 1 1446 0.84870875794096057 13 1.0767131952527598 0.88812199475849241 2068 0.6875578172801643 12 0.96598261955362896 0.73909447841099341 246 10.78266716003418 1 13.984363555908203 7.7986703300476075 0 0 0 0 0
291 14.550000000000001 14.6 120.86 4485 1314582 9086 125 1 1451 0.82132520119339569 13 0.98330471397177244 0.82076145720359805 2074 0.63123191203995777 12 0.84618021595351578 0.70441328199130315 247 13.67133617401123 1 13.947515487670898 7.1401194858551023 0 0 0 0 0
292 14.6 14.65 129.38499999999999 4515 1319097 9088 125 1 1455 0.66615551494817893 13 0.93591346143136867 0.78854374528798088 2083 0.83991414938849307 12 0.95425131508160321 0.76637056177157503 247 5.0294060707092285 1 13.400625228881836 8.5558028602600089 0 0 0 0 0
293 14.65 14.700000000000001 117.65300000000001 4510 1323607 9088 125 1 1461 0.8085962005493238 13 1.1135401751757381 0.8113599417881513 2090 0.72438552642392151 12 1.0687037833538411 0.87113407056122061 248 5.6411094665527344 1 14.732860565185547 9.3943933296203621 0 0 0 0 0
294 14.700000000000001 14.75 159.709 4478 1328085 9089 125 1 1466 0.85131233741394885 13 0.97924223516251629 0.75136037670589162 2097 0.76200272137223668 12 0.83736931609644283 0.71951453970367618 249 5.8661408424377441 1 15.320577621459961 9.777208757400512 0 0 0 0 0
295 14.75 14.800000000000001 119.048 4572 1332657 9090 125 1 1471 0.88883541798278198 13 0.94723751692145475 0.75650170642636694 2104 0.72928513951121354 12 1.0043187244984044 0.78914827423390432 250 6.103635311126709 1 15.315790176391602 9.7648709297180183 0 0 0 0 0
296 14.800000000000001 14.85 124.059 4498 1337155 9091 125 1 1474 0.60264349618888746 13 0.9357287354557885 0.75953009562456597 2111 0.75317204815832695 12 0.87036942894243308 0.73310792379386425 251 6.6940569877624512 1 14.897893905639648 9.4154615211486821 0 0 0 0 0
297 14.85 14.9 117.502 4478 1341633 9093 125 1 1480 0.74718414339953121 13 0.99932764217265624 0.80928082329626516 2118 0.70701381916532646 12 0.92795841376268862 0.80245491653324308 252 7.6831521987915039 1 14.570943832397461 9.0207629776000982 0 0 0 0 0
298 14.9 14.950000000000001 117.02 4503 1346136 9093 125 1 1486 0.87475336173022833 13 1.0909915136921262 0.82608308607284098 2125 0.75842415978333666 12 0.86505973390055779 0.70585886805043629 253 9.7339324951171875 1 13.951929092407227 7.969659996032715 0 0 0 0 0
299 14.950000000000001 15 117.81699999999999 4485 1350621 9093 125 1 1490 0.76267938022159476 13 0.91309296801045248 0.74587763904486648 2131 0.68163804297550379 12 0.87294990598964284 0.72466952028317255 254 10.770272254943848 1 14.832036972045898 8.9739913463592522 0 0 0 0 0
300 15 15.050000000000001 118.503 4498 1355119 9095 125 1 1496 0.9403313368313797 13 0.9403313368313797 0.77649955813773885 2140 0.82755339681305096 12 1.0230135347028113 0.82851191407072389 255 12.920651435852051 1 14.27952766418457 7.8710532569885254 0 0 0 0 0
301 15.050000000000001 15.1 114.005 4524 1359643 9095 125 1 1498 0.5594625885930915 13 0.92171154069327133 0.69453337528074344 2146 0.71926421570034793 12 0.87319111506865588 0.7558585798822598 255 4.7532439231872559 1 12.66480541229248 8.0860089397430421 0 0 0 0 0
302 15.1 15.15 120.01000000000001 4486 1364129 9095 125 1 1504 0.74410000003337939 13 0.94581530093498434 0.76958370984332947 2155 0.87124494041886213 12 0.99874912801758275 0.82250698743331963 256 5.5395145416259766 1 14.467525482177734 9.2215651607513429 0 0 0 0 0
303 15.15 15.200000000000001 150.649 4493 1368622 9097 125 1 1509 0.7920521318859769 13 0.84899624226517789 0.74617658929826047 2162 0.79255858300944315 12 0.97904112106158803 0.83465892211708559 257 6.6680827140808105 1 14.258195877075195 8.8826807880401617 0 0 0 0 0
304 15.200000000000001 15.25 150.685 4525 1373147 9098 125 1 1514 0.76122269542835574 13 1.0363843660055145 0.82417296726381639 2171 0.9071709945329931 12 1.0135853042278813 0.85950279208025804 258 7.3695755004882812 1 14.840497970581055 9.3054995822906488 0 0 0 0 0
305 15.25 15.300000000000001 155.66399999999999 4479 1377626 9098 125 1 1519 0.7576602372758503 13 0.97939738024998224 0.79717781090818929 2178 0.88098222279805249 12 0.92787646006444158 0.78268454596265147 259 8.1447153091430664 1 14.840635299682617 9.2325861263275151 0 0 0 0 0
306 15.300000000000001 15.35 146.809 4553 1382179 9100 125 1 1525 0.94612850107241886 13 1.010817463740882 0.76579098157606029 2186 0.91480729518260695 12 1.0110183410881832 0.83137698622142675 260 9.2464008331298828 1 14.646979331970215 8.9092950439453134 0 0 0 0 0
307 15.35 15.4 152.00800000000001 4451 1386630 9105 125 1 1528 0.60479158077288042 13 1.048183623040353 0.81412561204578315 2194 0.93909452941792726 12 0.9774196609218716 0.84081974844832141 261 10.309019088745117 1 14.776218414306641 8.9479731464385992 0 0 0 0 0
308 15.4 15.450000000000001 152.38 4537 1391167 9106 125 1 1533 0.65856765660028627 13 1.0049475015155855 0.74041075377346022 2202 0.93538807977805771 12 0.99255490726712692 0.86853454085657444 262 13.497091293334961 1 13.769750595092773 6.8437011766433713 0 0 0 0 0
309 15.450000000000001 15.5 134.64099999999999 4474 1395641 9109 125 1 1540 0.95983532118418857 13 0.99900693174392463 0.81284597534981984 2208 0.75061796605382125 12 1.0239003260857975 0.83157737311062685 262 4.9653043746948242 1 13.229830741882324 8.4467563056945796 0 0 0 0 0
310 15.5 15.550000000000001 116.43899999999999 4473 1400114 9113 125 1 1543 0.64677689851276454 13 1.0366228421529133 0.78612895598487254 2215 0.73094200855730673 12 0.91935633075933865 0.77623675157913385 263 6.550377368927002 1 13.729166030883789 8.4307236719131478 0 0 0 0 0
311 15.550000000000001 15.6 118.48699999999999 4588 1404702 9117 125 1 1548 0.65740969445970321 13 1.0022747251722548 0.78312396242978066 2223 0.80327535765798608 12 0.93982719656762148 0.79325243958801916 264 8.6598749160766602 1 13.717881202697754 7.9115252542495726 0 0 0 0 0
312 15.6 15.65 124.357 4482 1409184 9118 125 1 1555 0.78530499670240617 13 1.4025845981779552 0.98449047159580916 2227 0.54335219358142206 12 0.84557100945468466 0.68976514976983561 265 10.232789993286133 1 14.376529693603516 8.442763710021973 0 0 0 0 0
313 15.65 15.700000000000001 121.236 4515 1413699 9119 125 1 1559 0.611783262283083 13 0.99701804584927034 0.8067131009556 2235 0.7180536722684987 12 0.96331138230474489 0.69190451635859573 266 11.398355484008789 1 14.782868385314941 8.8460526752471917 0 0 0 0 0
314 15.700000000000001 15.75 115.765 4534 1418233 9121 125 1 1565 0.76568229283605305 13 1.000154111120436 0.800015790500338 2243 0.81768879498317493 12 0.89054023446409147 0.76622277777854364 267 12.974320411682129 1 14.628503799438477 8.4397426033020011 0 0 0 0 0
315 15.75 15.800000000000001 124.005 4522 1422755 9122 125 1 1568 0.5276468261366799 13 0.84997132562455679 0.71185362400989693 2248 0.57820299973434497 12 0.97255329474573959 0.7776395284996539 268 14.673647880554199 1 14.673647880554199 8.317609882354736 0 0 0 0 0
316 15.800000000000001 15.85 125.018 4509 1427264 9123 125 1 1573 0.6726850279503398 13 0.80300838760440307 0.65005811649655532 2257 0.78892232089986192 12 0.90787576515277901 0.76435382235870475 268 5.3981361389160156 1 14.383090019226074 9.1830705165863034 0 0 0 0 0
317 15.85 15.9 119.49299999999999 4494 1431758 9124 125 1 1578 0.73156220525030102 13 0.88702845608904246 0.73536040751470455 2264 0.77646360533485803 12 0.97889619047310661 0.76909134177844252 269 6.1754498481750488 1 14.593574523925781 9.2304349231719964 0 0 0 0 0
318 15.9 15.950000000000001 117.952 4499 1436257 9125 125 1 1584 0.87956696308203164 13 0.98047181242515169 0.80585126637200299 2272 0.89408666769292744 12 0.89408666769292744 0.74841405954501239 270 7.1883459091186523 1 14.475545883178711 8.9971999263763429 0 0 0 0 0
319 15.950000000000001 16 117.67100000000001 4566 1440823 9127 125 1 1590 0.95772433070288532 13 1.0758536528382037 0.87500248981181483 2278 0.77859195432318151 12 0.98511677219893667 0.76299226491060412 271 8.2997932434082031 1 14.530216217041016 8.8996289539337159 0 0 0 0 0
320 16 16.050000000000001 117.709 4445 1445268 9127 125 1 1592 0.52957566051987848 13 0.93876012484912597 0.74134199257352407 2284 0.76627257683562311 12 0.79754473146159222 0.66084517797013254 272 9.6899356842041016 1 14.455683708190918 8.6237115859985352 0 0 0 0 0
321 16.050000000000001 16.100000000000001 120.306 4557 1449825 9129 125 1 1598 0.68988218250229871 13 1.071184747275852 0.79367215129016488 2292 0.84251172482653891 12 0.9987449410549375 0.78938553842070303 273 11.510194778442383 1 14.342585563659668 8.1978812408447261 0 0 0 0 0
322 16.100000000000001 16.149999999999999 118.925 4523 1454348 9131 125 1 1604 0.87137490578295129 13 1.0023196491120394 0.77269699895594623 2297 0.66537196747401928 12 0.88477054692654467 0.71591484211060641 274 14.135025024414062 1 14.135025024414062 7.4013298130035396 0 0 0 0 0
323 16.149999999999999 16.199999999999999 118.465 4489 1458837 9131 125 1 1610 1.0552079254537978 13 1.0765245310535574 0.7703800606115172 2306 0.84596566337285994 12 0.9909742108048728 0.79417918875148441 274 5.199986457824707 1 13.855133056640625 8.8459884166717533 0 0 0 0 0
324 16.199999999999999 16.25 121.413 4532 1463369 9133 125 1 1614 0.90432462586296236 13 1.0343134196151542 0.78430020456909499 2314 0.84571485999969531 12 1.0906212307518515 0.86511324390482836 275 6.2735342979431152 1 14.244052886962891 8.937151737213135 0 0 0 0 0
325 16.25 16.300000000000001 115.577 4576 1467945 9137 125 1 1619 0.82958920044554352 13 1.1132588223758035 0.86764136356376409 2319 0.66707545725609363 12 0.87609641337426747 0.71739971020459892 276 7.0316476821899414 1 14.737878799438477 9.2494406986236566 0 0 0 0 0
326 16.300000000000001 16.350000000000001 118.678 4469 1472414 9138 131 1 1624 0.81571577209676849 13 0.95421388159080844 0.80738600340381628 2326 0.74231215466456646 12 0.85368115461007521 0.68226993216909004 277 8.3563928604125977 1 14.339624404907227 8.6884574413299553 0 0 0 0 0
327 16.350000000000001 16.399999999999999 132.91200000000001 4501 1476915 9139 131 1 1630 1.0166343207250044 13 1.0794994667638667 0.75346478741365952 2333 0.72132629211661348 12 0.94810118741208749 0.77753345063618073 278 9.8448266983032227 1 14.39593505859375 8.5264008903503417 0 0 0 0 0
328 16.399999999999999 16.449999999999999 134.01900000000001 4508 1481423 9144 131 1 1631 0.4836411919062783 13 0.99650362259186176 0.686411320791251 2340 0.7240280369417359 12 0.91711480570508752 0.75408193649560162 279 12.228930473327637 1 14.066618919372559 7.6396564865112309 0 0 0 0 0
329 16.449999999999999 16.5 120.55500000000001 4481 1485904 9146 131 1 1638 0.89294636429416696 13 0.92077404196019652 0.70588520712388758 2348 0.78788616591061278 12 0.95382388037530075 0.80164319106837267 280 13.638233184814453 1 14.77412223815918 8.6047406864166263 0 0 0 0 0
330 16.5 16.550000000000001 118.893 4533 1490437 9147 131 1 1642 0.74328054662428777 13 0.88823601197154967 0.78309489162452361 2355 0.79664427954513684 12 0.95375632821413392 0.74808593569875459 280 5.0172281265258789 1 13.368178367614746 8.5350865364074711 0 0 0 0 0
331 16.550000000000001 16.600000000000001 118.051 4526 1494963 9147 131 1 1648 0.96764333893994514 13 1.0071335978393279 0.7302542424212537 2363 0.91803377532814734 12 0.91803377532814734 0.74468521037233459 281 5.8710451126098633 1 14.440435409545898 9.1546922206878669 0 0 0 0 0
332 16.600000000000001 16.649999999999999 115.60599999999999 4567 1499530 9148 131 1 1652 0.77006032746641373 13 1.0048774994646568 0.83053450772392734 2370 0.86655085183118441 12 0.93026431893757056 0.80772662471668089 282 6.9790077209472656 1 14.337900161743164 8.9030796241760246 0 0 0 0 0
333 16.649999999999999 16.699999999999999 118.84399999999999 4418 1503948 9152 131 1 1656 0.61394604904095007 13 0.97572306613285331 0.78947905188343315 2374 0.61995536295695353 12 0.84939199105334195 0.67657026170388468 283 8.1107969284057617 1 14.486194610595703 8.8794875431060785 0 0 0 0 0
334 16.699999999999999 16.75 116.904 4564 1508512 9152 131 1 1662 0.82731486740683069 13 0.97086292129179497 0.74113866569136844 2383 0.83392420221417629 12 0.95592122428401882 0.76113651535646254 284 9.3601808547973633 1 14.533620834350586 8.763065042495727 0 0 0 0 0
335 16.75 16.800000000000001 120.38200000000001 4487 1512999 9153 131 1 1666 0.69285276958659625 13 0.92152873368762622 0.7680426080485071 2391 0.91994566231395603 12 0.95748931404606585 0.77970070373945288 285 10.490416526794434 1 14.738483428955078 8.8810293865203853 0 0 0 0 0
336 16.800000000000001 16.850000000000001 116.861 4478 1517477 9153 131 1 1672 0.77518094845742791 13 1.2036288480597468 0.87087329520463763 2396 0.67538156490983614 12 1.0087636620855664 0.78266731433520786 285 3.8592100143432617 1 10.282692909240723 6.5651188993453982 0 0 0 0 0
337 16.850000000000001 16.899999999999999 116.03400000000001 4535 1522012 9155 131 1 1677 0.84448533558519789 13 0.95215453999968924 0.72503710892280748 2402 0.59814634004683986 12 0.85772326999047954 0.72511412128455188 286 5.1355547904968262 1 13.683452606201172 8.7363782024383543 0 0 0 0 0
338 16.899999999999999 16.949999999999999 124.288 4526 1526538 9155 131 1 1681 0.76360874221741337 13 0.91420558763209381 0.7149911769094025 2409 0.65872620166973528 12 0.85866082661317811 0.69678065651988841 287 6.8057894706726074 1 13.705171585083008 8.3464114761352537 0 0 0 0 0
339 16.949999999999999 17 122.82599999999999 4486 1531024 9156 131 1 1686 0.86844912489394455 13 0.88673962728096645 0.68985525154269278 2419 0.82131319409145376 12 1.1157230262900073 0.92011442862638604 288 8.8800973892211914 1 13.788189888000488 7.9463652753829956 0 0 0 0 0
340 17 17.050000000000001 118.273 4538 1535562 9158 131 1 1691 0.87796456692006153 13 1.0303009017592968 0.78423019606573108 2425 0.7254480957905457 12 0.8952588858168119 0.74355837507282441 289 10.174263000488281 1 14.58306884765625 8.7187322616577152 0 0 0 0 0
341 17.050000000000001 17.100000000000001 131.64599999999999 4511 1540073 9163 131 1 1695 0.70253575977590288 13 0.92321503387087034 0.80860104985893055 2431 0.62885095518130218 12 0.86055892631737863 0.744283049647947 290 11.077493667602539 1 14.95305061340332 9.105771532058716 0 0 0 0 0
342 17.100000000000001 17.150000000000002 119.94199999999999 4534 1544607 9165 131 1 1700 0.70885590095783235 13 1.0315984791470072 0.78739355804813715 2438 0.6731971669055391 12 0.90671771210002516 0.71285256790704565 290 4.0751838684082031 1 10.858144760131836 6.932522497177124 0 0 0 0 0
343 17.150000000000002 17.199999999999999 120.98399999999999 4528 1549135 9168 131 1 1705 0.70454372252367448 13 0.9898469030103193 0.79791991604122936 2448 1.0126791505059696 12 1.0126791505059696 0.74498246649598909 291 5.7733983993530273 1 13.373302459716797 8.3187125682830807 0 0 0 0 0
344 17.199999999999999 17.25 116.81699999999999 4523 1553658 9169 131 1 1709 0.63247626282954739 13 0.93972167595186396 0.7062697841162392 2453 0.77705887531514162 12 0.99262677225976781 0.77381250427358328 292 6.7541213035583496 1 14.44217586517334 9.0290483474731449 0 0 0 0 0
345 17.25 17.300000000000001 115.774 4437 1558095 9172 131 1 1716 0.87311492287941894 13 1.2149215122455701 0.8728708657440043 2461 0.82337946443539278 12 1.0056778856569959 0.81900593752755602 293 8.0280675888061523 1 14.338434219360352 8.7387498664855965 0 0 0 0 0
346 17.300000000000001 17.350000000000001 118.402 4523 1562618 9173 131 1 1720 0.66732307849267114 13 1.117983834074241 0.83866155195643999 2467 0.7660357800793528 12 0.86370289616851015 0.70542088608313691 294 9.7240419387817383 1 14.219314575195312 8.3209276866912845 0 0 0 0 0
347 17.350000000000001 17.400000000000002 122.646 4522 1567140 9173 131 1 1725 0.69478162100616225 13 1.048128115506852 0.76646605907198961 2476 0.88401044341357982 12 0.99671891597477169 0.85617402867824965 295 11.211195945739746 1 14.540136337280273 8.5276667690277108 0 0 0 0 0
348 17.400000000000002 17.449999999999999 132.15299999999999 4487 1571627 9174 131 1 1731 0.85605224512119815 13 0.95676876418552381 0.79271757744018545 2480 0.62393440362569452 12 0.86650589116521781 0.68991660322530857 295 4.1243691444396973 1 10.989199638366699 7.0161968326568607 0 0 0 0 0
349 17.449999999999999 17.5 124.521 4547 1576174 9176 131 1 1735 0.67724261641043471 13 1.0304058443374136 0.81194826819716437 2489 0.79141415664674464 12 0.93953387858094395 0.80716244338613907 296 5.706855297088623 1 13.486214637756348 8.4332838535308845 0 0 0 0 0
350 17.5 17.550000000000001 122.13 4495 1580669 9177 131 1 1741 0.88427796813774628 13 0.9021415713280021 0.74740889569932634 2495 0.71814140220348899 12 0.88277725555204056 0.72119111032179883 297 7.1152787208557129 1 14.044687271118164 8.6056129837036135 0 0 0 0 0
351 17.550000000000001 17.600000000000001 116.33799999999999 4505 1585174 9178 131 1 1747 0.96446637618512776 13 1.0990595104866705 0.8729916470128859 2504 0.74892773470665153 12 1.2144948094378452 0.94249346908866527 298 7.9435715675354004 1 14.766523361206055 9.179961528778076 0 0 0 0 0
352 17.600000000000001 17.650000000000002 123.47 4540 1589714 9179 131 1 1750 0.70750981115879807 13 0.9453686550816881 0.73058610118861622 2512 0.81129170246925708 12 0.94886657883085912 0.80312248825636789 299 9.4274759292602539 1 14.34825325012207 8.5308851146698004 0 0 0 0 0
353 17.650000000000002 17.699999999999999 118.34 4546 1594260 9180 131 1 1757 0.97239058371494358 13 1.0120745632444408 0.84887019946629361 2517 0.58412220425104622 12 0.880633623173108 0.76544604857931731 300 11.737902641296387 1 14.052820205688477 7.7126007556915281 0 0 0 0 0
354 17.699999999999999 17.75 118.619 4522 1598782 9180 131 1 1761 0.7619956630769873 13 1.0493652967343043 0.84321867371302917 2525 0.72222919122212115 12 0.91332413343212415 0.72813424724249021 301 13.830583572387695 1 14.395020484924316 7.9281752014160158 0 0 0 0 0
355 17.75 17.800000000000001 126.31699999999999 4500 1603282 9181 131 1 1766 0.78548920633179631 13 0.97906397613977592 0.77039143330266913 2533 0.7880252683533252 12 0.93693228532525563 0.79972461996961774 301 5.0879888534545898 1 13.556719779968262 8.6554622650146484 0 0 0 0 0
356 17.800000000000001 17.850000000000001 126.261 4545 1607827 9181 131 1 1771 0.72428961865163666 13 1.0381454425475687 0.8542405209722862 2539 0.67853439940685156 12 0.9086558141843164 0.75704830105759191 302 6.4102897644042969 1 13.983866691589355 8.6908767414093013 0 0 0 0 0
357 17.850000000000001 17.900000000000002 119.753 4504 1612331 9182 131 1 1777 0.88726971154690537 13 1.2218835139673616 0.79102529022478096 2546 0.74530585618341394 12 0.85242568482666492 0.69065085036091778 303 8.2443628311157227 1 13.867240905761719 8.184207372665405 0 0 0 0 0
358 17.900000000000002 17.949999999999999 118.554 4464 1616795 9184 131 1 1781 0.78691014614884847 13 0.94210239702696386 0.73428001091330097 2555 0.85427353562016017 12 1.002499210619769 0.86509132275061262 304 9.5381317138671875 1 14.516666412353516 8.7191267871856688 0 0 0 0 0
359 17.949999999999999 18 115.955 4551 1621346 9185 131 1 1786 0.86985742120353726 13 0.98076146880876169 0.71153023407282356 2560 0.6604722425938726 12 0.85658620265444863 0.73241039387779461 305 10.416341781616211 1 14.930046081542969 9.1305438327789314 0 0 0 0 0
360 18 18.050000000000001 121.911 4514 1625860 9185 131 1 1790 0.76419655938575382 13 0.86933238486897613 0.73952847577159109 2568 0.75307440699024963 12 0.85336804918691433 0.77318567164798135 306 12.613057136535645 1 14.22118091583252 7.8251775741577152 0 0 0 0 0
361 18.050000000000001 18.100000000000001 116.93600000000001 4519 1630379 9187 131 1 1796 0.90415268873614441 13 1.0610329503474532 0.81381969119065189 2575 0.74703078476931473 12 0.91242534142015863 0.76274025154096226 306 4.6400856971740723 1 12.363302230834961 7.8935097122192381 0 0 0 0 0
362 18.100000000000001 18.150000000000002 117.08499999999999 4496 1634875 9187 131 1 1800 0.73349499170592736 13 0.99179146846407118 0.80387748714216412 2585 1.0048125948412949 12 1.0320349829611983 0.82586835637433853 307 6.0675573348999023 1 13.776384353637695 8.5867529487609868 0 0 0 0 0
363 18.150000000000002 18.199999999999999 117.627 4511 1639386 9190 131 1 1804 0.5430735080925535 13 1.0698103865202611 0.82344437915958446 2591 0.84502989014018592 12 0.98491597190499014 0.80683885761906338 308 7.1486539840698242 1 14.39561653137207 8.9296782779693604 0 0 0 0 0
364 18.199999999999999 18.25 121.188 4486 1643872 9190 131 1 1809 0.55864025032059317 13 1.0594501969939762 0.77823925926237081 2598 0.78971174959754875 12 0.95730945720579286 0.81152361642985293 309 8.8799686431884766 1 14.066525459289551 8.2859388542175285 0 0 0 0 0
365 18.25 18.300000000000001 114.33499999999999 4489 1648361 9191 131 1 1815 0.70124344100198177 13 1.0604998649713149 0.81119903958446482 2602 0.5387269599108554 12 0.87157164742087367 0.68091590299082316 310 9.9033727645874023 1 14.774091720581055 8.9867981624603264 0 0 0 0 0
366 18.300000000000001 18.350000000000001 128.24799999999999 4564 1652925 9191 131 1 1820 0.70756304564986228 13 0.93785836946539392 0.78739420041024066 2610 0.7306741955007956 12 0.804981920964849 0.67483065559358446 311 10.977838516235352 1 14.818530082702637 8.936242141723632 0 0 0 0 0
367 18.350000000000001 18.400000000000002 121.033 4513 1657438 9192 131 1 1824 0.6602535904177238 13 0.80876008968440771 0.68175869349020213 2617 0.71909084113306398 12 0.95420073466884203 0.76822467412312523 312 13.550971031188965 1 14.103996276855469 7.4525111579895018 0 0 0 0 0
368 18.400000000000002 18.449999999999999 120.325 4503 1661941 9193 131 1 1829 0.68222247317882845 13 0.96026439584847778 0.77190083699152723 2625 0.81304959717126102 12 0.91671078566312036 0.77184261264969178 312 4.9851255416870117 1 13.282644271850586 8.4804766273498533 0 0 0 0 0
369 18.449999999999999 18.5 120.739 4565 1666506 9193 131 1 1835 0.72081615664334031 13 1.2369253032097423 0.91417183066491403 2632 0.75904155799862782 12 0.94329490024007223 0.81022659388370344 313 6.4641313552856445 1 13.822097778320312 8.5357310867309568 0 0 0 0 0
370 18.5 18.550000000000001 118.405 4418 1670924 9193 131 1 1840 0.77521289190335196 13 0.85543229387901099 0.73979610082323488 2639 0.7533624236697859 12 0.96001002336926866 0.76237934216102476 314 8.2641677856445312 1 13.900557518005371 8.2179017734527591 0 0 0 0 0
371 18.550000000000001 18.600000000000001 114.789 4543 1675467 9195 131 1 1846 0.9537140647885114 13 0.99263583521404464 0.77565879841697138 2646 0.74735712600166737 12 0.96752597361910098 0.76270217927389083 315 10.828352928161621 1 13.765533447265625 7.461368637084961 0 0 0 0 0
372 18.600000000000001 18.650000000000002 118.33799999999999 4485 1679952 9196 131 1 1852 1.097099849298026 13 1.1418732866866235 0.81042414790782613 2654 0.8357917938305045 12 1.0000576254136289 0.77731167107976096 315 3.9835302829742432 1 10.613937377929688 6.7766065263748168 0 0 0 0 0
373 18.650000000000002 18.699999999999999 122.825 4581 1684533 9198 131 1 1856 0.91425105764280323 13 1.0753758337225725 0.81594705464794648 2660 0.72208195553989307 12 0.92627616857433803 0.76122534201987957 316 5.4907670021057129 1 13.505106925964355 8.5077816295623787 0 0 0 0 0
374 18.699999999999999 18.75 117.94199999999999 4479 1689012 9198 131 1 1860 0.76509538013532497 13 1.0355561037570684 0.78258975118193519 2667 0.6983285284477676 12 1.0068678854470379 0.78027351054035932 317 6.8391118049621582 1 14.050493240356445 8.6650947952270503 0 0 0 0 0
375 18.75 18.800000000000001 118.943 4509 1693521 9200 131 1 1867 1.088197460073937 13 1.088197460073937 0.79122914749276307 2676 0.93525659120515892 12 1.0131513648075918 0.73840608434562494 318 7.6331396102905273 1 14.768537521362305 9.2138854885101313 0 0 0 0 0
376 18.800000000000001 18.850000000000001 113.357 4555 1698076 9200 131 1 1871 0.8776848124177572 13 1.0666497089396987 0.84333517554321646 2682 0.74579007075115822 12 1.0237714520515666 0.83622689324891331 319 8.9344415664672852 1 14.438718795776367 8.7116675758361808 0 0 0 0 0
377 18.850000000000001 18.900000000000002 121.539 4561 1702637 9201 131 1 1876 0.92640322132027941 13 0.9451177874505019 0.74541790635299743 2686 0.51341935315579568 12 0.8297237522904064 0.66248724596137687 320 10.476153373718262 1 14.427001953125 8.4736532688140862 0 0 0 0 0
378 18.900000000000002 18.949999999999999 119.02500000000001 4473 1707110 9201 131 1 1882 1.0365969289518251 13 1.2043851207556862 0.84328553653672156 2696 0.78379218497791803 12 0.99095842564428172 0.81340278853264825 321 13.17805290222168 1 13.992938041687012 7.3250280761718747 0 0 0 0 0
379 18.949999999999999 19 118.399 4538 1711648 9203 131 1 1884 0.59275640188186185 13 1.0229918942600347 0.75687739605476412 2704 0.83680689785931561 12 1.0220781816018594 0.81237843897455453 321 4.8479371070861816 1 12.917110443115234 8.2470966053009036 0 0 0 0 0
380 19 19.050000000000001 117.81999999999999 4525 1716173 9204 131 1 1890 0.68627151974494938 13 1.04426658737684 0.85979795840606954 2712 0.83551513762087437 12 1.0269592646005992 0.86614372509879034 322 5.8087668418884277 1 14.28725528717041 9.0487474346160894 0 0 0 0 0
381 19.050000000000001 19.100000000000001 118.852 4564 1720737 9206 131 1 1895 0.69768233081836883 13 0.99305576049487754 0.78235372243587742 2720 0.89750785634324359 12 0.91463275922311316 0.8034900013240609 323 7.0534505844116211 1 14.203900337219238 8.7677218627929694 0 0 0 0 0
382 19.100000000000001 19.150000000000002 121.49299999999999 4500 1725237 9207 131 1 1901 0.73702754925758451 13 1.1319381971186422 0.91342778520898094 2726 0.6947862731443869 12 0.97244876687591142 0.84934990759153639 324 9.5022773742675781 1 13.619891166687012 7.5755788707733158 0 0 0 0 0
383 19.150000000000002 19.199999999999999 118.676 4492 1729729 9208 131 1 1907 0.94207602548997937 13 1.1278696544426841 0.74937611561077577 2735 0.88564935874294592 12 0.93732265620618249 0.784012153151873 325 11.601669311523438 1 14.170309066772461 7.9215314197540287 0 0 0 0 0
384 19.199999999999999 19.25 117.762 4560 1734289 9210 131 1 1913 1.0061915189155923 13 1.1380538785150256 0.88890454114282358 2743 0.90659001304491149 12 0.95795671343803401 0.84413291058427609 326 13.972630500793457 1 14.25489616394043 7.6526683139801026 0 0 0 0 0
385 19.25 19.300000000000001 115.399 4482 1738771 9210 131 1 1917 0.73579104186404354 13 1.0675931207045184 0.90262627653424066 2749 0.76149498931056747 12 0.9416239089257008 0.79229761085357198 326 5.1402463912963867 1 13.695954322814941 8.7443595504760747 0 0 0 0 0
386 19.300000000000001 19.350000000000001 117.521 4556 1743327 9211 131 1 1923 0.99556112767136318 13 1.0156727764816458 0.69519994968809529 2758 0.91122236962656722 12 1.046417803478402 0.82473788855688002 327 5.9162998199462891 1 14.551746368408203 9.2316792106628416 0 0 0 0 0
387 19.350000000000001 19.400000000000002 119.27 4498 1747825 9213 131 1 1926 0.65254269234538054 13 0.97584771641495316 0.81579035742490091 2765 0.79467129626789612 12 1.030632985604776 0.87214632110942047 328 6.7150101661682129 1 14.648601531982422 9.2092513084411625 0 0 0 0 0
388 19.400000000000002 19.449999999999999 114.07599999999999 4470 1752295 9215 131 1 1932 0.84255804541958568 13 1.0498918909953672 0.76425939491587713 2771 0.68274638048700387 12 0.8914724534427797 0.7594581085789851 329 7.6908588409423828 1 14.585564613342285 9.0338764762878423 0 0 0 0 0
389 19.449999999999999 19.5 116.45 4523 1756818 9218 131 1 1935 0.60728428099122267 13 0.8704383319483967 0.70911942250001725 2780 0.9024994577910449 12 0.99897775527190513 0.75541008226774831 330 8.3726749420166016 1 14.953914642333984 9.3249799537658689 0 0 0 0 0
390 19.5 19.550000000000001 116.17 4523 1761341 9218 131 1 1942 0.8179474687360121 13 1.1264180218783078 0.90254743433658158 2787 0.79117476344108584 12 0.97292223201208827 0.86697198754891347 331 9.0851898193359375 1 14.978944778442383 9.2945849227905271 0 0 0 0 0
391 19.550000000000001 19.600000000000001 119.512 4480 1765821 9218 131 1 1947 0.86132046463191536 13 0.99075432002787445 0.75071006349777403 2793 0.68948186817201407 12 0.91227388083431371 0.74932804048861812 332 10.825016021728516 1 14.322898864746094 8.277516422271729 0 0 0 0 0
392 19.600000000000001 19.650000000000002 119.871 4555 1770376 9218 131 1 1951 0.80097820769844374 13 0.86234289351580773 0.69466147109815535 2803 0.96398398713082878 12 1.003324906155467 0.80931484956415123 332 3.9823024272918701 1 10.610666275024414 6.7745172548294068 0 0 0 0 0
393 19.650000000000002 19.699999999999999 114.809 4492 1774868 9219 131 1 1957 0.97248923111829477 13 0.99213480779125685 0.78257930087526961 2809 0.74289402302757312 12 1.0519300027574237 0.86753513047370978 333 5.410611629486084 1 13.576787948608398 8.5859273767471311 0 0 0 0 0
394 19.699999999999999 19.75 121.139 4467 1779335 9221 131 1 1961 0.79062066499828176 13 1.0915107310459884 0.81497665660192864 2816 0.74868400587096207 12 0.86699013849468654 0.75102442722075369 334 6.620661735534668 1 14.156797409057617 8.8020105075836188 0 0 0 0 0
395 19.75 19.800000000000001 118.258 4531 1783866 9221 131 1 1966 0.72185624825700834 13 1.0245523153767846 0.86172989552610901 2822 0.70152558869229176 12 0.77530563396615659 0.69533707167370551 335 8.5619716644287109 1 13.836780548095703 8.0780384445190432 0 0 0 0 0
396 19.800000000000001 19.850000000000001 117.407 4504 1788370 9223 131 1 1973 1.0634357982275822 13 1.0849186200395931 0.77293583886395201 2829 0.69673651922053681 12 0.9288375338923337 0.76149804095156515 336 10.632533073425293 1 14.068219184875488 7.9500744533538814 0 0 0 0 0
397 19.850000000000001 19.900000000000002 118.02800000000001 4458 1792828 9225 131 1 1976 0.67458402861633993 13 1.0423783833989495 0.86116678868168062 2838 0.86621251221529105 12 1.0044089032112105 0.80518605735707038 337 12.518714904785156 1 14.399947166442871 8.1326198673248289 0 0 0 0 0
398 19.900000000000002 19.949999999999999 114.77200000000001 4539 1797367 9226 131 1 1983 0.9457553326535908 13 1.2265783558236587 0.84264245831836637 2843 0.64311080053790848 12 0.92401544247860889 0.76141880552836627 337 4.605379581451416 1 12.270828247070312 7.8344697856903078 0 0 0 0 0
399 19.949999999999999 20 120.22499999999999 4459 1801826 9228 131 1 1987 0.75956254498692855 13 0.93618300268555876 0.81925774892279846 2851 0.78723989208422585 12 0.83592003642301571 0.72217230962905321 338 5.8008508682250977 1 13.985265731811523 8.8164433765411374 0 0 0 0 0
