0 0 0.050000000000000003 256.93299999999999 1363 1363 1362 107 1 1 0.1339172333005875 1 0.15715332636757504 0.026147575681171719 3 0.25905658618823901 3 0.28063264795251797 0.067849543494147235 0 0 0 0 0 0 0 0 0 0
1 0.050000000000000003 0.10000000000000001 260.88999999999999 4693 6056 4777 122 1 7 0.6404477187565395 5 0.65338561648414251 0.45089864624871157 10 0.58883915463009395 7 0.65076789340457397 0.43026083925608033 1 3.7158288955688477 1 9.9006595611572266 6.3212036180496218 0 0 0 0 0
2 0.10000000000000001 0.14999999999999999 259.03899999999999 4523 10579 5804 122 1 12 0.71544202168782556 6 0.87384282218085396 0.71940385356781955 17 0.70292499387586438 8 0.76948822124584304 0.64380796612919977 2 5.0828061103820801 1 13.542909622192383 8.6466450881958004 0 0 0 0 0
3 0.14999999999999999 0.20000000000000001 256.27800000000002 4499 15078 6261 122 1 17 0.75617626545921202 7 0.88003271155887175 0.75332251526060579 24 0.7326970693227407 8 0.93144038947852881 0.72728145795255073 3 6.2304253578186035 1 14.146176338195801 8.8638175582885737 0 0 0 0 0
4 0.20000000000000001 0.25 257.15300000000002 4510 19588 6535 122 1 21 0.60073163395836238 7 0.93545898274769856 0.78881603040392423 32 0.8327874956904231 9 0.90560109679763379 0.76577195494883765 4 7.0157918930053711 1 14.704639434814453 9.222463340759278 0 0 0 0 0
5 0.25 0.29999999999999999 258.14699999999999 4533 24121 6725 122 1 28 0.93822860717773438 7 1.036902972630092 0.77697776592913126 39 0.76024762488700248 9 0.94228540368982261 0.82857375980067904 5 9.0861654281616211 1 13.828791618347168 7.9502618408203123 0 0 0 0 0
6 0.29999999999999999 0.35000000000000003 259.14800000000002 4563 28684 6887 122 1 32 0.71335151838877842 7 1.0856933631594219 0.85755658429766446 46 0.73829764804324594 10 0.99659747304143131 0.77848803681296286 6 11.448591232299805 1 13.983338356018066 7.6611205291748048 0 0 0 0 0
7 0.35000000000000003 0.40000000000000002 256.83300000000003 4445 33129 7013 122 1 38 0.84469154902866905 7 1.1176364459688701 0.82234988700775868 53 0.66650875387965025 10 1.0824771739341117 0.82783019584578443 6 4.2117047309875488 1 11.221894264221191 7.1647649860382083 0 0 0 0 0
8 0.40000000000000002 0.45000000000000001 256.35399999999998 4532 37661 7094 122 1 42 0.7544667299777742 7 0.85435355655730716 0.72424629024096887 60 0.67764968276023863 10 0.8668198852925687 0.74572679474869275 7 5.9099669456481934 1 13.418571472167969 8.3186652708053597 0 0 0 0 0
9 0.45000000000000001 0.5 261.84500000000003 4477 42138 7162 122 1 45 0.50900799106983907 7 0.98482445828498355 0.71920293182134631 67 0.67405954462450901 10 0.9516599030108065 0.76031113377374548 8 7.0906786918640137 1 14.278871536254883 8.8310540771484369 0 0 0 0 0
10 0.5 0.55000000000000004 258.435 4589 46727 7244 122 1 50 0.54293721488543922 7 1.071691417741397 0.76005972829603019 75 0.70678800135045439 10 1.033524980416169 0.83246266412171166 9 8.858642578125 1 14.032739639282227 8.2496568298339845 0 0 0 0 0
11 0.55000000000000004 0.59999999999999998 260.54300000000001 4484 51211 7297 122 1 56 0.76101671859976794 7 0.93017626057068503 0.73647494080816445 83 0.82501205455612492 10 0.89314277284854171 0.74781904697418211 10 10.305909156799316 1 14.47926139831543 8.5671551132202151 0 0 0 0 0
12 0.59999999999999998 0.65000000000000002 259.81400000000002 4479 55690 7336 122 1 61 0.80739308160448831 7 0.9474844743335058 0.74773659800608006 90 0.76313949626039812 10 1.0383602206368705 0.81801269772407226 11 10.698790550231934 1 15.334888458251953 9.6110346794128425 0 0 0 0 0
13 0.65000000000000002 0.70000000000000007 257.709 4528 60218 7377 122 1 66 0.83425139623974998 7 0.88583859186323866 0.76706011265043228 99 0.97835242243836051 10 0.99811644367370256 0.75990493342753607 12 11.125223159790039 1 15.320850372314453 9.5778192615509035 0 0 0 0 0
14 0.70000000000000007 0.75 258.233 4529 64747 7427 122 1 70 0.73783850859081934 7 1.0160976326654827 0.73037280288953643 106 0.9039608876598445 11 0.95985868418639575 0.83040675260041008 13 13.605192184448242 1 14.160430908203125 7.544748191833496 0 0 0 0 0
15 0.75 0.80000000000000004 258.262 4470 69217 7477 122 1 76 0.98095568210359607 7 1.0007722888674055 0.71168673235272595 114 0.91670775634450585 11 1.119669286045875 0.85224507586699516 13 5.005070686340332 1 13.33579158782959 8.5144072341918946 0 0 0 0 0
16 0.80000000000000004 0.84999999999999998 263.14800000000002 4553 73770 7512 122 1 80 0.83201840188768172 7 0.96153147589592702 0.78237353689613798 120 0.79462794100714695 11 0.90066803865562617 0.76951178637566653 14 5.708737850189209 1 14.6142578125 9.303344993591308 0 0 0 0 0
17 0.84999999999999998 0.90000000000000002 257.34699999999998 4487 78257 7555 122 1 85 0.78160116218385245 7 1.0239440637921531 0.8435656782180545 129 0.94859121780137756 11 1.0911396136155 0.82054411934807647 15 6.1254363059997559 1 15.066139221191406 9.5874530601501462 0 0 0 0 0
18 0.90000000000000002 0.95000000000000007 256.69400000000002 4533 82790 7595 122 1 91 0.89852337610153921 7 1.0415563204931835 0.83662396374202896 135 0.7689010635421083 11 0.95810963189279708 0.82654793148105188 16 7.4739689826965332 1 14.174232482910156 8.6649101829528803 0 0 0 0 0
19 0.95000000000000007 1 256.12900000000002 4520 87310 7625 122 1 96 0.85033781187874935 7 1.0830245850578186 0.84135622259170317 143 0.85165440142154691 11 0.93308355570644941 0.78293628154332584 17 8.4048690795898438 1 14.714168548583984 9.0783785438537592 0 0 0 0 0
20 1 1.05 256.93200000000002 4506 91816 7657 122 1 100 0.69017673295641702 7 0.92645095265100874 0.79348550732173606 151 0.94938992378679476 11 0.99698032090390054 0.76810341145420391 18 9.5971794128417969 1 14.606533050537109 8.8195747566223144 0 0 0 0 0
21 1.05 1.1000000000000001 258.92000000000002 4539 96355 7690 122 1 105 0.6526745330719721 7 1.0589725460324968 0.83077922119034697 158 0.82277403620348588 11 1.0252031920729456 0.882110810168792 19 12.489094734191895 1 13.802583694458008 7.1369069242477421 0 0 0 0 0
22 1.1000000000000001 1.1500000000000001 260.77999999999997 4488 100843 7718 122 1 111 0.80897461232684909 7 0.96851831390744159 0.79763867843718761 164 0.72632650048346137 11 0.84427274393068774 0.74413494394488044 20 12.864211082458496 1 15.40125560760498 9.6286251831054681 0 0 0 0 0
23 1.1500000000000001 1.2 256.94600000000003 4537 105380 7743 122 1 116 0.89608942563571625 7 0.91901696295965285 0.7074043442048723 172 0.85130237125653174 11 0.90905117694024196 0.74113458150651657 20 4.7324814796447754 1 12.609482765197754 8.0506887149810797 0 0 0 0 0
24 1.2 1.25 256.37799999999999 4496 109876 7781 122 1 119 0.57612727038444034 8 1.0010585784912109 0.79296381624918144 178 0.72804940197918866 11 0.88924150402481494 0.770673271528307 21 5.8476085662841797 1 14.097994804382324 8.8959858608245845 0 0 0 0 0
25 1.25 1.3 258.87299999999999 4522 114398 7806 122 1 125 0.80732899454851004 8 0.87545877742388889 0.72348344456108815 187 0.86706220684824764 11 0.97664625660793203 0.83534556279150218 22 6.8749599456787109 1 14.409467697143555 8.9828883266448969 0 0 0 0 0
26 1.3 1.3500000000000001 258.44099999999997 4545 118943 7824 122 1 130 0.81533071682566693 8 0.93441905436061679 0.78572879252689243 192 0.65297117865568888 11 0.90743346339142006 0.75249792458761389 23 7.7497000694274902 1 14.69715690612793 9.1339759731292727 0 0 0 0 0
27 1.3500000000000001 1.4000000000000001 258.94799999999998 4484 123427 7856 122 1 136 1.004492728956162 8 1.0454868395177146 0.76510418415424364 200 0.76149152399519004 11 0.91145928314811475 0.75742617771734244 24 9.7584123611450195 1 13.987018585205078 8.0113065910339358 0 0 0 0 0
28 1.4000000000000001 1.45 260.93200000000002 4542 127969 7876 122 1 139 0.76534246464097311 8 0.98460244091730265 0.71295729142332842 206 0.64967047516508281 11 0.97471766242807778 0.75935521708680553 25 11.378056526184082 1 14.464343070983887 8.3964982223510738 0 0 0 0 0
29 1.45 1.5 257.28500000000003 4507 132476 7890 122 1 144 0.84020062015643193 8 0.91017842405135674 0.71953867770140134 213 0.61756902761077759 11 0.98708319821319468 0.78853829621017679 25 4.1857552528381348 1 11.152755737304688 7.1206218433380126 0 0 0 0 0
30 1.5 1.55 260.81 4535 137011 7911 122 1 150 1.0413076755930744 8 1.0623434632868758 0.75327825444499186 223 0.92870595110832033 11 0.92870595110832033 0.77304508224108293 26 5.5651636123657227 1 13.688087463378906 8.6343406581878668 0 0 0 0 0
31 1.55 1.6000000000000001 255.81100000000001 4536 141547 7933 122 1 154 0.86972551928123543 8 1.0807104529812932 0.80479273609595281 229 0.75481264412000371 11 1.1001884654567049 0.82080887627400245 27 6.7710533142089844 1 14.191688537597656 8.8061271953582771 0 0 0 0 0
32 1.6000000000000001 1.6500000000000001 256.28500000000003 4495 146042 7946 122 1 159 0.90956260585817439 8 1.009657134457181 0.75421071601336787 239 1.066630424035562 11 1.155466940596297 0.77237087001953564 28 7.8169393539428711 1 14.531122207641602 8.9645392608642585 0 0 0 0 0
33 1.6500000000000001 1.7 256.30000000000001 4513 150555 7961 122 1 163 0.68373162149810163 8 1.1579477348945117 0.85850096866686176 244 0.73837451644845908 11 1.0600821746362221 0.86552503065805164 29 8.4190559387207031 1 15.036755561828613 9.4038832950592042 0 0 0 0 0
34 1.7 1.75 256.21899999999999 4522 155077 7979 122 1 169 0.85103161146888318 8 0.99869475197111668 0.7867484041602566 252 0.80794770210175904 11 0.90146367485458789 0.79598511602266397 30 10.431787490844727 1 14.081439971923828 8.0073269844055179 0 0 0 0 0
35 1.75 1.8 256.87400000000002 4542 159619 7997 122 1 173 0.73435924136673936 8 0.97481551502243657 0.75043023760546246 260 0.8136253811217643 11 1.0804135084152222 0.85924371286340662 31 12.274426460266113 1 14.404172897338867 8.1757245159149168 0 0 0 0 0
36 1.8 1.8500000000000001 257.572 4524 164143 8016 122 1 179 0.78771961205752128 8 1.1127438003257137 0.89955240506671086 268 0.90332389103399746 11 0.94018923575813707 0.77606031992306579 32 14.027960777282715 1 14.600452423095703 8.2639434623718255 0 0 0 0 0
37 1.8500000000000001 1.9000000000000001 258.19400000000002 4467 168610 8031 122 1 185 0.93400642083144614 8 1.0530892362736586 0.80755220870743405 275 0.79878055888253285 11 1.0154489794292965 0.86025823583796235 32 5.1605997085571289 1 13.750188827514648 8.7789853382110596 0 0 0 0 0
38 1.9000000000000001 1.95 257.113 4532 173142 8048 122 1 190 0.86049723435962011 8 1.0722455136359683 0.86642741768459319 280 0.63775682922553367 11 0.84383496344089504 0.69995953104544328 33 5.7659521102905273 1 14.76072883605957 9.4006778049469002 0 0 0 0 0
39 1.95 2 259.18599999999998 4488 177630 8060 122 1 196 1.0787123110559251 8 1.1005037199883234 0.73634070431429255 287 0.67714324161108286 11 0.86764440401583109 0.71776295461998996 34 7.2383475303649902 1 14.004693984985352 8.5422804832458503 0 0 0 0 0
40 2 2.0499999999999998 257.59500000000003 4510 182140 8076 122 1 199 0.6913187011839852 8 1.0573523664285267 0.85972325996510546 295 0.79616004651714423 11 0.88397450975167591 0.74703422763636607 35 9.5702972412109375 1 13.717387199401855 7.6912916278839107 0 0 0 0 0
41 2.0499999999999998 2.1000000000000001 259.12700000000001 4552 186692 8089 122 1 205 0.81463625270222861 8 1.0516982220468067 0.83029240353712952 303 0.87504509411613784 11 0.89998345010083269 0.78676601122104473 36 11.957505226135254 1 14.032258987426758 7.636586380004883 0 0 0 0 0
42 2.1000000000000001 2.1499999999999999 257.642 4494 191186 8106 122 1 209 0.73813227847928098 8 0.84905417003328842 0.71066227233835644 309 0.81132540298732803 11 0.85771804074190461 0.71173324374432323 37 13.006143569946289 1 14.960624694824219 8.9618143367767331 0 0 0 0 0
43 2.1499999999999999 2.2000000000000002 257.11700000000002 4557 195743 8117 122 1 214 0.7567347706783385 8 0.90678049020823981 0.77523353563532937 316 0.84895350716982942 11 0.93823867969724628 0.71950379507066498 38 14.297143936157227 1 14.880620956420898 8.7218659973144526 0 0 0 0 0
44 2.2000000000000002 2.25 260.233 4547 200290 8128 122 1 220 0.89502512545339641 8 0.99602260085798444 0.81546884669493602 323 0.86298636767432735 11 0.93486194744520523 0.74286370815251057 38 5.2596282958984375 1 14.014041900634766 8.9474468231201172 0 0 0 0 0
45 2.25 2.3000000000000003 258.584 4510 204800 8141 122 1 224 0.79771340242956601 8 0.87730245184271582 0.73126262922165164 332 0.95654579237747683 11 0.98572888147153548 0.88034605207512195 39 6.0415358543395996 1 14.565531730651855 9.2258859348297122 0 0 0 0 0
46 2.3000000000000003 2.3500000000000001 259.98000000000002 4484 209284 8153 122 1 231 1.018205049492064 9 1.0597587573149847 0.89281694328833738 335 0.56429287755885083 11 0.93760491468052054 0.71266795581324172 40 6.7610807418823242 1 14.749106407165527 9.2876259136199959 0 0 0 0 0
47 2.3500000000000001 2.3999999999999999 255.72 4533 213817 8160 122 1 233 0.5286692298120923 9 1.024810507657036 0.80211733190786294 343 0.71710076796129507 11 0.89356245654651112 0.71357991415554667 41 7.5031085014343262 1 14.810213088989258 9.265369548797608 0 0 0 0 0
48 2.3999999999999999 2.4500000000000002 258.29000000000002 4469 218286 8176 122 1 240 0.80491800535292857 9 1.0518646467299688 0.83761557310346557 350 0.73788494128629389 11 0.90024931429113442 0.73617966957034597 42 9.0103654861450195 1 14.27308464050293 8.5077646350860601 0 0 0 0 0
49 2.4500000000000002 2.5 256.274 4513 222799 8188 122 1 245 0.73219477089624552 9 1.114372159753527 0.86564921096676872 356 0.63953743390950879 11 0.93421612202380522 0.74601604942700861 43 12.454189300537109 1 13.491462707519531 6.5904971408843993 0 0 0 0 0
50 2.5 2.5500000000000003 257.291 4551 227350 8206 122 1 249 0.65837925885404858 9 0.84319750077667688 0.70800044165244158 365 0.95185281226881768 11 0.99069866198089651 0.66377012085130915 43 4.581641674041748 1 12.207579612731934 7.7940872478485108 0 0 0 0 0
51 2.5500000000000003 2.6000000000000001 259.57299999999998 4503 231853 8220 122 1 253 0.59676992127464878 9 0.80795822830663788 0.6959159247955633 372 0.86176970264160391 11 1.0540891935733974 0.84594207460155746 44 5.8750786781311035 1 13.883748054504395 8.7194550037384033 0 0 0 0 0
52 2.6000000000000001 2.6499999999999999 262.12099999999998 4540 236393 8229 122 1 260 1.0568657502058953 9 1.0782158532667727 0.65560063329244433 382 1.140181005491288 11 1.140181005491288 0.80544451065312028 45 6.885063648223877 1 14.430648803710938 9.0000789546966544 0 0 0 0 0
53 2.6499999999999999 2.7000000000000002 257.86700000000002 4537 240930 8237 122 1 265 0.97643763093750868 9 1.0359384225356201 0.87327746181342292 386 0.69274806595875205 11 1.1176039259212112 0.87540611847232763 46 8.65924072265625 1 13.993971824645996 8.2435065174102782 0 0 0 0 0
54 2.7000000000000002 2.75 256.61099999999999 4519 245449 8246 122 1 270 0.93971786119546441 9 0.95870140661662884 0.83000463049947482 396 0.96706912455384231 11 1.0687766210704255 0.80949397856482708 47 11.966655731201172 1 13.492365837097168 6.7255478525161747 0 0 0 0 0
55 2.75 2.8000000000000003 256.09500000000003 4499 249948 8252 122 1 274 0.75920523759920067 9 1.0600243520642083 0.81363418245597541 400 0.64211658465732302 11 0.94791986880082857 0.75414645552769588 47 4.4022889137268066 1 11.729700088500977 7.4889790439605717 0 0 0 0 0
56 2.8000000000000003 2.8500000000000001 259.00599999999997 4483 254431 8262 122 1 277 0.48390928281809292 9 0.97850946217612733 0.74874291936015058 410 0.9586831899944358 11 0.97913473136115359 0.76766953386688552 48 6.1580357551574707 1 13.433579444885254 8.2617518091201774 0 0 0 0 0
57 2.8500000000000001 2.8999999999999999 255.488 4469 258900 8268 122 1 284 0.71330447010023779 9 1.1760398810600035 0.88400228318223117 415 0.74180314464456787 11 0.93970001324104724 0.7552591239039893 49 7.0845851898193359 1 14.554803848266602 9.082684679031372 0 0 0 0 0
58 2.8999999999999999 2.9500000000000002 257.49900000000002 4522 263422 8287 122 1 287 0.49535603307831766 9 0.93943303767145914 0.69196679667686123 423 0.78470098853555648 12 1.0806333287146543 0.82239457679711481 50 8.3758640289306641 1 14.373043060302734 8.7215860652923585 0 0 0 0 0
59 2.9500000000000002 3 259.065 4564 267986 8294 122 1 293 0.71900815525473194 9 0.92058387263947106 0.73095778941945422 431 0.88340387924312758 12 0.91356540982805645 0.7671457079416989 51 10.564069747924805 1 13.977630615234375 7.8336044788360599 0 0 0 0 0
60 3 3.0500000000000003 261.42700000000002 4484 272470 8301 122 1 297 0.6243822804037682 9 0.89875020790504856 0.72860354201936051 440 0.96224663515348696 12 1.0634469818424535 0.89491606879887575 51 3.8863058090209961 1 10.354887008666992 6.6112122678756711 0 0 0 0 0
61 3.0500000000000003 3.1000000000000001 258.21300000000002 4567 277037 8307 122 1 302 0.71542686928218502 9 0.82312957226385775 0.70351362400228468 448 0.99288277497162691 12 1.0334030937504124 0.83453402864610804 52 5.1455221176147461 1 13.71001148223877 8.7533341026306157 0 0 0 0 0
62 3.1000000000000001 3.1499999999999999 259.351 4520 281557 8314 122 1 309 1.0731656662082194 9 1.0731656662082194 0.75693765335165342 455 0.86234580632802604 12 1.0420959524206213 0.88599283936217066 53 6.3415870666503906 1 14.113456726074219 8.8158555698394778 0 0 0 0 0
63 3.1499999999999999 3.2000000000000002 256.19900000000001 4546 286103 8321 122 1 312 0.7165511014217939 9 1.0901187835032959 0.8292509623286699 461 0.74838922909788186 12 0.95230438773696491 0.76146962788942685 54 7.6589469909667969 1 14.237427711486816 8.6957704544067376 0 0 0 0 0
64 3.2000000000000002 3.25 264.86099999999999 4465 290568 8334 122 1 319 0.97738690587978561 9 1.0378251132049154 0.85287485974179333 468 0.7381288600934518 12 0.86620216595159993 0.76691488110213668 55 8.3609371185302734 1 14.932947158813477 9.3050091171264651 0 0 0 0 0
65 3.25 3.3000000000000003 258.32999999999998 4483 295051 8345 122 1 323 0.77827275856714473 9 0.96031694301703019 0.83205031306969057 477 0.89386103447224641 12 0.98028493771279179 0.81879290712604669 56 9.9832754135131836 1 14.309320449829102 8.3938312435150149 0 0 0 0 0
66 3.3000000000000003 3.3500000000000001 257.488 4496 299547 8351 122 1 330 0.98090471469220664 9 1.1511022907400887 0.91049860412913819 485 0.95698956814468716 12 0.96716940620461023 0.80236555078011507 57 11.155401229858398 1 14.760042190551758 8.8395551776885988 0 0 0 0 0
67 3.3500000000000001 3.3999999999999999 259.00900000000001 4537 304084 8357 122 1 334 0.86902092385386664 9 0.96148151821560335 0.74568942820032436 491 0.75627875925117249 12 0.98084053831628049 0.84735908505451418 58 13.616292953491211 1 14.171984672546387 7.5636329460144047 0 0 0 0 0
68 3.3999999999999999 3.4500000000000002 257.29899999999998 4517 308601 8369 122 1 340 0.97513468800083036 9 1.0994612763502769 0.84732478141252487 499 0.80181589291456179 12 0.92678831842400733 0.81978162807422505 58 5.0091562271118164 1 13.346672058105469 8.5213559341430667 0 0 0 0 0
69 3.4500000000000002 3.5 273.33499999999998 4492 313093 8378 122 1 344 0.89356195530484595 9 0.95582573018258521 0.71568035701319344 505 0.66705936133653887 12 0.94097599143766475 0.78206217430958003 59 6.6619377136230469 1 13.68649959564209 8.3636935997009285 0 0 0 0 0
70 3.5 3.5500000000000003 263.99700000000001 4544 317637 8387 122 1 349 0.82486866158063687 9 1.0141390455916288 0.86165948832969319 515 0.95052466998270058 12 0.98984522502035577 0.80044087517566997 60 10.396257400512695 1 12.954532623291016 6.3028979587554934 0 0 0 0 0
71 3.5500000000000003 3.6000000000000001 259.57600000000002 4495 322132 8392 122 1 354 0.81859109525768348 9 0.91937014855451826 0.79986584196532418 522 0.88153376067501676 12 1.0202882063722969 0.82506011608087004 61 11.770037651062012 1 14.66636848449707 8.6399127864837642 0 0 0 0 0
72 3.6000000000000001 3.6499999999999999 257.91399999999999 4483 326615 8398 122 1 360 1.0294574319656629 9 1.0502538589270054 0.74361613710161412 529 0.93385802259557804 12 0.93385802259557804 0.70495403002772405 62 12.599682807922363 1 15.084558486938477 9.1786238861083991 0 0 0 0 0
73 3.6499999999999999 3.7000000000000002 259.80500000000001 4535 331150 8405 122 1 361 0.46848379543521407 9 1.0090728167750289 0.71411296706234595 537 0.89152454387556257 12 1.0677357292057226 0.90677645747475433 63 14.535823822021484 1 14.535823822021484 8.0831525230407717 0 0 0 0 0
74 3.7000000000000002 3.75 257.32999999999998 4523 335673 8414 122 1 367 0.66691534400299479 9 0.90338750518853816 0.75592706455987468 543 0.79299717450593976 12 0.89774550824019839 0.74619402087505637 63 5.3474349975585938 1 14.247995376586914 9.0968182659149175 0 0 0 0 0
75 3.75 3.8000000000000003 261.22699999999998 4446 340119 8420 122 1 371 0.55100707374774738 9 0.96463268755755893 0.74967378388226125 549 0.70777383318855946 12 0.83906280587454019 0.73302268348146493 64 8.6038236618041992 1 12.835394859313965 6.7760648918151851 0 0 0 0 0
76 3.8000000000000003 3.8500000000000001 256.46499999999997 4568 344687 8427 122 1 376 0.65806502414789214 9 0.90565298599255861 0.68765985531865415 557 0.82128373870649729 12 0.9559330636723754 0.75248623712825025 65 10.647927284240723 1 14.088590621948242 7.9762659358978274 0 0 0 0 0
77 3.8500000000000001 3.8999999999999999 258.072 4503 349190 8436 122 1 381 0.69134626361571661 9 0.98952846729956045 0.76070119758646015 563 0.66358765604168901 12 0.93828482975827654 0.80477311149045805 66 12.875641822814941 1 14.229784965515137 7.7944863891601566 0 0 0 0 0
78 3.8999999999999999 3.9500000000000002 255.31399999999999 4557 353747 8442 122 1 385 0.61171320222848002 9 0.89382172650409975 0.71376001414382828 572 0.84386835021817164 12 0.95145886246929745 0.79448908912423954 67 14.637344360351562 1 14.637344360351562 8.2558536529541016 0 0 0 0 0
79 3.9500000000000002 4 258.03100000000001 4501 358248 8453 122 1 391 0.77285185026176884 9 1.0444141345017079 0.79284834843916518 577 0.64296301465900896 12 0.88916919231247216 0.73944358860389958 67 5.3847804069519043 1 14.347505569458008 9.1603507137298585 0 0 0 0 0
80 4 4.0499999999999998 258.25 4473 362721 8460 122 1 396 0.89500667654381649 9 0.89500667654381649 0.672713498490773 586 0.8595149382977979 12 1.0391807285922197 0.75857930846435684 68 8.4861488342285156 1 12.915590286254883 6.929540877342224 0 0 0 0 0
81 4.0499999999999998 4.0999999999999996 256.52600000000001 4523 367244 8464 122 1 401 0.87438717494144269 9 1.074617301876974 0.81406486876015915 592 0.73096497632913193 12 0.93284703488072307 0.77591745738953322 69 10.168877601623535 1 14.286737442016602 8.3340419673919683 0 0 0 0 0
82 4.0999999999999996 4.1500000000000004 258.48700000000002 4544 371788 8471 122 1 404 0.64917743457148036 9 0.85707314719817917 0.69915576081808695 600 0.75782742693545146 12 0.94431101787280991 0.83827016578164704 70 12.177709579467773 1 14.290672302246094 8.0111895942687994 0 0 0 0 0
83 4.1500000000000004 4.2000000000000002 259.18000000000001 4485 376273 8476 122 1 410 0.85912433336231131 9 0.98822812941520199 0.74452643586743827 606 0.72010576355210354 12 0.79872849772420795 0.68599446259021579 71 13.087152481079102 1 15.053808212280273 9.0996235752105719 0 0 0 0 0
84 4.2000000000000002 4.25 265.22399999999999 4506 380779 8484 122 1 415 0.83851898414202619 9 1.0038894108791747 0.8140507322670808 614 0.77680622149295131 12 0.93445077237908258 0.80872950964264423 71 4.8144979476928711 1 12.828009605407715 8.1902095985412604 0 0 0 0 0
85 4.25 4.2999999999999998 257.75400000000002 4549 385328 8489 122 1 420 0.90018012506131218 9 0.97515344053606701 0.73260427988609467 621 0.76500369876553886 12 0.92277585208067292 0.76844163847378055 72 5.7167587280273438 1 14.345001220703125 9.1067321109771733 0 0 0 0 0
86 4.2999999999999998 4.3500000000000005 258.22899999999998 4466 389794 8492 122 1 427 1.0446387888944833 9 1.175794919339878 0.96809219815359682 629 0.86119761702579423 12 0.97854341118376764 0.76962965241011261 73 6.4636435508728027 1 14.675698280334473 9.2605583572387697 0 0 0 0 0
87 4.3500000000000005 4.4000000000000004 258.733 4586 394380 8501 122 1 431 0.92175993843873893 9 1.023953577833842 0.75657495324896673 637 0.83265982305983433 12 1.0827968296569748 0.89311826224232493 74 7.5983858108520508 1 14.410191535949707 8.8765658378601078 0 0 0 0 0
88 4.4000000000000004 4.4500000000000002 260.28300000000002 4532 398912 8505 122 1 435 0.73317534393804218 9 1.0427705276598316 0.8216256563637514 644 0.83443908939339417 12 0.86849319625998267 0.75499519046214747 75 10.129880905151367 1 13.673908233642578 7.4937350845336912 0 0 0 0 0
89 4.4500000000000002 4.5 260.11200000000002 4522 403434 8508 122 1 439 0.61486795024291996 9 0.94254678913585865 0.75204879954264459 654 1.1019672912520331 12 1.1019672912520331 0.81621913098455789 76 11.99630069732666 1 14.362180709838867 8.1521783161163324 0 0 0 0 0
90 4.5 4.5499999999999998 256.62900000000002 4454 407888 8518 122 1 444 0.6856577906699407 9 0.87819826023461156 0.72356642843609753 661 0.88771043556767537 12 1.1448279045723579 0.96887824318054561 77 13.737285614013672 1 14.586750984191895 8.2763688182830819 0 0 0 0 0
91 4.5499999999999998 4.6000000000000005 265.20299999999997 4543 412431 8521 122 1 449 0.74712891539650939 9 0.92496651641675021 0.7327923527809953 666 0.6666527916048024 12 0.94304840008954749 0.75939508341293105 77 5.0536670684814453 1 13.465269088745117 8.5970761108398435 0 0 0 0 0
92 4.6000000000000005 4.6500000000000004 257.22399999999999 4499 416930 8528 122 1 454 0.79851580955207679 9 1.0151124914871721 0.74277595630597804 673 0.70311366982153944 12 0.9327361265147055 0.7206592167172885 78 5.5749702453613281 1 14.854257583618164 9.4838929557800284 0 0 0 0 0
93 4.6500000000000004 4.7000000000000002 259.93400000000003 4500 421430 8534 122 1 458 0.68017132581019923 9 1.0146961967638275 0.75208571020285442 681 0.85831812939329732 12 1.0275933048159287 0.71120727972394304 79 6.9674420356750488 1 14.03070068359375 8.6214078712463387 0 0 0 0 0
94 4.7000000000000002 4.75 257.48700000000002 4522 425952 8546 122 1 465 0.96503427585527957 9 1.2267989203618448 0.82908720887868792 689 0.83880853048852977 12 1.1340293290798327 0.88417997773681367 80 8.2185277938842773 1 14.387947082519531 8.7613835620880121 0 0 0 0 0
95 4.75 4.7999999999999998 265.69499999999999 4599 430551 8550 122 1 470 0.93586118204199542 9 1.0551805089182589 0.82253314451234227 698 0.93890683403288999 12 1.0704658128522537 0.87387230242506864 81 8.9095754623413086 1 14.986148834228516 9.3158398151397712 0 0 0 0 0
96 4.7999999999999998 4.8500000000000005 286.57999999999998 4472 435023 8557 122 1 472 0.54244281182648624 9 0.91732991647551876 0.70695783575320026 704 0.70416957496388544 12 1.0273493960298397 0.88104639757384318 82 9.6540374755859375 1 14.989891052246094 9.2629578971862792 0 0 0 0 0
97 4.8500000000000005 4.9000000000000004 295.36799999999999 4487 439510 8561 122 1 478 0.67262059887867698 9 1.1508349362083543 0.8235004656977577 712 0.81358210172856582 12 0.9173112110838898 0.75654276647363361 83 11.821249961853027 1 14.152605056762695 7.8543870258331303 0 0 0 0 0
98 4.9000000000000004 4.9500000000000002 289.24200000000002 4488 443998 8569 122 1 484 0.85655702138614109 9 0.94107928186095369 0.77027772217707624 718 0.67622646917211449 12 0.98883538902107926 0.78463535663908401 83 4.3487954139709473 1 11.587173461914062 7.3979807758331297 0 0 0 0 0
99 4.9500000000000002 5 262.22699999999998 4511 448509 8572 122 1 487 0.64998042838020154 9 0.8395960536515289 0.68070834362322241 726 0.80332260249824439 12 0.88875314113558146 0.73903543252071868 84 5.3907279968261719 1 14.078935623168945 8.9684534263610836 0 0 0 0 0
100 5 5.0499999999999998 283.15100000000001 4551 453060 8575 122 1 492 0.73764097746712898 9 0.92332333582057868 0.70686381623825778 733 0.78842466360105934 12 0.88894623859732014 0.77150626712602299 85 5.7740335464477539 1 15.080014228820801 9.6205169105529791 0 0 0 0 0
101 5.0499999999999998 5.1000000000000005 298.09500000000003 4495 457555 8577 122 1 498 0.90020072768196779 9 1.0354772634437732 0.79144138911908679 740 0.816492583642075 12 0.84981424818224449 0.72896869851159063 86 6.7543554306030273 1 14.44267463684082 9.0294463825225826 0 0 0 0 0
102 5.1000000000000005 5.1500000000000004 258.41800000000001 4543 462098 8590 122 1 501 0.5932794358503396 9 1.0429814490185476 0.78005288101279802 745 0.60736013367595909 12 0.91566374092221237 0.74758876755842185 87 8.0281534194946289 1 14.338587760925293 8.7388966846466065 0 0 0 0 0
103 5.1500000000000004 5.2000000000000002 259.69 4561 466659 8595 122 1 507 0.68883375169294692 9 1.1794145172499921 0.85777896129206832 756 0.98602077598561422 12 1.0339874532990212 0.81430236796123778 88 9.458592414855957 1 14.395610809326172 8.5838179683685301 0 0 0 0 0
104 5.2000000000000002 5.25 262.31999999999999 4461 471120 8603 122 1 512 0.73687803164276899 9 0.91768300562390615 0.74608535670238973 762 0.84798019857914153 12 0.96649627159363383 0.7853134636733955 89 9.9848222732543945 1 15.196510314941406 9.4790156555175784 0 0 0 0 0
105 5.25 5.2999999999999998 261.90800000000002 4553 475673 8608 122 1 518 0.91150737784783942 9 0.96785885829959895 0.77949203934238964 769 0.81040535592190255 12 0.99473329478947514 0.79395708722663727 90 10.580667495727539 1 15.165580749511719 9.4100905323028563 0 0 0 0 0
106 5.2999999999999998 5.3500000000000005 262.09300000000002 4511 480184 8609 122 1 523 0.83210740781612635 9 1.0458085047381602 0.87225945702648378 777 0.89121394118670905 12 1.0022230520571329 0.78486169554245688 91 11.37516975402832 1 15.050826072692871 9.2134168910980225 0 0 0 0 0
107 5.3500000000000005 5.4000000000000004 256.10300000000001 4500 484684 8613 122 1 528 0.78016296648106198 9 1.1266299619309468 0.84507756009249757 785 0.97264804182048381 12 0.97264804182048381 0.78424241653482385 92 13.324154853820801 1 14.433883666992188 8.0704403114318843 0 0 0 0 0
108 5.4000000000000004 5.4500000000000002 256.12099999999998 4503 489187 8615 122 1 535 1.0293858855638571 9 1.2323985582484502 0.86437200208199205 793 0.91678618993865757 12 1.092073084732279 0.92016993769812661 92 4.9016838073730469 1 13.060318946838379 8.3385293197631842 0 0 0 0 0
109 5.4500000000000002 5.5 259.76299999999998 4483 493670 8617 122 1 539 0.8414130551529202 9 1.0277040913058371 0.82102025339513285 799 0.81845992310206472 12 0.92281094202303504 0.74599498350188553 93 6.077448844909668 1 14.077598571777344 8.8359513473510738 0 0 0 0 0
110 5.5 5.5499999999999998 257.44999999999999 4482 498152 8619 122 1 545 0.93773381483188656 9 1.1453506237009226 0.85702014291439998 807 0.86157887698918201 12 1.0264042024990034 0.82217577337249059 94 7.2516121864318848 1 14.313793182373047 8.8375374126434334 0 0 0 0 0
111 5.5499999999999998 5.6000000000000005 256.93200000000002 4491 502643 8623 122 1 550 0.97354124817657417 9 1.0337416423226462 0.75820035389617602 814 0.75068801157151299 12 1.0964850797947596 0.86654243982181456 95 7.8882637023925781 1 14.95993709564209 9.3696922683715815 0 0 0 0 0
112 5.6000000000000005 5.6500000000000004 257.16899999999998 4594 507237 8629 122 1 553 0.72200821221848166 9 0.95426384395149766 0.72521663699168082 821 0.78095084400690928 12 0.84553332158173167 0.72679549452724701 96 9.4071292877197266 1 14.317285537719727 8.4962720012664796 0 0 0 0 0
113 5.6500000000000004 5.7000000000000002 258.14299999999997 4531 511768 8636 122 1 557 0.68134990683397234 9 0.8648648182790265 0.67517383592722946 827 0.62277974371977174 12 0.99596256278187068 0.80524338483543556 97 10.368148803710938 1 14.860969543457031 9.0485605049133309 0 0 0 0 0
114 5.7000000000000002 5.75 258.899 4483 516251 8640 122 1 562 0.8211742374188975 9 0.83776304637277865 0.65522003625747605 833 0.57579256993792061 12 0.88626030769370179 0.69516758527122935 97 3.8142292499542236 1 10.162845611572266 6.4885990762710568 0 0 0 0 0
115 5.75 5.7999999999999998 259.86099999999999 4520 520771 8646 122 1 566 0.72707626372133627 9 0.92429496936265276 0.72808083980952631 841 0.64333309239347425 12 0.99259058025247471 0.79799752871715057 98 5.1940708160400391 1 13.565330505371094 8.6339102315902707 0 0 0 0 0
116 5.7999999999999998 5.8500000000000005 256.80599999999998 4523 525294 8652 122 1 569 0.48054534560143858 9 0.92975526920239859 0.72026435627698993 847 0.56933926928925016 12 0.87451335492214066 0.7219050761733764 99 6.9266371726989746 1 13.672328948974609 8.2847022771835324 0 0 0 0 0
117 5.8500000000000005 5.9000000000000004 261.06200000000001 4527 529821 8662 122 1 574 0.5347294815703284 9 1.0345902076833695 0.74000666343585142 856 0.79975769117614126 12 0.90454064435448944 0.74485099509578689 100 8.4343156814575195 1 14.186748504638672 8.5073483467102058 0 0 0 0 0
118 5.9000000000000004 5.9500000000000002 257.75599999999997 4538 534359 8663 124 1 579 0.64487779135344658 9 0.85528923342529328 0.6846002455267951 863 0.81976371224342304 12 0.98443821244754948 0.736950183505795 101 9.7394247055053711 1 14.529510498046875 8.7078985977172856 0 0 0 0 0
119 5.9500000000000002 6 258.03100000000001 4480 538839 8668 124 1 586 0.95309580662722015 9 1.0963210780905757 0.80596487952057894 869 0.7557480632217769 12 0.82698707334693611 0.71202632140723732 102 11.528401374816895 1 14.365272521972656 8.2288526725769042 0 0 0 0 0
120 6 6.0499999999999998 257.14699999999999 4499 543338 8671 124 1 590 0.74537623963595478 9 1.0472144211325074 0.84056993026571325 878 0.96969373862842423 12 1.0092677066178422 0.76115950762205797 103 13.753512382507324 1 14.314804077148438 7.7970634841918942 0 0 0 0 0
121 6.0499999999999998 6.1000000000000005 262.084 4511 547849 8676 124 1 595 0.71699615994621413 9 0.99379639968125077 0.82174808549186351 884 0.86642291723856169 12 0.95049253105874265 0.75089029881751501 103 5.059636116027832 1 13.481174468994141 8.607230358123779 0 0 0 0 0
122 6.1000000000000005 6.1500000000000004 259.67599999999999 4535 552384 8679 124 1 602 1.0720851382567262 9 1.1383791863683423 0.75956103365232563 888 0.58699801210864888 12 0.84926659033515028 0.70907251192047172 104 5.8069400787353516 1 14.571292877197266 9.2601445388793948 0 0 0 0 0
123 6.1500000000000004 6.2000000000000002 256.67899999999997 4495 556879 8682 124 1 607 1.0905774716993422 9 1.0905774716993422 0.77534278541252011 897 0.75655538289565716 12 0.95953208105921162 0.80510545823202184 105 6.7664637565612793 1 14.468561172485352 9.0500417613983153 0 0 0 0 0
124 6.2000000000000002 6.25 257.13799999999998 4515 561394 8686 124 1 610 0.82313067635716508 9 1.0689825878145931 0.74097174665944276 906 0.82991135849021147 12 1.1679284273161963 0.90034814086233839 106 7.815248966217041 1 14.527984619140625 8.9616661453247062 0 0 0 0 0
125 6.25 6.2999999999999998 258.738 4507 565901 8689 124 1 615 0.82483140711780178 9 0.93330371713052129 0.79196702413280784 913 0.8171819336791416 12 0.94201982358869363 0.76935931472088048 107 9.2514562606811523 1 14.364801406860352 8.5781054306030278 0 0 0 0 0
126 6.2999999999999998 6.3500000000000005 255.994 4462 570363 8694 124 1 618 0.60030543125261704 9 0.93395030239440757 0.69847880049300448 920 0.76800033058795203 12 0.88375998145779477 0.80544818028753273 108 10.592775344848633 1 14.587604522705078 8.6720463180541998 0 0 0 0 0
127 6.3500000000000005 6.4000000000000004 256.74099999999999 4535 574898 8698 124 1 624 0.73886148153224895 9 1.059878586225548 0.81520585897823761 927 0.70970327855834203 12 1.1019612649553236 0.81447272772309309 109 13.797525405883789 1 13.797525405883789 6.8271895408630368 0 0 0 0 0
128 6.4000000000000004 6.4500000000000002 256.39999999999998 4589 579487 8700 124 1 628 0.62452112799923454 9 0.9316758816569688 0.74812144477265408 933 0.60992396728898535 12 0.89479404402408902 0.74743355623574659 109 5.0758275985717773 1 13.52431583404541 8.6347744655609127 0 0 0 0 0
129 6.4500000000000002 6.5 259.04199999999997 4455 583942 8703 124 1 634 0.76210571169493402 9 1.0083647452586046 0.816167507859476 942 0.77357611281018346 12 0.98340779100259612 0.81095196907251677 110 6.4058189392089844 1 13.974106788635254 8.6832674694061271 0 0 0 0 0
130 6.5 6.5499999999999998 256.08499999999998 4474 588416 8708 124 1 639 0.71370908610386719 9 1.0320308289505442 0.84156509652872913 949 0.81018173050444908 12 0.84350656349040265 0.72051595669482404 111 8.6066961288452148 1 13.633641242980957 7.8210584974288944 0 0 0 0 0
131 6.5499999999999998 6.6000000000000005 259.09300000000002 4538 592954 8708 124 1 645 0.8740181459611519 9 1.0675280875512827 0.79366967601149441 956 0.70465884208756036 12 0.99436409441358298 0.86122807912699473 112 9.8028411865234375 1 14.624116897583008 8.8157792472839347 0 0 0 0 0
132 6.6000000000000005 6.6500000000000004 257.26299999999998 4535 597489 8711 124 1 650 0.86084474266257038 9 1.0138647614577043 0.80669292479724275 963 0.72647673793769441 12 0.86897274739095132 0.7351562200886147 113 12.387364387512207 1 13.966713905334473 7.4412374496459961 0 0 0 0 0
133 6.6500000000000004 6.7000000000000002 258.02300000000002 4485 601974 8714 124 1 655 0.78458810448958127 9 1.0715506243596062 0.86914750712398825 969 0.64038503814398362 12 0.94056769931663142 0.73388231622868261 114 14.06950855255127 1 14.643695831298828 8.3346218204498292 0 0 0 0 0
134 6.7000000000000002 6.75 256.85599999999999 4533 606507 8717 124 1 659 0.68088813086793276 9 0.95283055670114636 0.73758720731029426 977 0.77325729163921164 12 0.83328834852664213 0.73331698115619504 114 5.1758842468261719 1 13.790913581848145 8.8049869346618657 0 0 0 0 0
135 6.75 6.7999999999999998 259.01400000000001 4549 611056 8723 124 1 664 0.71571877414827423 9 0.9856360189008514 0.7591673121675655 984 0.77811827820701984 12 0.86777236155563953 0.75194428566342253 115 6.8206253051757812 1 13.735049247741699 8.3716510915756217 0 0 0 0 0
136 6.7999999999999998 6.8500000000000005 254.95699999999999 4499 615555 8726 124 1 670 0.9121270101215635 9 0.96852975793121832 0.75793022810293675 990 0.68285408064320796 12 0.83403983003384985 0.74296337932349166 116 9.9919290542602539 1 13.220616340637207 6.8603050565719608 0 0 0 0 0
137 6.8500000000000005 6.9000000000000004 256.62599999999998 4575 620130 8730 124 1 674 0.74037631859941644 9 0.93441672093563477 0.80495964042263279 998 0.76644460319264696 12 0.95570955248298228 0.78210745631601664 117 12.112612724304199 1 14.214282035827637 7.9004518508911135 0 0 0 0 0
138 6.9000000000000004 6.9500000000000002 256.89499999999998 4496 624626 8735 125 1 680 0.88669007212458439 9 0.96053985995182067 0.80752526360058485 1006 0.92118904794490886 12 0.93979829463201681 0.71166264336415352 117 4.4559836387634277 1 11.872767448425293 7.5803221988677976 0 0 0 0 0
139 6.9500000000000002 7 257.25200000000001 4464 629090 8737 125 1 685 0.83014747092097529 9 0.99955360126457304 0.84962991588959513 1012 0.73529110268966602 12 1.0125896485774102 0.83269387307541654 118 5.7458901405334473 1 13.852762222290039 8.7229475212097167 0 0 0 0 0
140 7 7.0499999999999998 258.32299999999998 4552 633642 8739 125 1 689 0.60783004199489354 9 1.0223867099568649 0.85502244434211361 1019 0.73827347231814888 12 0.97914269623296302 0.75380410496982431 119 6.3880157470703125 1 14.79698371887207 9.3642730808258055 0 0 0 0 0
141 7.0499999999999998 7.1000000000000005 258.07600000000002 4522 638164 8742 125 1 694 0.70366421107727961 9 0.85221153598106869 0.69877174073022785 1025 0.69244901058704567 12 0.83047207593414429 0.69401644692769437 120 7.6760268211364746 1 14.26917839050293 8.7248260593414315 0 0 0 0 0
142 7.1000000000000005 7.1500000000000004 256.75200000000001 4471 642635 8745 125 1 699 0.76734082094182077 9 0.94789652126417656 0.73060893239539682 1032 0.72121812633672933 12 0.88089776778156315 0.72827434145955283 121 8.7099990844726562 1 14.650457382202148 8.9763303852081293 0 0 0 0 0
143 7.1500000000000004 7.2000000000000002 257.62400000000002 4506 647141 8745 125 1 706 0.98176286712525385 9 1.1145784211537195 0.89882614208078593 1041 0.89841086153016503 12 0.92868912800441727 0.79754613411021769 122 9.4543561935424805 1 14.976398468017578 9.263061790466308 0 0 0 0 0
144 7.2000000000000002 7.25 258.70800000000003 4534 651675 8748 125 1 710 0.82605584273262633 9 0.96232266274709555 0.78907582222469275 1047 0.71609947109937899 12 0.97021786241880237 0.82914311691706799 123 11.423529624938965 1 14.234594345092773 8.0504501724243163 0 0 0 0 0
145 7.25 7.2999999999999998 256.22399999999999 4479 656154 8754 125 1 714 0.72315563521687942 9 0.88979917859274249 0.73679524201249325 1055 0.79129700064375941 12 1.0808279876282589 0.79041677316708803 123 4.2024822235107422 1 11.197328567504883 7.1490788459777832 0 0 0 0 0
146 7.2999999999999998 7.3500000000000005 259.06900000000002 4520 660674 8757 125 1 720 0.81981779895131546 9 1.0013276594025748 0.8566821092319864 1062 0.75279710755517903 12 0.94240811657187262 0.79487287754344993 124 5.4916105270385742 1 13.78003978729248 8.7237199974060058 0 0 0 0 0
147 7.3500000000000005 7.4000000000000004 255.62700000000001 4480 665154 8759 125 1 725 0.8298528769186565 9 0.9205406899490054 0.78371565646595409 1068 0.67005930232834721 12 0.83031366886598579 0.73056187440771725 125 7.2407941818237305 1 13.732026100158691 8.2682467746734627 0 0 0 0 0
148 7.4000000000000004 7.4500000000000002 256.63400000000001 4527 669681 8761 125 1 730 0.76983322031677714 9 1.018589152939736 0.85307228185472961 1075 0.68264121485576779 12 0.99077094604509586 0.7443002141843903 126 9.5711984634399414 1 13.718677520751953 7.6928233814239499 0 0 0 0 0
149 7.4500000000000002 7.5 255.876 4552 674233 8766 125 1 735 0.83692038257325452 9 0.96439947288424255 0.72723231271382371 1084 0.82999984235376922 12 0.97469627266732339 0.82708293811498068 127 11.309184074401855 1 14.376789093017578 8.2793358802795414 0 0 0 0 0
150 7.5 7.5499999999999998 256.17500000000001 4469 678702 8768 125 1 740 0.88172681124821783 9 1.0142271868174983 0.74929103304410294 1088 0.51822582628275893 12 0.92353217811197852 0.74109923757894591 128 12.94151782989502 1 14.591518402099609 8.3839374065399177 0 0 0 0 0
151 7.5499999999999998 7.6000000000000005 257.20299999999997 4567 683269 8768 125 1 743 0.65002930060487296 9 0.86426745057253851 0.70557885063146897 1098 0.74812355806698672 12 1.0070095966393884 0.85347459470984111 129 14.661581039428711 1 14.661581039428711 8.2970813274383541 0 0 0 0 0
152 7.6000000000000005 7.6500000000000004 271.98899999999998 4441 687710 8772 125 1 748 0.76151537600283825 9 0.89631541620289523 0.68327579149911699 1105 0.78215176676576204 12 0.86441134098615191 0.72306764830548242 129 5.3936967849731445 1 14.371262550354004 9.1755183410644534 0 0 0 0 0
153 7.6500000000000004 7.7000000000000002 288.89400000000001 4477 692187 8775 125 1 752 0.67106594887907645 9 0.86416853062017629 0.72446861488506242 1113 0.85463665852675563 12 0.94122212706888853 0.7931023343722966 130 6.090855598449707 1 14.684439659118652 9.3097877883911124 0 0 0 0 0
154 7.7000000000000002 7.75 285.59500000000003 4574 696761 8777 125 1 759 1.0108705406534091 9 1.0733792690963517 0.77469317959239492 1118 0.62032725808990963 12 0.94519446617042702 0.77251471088142021 131 8.2457561492919922 1 13.594949722290039 7.8665752696990969 0 0 0 0 0
155 7.75 7.7999999999999998 273.69499999999999 4539 701300 8781 125 1 762 0.68577868346931481 9 0.99085398252253298 0.79804237886378981 1126 0.77982033914005433 12 0.95247462182431608 0.70696141430836268 132 11.640665054321289 1 13.389951705932617 6.6389247035980228 0 0 0 0 0
156 7.7999999999999998 7.8500000000000005 316.46699999999998 4474 705774 8785 125 1 767 0.71055925343070059 9 0.95915457752025324 0.76911722142103689 1135 0.89220600232884695 12 1.0320347649825585 0.86170748409044906 133 13.986977577209473 1 14.269533157348633 7.6770725917816165 0 0 0 0 0
157 7.8500000000000005 7.9000000000000004 273.87700000000001 4537 710311 8789 125 1 773 0.78840871878150032 9 1.0711236063372838 0.87530736861228986 1141 0.74152720337985334 12 0.93692389065148052 0.79782580381148582 133 5.1455240249633789 1 13.710017204284668 8.7533380031585697 0 0 0 0 0
158 7.9000000000000004 7.9500000000000002 258.16300000000001 4452 714763 8793 125 1 777 0.69283207863400242 9 0.88680898178494139 0.72954484285800691 1146 0.58564350401378562 12 0.79053593705332759 0.69487063925929793 134 6.5231413841247559 1 13.948272705078125 8.6361128902435311 0 0 0 0 0
159 7.9500000000000002 8 257.601 4521 719284 8797 125 1 782 0.73524950622354412 9 0.90642454680281814 0.75165616320572415 1155 0.82476365142501895 12 0.92991835306700621 0.73623612914360226 135 7.5169010162353516 1 14.543638229370117 9.0161443614959715 0 0 0 0 0
160 8 8.0500000000000007 257.53199999999998 4521 723805 8804 125 1 786 0.58179146779654067 9 0.92586443353808323 0.78684923976796339 1161 0.74510532789297301 12 0.82722571743400519 0.72751313180281341 136 9.6727705001831055 1 13.864265441894531 7.8656159687042235 0 0 0 0 0
161 8.0500000000000007 8.0999999999999996 255.95400000000001 4507 728312 8806 125 1 793 0.92850266743461873 9 0.94690095276335673 0.76785539515916001 1167 0.67253390556811732 12 0.84077605272649558 0.72049686327150619 137 11.041172981262207 1 14.608903884887695 8.6452351570129391 0 0 0 0 0
162 8.0999999999999996 8.1500000000000004 257.58699999999999 4533 732845 8809 125 1 796 0.64937794464294929 9 0.91011709814424202 0.75253343120128424 1174 0.68835970349326681 12 0.92918830012660347 0.74108871037095048 138 12.66904354095459 1 14.572868347167969 8.3883558082580567 0 0 0 0 0
163 8.1500000000000004 8.1999999999999993 256.21699999999998 4458 737303 8810 125 1 801 0.67764291901319684 9 0.95082607031762867 0.76566754598484121 1182 0.82358226275812474 12 0.89758647327890262 0.73099004167582537 138 4.6606831550598145 1 12.418179512023926 7.9285477733612062 0 0 0 0 0
164 8.1999999999999993 8.25 256.67399999999998 4502 741805 8813 125 1 807 0.80833235817787408 9 1.1271781204234199 0.82299407236343047 1189 0.77651738293965089 12 0.91212158832547441 0.80335261175224448 139 5.5820465087890625 1 14.289926528930664 9.0878228092193609 0 0 0 0 0
165 8.25 8.3000000000000007 274.66500000000002 4559 746364 8815 125 1 812 0.80334976176895723 9 0.97420961522281113 0.79858382329067856 1195 0.71674701643544947 12 0.91628616904545201 0.7078234173856931 140 6.8726902008056641 1 14.119480133056641 8.7222190284728995 0 0 0 0 0
166 8.3000000000000007 8.3499999999999996 259.35199999999998 4482 750846 8819 125 1 817 0.77246840796100047 9 1.020651908177288 0.82422435688775275 1202 0.70815394020881017 12 0.92144398153974871 0.76526420755192648 141 8.2979135513305664 1 14.239276885986328 8.5889781570434565 0 0 0 0 0
167 8.3499999999999996 8.4000000000000004 258.07299999999998 4532 755378 8820 125 1 821 0.63732595623934007 9 1.067447551668957 0.76871621933065004 1208 0.64408715107308334 12 0.88699011034571817 0.71207704878774392 142 9.8233127593994141 1 14.364477157592773 8.4898032474517819 0 0 0 0 0
168 8.4000000000000004 8.4499999999999993 258.68599999999998 4547 759925 8821 125 1 826 0.63703979551957102 9 1.043658848559583 0.79393417042206782 1215 0.68677730206849286 12 0.80796875251663869 0.71449210278695252 143 10.948387145996094 1 14.778774261474609 8.8861401844024659 0 0 0 0 0
169 8.4499999999999993 8.5 257.81900000000002 4474 764399 8824 125 1 832 0.80352339858161204 9 0.96149204837066449 0.78755652125968911 1223 0.8160906796259122 12 0.89782546878490532 0.7368402716153909 144 11.661609649658203 1 15.124290466308594 9.2938883495330806 0 0 0 0 0
170 8.5 8.5500000000000007 256.149 4550 768949 8826 125 1 837 0.82544710901070784 9 1.0376643547939557 0.77194566603255799 1231 0.87585092301055956 12 0.94879794796156669 0.8057002188902973 144 4.2900681495666504 1 11.430694580078125 7.2980743312835692 0 0 0 0 0
171 8.5500000000000007 8.5999999999999996 256.77199999999999 4559 773508 8831 125 1 842 0.85996220822616876 9 0.95040515207118081 0.75947970571276491 1239 0.92460537979731694 12 1.0218469105862282 0.81659632501212687 145 5.2940573692321777 1 14.105778694152832 9.0060168838500978 0 0 0 0 0
172 8.5999999999999996 8.6500000000000004 257.20999999999998 4434 777942 8834 125 1 846 0.72656461070220801 9 0.8666189474364564 0.76698880124901436 1245 0.83183324969298134 12 0.90629697353453254 0.74049624314259854 146 6.6713180541992188 1 13.982651710510254 8.6364639663696288 0 0 0 0 0
173 8.6500000000000004 8.7000000000000011 255.97 4525 782467 8837 125 1 852 0.84269196030108384 9 1.0403077849556692 0.83741091616956242 1252 0.85270791452478722 12 0.88750757047453444 0.73609018806428539 147 7.9976058006286621 1 14.284029006958008 8.6869301795959473 0 0 0 0 0
174 8.7000000000000011 8.75 262.52300000000002 4489 786956 8840 125 1 856 0.71521969967049082 9 0.90922234867448659 0.76112257186752819 1258 0.76898079113783058 12 0.94285731718346877 0.73154128781373839 148 9.9891519546508789 1 14.034233093261719 8.0283014106750485 0 0 0 0 0
175 8.75 8.8000000000000007 299.47300000000001 4493 791449 8843 125 1 862 0.84041212117003938 9 1.1807347440700409 0.82843626007264259 1264 0.66395870526698797 12 0.89276716054442362 0.75262416978200508 149 12.998896598815918 1 13.802702903747559 7.0202532720565793 0 0 0 0 0
176 8.8000000000000007 8.8499999999999996 272.24799999999999 4540 795989 8843 125 1 867 0.87155726429034408 9 0.9486236675782882 0.76281614428071132 1275 0.98315471683981248 12 1.1085038094642898 0.87317437559841948 150 13.563124656677246 1 15.292381286621094 9.4413929080963133 0 0 0 0 0
177 8.8499999999999996 8.9000000000000004 289.911 4521 800510 8843 125 1 872 0.84187298924994813 9 1.0245216608177765 0.82303923921765887 1279 0.60540929711109182 12 0.96368693900923874 0.80641306928140599 150 4.9895968437194824 1 13.294556617736816 8.4880821323394784 0 0 0 0 0
178 8.9000000000000004 8.9500000000000011 274.36700000000002 4436 804946 8847 125 1 878 0.95463230278036226 9 1.0341407970081491 0.84074539848956842 1288 0.85483361095924726 12 0.87426785618220959 0.72603457884593536 151 5.8608798980712891 1 14.415433883666992 9.1374007415771477 0 0 0 0 0
179 8.9500000000000011 9 260.459 4523 809469 8849 125 1 882 0.75378538307883169 9 1.0383900411802716 0.83376586129861741 1295 0.79358085204093609 12 0.96974351731493968 0.81739908027651365 152 6.9752683639526367 1 14.330217361450195 8.8967185878753661 0 0 0 0 0
180 9 9.0500000000000007 259.50799999999998 4493 813962 8849 125 1 888 0.95857783697914467 9 0.99769811640049333 0.74962962009253475 1301 0.70163758596135195 12 0.87257843945260749 0.73967565032809046 153 8.5711145401000977 1 14.131374359130859 8.4200596046447753 0 0 0 0 0
181 9.0500000000000007 9.0999999999999996 257.68700000000001 4565 818527 8852 125 1 892 0.83353716541803025 9 0.939596729022671 0.75871510042006662 1311 1.0073685773567647 12 1.0277187664859142 0.7783970373681639 154 9.6583366394042969 1 14.699614524841309 8.9236144733428961 0 0 0 0 0
182 9.0999999999999996 9.1500000000000004 266.93400000000003 4447 822974 8856 125 1 896 0.72349067900768027 9 0.94214907504068013 0.74387039470078276 1317 0.78716455423680576 12 0.98742136147547344 0.86665798887756451 155 12.511592864990234 1 13.827446937561035 7.1751804924011227 0 0 0 0 0
183 9.1500000000000004 9.2000000000000011 313.60500000000002 4562 827536 8859 125 1 902 0.93765877759405236 9 0.95660073314000293 0.74034732851712381 1324 0.74845029061400881 12 0.97207555738840146 0.79508513088260324 155 4.6027603149414062 1 12.263846397399902 7.8300118827819825 0 0 0 0 0
184 9.2000000000000011 9.25 303.38200000000001 4479 832015 8860 125 1 905 0.64895124310610608 9 0.9190919061562578 0.76202071477475697 1331 0.79325046733594684 12 0.84230232187175957 0.71240319810792729 156 5.882847785949707 1 13.902107238769531 8.7326722431182855 0 0 0 0 0
185 9.25 9.3000000000000007 276.15199999999999 4528 836543 8861 125 1 911 0.78687212655758043 9 0.97776882159462897 0.81583465123731713 1337 0.73172091159089347 12 0.94899073575781068 0.70956497431424193 157 7.4901838302612305 1 13.923712730407715 8.4086806964874263 0 0 0 0 0
186 9.3000000000000007 9.3499999999999996 280.202 4531 841074 8862 125 1 916 0.76580790895483841 9 1.0132632713337018 0.81450508912055553 1344 0.75609853583992737 12 0.8242660268778893 0.73262214894847932 158 8.8818502426147461 1 14.353729248046875 8.6222032833099362 0 0 0 0 0
187 9.3499999999999996 9.4000000000000004 275.44799999999998 4517 845591 8863 125 1 920 0.61800344038324606 9 0.92629431750619806 0.78125204442283791 1351 0.77856250196998367 12 0.84818737862998128 0.73451665753009865 159 12.225937843322754 1 13.511751174926758 6.6892389106750487 0 0 0 0 0
188 9.4000000000000004 9.4500000000000011 259.75700000000001 4509 850100 8865 125 1 925 0.62244227201170788 9 1.0413096746561179 0.78925620185682588 1360 0.93278049682141151 12 0.95162391267918256 0.82029195326121818 160 13.821763038635254 1 14.67645263671875 8.4200798797607419 0 0 0 0 0
189 9.4500000000000011 9.5 263.92500000000001 4485 854585 8868 125 1 929 0.58254014595588566 9 0.84503695418576119 0.67442508555093483 1366 0.80593755205438744 12 0.95104888558287071 0.77422748713910172 160 5.0847434997558594 1 13.548073768615723 8.6499418163299566 0 0 0 0 0
190 9.5 9.5500000000000007 264.69400000000002 4521 859106 8873 125 1 936 0.85492566275723747 9 1.1130171124974251 0.84144030560017613 1373 0.73576125703198281 12 0.91058730782588593 0.82623359689463827 161 5.9771995544433594 1 14.410423278808594 9.1164394092559817 0 0 0 0 0
191 9.5500000000000007 9.5999999999999996 265.399 4519 863625 8874 125 1 942 0.97157402076604416 9 0.9912011093582479 0.83689519795476841 1380 0.71555856487153702 12 0.87398514639038749 0.77675813032101504 162 7.5248961448669434 1 13.988235473632812 8.4677285766601571 0 0 0 0 0
192 9.5999999999999996 9.6500000000000004 261.87 4473 868098 8877 125 1 945 0.67807524355699444 9 0.95261091656307328 0.76676414202246423 1388 0.76754038191866125 12 0.95641411851849278 0.81340116468475643 163 9.5389375686645508 1 13.948637008666992 8.0060337829589852 0 0 0 0 0
193 9.6500000000000004 9.7000000000000011 279.279 4516 872614 8879 125 1 952 0.85078250604987715 10 1.1870996602002633 0.94012513062353431 1394 0.65894650778044139 12 0.84607858266610636 0.75616020924389771 164 11.615153312683105 1 14.18678092956543 7.944473571777344 0 0 0 0 0
194 9.7000000000000011 9.75 261.55399999999997 4568 877182 8880 125 1 958 0.94848862881707563 10 1.0482420230669713 0.85564858858090209 1401 0.66487098818948109 12 0.96448799228158821 0.75089136282208491 165 13.412439346313477 1 14.529521942138672 8.2206271553039549 0 0 0 0 0
195 9.75 9.8000000000000007 265.69 4440 881622 8883 125 1 962 0.779912549943239 10 0.92970731759837311 0.80181660261424892 1408 0.72787283323360075 12 0.8409053716550654 0.69438290440647776 166 14.834823608398438 1 14.834823608398438 8.5917945861816403 0 0 0 0 0
196 9.8000000000000007 9.8499999999999996 266.41699999999997 4556 886178 8885 125 1 966 0.73784630603734769 10 0.79929933200281222 0.67656756261868378 1414 0.60527093704451695 12 0.91340085424109096 0.7700286523253933 166 5.4574294090270996 1 14.541074752807617 9.2839371013641365 0 0 0 0 0
197 9.8499999999999996 9.9000000000000004 269.45299999999997 4475 890653 8887 125 1 971 0.74945969848583605 10 1.0093427597293876 0.78215316840729154 1423 0.74193681831901437 12 1.0574047414933461 0.83766926679294029 167 5.7985715866088867 1 15.144100189208984 9.662259578704834 0 0 0 0 0
198 9.9000000000000004 9.9500000000000011 266.13799999999998 4497 895150 8894 125 1 977 0.88086661765174668 10 0.97223736168373542 0.82228381851850929 1430 0.76439213535626849 12 0.83344706997602591 0.73452534425214377 168 6.4073967933654785 1 14.841876029968262 9.397242174148559 0 0 0 0 0
199 9.9500000000000011 10 261.46899999999999 4501 899651 8895 125 1 983 1.0079455812986473 10 1.070273424413736 0.82656844910685157 1439 0.86722073848142944 12 1.011988062614172 0.87116909018153166 169 7.1763205528259277 1 14.743267059326172 9.2387401294708251 0 0 0 0 0
200 10 10.050000000000001 279.125 4558 904209 8895 125 1 986 0.64402225099241617 10 1.1451402437366878 0.83648680237724315 1446 0.92472481889918168 12 0.92472481889918168 0.69982575019851401 170 8.1833868026733398 1 14.615839004516602 9.0029717540740961 0 0 0 0 0
201 10.050000000000001 10.1 264.74400000000003 4562 908771 8900 125 1 992 0.76743463716319116 10 1.0274621383943006 0.83019862674497802 1452 0.7517852326479989 12 0.97790724637756277 0.81986474032612233 171 9.3868875503540039 1 14.575085639953613 8.8084941196441644 0 0 0 0 0
202 10.1 10.15 268.803 4516 913287 8903 125 1 999 0.99865345604762079 10 1.0767514372922642 0.88219676220092891 1462 1.0737579180008943 12 1.1866859934584284 0.76231720007764681 172 10.360700607299805 1 14.85029411315918 9.0358912754058842 0 0 0 0 0
203 10.15 10.200000000000001 265.887 4434 917721 8903 125 1 1004 0.98367268467613722 10 0.98367268467613722 0.80848236699294351 1466 0.6757165654575118 12 1.0524960890752739 0.82650678325852178 173 12.081217765808105 1 14.463842391967773 8.2966321659088127 0 0 0 0 0
204 10.200000000000001 10.25 273.66500000000002 4523 922244 8905 125 1 1009 0.97518452737014216 10 0.99488454294080997 0.80205441754361462 1477 0.99527272483816909 12 1.0874856337663055 0.87281782311389255 174 14.345091819763184 1 14.345091819763184 7.7586863422393799 0 0 0 0 0
205 10.25 10.300000000000001 274.43400000000003 4546 926790 8909 125 1 1013 0.88781652282643109 10 0.9558745907436802 0.72141804714190316 1482 0.69915726401903744 12 1.0632816728497887 0.83370493586748395 174 5.2772660255432129 1 14.061039924621582 8.9774526691436769 0 0 0 0 0
206 10.300000000000001 10.35 258.02800000000002 4524 931314 8910 125 1 1017 0.66504517051397205 10 1.0769854408740864 0.85547193202936778 1489 0.76005687012016954 12 0.86929378979061889 0.69646415478736912 175 6.1309828758239746 1 14.488494873046875 9.154790554046631 0 0 0 0 0
207 10.35 10.4 258.18200000000002 4534 935848 8910 125 1 1023 0.80356540513918162 10 1.0411214003631524 0.81524135800470332 1495 0.68208832889795301 12 0.81643478354892218 0.7258402361792935 176 7.1719861030578613 1 14.442604064941406 8.9693708801269523 0 0 0 0 0
208 10.4 10.450000000000001 260.88499999999999 4496 940344 8912 125 1 1028 0.82957023403598773 10 0.91681688200866496 0.76790512894686302 1503 0.79102826146660621 12 0.9687385914897596 0.75701068688808248 177 8.0720243453979492 1 14.708186149597168 9.1089304637908928 0 0 0 0 0
209 10.450000000000001 10.5 259.197 4474 944818 8915 125 1 1033 0.84335140269121023 10 0.93204738779913709 0.78000697706467514 1510 0.79507643095142133 12 0.86376169271565773 0.75274892313033348 178 8.8556814193725586 1 14.895495414733887 9.2241556072235102 0 0 0 0 0
210 10.5 10.550000000000001 259.108 4463 949281 8917 125 1 1037 0.76445770259448032 10 0.82665191901947388 0.71302804275039278 1519 0.93195553912302931 12 1.0266739464692167 0.83745798352672851 179 12.038923263549805 1 13.573846817016602 6.8484854078292843 0 0 0 0 0
211 10.550000000000001 10.6 261.548 4590 953871 8920 125 1 1042 0.80587958670333681 10 0.96481295875335893 0.75264165159761187 1526 0.80360446397617857 12 0.98152462962410736 0.8838286193704884 179 4.4288740158081055 1 11.800537109375 7.5342051887512209 0 0 0 0 0
212 10.6 10.65 261.142 4512 958383 8923 125 1 1049 1.2301462319023075 10 1.2301462319023075 0.69107290619008888 1534 0.84446519581676538 12 1.0555541907386803 0.82441140375522948 180 7.6343474388122559 1 12.586908340454102 6.8264737224578855 0 0 0 0 0
213 10.65 10.700000000000001 258.94499999999999 4438 962821 8925 125 1 1052 0.76167801088466136 10 1.2057877005799422 0.9399897691276351 1539 0.66206165103657122 12 0.85600761239844803 0.72112618174018772 181 10.442440032958984 1 13.543113708496094 7.2198927164077755 0 0 0 0 0
214 10.700000000000001 10.75 258.28399999999999 4547 967368 8926 125 1 1057 0.74890095002352708 10 1.0109103862234434 0.80630053965178727 1548 0.85513083092393227 12 0.91342826659312926 0.7818279910095578 182 13.546173095703125 1 13.81982421875 6.9271985101699833 0 0 0 0 0
215 10.75 10.800000000000001 258.577 4465 971833 8927 125 1 1063 0.91183946012187678 10 0.93025982240569927 0.79106631238814162 1555 0.79727130006861913 12 1.0340050130014347 0.81403963052726969 182 4.9833626747131348 1 13.27794075012207 8.4774742984771727 0 0 0 0 0
216 10.800000000000001 10.85 258.66699999999997 4539 976372 8933 125 1 1069 1.092796074147077 10 1.1603707956278237 0.77322782066528628 1562 0.80516015649320893 12 0.82843509844875562 0.74894650823271791 183 6.0228638648986816 1 14.232986450195312 8.9708605480194095 0 0 0 0 0
217 10.85 10.9 259.16399999999999 4505 980877 8934 125 1 1075 1.126527924330156 10 1.1961885166223782 0.91898523982614988 1570 0.94793517934300031 12 0.94793517934300031 0.72351287331078495 184 8.2207431793212891 1 13.553711891174316 7.8240249204635619 0 0 0 0 0
218 10.9 10.950000000000001 257.73399999999998 4553 985430 8938 125 1 1078 0.80366415518727452 10 1.104221174525944 0.79583654299921291 1577 0.91062864940289534 12 0.94779210867314712 0.79369157992455275 185 10.507001876831055 1 13.902126312255859 7.7365267848968502 0 0 0 0 0
219 10.950000000000001 11 259.66399999999999 4486 989916 8942 125 1 1083 0.75951391425290504 10 1.0530703704636994 0.83736099066976766 1583 0.76051437313847825 12 0.8986967131519098 0.79726683462171488 186 11.81077766418457 1 14.717133522033691 8.7092176055908208 0 0 0 0 0
220 11 11.050000000000001 258.80500000000001 4593 994509 8945 125 1 1088 0.74319087797864747 10 0.98499788182063808 0.80981111902103808 1590 0.75051520322648613 12 0.86286320158741348 0.76665629517153955 187 12.952164649963379 1 14.898534774780273 8.8699890804290771 0 0 0 0 0
221 11.050000000000001 11.1 265.47000000000003 4407 998916 8945 125 1 1094 0.82542215861636914 10 1.0283566151399659 0.87096917765144921 1598 0.80267910166031253 12 1.020405017906898 0.81322090320582996 187 4.764836311340332 1 12.695694923400879 8.1057302856445315 0 0 0 0 0
222 11.1 11.15 260.92099999999999 4552 1003468 8946 125 1 1099 0.76471402271955813 10 1.0217741393070647 0.85375387644707279 1604 0.64297370074843085 12 0.91846413269795757 0.8067624006443751 188 6.2914085388183594 1 13.724530220031738 8.4886410999298096 0 0 0 0 0
223 11.15 11.200000000000001 262.13600000000002 4562 1008030 8950 125 1 1103 0.69941746970313234 10 0.8300410921085879 0.69956648613989514 1610 0.65928028725761578 12 0.78188474823463372 0.63250455791840932 189 7.6404867172241211 1 14.20311164855957 8.6643670368194581 0 0 0 0 0
224 11.200000000000001 11.25 259.35399999999998 4486 1012516 8951 125 1 1108 0.69966271338807473 10 1.0648595299290571 0.79340813292741341 1618 0.69818290687233053 12 1.0000226558206804 0.8263499900847493 190 9.5814590454101562 1 14.01081657409668 8.0783714103698738 0 0 0 0 0
225 11.25 11.300000000000001 257.10599999999999 4445 1016961 8952 125 1 1113 0.80081973845609988 10 0.95875521880589198 0.69350200334032508 1624 0.70198024193807085 12 0.77694080657649478 0.6448892541465614 191 10.295502662658691 1 15.054952621459961 9.293071985244751 0 0 0 0 0
226 11.300000000000001 11.35 258.73700000000002 4581 1021542 8953 125 1 1117 0.67181661500049727 10 0.91569058962993521 0.76263814715271561 1633 0.83403478994112479 12 1.0353237474910404 0.84223452078092464 191 3.7875044345855713 1 10.091638565063477 6.4431361913681027 0 0 0 0 0
227 11.35 11.4 272.15300000000002 4408 1025950 8954 125 1 1123 0.87688452373431081 10 0.95603307704005436 0.74935686567896242 1638 0.66497147701850023 12 0.92455395668769291 0.70791899839714245 192 5.1842389106750488 1 13.539653778076172 8.6171852779388427 0 0 0 0 0
228 11.4 11.450000000000001 272.22800000000001 4525 1030475 8955 125 1 1127 0.69325854919006202 10 1.0551126793064445 0.81671668142137233 1646 0.78752336348751284 12 0.93712047296688705 0.74353435079023267 193 5.6980690956115723 1 14.881621360778809 9.4912905120849604 0 0 0 0 0
229 11.450000000000001 11.5 355.47399999999999 4558 1035033 8956 127 1 1131 0.61231944667067573 10 0.85117837567108312 0.71505306209652086 1654 0.85200049671338485 12 0.98003378445117084 0.80103023286718511 194 7.0127272605895996 1 14.121893882751465 8.6984453582763663 0 0 0 0 0
230 11.5 11.550000000000001 280.86599999999999 4537 1039570 8960 127 1 1137 0.85499786180092052 10 0.94491872476356209 0.71212119478430369 1660 0.73055794715271483 12 0.89996425583093975 0.76888084649761157 195 10.062597274780273 1 13.314121246337891 6.9805251932144161 0 0 0 0 0
231 11.550000000000001 11.6 258.46199999999999 4456 1044026 8961 127 1 1142 0.87838182645520646 10 0.91463183940828063 0.77049994502798436 1668 0.83080513683922075 12 0.99649763007474346 0.76561670428626105 196 11.64729118347168 1 14.51341724395752 8.4311014938354489 0 0 0 0 0
232 11.6 11.65 261.58199999999999 4605 1048631 8962 127 1 1146 0.70940694846815011 10 1.0130564370093482 0.8022114452135467 1675 0.7636358949598564 12 0.94974965625746399 0.823256598632921 197 13.797249794006348 1 14.360325813293457 7.87146824836731 0 0 0 0 0
233 11.65 11.700000000000001 262.84399999999999 4403 1053034 8963 127 1 1151 0.68723593388477777 10 1.0049343186387336 0.81560091850030192 1681 0.63720442105265085 12 0.89632322880373316 0.77382004451505426 197 5.0757269859313965 1 13.524045944213867 8.6346027660369877 0 0 0 0 0
234 11.700000000000001 11.75 262.31200000000001 4484 1057518 8966 127 1 1155 0.57185042763868088 10 0.93303162569071552 0.74915617910101318 1691 0.89779335679235206 12 0.99314042555320159 0.823089219678244 198 5.9738826751708984 1 14.402425765991211 9.1107965469360348 0 0 0 0 0
235 11.75 11.800000000000001 259.51100000000002 4596 1062114 8971 127 1 1160 0.6688317321584375 10 0.89478265882946328 0.69763602784569212 1698 0.84760992059836704 12 0.96069269889110132 0.80643998579721499 199 6.3872547149658203 1 15.094103813171387 9.5907477760314936 0 0 0 0 0
236 11.800000000000001 11.85 258.68700000000001 4479 1066593 8974 127 1 1164 0.6407223246655821 10 0.89038302254561996 0.66274988072910912 1703 0.5913506704407776 12 1.0147615616386014 0.79424590188264987 200 7.2662639617919922 1 14.632454872131348 9.129751567840577 0 0 0 0 0
237 11.85 11.9 280.279 4528 1071121 8975 127 1 1169 0.78108033941741317 10 0.86185719918806514 0.6546916028576456 1710 0.72637461725924501 12 0.76966130201881056 0.62307858346442968 201 9.0494976043701172 1 14.051216125488281 8.2345398044586187 0 0 0 0 0
238 11.9 11.950000000000001 266.93299999999999 4507 1075628 8975 127 1 1171 0.47279946699212072 10 0.76561392593487831 0.62266879092055794 1718 0.83723240789730802 12 0.96114215148059123 0.75511190663821792 202 10.963045120239258 1 14.218301773071289 8.1055227851867677 0 0 0 0 0
239 11.950000000000001 12 295.44299999999998 4484 1080112 8981 127 1 1177 0.76104500532790176 10 0.85807580265075367 0.6670081576150827 1723 0.6790974214119283 12 0.86589744199772134 0.69709963216149351 203 12.469865798950195 1 14.633522987365723 8.5081958770751953 0 0 0 0 0
240 12 12.050000000000001 264.63 4482 1084594 8986 127 1 1181 0.67938918801445469 10 0.93560563235568084 0.71576261298173716 1729 0.66146739117448794 12 0.82205886526939431 0.66610300505196518 203 4.5874114036560059 1 12.222946166992188 7.8039002513885496 0 0 0 0 0
241 12.050000000000001 12.1 285.98000000000002 4550 1089144 8990 127 1 1187 0.86160287143672531 10 0.97109457422402423 0.77198330082484135 1737 0.7764745556793452 12 0.89257108137653385 0.75100394219406763 204 5.7942419052124023 1 13.969328880310059 8.8051991844177238 0 0 0 0 0
242 12.1 12.15 260.71199999999999 4510 1093654 8993 127 1 1191 0.72841581901663843 10 0.91667325548332013 0.76678027900139756 1743 0.69705699855442838 12 0.86308845111728971 0.72727467068028639 205 7.0481076240539551 1 14.193140029907227 8.758631963729858 0 0 0 0 0
243 12.15 12.200000000000001 260.52699999999999 4493 1098147 8997 127 1 1195 0.62298499489303227 10 0.99020107704356808 0.73930078380372644 1753 0.88530514982994646 12 1.0353822375534454 0.89470905034606862 206 8.5979089736938477 1 14.175554275512695 8.4656434726715091 0 0 0 0 0
244 12.200000000000001 12.25 260.834 4517 1102664 9001 127 1 1201 0.73351148867743943 10 1.0598929930915613 0.8429559325925885 1758 0.63451600485871473 12 0.92845743087692989 0.78883023426866106 207 9.9336757659912109 1 14.525857925415039 8.6775466346740728 0 0 0 0 0
245 12.25 12.300000000000001 261.67000000000002 4520 1107184 9003 127 1 1206 0.78313773299383471 10 1.0361839443750285 0.74451926717615535 1770 1.1101867598456305 12 1.1788368250872638 0.82636726459242882 208 11.599863052368164 1 14.454319000244141 8.3504196739196779 0 0 0 0 0
246 12.300000000000001 12.35 257.464 4553 1111737 9004 127 1 1209 0.50424934876501659 10 1.078224099077373 0.75229937713209349 1775 0.74529399098576721 12 1.0882036028681574 0.90179666328430197 208 4.2673525810241699 1 11.370170593261719 7.2594328498840328 0 0 0 0 0
247 12.35 12.4 261.96199999999999 4510 1116247 9005 127 1 1214 0.58722164691834411 10 0.96816457321701177 0.71150549785952866 1782 0.73671706496058287 12 0.90167598724365239 0.76524828216191887 209 5.285700798034668 1 14.083513259887695 8.9918012142181389 0 0 0 0 0
248 12.4 12.450000000000001 259.27600000000001 4451 1120698 9006 127 1 1222 1.0441664528350421 10 1.0441664528350421 0.81745051179027572 1790 0.77265268789755337 12 1.0731971592516512 0.82928737367166061 210 6.5747098922729492 1 14.058540344238281 8.7238392543792731 0 0 0 0 0
249 12.450000000000001 12.5 260.49700000000001 4544 1125242 9008 127 1 1225 0.76643714592346179 10 1.0234905966873005 0.75115179568057511 1796 0.67472090946661456 12 0.89274328431567629 0.74560443508625018 211 9.1893835067749023 1 13.43748950958252 7.4113875484466556 0 0 0 0 0
250 12.5 12.550000000000001 261.55799999999999 4505 1129747 9012 127 1 1230 0.76271762950714328 10 1.0238098361797523 0.79733332140946089 1803 0.68778148100182812 12 0.87542887056196061 0.7438263515306488 212 11.817371368408203 1 13.867813110351562 7.3982014560699465 0 0 0 0 0
251 12.550000000000001 12.6 259.46199999999999 4474 1134221 9015 127 1 1235 0.7985999588676419 10 0.90863114125445388 0.75812608280375582 1811 0.78145539430347644 12 0.98671014186095551 0.77212451240218993 213 14.248029708862305 1 14.248029708862305 7.5935676574707029 0 0 0 0 0
252 12.6 12.65 258.524 4530 1138751 9017 127 1 1242 0.95675748886961498 10 1.1560472309065748 0.95452987767991015 1819 0.85910106031475841 12 0.93193495624975575 0.78799304679670457 213 5.2415571212768555 1 13.965899467468262 8.9167073440551761 0 0 0 0 0
253 12.65 12.700000000000001 259.25900000000001 4502 1143253 9017 127 1 1247 0.91157710747497556 10 1.1134027224478691 0.83838087137632722 1825 0.70621992765950992 12 0.91169737961545994 0.80000609783777943 214 6.747431755065918 1 13.862143516540527 8.509133930206298 0 0 0 0 0
254 12.700000000000001 12.75 258.56299999999999 4544 1147797 9019 127 1 1251 0.85916260218200891 10 0.89352667148415332 0.68681278461510331 1833 0.77759856239175174 12 0.89874411083606853 0.79419757191562457 215 7.8082485198974609 1 14.514968872070312 8.9497559356689447 0 0 0 0 0
255 12.75 12.800000000000001 260.26999999999998 4520 1152317 9020 127 1 1256 0.94746624525451451 10 0.96529033497268169 0.70622716896093907 1841 0.82986121531324208 12 0.94218621530532332 0.81312295243672639 216 9.2488822937011719 1 14.360803604125977 8.5737248992919923 0 0 0 0 0
256 12.800000000000001 12.85 258.892 4560 1156877 9022 127 1 1259 0.68044393444883389 10 0.92870517099518446 0.7405515603334899 1848 0.85477757149523859 12 0.8720452109911806 0.73208871690058641 217 10.885231971740723 1 14.40257453918457 8.3799570083618171 0 0 0 0 0
257 12.85 12.9 260.37099999999998 4506 1161383 9024 127 1 1264 0.70292062826920432 10 1.0278698388089411 0.77139812663741159 1857 1.0127245163774303 12 1.0753478783736952 0.81660021978507913 218 12.110429763793945 1 14.791711807250977 8.7870133686065675 0 0 0 0 0
258 12.9 12.950000000000001 258.07600000000002 4542 1165925 9025 127 1 1269 0.74277165644502985 10 0.90722324929826526 0.75419693165365587 1864 0.93270149233761224 12 0.99267121934622204 0.83598222477991158 219 13.413665771484375 1 14.824394226074219 8.7097499084472663 0 0 0 0 0
259 12.950000000000001 13 259.97800000000001 4468 1170393 9027 127 1 1272 0.51785157816795246 10 0.88863657702466325 0.69886907663924047 1869 0.67889087647667656 12 0.91423278206904701 0.79182169353180865 219 4.9346141815185547 1 13.14805793762207 8.3945476818084721 0 0 0 0 0
260 13 13.050000000000001 259.17899999999997 4517 1174910 9029 127 1 1278 0.77122766723204017 10 0.87139940860740739 0.70153016622124809 1880 1.0570984635000182 12 1.0784532733972785 0.81475094334750564 220 5.6828188896179199 1 14.547904014587402 9.2592525291442875 0 0 0 0 0
261 13.050000000000001 13.1 259.40899999999999 4518 1179428 9032 127 1 1283 0.84910342417195594 10 0.88816566335960812 0.71655115241316725 1885 0.75850316486344005 12 1.0361665256935166 0.83616007071055254 221 8.3407192230224609 1 13.212312698364258 7.3685894250869755 0 0 0 0 0
262 13.1 13.15 258.71300000000002 4500 1183928 9037 127 1 1287 0.7810038772443133 10 0.84907773934585051 0.70234146146814114 1893 0.87920739068966036 12 0.87920739068966036 0.74536365151489303 222 12.207841873168945 1 13.224596977233887 6.1714193677902225 0 0 0 0 0
263 13.15 13.200000000000001 261.94799999999998 4499 1188427 9037 127 1 1289 0.47432672910728407 10 0.76654711384305885 0.62108109751586327 1899 0.78670828164831619 12 0.96883209394664915 0.7402259202555409 222 4.4910149574279785 1 11.966110229492188 7.6399175548553471 0 0 0 0 0
264 13.200000000000001 13.25 259.16199999999998 4532 1192959 9039 127 1 1295 0.67799225357986159 10 0.91400310556289666 0.75074532424124418 1906 0.7724575807891555 12 0.91317255159065247 0.77086544863547557 223 5.5196280479431152 1 14.130138397216797 8.9816395282745365 0 0 0 0 0
265 13.25 13.300000000000001 260.97300000000001 4543 1197502 9041 127 1 1300 0.75764908873642323 10 0.97259017896934918 0.71478788864719744 1913 0.69714972780564344 12 0.98229630679059698 0.83131408224115189 224 6.3911256790161133 1 14.511040687561035 9.1371916961669921 0 0 0 0 0
266 13.300000000000001 13.35 262.553 4471 1201973 9044 127 1 1306 0.85874335744476116 10 1.0700601008623722 0.85229421239730796 1921 0.78842880675015414 12 0.94351588670869135 0.77449542213815292 225 8.0065145492553711 1 14.016778945922852 8.4007137012481685 0 0 0 0 0
267 13.35 13.4 259.57400000000001 4523 1206496 9046 127 1 1310 0.78649365736453636 10 0.84173910513709427 0.70645030820665655 1927 0.70367229828560673 12 0.9289975419992933 0.73256048619158154 226 9.8528900146484375 1 14.122434616088867 8.1720257377624517 0 0 0 0 0
268 13.4 13.450000000000001 262.08699999999999 4514 1211010 9048 127 1 1315 0.80724077184837573 10 0.92854784488367881 0.77311045202005491 1933 0.67851170043561704 12 0.79557974305431789 0.6735585248503404 227 11.10743522644043 1 14.696578025817871 8.7579581165313716 0 0 0 0 0
269 13.450000000000001 13.5 260.75900000000001 4585 1215595 9050 127 1 1320 0.88961868077924089 10 0.98318066122097691 0.71209400815279233 1942 0.87933256632642121 12 1.0114731606970717 0.77415363090437528 228 13.41028881072998 1 14.239534378051758 7.7200973606109615 0 0 0 0 0
270 13.5 13.550000000000001 256.822 4510 1220105 9054 127 1 1325 0.82929197645289576 10 1.1459559202868121 0.85337628973038593 1951 0.93562838580157304 12 1.2629660554834314 0.91723828131874796 228 4.9333705902099609 1 13.144747734069824 8.3924340152740484 0 0 0 0 0
271 13.550000000000001 13.6 258.18700000000001 4484 1224589 9059 127 1 1328 0.56978332835307588 10 0.97003748366039799 0.73311283008100414 1957 0.75359404344816461 12 0.94133260572278821 0.82886873207865508 229 6.0044713020324707 1 14.189525604248047 8.9395741271972664 0 0 0 0 0
272 13.6 13.65 259.29500000000002 4419 1229008 9060 127 1 1336 0.92918881169339707 10 1.2375511898087452 0.91401772077714782 1965 0.83199083096272242 12 0.93425693254213071 0.78724937527888528 230 6.9326653480529785 1 14.530416488647461 9.0810554218292232 0 0 0 0 0
273 13.65 13.700000000000001 262.56999999999999 4559 1233567 9061 127 1 1341 0.91249709473742546 10 0.97857849187561985 0.81017614268927862 1972 0.74486854793252166 12 0.98555775236439058 0.84301067845724686 231 8.4365329742431641 1 14.190479278564453 8.511120948791504 0 0 0 0 0
274 13.700000000000001 13.75 259.012 4535 1238102 9063 127 1 1345 0.78860145903278811 10 0.8944284462167007 0.75758164003274686 1978 0.70278768917998757 12 0.82044717943346179 0.6903101679553858 232 10.586386680603027 1 14.007162094116211 7.8715726470947267 0 0 0 0 0
275 13.75 13.800000000000001 259.41899999999998 4523 1242625 9065 127 1 1351 0.98736886420462955 10 1.0073150207178572 0.75559452977376695 1986 0.87763286071854674 12 0.87763286071854674 0.69176227106899024 233 11.377274513244629 1 15.053609848022461 9.2169956302642824 0 0 0 0 0
276 13.800000000000001 13.85 260.21800000000002 4507 1247132 9066 127 1 1353 0.58466960489939657 10 0.96781764570242235 0.71614604360850265 1992 0.69843469762520205 12 0.99534945663165397 0.82606089330615617 234 13.890080451965332 1 14.17067813873291 7.5122371768951419 0 0 0 0 0
277 13.85 13.9 258.77999999999997 4505 1251637 9068 127 1 1360 0.92028298453748958 10 1.0376161090919251 0.77884250595220061 1999 0.74341117560964176 12 0.93812031399559326 0.71222851463208425 234 5.1098771095275879 1 13.615038871765137 8.6926975250244141 0 0 0 0 0
278 13.9 13.950000000000001 259.36099999999999 4517 1256154 9071 127 1 1365 0.93056571672858834 10 1.0080698066290352 0.78347055064351023 2007 0.73826402953221792 12 1.0614862590084306 0.86996073202547219 235 5.8254222869873047 1 14.617671012878418 9.2915860843658447 0 0 0 0 0
279 13.950000000000001 14 258.38299999999998 4513 1260667 9077 127 1 1369 0.77768323535020378 10 1.0036868102968695 0.78627955607021593 2014 0.75396976524687098 12 0.85129905494678815 0.7412075515576152 236 7.1588993072509766 1 14.13078498840332 8.6798151206970218 0 0 0 0 0
280 14 14.050000000000001 259.93799999999999 4560 1265227 9078 127 1 1376 1.1075598852975375 10 1.1075598852975375 0.78452218140880536 2022 0.83009207410158947 12 0.93592617519953403 0.78950126355043859 237 9.1388111114501953 1 13.908916473388672 8.039820919036865 0 0 0 0 0
281 14.050000000000001 14.1 258.53100000000001 4506 1269733 9080 127 1 1379 0.71865296363831854 10 1.0856287517245193 0.86122151707848194 2028 0.73378229737002565 12 0.9143490133740203 0.74399855202119614 238 10.551337242126465 1 14.530536651611328 8.601550559997559 0 0 0 0 0
282 14.1 14.15 258.17500000000001 4521 1274254 9081 127 1 1385 0.89726527342721107 10 1.0529505222562814 0.77554874212023595 2034 0.65578557902893386 12 0.91780135972791888 0.72586806707450569 239 11.98759651184082 1 14.641683578491211 8.578055667877198 0 0 0 0 0
283 14.15 14.200000000000001 258.11700000000002 4463 1278717 9081 127 1 1389 0.73013639828515597 10 1.0283945855640269 0.80038384299429954 2042 0.78952910247102215 12 0.87256455363528673 0.7324541893067672 240 14.310651779174805 1 14.310651779174805 7.7000979042053226 0 0 0 0 0
284 14.200000000000001 14.25 261.226 4488 1283205 9081 127 1 1395 0.73408672733912395 10 1.2214855920700813 0.94847006127947908 2049 0.80387742550197872 12 0.91608753944137544 0.74255144327590128 240 5.2645964622497559 1 14.027281761169434 8.9558991813659663 0 0 0 0 0
285 14.25 14.300000000000001 259.209 4520 1287725 9081 127 1 1400 0.73946363301504225 10 0.91932337435465006 0.788327549582436 2056 0.78820882180429108 12 0.92051014649754315 0.77226923235699285 241 6.6604833602905273 1 13.959936141967773 8.6180284214019771 0 0 0 0 0
286 14.300000000000001 14.35 261.27800000000002 4516 1292241 9083 127 1 1405 0.70224744459939381 10 1.0178241313449921 0.83049618858666618 2060 0.56615327074767485 12 0.77260125476758468 0.65227485524077866 242 8.2198495864868164 1 14.105314254760742 8.4561749839782721 0 0 0 0 0
287 14.35 14.4 258.75900000000001 4583 1296824 9085 127 1 1410 0.66839296950234306 10 1.0386772316599648 0.82716794077839173 2067 0.61533505692827195 12 0.97473607972951881 0.70806510883172735 243 10.07091236114502 1 14.149101257324219 8.1673869800567633 0 0 0 0 0
288 14.4 14.450000000000001 261.42899999999997 4489 1301313 9088 127 1 1415 0.6846781313892395 10 1.1064905462756989 0.77752790833512964 2075 0.77222405361491797 12 0.83654031171232335 0.70953948446194604 244 13.217331886291504 1 13.756741523742676 6.8849377250671386 0 0 0 0 0
289 14.450000000000001 14.5 258.35399999999998 4518 1305831 9089 127 1 1421 0.87183125612754675 10 0.98870222879544134 0.7670930577128654 2081 0.67014790770610166 12 0.85099758532478298 0.74970738521503433 244 4.8623876571655273 1 12.955611228942871 8.2716782093048096 0 0 0 0 0
290 14.5 14.550000000000001 258.39100000000002 4547 1310378 9090 127 1 1426 0.84311691967267843 10 1.1380886515927693 0.82207903811737681 2087 0.7089049503566297 12 0.75936832406258825 0.61027783327251339 245 5.504601001739502 1 14.666765213012695 9.364185104370117 0 0 0 0 0
291 14.550000000000001 14.6 258.83199999999999 4521 1314899 9091 127 1 1432 0.88801285955641007 10 1.0214579067532978 0.90793241481695841 2095 0.76796776339549111 12 0.95834932984949261 0.8063907071735632 246 6.5635528564453125 1 14.318205833435059 8.9516003990173338 0 0 0 0 0
292 14.6 14.65 259.58100000000002 4486 1319385 9095 127 1 1437 0.85566992135274977 10 1.0348125488039046 0.82567143339959403 2102 0.74809611684803501 12 0.90176119166308955 0.77643043782343468 247 7.2337651252746582 1 14.861286163330078 9.3364644622802739 0 0 0 0 0
293 14.65 14.700000000000001 259.39299999999997 4518 1323903 9098 127 1 1443 1.1167682570124429 10 1.1393284627369471 0.69388478766358086 2108 0.66034058365934145 12 0.89940491756430763 0.73552953762208173 248 7.4803242683410645 1 15.36782169342041 9.7558979511260979 0 0 0 0 0
294 14.700000000000001 14.75 259.53199999999998 4565 1328468 9101 127 1 1445 0.62124828899663587 10 1.0946547758011591 0.80804190467747417 2118 0.8709791647459828 12 1.0221034488207636 0.87254179967487855 249 8.638005256652832 1 14.529360771179199 8.8538565635681152 0 0 0 0 0
295 14.75 14.800000000000001 258.786 4492 1332960 9105 127 1 1452 0.8821991439613085 10 1.183322339422173 0.85276099603327493 2124 0.74907135190332064 12 0.96914185704746236 0.76934158745568337 250 9.94842529296875 1 14.547426223754883 8.702639112472534 0 0 0 0 0
296 14.800000000000001 14.85 261.18099999999998 4475 1337435 9107 127 1 1457 0.87564951752031606 10 1.004735348657483 0.80013516227167758 2132 0.86403911629290731 12 0.87220186800695654 0.75104295840223101 251 11.293745994567871 1 14.647193908691406 8.6680909633636478 0 0 0 0 0
297 14.85 14.9 268.51299999999998 4479 1341914 9107 127 1 1462 0.93629394509341746 10 0.97450479565720471 0.73361078177992656 2139 0.81886182926815732 12 0.93322825045231883 0.80148376396572674 252 12.260713577270508 1 14.97526741027832 9.0426690292358405 0 0 0 0 0
298 14.9 14.950000000000001 268.67700000000002 4528 1346442 9109 127 1 1467 0.92748538340767106 10 0.95599538527636063 0.80237162855039856 2147 0.85595622119072912 12 0.92662636814905464 0.82814021196409593 252 4.5104660987854004 1 12.017935752868652 7.6730055713653567 0 0 0 0 0
299 14.950000000000001 15 259.62200000000001 4519 1350961 9111 127 1 1470 0.63432400394231081 10 0.97975911251047543 0.76643002510327662 2155 0.92712758167372522 12 1.0664505204639216 0.79440281214025743 253 5.3751373291015625 1 14.321812629699707 9.1439466953277595 0 0 0 0 0
300 15 15.050000000000001 262.613 4514 1355475 9112 127 1 1476 0.83174555565762731 10 0.89070965750752729 0.75692704554274859 2160 0.69420758711326114 12 0.90876923831736034 0.77113917702599155 254 7.0945744514465332 1 13.726524353027344 8.2977010154724127 0 0 0 0 0
301 15.050000000000001 15.1 257.36099999999999 4532 1360007 9113 127 1 1479 0.5866355870724268 10 0.9273671659055196 0.71885771064459147 2169 0.84033839251544373 12 1.0255408635010645 0.82829854508993395 255 7.9359574317932129 1 14.752366065979004 9.1670055866241462 0 0 0 0 0
302 15.1 15.15 259.89499999999998 4506 1364513 9115 127 1 1484 0.54907102222384152 10 1.0837027452014607 0.83084106649966127 2176 0.81222151936711628 12 0.91577714874937866 0.78459346483849413 256 9.0458393096923828 1 14.618749618530273 8.9011764240264899 0 0 0 0 0
303 15.15 15.200000000000001 259.75599999999997 4489 1369002 9115 127 1 1490 0.69880198558902995 10 1.1521294188974387 0.80414233443033334 2182 0.70721723662840397 12 0.8925326498779097 0.75260647774064937 257 10.098459243774414 1 14.766819000244141 8.9578702735900873 0 0 0 0 0
304 15.200000000000001 15.25 260.33499999999998 4526 1373528 9115 127 1 1495 0.76044594726198056 10 0.93657712338615906 0.73262122941259955 2188 0.65740118598615827 12 0.85260329931168954 0.69796816002275508 258 11.049609184265137 1 14.915409088134766 9.0583329868316653 0 0 0 0 0
305 15.25 15.300000000000001 257.69999999999999 4490 1378018 9117 127 1 1501 0.97474297216689998 10 0.97474297216689998 0.74021960611830351 2197 0.88725801357949097 12 0.94212297499179842 0.74540700307568986 259 13.577375411987305 1 14.131479263305664 7.4974277973175045 0 0 0 0 0
306 15.300000000000001 15.35 259.73399999999998 4538 1382556 9117 127 1 1505 0.86538912923945388 10 0.95544177149978415 0.74318462110504102 2203 0.74574352221915852 12 0.97672330485405146 0.78875278230243051 259 4.9948391914367676 1 13.308525085449219 8.4970005130767827 0 0 0 0 0
307 15.35 15.4 258.75599999999997 4486 1387042 9120 127 1 1508 0.63737617011421766 10 1.0054066171525182 0.70193104345071267 2210 0.77232238811919007 12 0.84974488738320164 0.73044281110207776 260 5.5533304214477539 1 14.796594619750977 9.4470790481567377 0 0 0 0 0
308 15.4 15.450000000000001 261.10500000000002 4519 1391561 9121 127 1 1513 0.70584993556988584 10 0.87045671911793276 0.72585933684949 2219 0.97347364541696935 12 0.97347364541696935 0.7738265244705298 261 7.0588011741638184 1 13.933206558227539 8.5095347309112555 0 0 0 0 0
309 15.450000000000001 15.5 258.226 4556 1396117 9124 127 1 1519 0.9010556640047851 10 1.015937408548591 0.759120599381088 2225 0.79356485168273383 12 0.95419758116083875 0.82676442179590992 262 8.6018438339233398 1 14.182039260864258 8.4723362636566169 0 0 0 0 0
310 15.5 15.550000000000001 258.51499999999999 4457 1400574 9125 127 1 1523 0.74243687472097819 10 1.0228780949531122 0.79195867314456037 2232 0.82493920882005944 12 0.84941991632049152 0.72569513038008426 263 9.6696414947509766 1 14.716817855834961 8.9428449058532706 0 0 0 0 0
311 15.550000000000001 15.6 268.18000000000001 4525 1405099 9125 127 1 1528 0.78133323560964152 10 0.91690294998954436 0.75514224881131109 2240 0.84805984621917885 12 1.1227508730179554 0.84197452473318246 264 12.338361740112305 1 13.911462783813477 7.3578775310516358 0 0 0 0 0
312 15.6 15.65 259.69499999999999 4546 1409645 9126 127 1 1532 0.68401080183983121 10 0.88711409535163732 0.73127316730223424 2246 0.73114151229729518 12 0.90570685347995239 0.7644017117611458 265 14.243644714355469 1 14.53138542175293 8.113705110549926 0 0 0 0 0
313 15.65 15.700000000000001 257.84300000000002 4508 1414153 9126 127 1 1536 0.58035097047701345 10 0.9060147206277247 0.73754741170011828 2255 0.89256741849051136 12 1.0722691189900444 0.81315594091095234 265 5.2399454116821289 1 13.961602210998535 8.9139653205871578 0 0 0 0 0
314 15.700000000000001 15.75 258.53399999999999 4434 1418587 9130 127 1 1542 0.77775568261236983 10 1.0086946460874671 0.75694353863636687 2262 0.86042781021899062 12 0.99523383299190848 0.78857613729131804 266 6.943511962890625 1 13.705641746520996 8.3134107255935668 0 0 0 0 0
315 15.75 15.800000000000001 259.226 4501 1423088 9131 127 1 1546 0.66190068533303514 10 0.93093751146502046 0.74962100727227121 2266 0.57961596077610111 12 0.84932413709828181 0.71044563384722859 267 8.9307641983032227 1 13.86685848236084 8.0325556468963626 0 0 0 0 0
316 15.800000000000001 15.85 259.96199999999999 4559 1427647 9133 127 1 1552 0.81342665354470423 10 1.0789828419194514 0.80236509254983657 2275 0.81816790484873625 12 0.95217093580584922 0.73679860195908931 268 10.474802017211914 1 14.425138473510742 8.471352291107177 0 0 0 0 0
317 15.85 15.9 259.423 4446 1432093 9133 127 1 1558 0.86552831104845451 10 1.0960698619725344 0.90079866572069223 2281 0.73537752736419615 12 0.89819207563838999 0.7306139060335165 269 12.992927551269531 1 14.075069427490234 7.506971940994263 0 0 0 0 0
318 15.9 15.950000000000001 266.36099999999999 4504 1436597 9134 127 1 1562 0.69360743060952645 10 1.0290608292535768 0.80512822177688748 2286 0.59172355439675173 12 0.85922810788308834 0.68276279219332925 269 4.7798318862915039 1 12.735650062561035 8.1312399387359626 0 0 0 0 0
319 15.950000000000001 16 270.291 4523 1441120 9135 127 1 1569 0.93270435125111717 10 1.0680326545049683 0.87439717027881192 2294 0.7708243728668045 12 0.85189261101550073 0.68754896642059238 270 5.9479880332946777 1 14.056045532226562 8.8434867954254148 0 0 0 0 0
320 16 16.050000000000001 259.23599999999999 4480 1445600 9137 127 1 1574 0.93335865319722378 10 0.96603810030318238 0.79300307203854803 2299 0.61548454509532813 12 0.8045048757148785 0.69433215545123061 271 7.1046676635742188 1 14.307039260864258 8.854850101470948 0 0 0 0 0
321 16.050000000000001 16.100000000000001 258.37099999999998 4438 1450038 9139 127 1 1579 0.90979256540064235 10 0.98798978163136897 0.81698191265738873 2306 0.65209280406594627 12 0.89801503657563442 0.72051337496601908 272 7.834205150604248 1 14.857418060302734 9.2777319335937491 0 0 0 0 0
322 16.100000000000001 16.149999999999999 258.84399999999999 4542 1454580 9139 127 1 1584 1.0189632911175976 10 1.0395477159865334 0.68556818961979193 2313 0.68761738460645849 12 0.88902687922401202 0.72158629800991148 273 9.1321697235107422 1 14.466030120849609 8.7149713611602788 0 0 0 0 0
323 16.149999999999999 16.199999999999999 261.02699999999999 4483 1459063 9139 127 1 1588 0.87813123055393794 10 0.99878646090390333 0.77434914371383168 2321 0.79383127675564569 12 0.8574451274373992 0.75970946596836508 274 12.683629989624023 1 13.467941284179688 6.4839356899261471 0 0 0 0 0
324 16.199999999999999 16.25 260.55099999999999 4536 1463599 9139 127 1 1593 0.96326116119910588 10 1.0025725742609848 0.70936942629102262 2327 0.70128709600898731 12 0.98599870834974934 0.74027046475973124 274 4.666048526763916 1 12.432476997375488 7.9376756858825681 0 0 0 0 0
325 16.25 16.300000000000001 260.10300000000001 4515 1468114 9142 127 1 1598 0.94182747320294202 10 0.98026418205838473 0.81487076800172464 2334 0.76935554308934051 12 0.81692981117347441 0.68936667229412152 275 5.741854190826416 1 14.122674942016602 8.9349178695678706 0 0 0 0 0
326 16.300000000000001 16.350000000000001 261.041 4473 1472587 9144 127 1 1602 0.81743576738055768 10 1.0185876136381431 0.75807261369571777 2340 0.7106796697800225 12 0.80694858208975306 0.70673973573807913 276 8.4886989593505859 1 13.180459976196289 7.2805332803726195 0 0 0 0 0
327 16.350000000000001 16.399999999999999 268.42099999999999 4508 1477095 9146 127 1 1607 0.79750674709008773 10 1.0249512044228761 0.81338125962632846 2351 1.0550847247362896 12 1.0713710296327719 0.84821669908664921 277 10.60557746887207 1 14.032554626464844 7.9042192077636715 0 0 0 0 0
328 16.399999999999999 16.449999999999999 259.34699999999998 4552 1481647 9146 127 1 1611 0.60600280979662557 10 1.0082046947486343 0.82451602202726537 2356 0.7700607686621701 12 1.0341926626769347 0.82272387732091157 278 12.338361740112305 1 14.47920036315918 8.2844854068756106 0 0 0 0 0
329 16.449999999999999 16.5 259.774 4497 1486144 9149 127 1 1616 0.64520589361933478 10 0.98197839344530147 0.75483844321804805 2363 0.74602332728036547 12 0.94174021258126439 0.78055470822867534 278 4.5390315055847168 1 12.094045639038086 7.7215996551513673 0 0 0 0 0
330 16.5 16.550000000000001 259.34899999999999 4521 1490665 9150 127 1 1622 0.92575405109206288 10 0.92575405109206288 0.67462887216820899 2369 0.70418053237427802 12 0.76958310604426283 0.69007434049288685 279 6.3000249862670898 1 13.471188545227051 8.2565583610534663 0 0 0 0 0
331 16.550000000000001 16.600000000000001 260.44400000000002 4527 1495192 9152 127 1 1626 0.79549682834273872 10 0.90742292402222713 0.76387962184664249 2377 0.75868475606312624 12 0.96447725996777822 0.81090386673540082 280 7.6436576843261719 1 14.209005355834961 8.6697604179382317 0 0 0 0 0
332 16.600000000000001 16.649999999999999 260.03899999999999 4513 1499705 9153 127 1 1630 0.68625903361354967 10 1.023777912951757 0.74306985429654904 2385 0.78996382025448053 12 0.96486389326888167 0.83389760450897998 281 8.8170013427734375 1 14.536773681640625 8.8383515644073487 0 0 0 0 0
333 16.649999999999999 16.699999999999999 257.47500000000002 4519 1504224 9154 127 1 1635 0.71096062893536782 10 0.92909745540169564 0.76919539304429974 2391 0.6788263739363567 12 0.90661863142976895 0.7586786025875325 282 10.877516746520996 1 14.107376098632812 7.9600230693817142 0 0 0 0 0
334 16.699999999999999 16.75 262.24599999999998 4509 1508733 9154 127 1 1640 0.66816955128384625 10 1.0584298429972656 0.83601541792580358 2399 0.75657153795095711 12 0.94560028890500203 0.78789449090168306 283 13.514066696166992 1 14.065586090087891 7.3897287654876713 0 0 0 0 0
335 16.75 16.800000000000001 259.61700000000002 4509 1513242 9155 127 1 1646 0.87274328197414386 10 1.0659710218320164 0.7498459757884115 2404 0.57812041078215914 12 0.91733671168519837 0.71721323611874244 283 4.9715476036071777 1 13.24647045135498 8.457379131317138 0 0 0 0 0
336 16.800000000000001 16.850000000000001 260.17200000000003 4465 1517707 9158 127 1 1650 0.80343507161318062 10 0.88793303599989548 0.70353812168887087 2411 0.66294791881951531 12 0.79761324654887056 0.67277471842279479 284 5.9355573654174805 1 14.310027122497559 9.0455991458892822 0 0 0 0 0
337 16.850000000000001 16.899999999999999 260.85500000000002 4549 1522256 9158 127 1 1654 0.75040150540612405 10 0.78752602590526788 0.68742564713065679 2418 0.73699321111450222 12 0.76707044862009388 0.68344951112565244 285 7.509577751159668 1 13.959758758544922 8.4416684722900399 0 0 0 0 0
338 16.899999999999999 16.949999999999999 259.30000000000001 4522 1526778 9158 127 1 1657 0.47202840152526682 10 1.0505182220651477 0.7517892371856888 2425 0.69448574679302733 12 0.93745756578140871 0.79884053915276221 286 9.2678155899047852 1 14.105260848999023 8.2592820358276366 0 0 0 0 0
339 16.949999999999999 17 258.20400000000001 4503 1531281 9158 127 1 1663 0.64558689985365658 10 1.0341780796885236 0.78055225493999147 2433 0.84418342060415774 12 0.87863520452213106 0.71665907668026729 287 13.114053726196289 1 13.378974914550781 6.1920950794219971 0 0 0 0 0
340 17 17.050000000000001 258.31599999999997 4496 1535777 9159 127 1 1669 0.81791095507480216 10 1.0056686973826552 0.78177441044627927 2440 0.80929594295497786 12 0.95655867468870115 0.79129651266047052 287 4.8243932723999023 1 12.854377746582031 8.2070439147949212 0 0 0 0 0
341 17.050000000000001 17.100000000000001 259.87900000000002 4514 1540291 9159 127 1 1673 0.66542823352843139 10 0.98128981817966277 0.78588369317090001 2448 0.82034538461129825 12 1.0026978647498401 0.85392568225565302 288 6.313319206237793 1 13.77232551574707 8.5259132146835324 0 0 0 0 0
342 17.100000000000001 17.150000000000002 261.60300000000001 4500 1544791 9159 127 1 1678 0.72264650416874854 10 0.91304220472299769 0.73700277041083029 2455 0.85036503143671838 12 0.94164943959797198 0.72703633968393244 289 7.8659062385559082 1 14.048807144165039 8.4628877639770508 0 0 0 0 0
343 17.150000000000002 17.199999999999999 257.19400000000002 4524 1549315 9161 127 1 1684 0.89337413273205379 10 1.0226813687225826 0.7833547589237807 2461 0.76212863676791553 12 0.93086593721808319 0.73600575244979394 290 9.5303173065185547 1 14.217561721801758 8.3521761703491215 0 0 0 0 0
344 17.199999999999999 17.25 258.99299999999999 4488 1553803 9161 127 1 1688 0.73930908006351592 10 1.032837489295068 0.78745024143731501 2468 0.78783185459066063 12 0.8706888268761418 0.73130974029272866 291 11.139928817749023 1 14.447708129882812 8.4064301395416265 0 0 0 0 0
345 17.25 17.300000000000001 259.82799999999997 4495 1558298 9163 127 1 1694 0.81012806816712668 10 1.1156497380090977 0.88226778431554576 2475 0.77522196761659679 12 0.94685810421769678 0.769241006882874 292 13.237613677978516 1 14.340134620666504 7.9232220745086668 0 0 0 0 0
346 17.300000000000001 17.350000000000001 257.84399999999999 4474 1562772 9165 127 1 1698 0.66518637869095387 10 0.91908065099568581 0.77841779852674164 2482 0.70162153026542151 12 0.93969766453311254 0.82962373552290192 292 4.869847297668457 1 12.975491523742676 8.2843693447113029 0 0 0 0 0
347 17.350000000000001 17.400000000000002 259.53500000000003 4530 1567302 9165 127 1 1704 0.83014718502287699 10 1.0344269767640233 0.78906427644549382 2491 0.8672281046976914 12 0.93295494392514233 0.80901688392057602 293 5.8168253898620605 1 14.307079315185547 9.0624577903747561 0 0 0 0 0
348 17.400000000000002 17.449999999999999 257.779 4538 1571840 9166 127 1 1709 0.91999575117278021 10 1.0582469857874406 0.70469764566611248 2495 0.57731055919131313 12 0.85005583523495776 0.71946053976424651 294 6.4141116142272949 1 14.857431411743164 9.4086664199829109 0 0 0 0 0
349 17.449999999999999 17.5 257.09699999999998 4540 1576380 9168 127 1 1714 0.98593568044995616 10 1.0058528960697246 0.72836807688077498 2505 0.86317568530102029 12 1.0444844743689976 0.79806503671649354 295 7.5801630020141602 1 14.375633239746094 8.8455670738220213 0 0 0 0 0
350 17.5 17.550000000000001 261.46899999999999 4456 1580836 9168 127 1 1718 0.7924220448448549 10 0.96679895643204039 0.82650554766730722 2511 0.72103730341469918 12 0.91829452611304618 0.7893704566911266 296 8.4439353942871094 1 14.782561302185059 9.1448365306854242 0 0 0 0 0
351 17.550000000000001 17.600000000000001 259.66899999999998 4480 1585316 9169 127 1 1721 0.59746316690293577 10 0.91850406404525564 0.66920638773176433 2518 0.75202034836181919 12 0.93049309157036442 0.72608246431399048 297 9.6115512847900391 1 14.62840747833252 8.8440241050720214 0 0 0 0 0
352 17.600000000000001 17.650000000000002 260.00599999999997 4526 1589842 9169 127 1 1727 0.73433715625414775 10 1.1295970536413646 0.81687118191567676 2523 0.58763334254255972 12 0.81751043246303856 0.70328933194032994 298 10.8704833984375 1 14.673616409301758 8.7536149024963379 0 0 0 0 0
353 17.650000000000002 17.699999999999999 260.565 4507 1594349 9171 127 1 1732 0.81001564434596474 10 0.89520567560952802 0.71872659307150633 2532 0.84315194858527565 12 0.98475263751413977 0.7200009755468173 299 13.899688720703125 1 13.899688720703125 7.0009847068786621 0 0 0 0 0
354 17.699999999999999 17.75 261.65600000000001 4538 1598887 9172 127 1 1736 0.60555637072003077 10 1.0709886172461132 0.83734225992172495 2538 0.70616994452272619 12 0.96489989906234819 0.78426543199621468 299 5.113410472869873 1 13.624456405639648 8.698709754943847 0 0 0 0 0
355 17.75 17.800000000000001 261.00400000000002 4473 1603360 9173 127 1 1743 0.81920569472842741 10 1.1045620327904111 0.8995911895661125 2545 0.68346339124679645 12 0.96023008150876044 0.77923699974217697 300 6.3297739028930664 1 14.087166786193848 8.7957598114013678 0 0 0 0 0
356 17.800000000000001 17.850000000000001 259.63600000000002 4594 1607954 9176 127 1 1749 0.87140998764643596 10 1.0861025499919104 0.90069698218315364 2552 0.67803042025031601 12 0.91023339476983844 0.76213564637109377 301 7.7621936798095703 1 14.143634796142578 8.5818570804595939 0 0 0 0 0
357 17.850000000000001 17.900000000000002 261.69799999999998 4462 1612416 9177 127 1 1754 0.91845127892872647 10 0.93700521238266476 0.74707838308243524 2562 0.90099163893106826 12 1.0158652125178156 0.86034179480882556 302 8.8606081008911133 1 14.608669281005859 8.9125341320037847 0 0 0 0 0
358 17.900000000000002 17.949999999999999 258.00999999999999 4474 1616890 9178 127 1 1757 0.56237010492218864 10 1.1391937221799577 0.82872285681584534 2569 0.83684260490778328 12 0.99018497338166112 0.82026656351218352 303 10.167094230651855 1 14.572792053222656 8.7065351581573491 0 0 0 0 0
359 17.949999999999999 18 259.44 4512 1621402 9180 127 1 1765 0.95115190839010577 10 1.103750356133022 0.88493417689724585 2576 0.84115441683176406 12 0.92730618360880257 0.75248792885445237 304 10.647721290588379 1 15.261692047119141 9.524160747528077 0 0 0 0 0
360 18 18.050000000000001 257.63799999999998 4571 1625973 9185 127 1 1770 0.84948661024608307 10 1.1025835937923856 0.89430285540838095 2583 0.81619890203347079 12 0.92066724235947073 0.78146358088705981 305 11.251668930053711 1 15.188163757324219 9.4020715808868403 0 0 0 0 0
361 18.050000000000001 18.100000000000001 262.54700000000003 4558 1630531 9187 127 1 1775 0.86570387700247386 10 0.97294324352627704 0.77759513043221984 2589 0.78877023619574471 12 0.80470445917264832 0.67580393313395004 306 14.039918899536133 1 14.039918899536133 7.2395385646820065 0 0 0 0 0
362 18.100000000000001 18.150000000000002 257.62 4507 1635038 9188 127 1 1779 0.68765795372781302 10 1.0465888527650682 0.81119208894078709 2596 0.74711003281377453 12 0.97291564415838272 0.79800173576296984 306 5.1649994850158691 1 13.761910438537598 8.7864698219299324 0 0 0 0 0
363 18.150000000000002 18.199999999999999 258.86799999999999 4470 1639508 9189 127 1 1786 1.0038899047270653 10 1.0803690537337274 0.79803074266938967 2604 0.85723086680612859 12 1.0470241103270972 0.75584151170231639 307 6.2606649398803711 1 14.21483039855957 8.9152576541900643 0 0 0 0 0
364 18.199999999999999 18.25 261.06700000000001 4542 1644050 9189 127 1 1789 0.66641280279746129 10 0.98401157013953677 0.81030414529736094 2612 0.87706025260676801 12 1.0280457731789432 0.84523303191175048 308 7.8465337753295898 1 14.014209747314453 8.4299340820312505 0 0 0 0 0
365 18.25 18.300000000000001 259.61599999999999 4484 1648534 9191 127 1 1794 0.70901546226666556 10 0.90133521694039542 0.75147265648735428 2619 0.78321097752998103 12 0.99565626429142173 0.84967070803559708 309 9.2629642486572266 1 14.382671356201172 8.5976839447021476 0 0 0 0 0
366 18.300000000000001 18.350000000000001 260.26999999999998 4500 1653034 9191 127 1 1800 0.95238941901969532 10 1.0112818359500833 0.7114326699267306 2625 0.68026218098427826 12 0.86937334588602988 0.75057140755654639 310 11.513632774353027 1 14.062780380249023 7.771765308380127 0 0 0 0 0
367 18.350000000000001 18.400000000000002 259.75 4526 1657560 9194 127 1 1803 0.70667133313263697 10 0.93353085024725824 0.71945979554608985 2635 0.94171248431525167 12 1.021871231309283 0.82223645528933842 311 13.748079299926758 1 14.309148788452148 7.7878223133087161 0 0 0 0 0
368 18.400000000000002 18.449999999999999 264.113 4444 1662004 9197 127 1 1807 0.6202608150954817 10 0.89391791032967227 0.72047000023704555 2639 0.65641125643801268 12 0.92306534376481508 0.71489029861100528 311 5.0576362609863281 1 13.475849151611328 8.6038301753997803 0 0 0 0 0
369 18.449999999999999 18.5 259.10500000000002 4594 1666598 9199 127 1 1812 0.76818386837470509 10 0.87152547572761596 0.64720190385906295 2648 0.78543629199682341 12 1.1092590493750223 0.8452338127335195 312 6.8764452934265137 1 13.573257446289062 8.199317898750305 0 0 0 0 0
370 18.5 18.550000000000001 259.43299999999999 4499 1671097 9201 127 1 1818 0.94130492243199293 10 1.0403027538806551 0.78098540260928873 2654 0.66713328054941212 12 0.88866465572046349 0.76577262544463609 313 7.253446102142334 1 15.202753067016602 9.626753568649292 0 0 0 0 0
371 18.550000000000001 18.600000000000001 259.43700000000001 4464 1675561 9202 127 1 1823 0.87730836306385873 10 1.0790575028376124 0.85700944141233237 2663 0.74168487850913301 12 1.20638621220328 0.89916451364286798 314 7.9944033622741699 1 14.86101245880127 9.2664307403564461 0 0 0 0 0
372 18.600000000000001 18.650000000000002 261.27499999999998 4545 1680106 9202 127 1 1827 0.77231136095401276 10 0.85993648639573839 0.73887116948398546 2671 0.81655987646124928 12 0.9922611540574876 0.79073612696618556 315 9.0673427581787109 1 14.653496742248535 8.9377533817291255 0 0 0 0 0
373 18.650000000000002 18.699999999999999 257.22800000000001 4479 1684585 9202 127 1 1832 0.77907169518148145 10 0.96036088843554768 0.78695776408417506 2678 0.71115660626112043 12 1.0307115014768049 0.8611096250353456 316 10.818447113037109 1 14.314210891723633 8.2663458442687983 0 0 0 0 0
374 18.699999999999999 18.75 257.79399999999998 4525 1689110 9205 127 1 1837 0.83424635107253231 10 0.94061010546442059 0.73902600177129329 2685 0.69037246166064614 12 0.91828626787859036 0.77733380864243162 317 13.11934757232666 1 14.212018966674805 7.7220319175720213 0 0 0 0 0
375 18.75 18.800000000000001 258.86399999999998 4600 1693710 9206 127 1 1840 0.60531092246039575 10 0.97764301554827893 0.70284430745249848 2694 0.82151660537630122 12 1.0405707320791173 0.84313596747117359 317 4.8263401985168457 1 12.859567642211914 8.2103566932678227 0 0 0 0 0
376 18.800000000000001 18.850000000000001 260.44799999999998 4487 1698197 9206 127 1 1845 0.60849958932407988 10 1.0293292701802084 0.79049388064195814 2698 0.5999825493804043 12 0.80524949578816851 0.651758545125392 318 5.8008222579956055 1 14.26771354675293 9.0352320480346684 0 0 0 0 0
377 18.850000000000001 18.900000000000002 257.63099999999997 4458 1702655 9208 127 1 1850 0.64995462791295577 10 1.0035555719945812 0.75260882544755081 2709 0.90260947086760202 12 1.0592219705541235 0.8895783655229601 319 6.8577485084533691 1 14.373393058776855 8.9536082267761223 0 0 0 0 0
378 18.900000000000002 18.949999999999999 258.96699999999998 4509 1707164 9208 127 1 1855 0.64226396251201456 10 1.0639333515709533 0.80126483786863278 2716 0.85544155849285353 12 0.98399197167093189 0.8034544855744834 320 7.9564247131347656 1 14.497547149658203 8.9122749328613278 0 0 0 0 0
379 18.949999999999999 19 257.31999999999999 4508 1711672 9211 127 1 1860 0.7618946999876709 10 0.81552028434298529 0.67521221858514224 2723 0.8551096960285296 12 0.94504231128005622 0.75708540256226542 321 8.6965999603271484 1 14.923421859741211 9.2672026634216316 0 0 0 0 0
380 19 19.050000000000001 258.91300000000001 4432 1716104 9211 127 1 1866 0.86656177617953833 10 1.037462756823623 0.84875699717874076 2730 0.79598712662072735 12 0.92861454929652321 0.81529013811063922 322 9.575688362121582 1 14.868236541748047 9.1296728897094734 0 0 0 0 0
381 19.050000000000001 19.100000000000001 260.673 4572 1720676 9212 127 1 1871 0.83699080681497262 10 1.0065560341506299 0.82292705134945632 2739 0.96962330949974473 12 0.97256650217668583 0.8010672410834393 323 10.857290267944336 1 14.655806541442871 8.7311709690093995 0 0 0 0 0
382 19.100000000000001 19.150000000000002 260.846 4460 1725136 9212 127 1 1876 0.87998753124676077 10 0.95327910545315042 0.75108257683072277 2745 0.76331234224662414 12 1.0574576347663438 0.85290336499271158 324 12.430961608886719 1 14.587867736816406 8.4420127677917485 0 0 0 0 0
383 19.150000000000002 19.199999999999999 260.52300000000002 4552 1729688 9213 127 1 1882 0.99424634282868551 10 1.0143314429724244 0.83926095683017221 2752 0.77825851554928804 12 0.89887686430514357 0.74195962500264723 325 13.531583786010742 1 14.954712867736816 8.91034589767456 0 0 0 0 0
384 19.199999999999999 19.25 260.03500000000003 4539 1734227 9217 127 1 1885 0.74275718038161054 10 0.97455896271910813 0.72517329363794514 2762 1.0083420212564347 12 1.0083420212564347 0.85329074355028467 326 14.68260669708252 1 14.979214668273926 8.8604482650756839 0 0 0 0 0
385 19.25 19.300000000000001 259.47399999999999 4529 1738756 9220 127 1 1890 0.73034572885192961 10 0.94720724461626338 0.80593861038795778 2766 0.64651307786718859 12 0.98837551475842234 0.79065531833577563 326 5.4014301300048828 1 14.391871452331543 9.188675746917724 0 0 0 0 0
386 19.300000000000001 19.350000000000001 259.21499999999997 4499 1743255 9220 127 1 1895 0.75498536512981063 10 0.90388157585329487 0.76925672050533223 2775 0.77979452644769387 12 1.0447313489658661 0.84101984090870596 327 6.43572998046875 1 14.322977066040039 8.97600715637207 0 0 0 0 0
387 19.350000000000001 19.400000000000002 262.209 4463 1747718 9220 127 1 1901 0.92667229000543927 10 1.0659268121161827 0.78240509012398707 2782 0.70449149866361871 12 0.97318814799592301 0.83130929910671991 328 7.3834166526794434 1 14.573959350585938 9.0617572307586673 0 0 0 0 0
388 19.400000000000002 19.449999999999999 259.43900000000002 4564 1752282 9222 127 1 1905 0.77022983914332033 10 1.0103032929557056 0.78980396696739574 2788 0.64745480990087667 12 0.86648500755026536 0.70511696804214186 329 9.3528203964233398 1 13.952766418457031 8.0502250480651849 0 0 0 0 0
389 19.449999999999999 19.5 260.16899999999998 4442 1756724 9222 127 1 1910 0.82889324994315072 10 0.91213161226304951 0.73557209287372272 2798 0.80964487468874136 12 1.1297630980208113 0.92050754387233713 330 10.775304794311523 1 14.545134544372559 8.59169653892517 0 0 0 0 0
390 19.5 19.550000000000001 259.03699999999998 4537 1761261 9222 127 1 1916 0.97505375317165122 10 0.99475113172380047 0.80767705203995344 2804 0.6933916559090485 12 0.91373226811756958 0.76374321838971726 331 13.86467456817627 1 13.86467456817627 6.9414197635650634 0 0 0 0 0
391 19.550000000000001 19.600000000000001 257.83999999999997 4488 1765749 9223 127 1 1921 1.0037174906049466 10 1.0037174906049466 0.76527284489737812 2812 0.86809792121922646 12 0.94039923141936999 0.69189977922230128 332 15.001190185546875 1 15.001190185546875 8.8748113441467282 0 0 0 0 0
392 19.600000000000001 19.650000000000002 257.61099999999999 4559 1770308 9223 127 1 1922 0.45047212214697013 10 0.98384257346864834 0.70646176938026728 2818 0.75270695195004744 12 0.9666369766601034 0.76288961402669142 332 5.5186305046081543 1 14.704146385192871 9.3880522537231439 0 0 0 0 0
393 19.650000000000002 19.699999999999999 276.44299999999998 4488 1774796 9224 127 1 1927 0.53861715514508524 10 0.87044519091409378 0.70638424334544991 2826 0.87439168190231198 12 0.90795329903327937 0.74439295040126396 333 6.4788455963134766 1 14.41893196105957 9.0493540287017815 0 0 0 0 0
394 19.699999999999999 19.75 276.57400000000001 4561 1779357 9224 127 1 1934 0.90677176581488717 10 0.92508976800101139 0.74662565578543938 2831 0.68637488671528124 12 0.93050525470863321 0.72668354569941873 334 7.6039795875549316 1 14.420797348022461 8.8860796833038336 0 0 0 0 0
395 19.75 19.800000000000001 260.70600000000002 4453 1783810 9225 127 1 1939 0.82971641752454972 10 1.1088688903384738 0.86993820239627173 2840 0.8713608188277765 12 0.91760251142550264 0.78983069573930553 335 9.8443450927734375 1 13.83078670501709 7.7819618320465089 0 0 0 0 0
396 19.800000000000001 19.850000000000001 258.94099999999997 4467 1788277 9225 127 1 1942 0.55792345792528186 10 0.88379182607408557 0.74527471803483503 2846 0.76214632040150843 12 0.85410672435285273 0.75677473811611751 336 12.228754043579102 1 14.066414833068848 7.6393543338775638 0 0 0 0 0
397 19.850000000000001 19.900000000000002 259.815 4558 1792835 9225 127 1 1948 0.73956771573377034 10 1.0011824199131556 0.77254697315276588 2852 0.68599094190002363 12 0.84718368237773645 0.72404515116772383 337 13.822799682617188 1 14.677553176879883 8.4218414115905755 0 0 0 0 0
398 19.900000000000002 19.949999999999999 260.54199999999997 4548 1797383 9226 127 1 1952 0.67418615389910952 10 0.81482122152570691 0.69965055667455234 2860 0.76757192374679029 12 0.91824659576019696 0.78409698169319053 337 5.0851244926452637 1 13.549090385437012 8.650591697692871 0 0 0 0 0
399 19.949999999999999 20 261.786 4445 1801828 9226 127 1 1957 0.72869104552008801 10 0.94317349259342464 0.73968909464717369 2868 0.82202754109777154 12 0.92683340586910479 0.81095202497127672 338 6.7872376441955566 1 13.667813301086426 8.3148518610000615 0 0 0 0 0
