0 0 0.050000000000000003 339.30399999999997 1357 1357 1355 101 1 1 0.1450708025977725 1 0.15715332636757504 0.015105166056799511 3 0.26565158431594438 3 0.26565158431594438 0.061320277342925195 0 0 0 0 0 0 0 0 0 0
1 0.050000000000000003 0.10000000000000001 337.84500000000003 4671 6028 4765 116 1 6 0.47039804761371917 5 0.61310787049550863 0.4715657888139998 9 0.5328228460775839 6 0.55456775459083352 0.38414005867210593 1 3.7158288955688477 1 9.9006595611572266 6.3212036180496218 0 0 0 0 0
2 0.10000000000000001 0.14999999999999999 330.87799999999999 4476 10504 5774 116 1 11 0.70136023892296684 6 0.75977447676280185 0.56499046700341349 16 0.62545798791421425 8 0.88831601014008388 0.66504479691788976 2 5.5565609931945801 1 13.131046295166016 8.1776103830337519 0 0 0 0 0
3 0.14999999999999999 0.20000000000000001 333.06200000000001 4513 15017 6230 116 1 16 0.80935593635316883 6 0.85940368213350815 0.68673149335952044 24 0.71469874124269228 9 0.89504192197645027 0.77651355678970735 3 7.3701519966125488 1 13.700578689575195 8.2044848871231082 0 0 0 0 0
4 0.20000000000000001 0.25 331.66699999999997 4529 19546 6503 116 1 18 0.47598275116511751 6 0.79332961354936871 0.64751108922655609 31 0.73808080698992751 9 0.87491075412647146 0.73360776823920171 4 8.961456298828125 1 14.19560432434082 8.4245580387115471 0 0 0 0 0
5 0.25 0.29999999999999999 332.452 4579 24125 6718 118 1 25 0.82672094163440524 6 0.93468333047533791 0.76386859757559666 39 0.79062129226890765 9 0.99959877632759708 0.81284809339368691 5 10.77949333190918 1 14.262668609619141 8.2000794124603278 0 0 0 0 0
6 0.29999999999999999 0.35000000000000003 333.73599999999999 4443 28568 6844 118 1 30 0.8334344171342396 7 0.95867775356958784 0.78700417757034302 46 0.77889857421050201 9 0.86298811886761639 0.76836261249232918 6 11.753689765930176 1 14.941866874694824 9.0355101966857916 0 0 0 0 0
7 0.35000000000000003 0.40000000000000002 330.82400000000001 4523 33091 6956 120 1 35 0.86592172062586226 7 1.1008021831512451 0.76148732442704459 53 0.76887129964055245 10 0.97742691684413596 0.76668412329699509 6 4.3239421844482422 1 11.520951271057129 7.3556998252868651 0 0 0 0 0
8 0.40000000000000002 0.45000000000000001 330.73399999999998 4482 37573 7058 122 1 40 0.92051187677988933 7 0.9406717353396945 0.73960468144643865 60 0.78189735605910016 10 0.92984520196914677 0.74386050433725914 7 5.381584644317627 1 14.055057525634766 8.9529000854492189 0 0 0 0 0
9 0.45000000000000001 0.5 330.38400000000001 4564 42137 7141 122 1 43 0.62407930502815856 7 0.91258142391840613 0.7696686906710507 68 0.84828542398439877 11 0.9375003489288124 0.79913843943782792 8 7.2003178596496582 1 13.655263900756836 8.1993906784057611 0 0 0 0 0
10 0.5 0.55000000000000004 333.15699999999998 4515 46652 7218 122 1 48 0.66657085598461208 7 0.99440664360447539 0.75158283118927283 76 0.85964922167964886 11 1.1149048484660484 0.85361439675978712 9 9.4195289611816406 1 13.774030685424805 7.8029044389724733 0 0 0 0 0
11 0.55000000000000004 0.59999999999999998 332.71199999999999 4487 51139 7276 122 1 54 0.88150177641756955 7 0.99389042657992199 0.73959209357343969 81 0.65853295374561005 11 0.89468804148806103 0.73965245297269266 10 10.372708320617676 1 14.86750602722168 9.0563184642791743 0 0 0 0 0
12 0.59999999999999998 0.65000000000000002 334.48500000000001 4518 55657 7336 122 1 58 0.77792103449621841 7 0.86404688413890585 0.73746908429359648 89 0.73827867961010418 11 0.93853606777517373 0.78591391897896246 11 12.955368995666504 1 14.034383773803711 7.44307918548584 0 0 0 0 0
13 0.65000000000000002 0.70000000000000007 333.96499999999997 4610 60267 7387 122 1 62 0.71237895408615703 7 0.85287237960460882 0.69980950085815807 96 0.79605735383827136 11 0.89755208770668993 0.69955395784863339 11 4.7660155296325684 1 12.698835372924805 8.107736349105835 0 0 0 0 0
14 0.70000000000000007 0.75 334.03199999999998 4455 64722 7417 122 1 67 0.73238852574113045 7 0.97977729146147063 0.77384059685711104 103 0.7940231773228309 11 0.87687195597241663 0.75877069178674161 12 6.8704910278320312 1 13.29296875 7.9164999341964721 0 0 0 0 0
15 0.75 0.80000000000000004 332.25200000000001 4531 69253 7466 122 1 71 0.72226144586475416 7 0.79822233877244542 0.6449466805778894 111 0.85269780763034786 11 1.0208645105450036 0.80677503323149113 13 9.1641263961791992 1 13.671266555786133 7.7292256498336789 0 0 0 0 0
16 0.80000000000000004 0.84999999999999998 332.18099999999998 4556 73809 7516 122 1 77 0.82154284583197701 7 1.0884927567981539 0.85408912772088241 116 0.64224408694969282 11 0.92375772058951189 0.74889678467772414 14 10.70588493347168 1 14.451431274414062 8.473607063293457 0 0 0 0 0
17 0.84999999999999998 0.90000000000000002 332.041 4473 78282 7556 122 1 82 0.81106446092090911 7 0.9464830368284195 0.80402476507519938 126 0.97683546131958943 11 0.97683546131958943 0.74982433271102256 15 12.20820140838623 1 14.615870475769043 8.5126538372039793 0 0 0 0 0
18 0.90000000000000002 0.95000000000000007 333.47800000000001 4523 82805 7592 122 1 86 0.64719506767061019 7 1.0109725774280609 0.7971568511024355 131 0.72889032205626736 11 0.95749282725190754 0.78601466397184694 16 13.815238952636719 1 14.669525146484375 8.4089796638488767 0 0 0 0 0
19 0.95000000000000007 1 333.41500000000002 4549 87354 7640 122 1 93 1.0129001895113596 8 1.0129001895113596 0.74905063326869736 137 0.65233018653026509 11 0.85230689682591487 0.72444592244409522 16 5.0823445320129395 1 13.541679382324219 8.6458607292175298 0 0 0 0 0
20 1 1.05 335.923 4540 91894 7671 122 1 96 0.69863535641204744 8 0.99284343657985563 0.78732325158658478 146 0.83484914728778181 11 0.91872686144269133 0.79227308042258116 17 5.976318359375 1 14.408294677734375 9.1149388027191165 0 0 0 0 0
21 1.05 1.1000000000000001 335.47399999999999 4495 96389 7702 122 1 101 0.79933282780268833 8 0.87134583318044267 0.69395679307717206 153 0.81247323625406398 11 0.90914840207279746 0.77890961784203727 18 7.3157353401184082 1 14.154426574707031 8.673931093215943 0 0 0 0 0
22 1.1000000000000001 1.1500000000000001 332.488 4488 100877 7738 122 1 107 0.85173250356363872 8 1.0991391075981989 0.90050357025294059 161 0.8728003234131344 11 0.98331837637945407 0.80513904727256369 19 8.3466548919677734 1 14.612260818481445 8.9793519496917718 0 0 0 0 0
23 1.1500000000000001 1.2 334.65699999999998 4514 105391 7759 122 1 112 0.86601078711331836 9 1.0226216477061074 0.77951483050036041 168 0.84112755631417102 11 0.95570036363988531 0.78811399075803723 20 10.259920120239258 1 14.129219055175781 8.1058041954040529 0 0 0 0 0
24 1.2 1.25 330.72000000000003 4518 109909 7790 122 1 116 0.74687095429925687 9 1.0083812614755026 0.75287313400161626 174 0.72276703116097185 11 0.8650723253110103 0.76582954505781398 21 11.562551498413086 1 14.698881149291992 8.7103522205352775 0 0 0 0 0
25 1.25 1.3 331.63499999999999 4551 114460 7821 122 1 120 0.57608764059841633 9 1.028914405239953 0.80400183823462268 181 0.72809823697745402 12 1.0026842129938678 0.75147864919948437 22 13.766075134277344 1 14.327878952026367 7.8184349155426025 0 0 0 0 0
26 1.3 1.3500000000000001 332.39999999999998 4517 118977 7849 122 1 125 0.64957980389544179 9 0.82897697321863639 0.72089103948842348 191 0.86702282364304006 12 1.1396908321896115 0.94354099420957227 22 5.0642590522766113 1 13.493488311767578 8.6150935268402105 0 0 0 0 0
27 1.3500000000000001 1.4000000000000001 340.44799999999998 4500 123477 7873 122 1 130 0.69580696650692042 9 0.89895893469275467 0.74788426579242318 200 0.91809603974625875 12 1.0997700665448162 0.92240881361832494 23 5.6539311408996582 1 14.766345977783203 9.4162050628662115 0 0 0 0 0
28 1.4000000000000001 1.45 349.64400000000001 4487 127964 7892 122 1 137 0.96800135402193677 10 1.0278592015152783 0.84162938688116684 207 0.84371542995040483 12 0.95827580400415369 0.83039604833319358 24 6.710174560546875 1 14.348199844360352 8.9542854690551756 0 0 0 0 0
29 1.45 1.5 338.16500000000002 4524 132488 7912 122 1 141 0.76004748137405376 10 0.9800653244878742 0.84080206335299579 214 0.79322644021060018 12 0.93647053290057825 0.80674257230114321 25 9.2392168045043945 1 13.510361671447754 7.4961637926101687 0 0 0 0 0
30 1.5 1.55 331.93299999999999 4536 137024 7922 122 1 145 0.56926461557420216 10 1.123658469652467 0.82380209144105976 221 0.71106102365899726 12 1.0397734155526033 0.83810327423182718 25 3.3989193439483643 1 9.0562677383422852 5.7820912790298458 0 0 0 0 0
31 1.55 1.6000000000000001 332.95100000000002 4473 141497 7947 122 1 150 0.60381570999137091 10 0.97581094589166617 0.75944401837977848 226 0.58131051319273741 12 0.91762592277011357 0.66899799154376649 26 4.966221809387207 1 13.23227596282959 8.4483180332183831 0 0 0 0 0
32 1.6000000000000001 1.6500000000000001 333.61099999999999 4514 146011 7958 122 1 157 0.95047396959258579 10 1.0092479735191471 0.76790780585031027 236 0.83393476786645682 12 1.0601387501367041 0.83097466882982773 27 5.6178641319274902 1 14.672153472900391 9.3548501777648934 0 0 0 0 0
33 1.6500000000000001 1.7 329.697 4526 150537 7969 122 1 161 0.77753135406932672 10 1.0001481654579125 0.80613977877444254 242 0.69595860113968722 12 0.92720460424552098 0.78524970768704194 28 6.6969060897827148 1 14.319828987121582 8.93171422958374 0 0 0 0 0
34 1.7 1.75 334.31 4472 155009 7987 122 1 167 0.92401931805409643 10 1.0628751707718742 0.80735292909575551 253 1.0295014976851038 12 1.0502987882298593 0.85897047780197378 29 9.3711099624633789 1 13.431887626647949 7.3524456548690793 0 0 0 0 0
35 1.75 1.8 335.09199999999998 4526 159535 8004 122 1 171 0.87220428675733985 10 0.92613838761769696 0.68621938204826716 258 0.75280882285693917 12 1.0765821581026791 0.81447558850325597 30 11.884225845336914 1 13.946268081665039 7.5119300937652591 0 0 0 0 0
36 1.8 1.8500000000000001 331.19299999999998 4511 164046 8018 122 1 176 0.87199484774630009 10 1.0250621467292367 0.79385819841255978 265 0.70379233466417257 12 0.98879122525938112 0.80528476722456033 31 13.884414672851562 1 14.451047897338867 8.0197473239898684 0 0 0 0 0
37 1.8500000000000001 1.9000000000000001 329.846 4461 168507 8032 122 1 182 0.95504512389502028 10 1.033506135809241 0.87015842980278746 274 0.89690577228116253 12 0.95171267685568517 0.78178417344269746 31 5.107792854309082 1 13.609484672546387 8.6891510200500495 0 0 0 0 0
38 1.9000000000000001 1.95 331.01100000000002 4552 173059 8047 122 1 186 0.80246983430069652 10 0.93613397288148237 0.7859753904659883 278 0.65055073790100393 12 0.87914584199606904 0.67633221041066183 32 6.2396202087402344 1 14.167047500610352 8.8794565010070805 0 0 0 0 0
39 1.95 2 332.32600000000002 4501 177560 8061 122 1 191 0.7718777297366366 10 0.94277354235035515 0.82393802871673871 286 0.7684330420629939 12 0.88390834259020312 0.74815734286857249 33 7.2119522094726562 1 14.52308464050293 9.0373579978942864 0 0 0 0 0
40 2 2.0499999999999998 329.81299999999999 4479 182039 8078 122 1 195 0.6880457363070932 10 0.88408040692798873 0.71791711219685905 293 0.8047158546919122 12 0.94434280283379401 0.72083560145162306 34 9.2897424697875977 1 13.858663558959961 7.9429186534881593 0 0 0 0 0
41 2.0499999999999998 2.1000000000000001 330.32400000000001 4539 186578 8086 122 1 199 0.62583684430350861 10 0.82965480792144042 0.69650949932164663 301 0.89787465649369802 12 0.89787465649369802 0.77263453013044237 35 11.523482322692871 1 14.074811935424805 7.7885230350494385 0 0 0 0 0
42 2.1000000000000001 2.1499999999999999 330.68700000000001 4508 191086 8093 122 1 205 0.86355089733675661 10 1.0169605732134239 0.71703595599018999 308 0.88333611562195402 12 0.96529664908017321 0.77115037105627393 35 4.2392539978027344 1 11.295302391052246 7.2116319942474369 0 0 0 0 0
43 2.1499999999999999 2.2000000000000002 331.68299999999999 4506 195592 8103 122 1 208 0.65647089041882989 10 0.84645145162347823 0.68120665647338374 312 0.58233352582120845 12 0.93892879772139615 0.73043512454732484 36 5.427009105682373 1 13.893038749694824 8.8240816402435307 0 0 0 0 0
44 2.2000000000000002 2.25 331.43000000000001 4543 200135 8116 122 1 213 0.6655703050624312 10 1.0129723162467048 0.78464198977050392 321 0.76560034613814076 12 0.95440638701696556 0.79153261244388262 37 6.4451413154602051 1 14.343918800354004 8.9920154666900629 0 0 0 0 0
45 2.25 2.3000000000000003 334.61500000000001 4544 204679 8130 123 1 219 0.8702483977877995 10 1.0141279734749764 0.74974286574886762 327 0.68781026627768516 12 0.81449390421436652 0.72566351042347355 38 7.8046331405639648 1 14.220967292785645 8.654055480957032 0 0 0 0 0
46 2.3000000000000003 2.3500000000000001 331.24900000000002 4551 209230 8143 128 1 223 0.73315872626023948 10 0.98966065881686904 0.77064401700175555 335 0.8315225556367738 12 0.88917745472631271 0.72258491838443661 39 9.9181594848632812 1 13.934494972229004 7.9075347709655759 0 0 0 0 0
47 2.3500000000000001 2.3999999999999999 331.23099999999999 4522 213752 8157 128 1 229 0.87575844793722579 10 1.0140836474091177 0.81120240656728138 342 0.74869255150377134 12 0.98955808096199593 0.83876124010436737 40 10.983277320861816 1 14.825872421264648 8.9454957675933837 0 0 0 0 0
48 2.3999999999999999 2.4500000000000002 329.726 4493 218245 8166 128 1 234 0.90659553307440055 10 0.92490995520182251 0.76312105397589225 347 0.57901477467008722 12 0.91070850194966768 0.70852725615070034 41 12.477309226989746 1 14.642257690429688 8.5208577823638922 0 0 0 0 0
49 2.4500000000000002 2.5 333.28800000000001 4459 222704 8176 128 1 238 0.73165066288086067 10 0.95920746490533759 0.80812200404753132 354 0.69045184589757058 12 0.82662086914605226 0.64643033706744324 42 13.729609489440918 1 14.873106956481934 8.7601815795898439 0 0 0 0 0
50 2.5 2.5500000000000003 331.23899999999998 4556 227260 8180 128 1 244 0.94338695589625599 10 1.0365570973313241 0.74275485446819745 362 0.70812618877108247 12 1.1675024067833137 0.8473666152211724 42 5.0508441925048828 1 13.457745552062988 8.5922724246978763 0 0 0 0 0
51 2.5500000000000003 2.6000000000000001 334.483 4486 231746 8191 128 1 248 0.79427074724854663 10 0.92470665586428202 0.78255068572695097 370 0.79242175411523386 12 0.97145945072474349 0.78140951436509065 43 5.6489968299865723 1 14.753458023071289 9.4078111457824711 0 0 0 0 0
52 2.6000000000000001 2.6499999999999999 331.233 4514 236260 8200 128 1 254 0.89508532910517646 10 1.0295931536099605 0.85257112443177574 376 0.65199722154746009 12 0.91602179662676264 0.78767361096309496 44 6.7083587646484375 1 14.344318389892578 8.9511970329284676 0 0 0 0 0
53 2.6499999999999999 2.7000000000000002 334.24900000000002 4496 240756 8206 128 1 258 0.64079073118931384 10 1.1218144098943259 0.8866809434149292 385 0.83199802152733082 12 1.0391400280384981 0.79476607856685755 45 8.7179937362670898 1 13.809944152832031 8.0103934526443474 0 0 0 0 0
54 2.7000000000000002 2.75 331.33199999999999 4564 245320 8223 128 1 263 0.58074397132564048 10 1.2417906163242283 0.85309914291942679 394 0.95381425807088915 12 1.07542251188566 0.85237074648133904 46 10.254170417785645 1 14.40656852722168 8.4791359615325934 0 0 0 0 0
55 2.75 2.8000000000000003 329.32799999999997 4461 249781 8233 128 1 270 0.81920577609369616 10 1.1356591615415959 0.87502589159102262 401 0.84714117350443774 12 1.0986827562047119 0.86236669895169316 47 10.819297790527344 1 15.200543403625488 9.4405071067810056 0 0 0 0 0
56 2.8000000000000003 2.8500000000000001 329.589 4552 254333 8245 128 1 275 0.87135968771253025 10 0.89739309405064682 0.74201668974674972 408 0.83727061439941108 12 0.88045326019377712 0.76652894586067222 48 12.086174011230469 1 14.7620849609375 8.7457498264312736 0 0 0 0 0
57 2.8500000000000001 2.8999999999999999 330.57600000000002 4545 258878 8260 128 1 279 0.74006527635670694 10 1.0112589379507166 0.76490644241495565 415 0.80570297208705111 12 0.94293094360512664 0.78800973783725359 48 4.4462575912475586 1 11.84685230255127 7.5637773227691651 0 0 0 0 0
58 2.8999999999999999 2.9500000000000002 328.59100000000001 4505 263383 8272 128 1 285 0.90633108177119825 10 0.96237542066310233 0.78777220271825099 421 0.70958207652375505 12 0.85079176924555211 0.74381158223495281 49 5.3515167236328125 1 14.258874893188477 9.1037631416320792 0 0 0 0 0
59 2.9500000000000002 3 328.56299999999999 4530 267913 8284 128 1 289 0.82232029838783527 10 0.91418475229737417 0.71809406882514759 432 1.0321752451158859 12 1.0856629953996555 0.8698110643504442 50 6.2429337501525879 1 14.460922241210938 9.11746693611145 0 0 0 0 0
60 3 3.0500000000000003 329.88099999999997 4539 272452 8291 128 1 294 0.82369997255533833 10 0.94723000069563112 0.79228485119751024 437 0.74869340545422325 12 1.0987372509128339 0.8211970966055584 51 7.2131729125976562 1 14.525539398193359 9.0394330120086668 0 0 0 0 0
61 3.0500000000000003 3.1000000000000001 331.45600000000002 4528 276980 8307 128 1 299 0.84023696322147479 10 0.97255448777494757 0.77727866630639131 443 0.67079036102907075 12 0.92753246097347219 0.72577539785689582 52 8.9037036895751953 1 14.104124069213867 8.3263161945343018 0 0 0 0 0
62 3.1000000000000001 3.1499999999999999 332.10399999999998 4505 281485 8317 128 1 304 0.83629983620780968 10 1.0564181805895054 0.79754876866680802 451 0.73877665012370086 12 0.92785367567998334 0.79755615319991235 53 9.5256156921386719 1 15.089279174804688 9.3842857360839851 0 0 0 0 0
63 3.1499999999999999 3.2000000000000002 330.58600000000001 4504 285989 8323 128 1 308 0.64289893251112695 10 1.0351887762522058 0.82639408285763205 458 0.67829808026829075 12 0.97384328762245542 0.81663258877081935 54 12.643740653991699 1 13.696800231933594 6.9129508829116819 0 0 0 0 0
64 3.2000000000000002 3.25 328.78699999999998 4502 290491 8331 128 1 314 0.79143680135325301 10 1.0683278015697555 0.80532354932304673 467 0.84673074130629622 12 1.0036771421817861 0.80621894949655115 54 4.6513724327087402 1 12.393378257751465 7.9127112293243407 0 0 0 0 0
65 3.25 3.3000000000000003 328.33800000000002 4498 294989 8334 128 1 320 0.93378985354217825 10 1.0741139299459339 0.8114466828558955 474 0.68598010088946371 12 1.0945438640484761 0.91590543263560975 55 6.5303149223327637 1 13.416091918945312 8.1397841262817376 0 0 0 0 0
66 3.3000000000000003 3.3500000000000001 328.57299999999998 4485 299474 8344 128 1 324 0.68945082508058941 10 1.1038678566526523 0.87682453135201144 480 0.57439019406164016 12 1.0000115774773262 0.75912644813189645 56 8.0577173233032227 1 14.106420516967773 8.4878200531005863 0 0 0 0 0
67 3.3500000000000001 3.3999999999999999 329.07799999999997 4569 304043 8354 128 1 330 0.86184814674426691 10 0.93362893562458982 0.78170173463707515 489 0.81638193223122002 12 0.97738658552234237 0.73339301437783855 57 10.298859596252441 1 13.902004241943359 7.78119348526001 0 0 0 0 0
68 3.3999999999999999 3.4500000000000002 328.43099999999998 4559 308602 8360 128 1 334 0.74708087444220872 10 0.86699594367309729 0.74854418458023642 495 0.71643734614591337 12 0.91587868413409668 0.74759715473531108 58 12.928201675415039 1 14.004952430725098 7.3968632984161378 0 0 0 0 0
69 3.4500000000000002 3.5 327.56599999999997 4421 313023 8363 128 1 339 0.75915077233478778 10 0.93460590490734774 0.78170127099652642 505 0.91763108230724533 12 1.033613553854662 0.88189254303790032 58 4.7560205459594727 1 12.672205924987793 8.0907335472106929 0 0 0 0 0
70 3.5 3.5500000000000003 327.64100000000002 4536 317559 8370 128 1 343 0.64753866539864757 10 0.87408567479130472 0.74542042348869852 511 0.7958931191522326 12 0.89946077745407815 0.76917333834114909 59 5.6952457427978516 1 14.291019439697266 9.0701353740692134 0 0 0 0 0
71 3.5500000000000003 3.6000000000000001 329.07600000000002 4531 322090 8378 128 1 349 0.87667212817749995 10 0.98844503253449734 0.72553105537469686 519 0.91637966099220358 12 0.95377781339165935 0.74557917980070709 60 6.6336879730224609 1 14.47120189666748 9.0709107494354253 0 0 0 0 0
72 3.6000000000000001 3.6499999999999999 333.44299999999998 4523 326613 8387 128 1 355 0.85239931525853818 10 1.1619567418927799 0.97641187390641049 525 0.81785202272758639 12 0.91979005430019589 0.74619437940791888 61 8.2099943161010742 1 14.088398933410645 8.4394067668914801 0 0 0 0 0
73 3.6499999999999999 3.7000000000000002 330.64699999999999 4508 331121 8389 128 1 359 0.76561578875599923 10 0.85922975205025698 0.72083922695537406 531 0.70243375561030175 12 0.88834208137815118 0.76291666708663886 62 10.354879379272461 1 13.977622985839844 7.8764918899536136 0 0 0 0 0
74 3.7000000000000002 3.75 330.32299999999998 4530 335651 8392 128 1 364 0.79434070039847371 10 0.8956165611905198 0.76521217319295365 542 1.0352589230858595 12 1.0775086541219641 0.85968112992669754 62 3.809349536895752 1 10.149839401245117 6.4802971887588505 0 0 0 0 0
75 3.75 3.8000000000000003 329.77600000000001 4479 340130 8401 128 1 369 0.78482802898690973 10 1.0385373651120287 0.80306871643564193 548 0.80084249006735309 12 1.102862311698295 0.88072876955778323 63 5.1172113418579102 1 13.634578704833984 8.7051731491088873 0 0 0 0 0
76 3.8000000000000003 3.8500000000000001 328.15100000000001 4529 344659 8406 128 1 375 0.90314922724408397 10 0.95230251763794249 0.83523899187145811 554 0.67961828322023954 12 0.8961550764135412 0.76866474429981113 64 6.6062602996826172 1 13.846294403076172 8.5257898426055903 0 0 0 0 0
77 3.8500000000000001 3.8999999999999999 328.613 4488 349147 8414 128 1 378 0.66451839676996327 10 0.9267663797823622 0.71244298971009679 562 0.70619387062820227 12 1.0753895266635998 0.83855418378920143 65 8.8066949844360352 1 13.674216270446777 7.8214959955215457 0 0 0 0 0
78 3.8999999999999999 3.9500000000000002 329.81400000000002 4540 353687 8420 128 1 384 0.72790305665350807 10 1.095380031992133 0.8896280839836751 570 0.77732262828865561 12 0.93394884789312205 0.7944449473200621 66 12.198290824890137 1 13.481196403503418 6.6422065019607546 0 0 0 0 0
79 3.9500000000000002 4 329.697 4492 358179 8427 128 1 389 0.73082004911054155 10 1.0586341783509519 0.79076293524659358 577 0.72111103293058032 12 1.0439270125853048 0.81240819466436232 66 4.4875035285949707 1 11.956748962402344 7.6339422512054442 0 0 0 0 0
80 4 4.0499999999999998 332.54899999999998 4455 362634 8432 128 1 394 0.77168239685451634 10 0.8876460167479977 0.75319567229675011 585 0.81842082906010993 12 0.96316066174893766 0.76852486571085621 67 5.7574877738952637 1 13.880718231201172 8.7426741409301751 0 0 0 0 0
81 4.0499999999999998 4.0999999999999996 330.52199999999999 4577 367211 8437 128 1 400 0.9038855045731865 10 1.0397157718410073 0.82149548396796535 591 0.7632118939547925 12 0.8605189755861018 0.70330740901555955 68 6.656585693359375 1 14.521152496337891 9.1098634052276619 0 0 0 0 0
82 4.0999999999999996 4.1500000000000004 329.67399999999998 4494 371705 8440 128 1 405 0.90302254266747273 10 1.0084006769558731 0.79450512864377376 597 0.6706398447019023 12 0.89642185312569944 0.74029802209954421 69 7.3653454780578613 1 14.831979751586914 9.2983042526245114 0 0 0 0 0
83 4.1500000000000004 4.2000000000000002 329.48700000000002 4523 376228 8443 128 1 410 0.98145458931142793 10 1.007587946948391 0.71600048542954897 605 0.76936461062145389 12 0.90285772712385226 0.76712403417298125 70 9.8989152908325195 1 13.63206958770752 7.4916799736022952 0 0 0 0 0
84 4.2000000000000002 4.25 330.87099999999998 4510 380738 8452 128 1 415 0.93657112349149219 10 1.0631501495321705 0.83808702754244246 611 0.7758603815983578 12 0.80752381634099313 0.6422176535805133 71 11.275528907775879 1 14.623571395874023 8.6371061992645259 0 0 0 0 0
85 4.25 4.2999999999999998 332.20699999999999 4545 385283 8460 128 1 419 0.75588991914273307 10 1.050967524871383 0.81380109752088647 618 0.73525702783395852 12 0.9535769096236657 0.79695544479968117 72 13.287500381469727 1 14.394176483154297 8.0080848979949959 0 0 0 0 0
86 4.2999999999999998 4.3500000000000005 335.16899999999998 4525 389808 8463 128 1 425 0.89437143402838126 10 1.0439116863139395 0.81527947163505166 626 0.82956156314050189 12 0.90555416754741114 0.77150017046123542 72 4.8882012367248535 1 13.02439022064209 8.3155915832519529 0 0 0 0 0
87 4.3500000000000005 4.4000000000000004 344.904 4500 394308 8469 128 1 429 0.79615521549307489 10 0.87666168789967625 0.73215797810812577 634 0.84279838856258527 12 0.99179831630874005 0.8517599491079616 73 6.9154386520385742 1 13.379937171936035 7.9929651308059695 0 0 0 0 0
88 4.4000000000000004 4.4500000000000002 336.50400000000002 4526 398834 8473 128 1 434 0.80970237626758446 10 1.0461387218003928 0.78023875662739295 640 0.75910111429402605 12 0.86276911814016488 0.73151188738721762 74 8.199397087097168 1 14.35445499420166 8.7288385581970207 0 0 0 0 0
89 4.4500000000000002 4.5 335.49000000000001 4482 403316 8478 128 1 439 0.86022450072359224 10 0.91341779944944479 0.74363219266265645 647 0.85349199092690986 12 0.85349199092690986 0.66330665278725776 75 9.1427545547485352 1 14.775369644165039 9.0660426425933842 0 0 0 0 0
90 4.5 4.5499999999999998 336.73099999999999 4553 407869 8482 128 1 444 0.79151276256269898 10 1.0900140197638546 0.86167786823035375 653 0.74651190881781682 12 0.93021104976489144 0.75456251432114041 76 10.000044822692871 1 14.918310165405273 9.1512535095214851 0 0 0 0 0
91 4.5499999999999998 4.6000000000000005 330.83499999999998 4503 412372 8486 128 1 449 0.81389588997254692 10 0.9176304536938249 0.77149083938517204 658 0.58052315600017113 12 0.87716025561422994 0.70487505150280105 77 11.013401985168457 1 14.866537094116211 8.9967427539825433 0 0 0 0 0
92 4.6000000000000005 4.6500000000000004 329.30000000000001 4457 416829 8492 129 1 454 0.70141883133848248 10 1.1382795517479232 0.90500690388894445 668 0.86505645560556865 12 0.97534838751216724 0.79938355451942311 78 12.832704544067383 1 14.468832015991211 8.1988301467895504 0 0 0 0 0
93 4.6500000000000004 4.7000000000000002 329.47199999999998 4528 421357 8505 129 1 459 0.68534209996961581 10 1.0856324226740897 0.80956725407074914 675 0.7969715785961472 12 0.9683571654919132 0.82416311204502024 78 4.7208919525146484 1 12.57859992980957 8.0309713268280021 0 0 0 0 0
94 4.7000000000000002 4.75 330.70999999999998 4471 425828 8509 129 1 464 0.73704865339712389 10 1.0029785519781078 0.74245956126206381 685 1.1126334748316693 12 1.1126334748316693 0.76856520281739604 79 6.8538913726806641 1 13.26085090637207 7.8882603788375851 0 0 0 0 0
95 4.75 4.7999999999999998 329.726 4512 430340 8515 129 1 470 0.84308500895940275 10 1.0370049287477863 0.84740141810810199 689 0.75252083247812562 12 1.0906018583039354 0.7889561042416372 80 10.00416374206543 1 13.236806869506836 6.8811228752136229 0 0 0 0 0
96 4.7999999999999998 4.8500000000000005 329.911 4467 434807 8519 129 1 475 0.91627505090691308 10 0.95366895388240602 0.72119017173696309 696 0.77457301798995415 12 0.84275894937726159 0.7349243234268823 80 3.6803276538848877 1 9.8060684204101562 6.2608112430572511 0 0 0 0 0
97 4.8500000000000005 4.9000000000000004 329.87099999999998 4541 439348 8523 129 1 478 0.65698445411025319 10 0.91642176348192761 0.73289681871850831 703 0.75510540650777036 12 0.96504757328146717 0.77603043554748208 81 5.0697460174560547 1 13.508111953735352 8.6244287776947015 0 0 0 0 0
98 4.9000000000000004 4.9500000000000002 332.09100000000001 4490 443838 8525 129 1 484 0.82128830514282603 10 0.92433955082870445 0.78971458649868242 709 0.67364727963153492 12 0.83482653918486949 0.72929490995398683 82 5.9716811180114746 1 14.397121429443359 9.107053527832031 0 0 0 0 0
99 4.9500000000000002 5 330.61000000000001 4534 448372 8531 129 1 489 0.8316498938061887 10 1.0321897178417059 0.78339247129045742 717 0.80844394688724419 12 0.88177738724644628 0.73141161041143987 83 7.4174036979675293 1 14.066961288452148 8.5686860561370857 0 0 0 0 0
100 5 5.0499999999999998 331.88299999999998 4505 452877 8536 129 1 495 0.94022367492558157 10 0.98172138607698789 0.84488933881129769 724 0.75580259236424763 12 0.91523087373434653 0.80887343922822341 84 8.6148576736450195 1 14.490427017211914 8.8144800376892096 0 0 0 0 0
101 5.0499999999999998 5.1000000000000005 329.07299999999998 4517 457394 8542 129 1 500 0.94864353490255515 10 1.027653249483274 0.78531486469604017 730 0.66805256998918328 12 0.91417118929367547 0.73552417462601882 85 10.076686859130859 1 14.443210601806641 8.5527403259277346 0 0 0 0 0
102 5.1000000000000005 5.1500000000000004 330.072 4511 461905 8545 129 1 504 0.84343593555783947 10 0.93383702588460848 0.73907966391435576 739 0.81451892217891897 12 0.99485559624987696 0.82796633493248295 86 10.896364212036133 1 15.005681991577148 9.1884939765930174 0 0 0 0 0
103 5.1500000000000004 5.2000000000000002 331.07400000000001 4563 466468 8546 129 1 509 0.75648832865177806 10 1.1891560554504428 0.8797318563054507 745 0.6724768123813315 12 0.97535385510788097 0.78927513222454659 87 12.615772247314453 1 14.511590957641602 8.2977311134338372 0 0 0 0 0
104 5.2000000000000002 5.25 329.07299999999998 4481 470949 8549 129 1 514 0.7341113336502566 10 1.0064713881602378 0.81580480536771294 751 0.67271036836884768 12 0.78950379489533706 0.64841749021417394 88 13.248306274414062 1 15.239177703857422 9.3737706851959235 0 0 0 0 0
105 5.25 5.2999999999999998 330.07299999999998 4518 475467 8559 129 1 519 0.71917440115459408 10 1.0315984695676779 0.80843885813440663 759 0.75792717848857083 12 0.88943571950247968 0.78049741280941154 88 4.8737812042236328 1 12.98597240447998 8.2910614967346188 0 0 0 0 0
106 5.2999999999999998 5.3500000000000005 335.71800000000002 4510 479977 8562 129 1 524 0.75216106999488119 10 0.95330240234496122 0.76099279023825206 766 0.68091096120225358 12 1.0363200746522603 0.83300540086310848 89 5.8995885848999023 1 14.223316192626953 8.9844139480590819 0 0 0 0 0
107 5.3500000000000005 5.4000000000000004 336.71199999999999 4480 484457 8566 129 1 529 0.70739238271637572 10 1.0131597298951376 0.8379732643115142 775 0.88671878021896655 12 0.94644972308149133 0.76921614942722172 90 6.5309033393859863 1 14.828411102294922 9.3749771499633781 0 0 0 0 0
108 5.4000000000000004 5.4500000000000002 334.70299999999997 4543 489000 8568 129 1 535 0.88201946389698793 10 0.90739305299662409 0.77949433248726607 781 0.72668769617338469 12 0.90550857524614126 0.80708474595223789 91 7.7285909652709961 1 14.36689281463623 8.8142473030090329 0 0 0 0 0
109 5.4500000000000002 5.5 362.01499999999999 4511 493511 8579 129 1 540 0.85176047709371361 10 0.97975770456509459 0.8236081852370668 789 0.83191002301267691 12 0.94011566477852926 0.76069125080108679 92 8.7293357849121094 1 14.6829833984375 9.0092266082763679 0 0 0 0 0
110 5.5 5.5499999999999998 367.33800000000002 4514 498025 8583 129 1 545 0.82192319298961336 10 1.1094801602737299 0.82319074804244186 797 0.91220685944363877 12 0.93063465131295697 0.7853682455082196 93 9.7165412902832031 1 14.788201332092285 9.022631740570068 0 0 0 0 0
111 5.5499999999999998 5.6000000000000005 332.029 4484 502509 8589 129 1 549 0.71197968598137362 10 0.92338780197314918 0.74376842696090351 801 0.66933169163562156 12 0.89414397470048956 0.67288716202209131 94 10.481972694396973 1 15.024118423461914 9.2421947956085209 0 0 0 0 0
112 5.6000000000000005 5.6500000000000004 330.86599999999999 4554 507063 8599 129 1 555 0.8743174561984941 10 1.0921933712310246 0.79166111218046398 809 0.76261837279071676 12 0.93146409098360994 0.77250777148092942 95 12.12583065032959 1 14.517253875732422 8.3725255966186527 0 0 0 0 0
113 5.6500000000000004 5.7000000000000002 330.072 4452 511515 8608 129 1 560 0.93993250575121712 10 0.97829184908187017 0.72868976216996562 814 0.64221454399663047 12 0.79998210746090159 0.65974434589403319 96 13.600306510925293 1 14.733035087585449 8.5402191352844241 0 0 0 0 0
114 5.7000000000000002 5.75 330.91500000000002 4518 516033 8611 129 1 564 0.82550473114367506 10 0.92132061946142041 0.74820795230007098 824 0.93126802634749861 12 1.0292102894368205 0.79490848480381471 96 5.0032734870910645 1 13.331002235412598 8.5113500595092777 0 0 0 0 0
115 5.75 5.7999999999999998 329.48899999999998 4579 520612 8616 129 1 568 0.670609926971381 10 1.0004322397560048 0.78827176428028056 830 0.79322297041480605 12 0.91282767647424257 0.78531794382158571 97 7.4959497451782227 1 13.122950553894043 7.5321663522720339 0 0 0 0 0
116 5.7999999999999998 5.8500000000000005 329.32299999999998 4503 525115 8619 129 1 573 0.68792751214150771 10 1.0262671157247858 0.77650582319231831 837 0.77209224712002922 12 0.89311062796796492 0.77767690113534171 98 9.1339950561523438 1 14.182415008544922 8.3782822895050053 0 0 0 0 0
117 5.8500000000000005 5.9000000000000004 331.64400000000001 4495 529610 8623 129 1 577 0.64946198989703896 10 0.78618226266839231 0.6730027083488116 845 0.8380015175563057 12 1.0233031581281811 0.79961255640279805 99 10.69480037689209 1 14.436468124389648 8.4547498416900631 0 0 0 0 0
118 5.9000000000000004 5.9500000000000002 330.536 4547 534157 8632 129 1 582 0.75767837496173274 10 0.89448329307418362 0.68651296590523703 849 0.5732505868755382 12 0.82165682579680166 0.69454478213144466 100 12.715497970581055 1 14.33668327331543 7.9994435977935794 0 0 0 0 0
119 5.9500000000000002 6 330.11900000000003 4427 538584 8634 129 1 587 0.84483706977087947 11 0.89707884539557436 0.70736082011064061 857 0.73079916290778391 12 0.84061907881342279 0.70888645928527383 100 4.6777715682983398 1 12.463714599609375 7.9576193237304684 0 0 0 0 0
120 6 6.0499999999999998 331.07400000000001 4580 543164 8637 129 1 592 0.80937093090908063 11 1.0850376746990207 0.82876345296362186 864 0.74285520484114087 12 0.87174862981514334 0.7448208129793088 101 5.4366869926452637 1 14.485805511474609 9.2486513805389396 0 0 0 0 0
121 6.0499999999999998 6.1000000000000005 333.76400000000001 4510 547674 8639 129 1 596 0.6256182999239227 11 0.9978450173736082 0.81684192884948037 871 0.74791019608607245 12 0.89115201169884495 0.75175210330836606 102 5.8675227165222168 1 15.02073860168457 9.5734620285034175 0 0 0 0 0
122 6.1000000000000005 6.1500000000000004 329.339 4526 552200 8643 129 1 601 0.58539029238543283 11 1.1788310719313124 0.8334778042079718 880 0.92080650422135113 12 0.92080650422135113 0.80179981037228876 103 6.6970672607421875 1 14.609457969665527 9.1787263298034674 0 0 0 0 0
123 6.1500000000000004 6.2000000000000002 328.69499999999999 4483 556683 8647 129 1 606 0.70795888645671468 11 0.79831795178755904 0.67230376557859373 886 0.75496582394163758 12 0.97421706956376664 0.81283652991782429 104 8.0070819854736328 1 14.300948143005371 8.7030459117889407 0 0 0 0 0
124 6.2000000000000002 6.25 332.19999999999999 4514 561197 8650 129 1 610 0.59177724253714437 11 0.93034648787154939 0.7499443656797683 895 0.94371786165661553 12 0.96278222524309276 0.78610213896535297 105 9.0720071792602539 1 14.661035537719727 8.9456887149810793 0 0 0 0 0
125 6.25 6.2999999999999998 333.13600000000002 4480 565677 8652 129 1 615 0.64323901429909058 11 1.0053523650389642 0.7427018685143193 902 0.87363133156621775 12 1.0303003858875583 0.82614495367139607 106 11.282872200012207 1 14.059324264526367 7.8111692619323732 0 0 0 0 0
126 6.2999999999999998 6.3500000000000005 331.48000000000002 4500 570177 8657 129 1 621 0.88460459694665738 11 0.90247476783891656 0.71342093244466842 909 0.78350167773865365 12 0.98576089610924589 0.8459881181588047 107 13.663187980651855 1 14.220792770385742 7.6434074306488036 0 0 0 0 0
127 6.3500000000000005 6.4000000000000004 338.09699999999998 4549 574726 8660 129 1 626 0.86803018963157075 11 0.97671446235777237 0.8100600862175501 918 0.97283981655900542 12 1.03299682142364 0.78552188377605892 107 5.0264067649841309 1 13.39263916015625 8.5507026863098137 0 0 0 0 0
128 6.4000000000000004 6.4500000000000002 329.24799999999999 4456 579182 8665 129 1 631 0.87349610685077184 11 1.0457646136196792 0.78823943727380485 924 0.76662054433411841 12 1.0667142282466631 0.85281267295556296 108 6.4793195724487305 1 13.854571342468262 8.5615667247772222 0 0 0 0 0
129 6.4500000000000002 6.5 328.94600000000003 4531 583713 8670 129 1 635 0.73900949170512731 11 0.98165519886710972 0.76806691117416948 932 0.9352382427005953 12 0.99307014161871898 0.69792766684097396 109 7.3001327514648438 1 14.700657844543457 9.1873673248291023 0 0 0 0 0
130 6.5 6.5499999999999998 331.39999999999998 4515 588228 8675 129 1 641 0.88388975773187184 11 1.0372542092956529 0.80894460300961091 941 0.98085085801981586 12 1.0342992690769401 0.92781493723332065 110 8.57171630859375 1 14.417861938476562 8.7410891151428221 0 0 0 0 0
131 6.5499999999999998 6.6000000000000005 330.27699999999999 4464 592692 8678 129 1 646 0.90996354024905823 11 1.0259809968503357 0.76783687333335093 948 0.86406041997912764 12 1.0819474689058355 0.87238321524495988 111 10.342715263366699 1 14.24323844909668 8.2466524505615233 0 0 0 0 0
132 6.6000000000000005 6.6500000000000004 328.59100000000001 4553 597245 8682 129 1 649 0.66151243559839801 11 0.94816512919018869 0.72216542570420783 956 0.91326204434641312 12 0.96973495320794545 0.81615360420725802 112 11.438793182373047 1 14.83531379699707 8.9148454475402836 0 0 0 0 0
133 6.6500000000000004 6.7000000000000002 330.60000000000002 4455 601700 8688 129 1 654 0.68242758776231571 11 0.90702854250971965 0.7729440807710215 960 0.57291360855530449 12 0.93246574156439388 0.76938884137009567 113 13.912711143493652 1 14.193766593933105 7.5507364463806148 0 0 0 0 0
134 6.7000000000000002 6.75 328.38900000000001 4503 606203 8692 129 1 658 0.70842341331016578 11 0.75042740884768822 0.60918384424720706 969 0.79560102979035896 12 0.87533998753170705 0.75250492976032002 113 5.1182031631469727 1 13.637221336364746 8.7068609237670902 0 0 0 0 0
135 6.75 6.7999999999999998 330.13600000000002 4480 610683 8695 129 1 663 0.74996502651001018 11 0.91600928659496061 0.75252325886691418 974 0.58737440894552939 12 0.88688123907038086 0.74669197035025248 114 7.1034283638000488 1 13.471508979797363 8.0345629644393917 0 0 0 0 0
136 6.7999999999999998 6.8500000000000005 335.01999999999998 4479 615162 8701 129 1 668 0.72951985897906857 11 0.97635414590797232 0.81389222536787853 984 0.8786136037968193 12 0.97289806979140458 0.79274449482023568 115 9.6602020263671875 1 13.572076797485352 7.4687063980102542 0 0 0 0 0
137 6.8500000000000005 6.9000000000000004 331.24299999999999 4571 619733 8706 129 1 673 0.74068626656266168 11 1.083093987599457 0.78259560373270598 991 0.85227395349860224 12 0.92325733714840041 0.78283397440969493 116 11.49925708770752 1 14.328956604003906 8.1792735385894773 0 0 0 0 0
138 6.9000000000000004 6.9500000000000002 329.50200000000001 4537 624270 8708 129 1 677 0.68862032938643047 11 0.84108266293419987 0.68646781076408692 997 0.74132738571285228 12 0.87254408377767823 0.75848952205779252 117 13.742793083190918 1 14.303647041320801 7.7788278198242189 0 0 0 0 0
139 6.9500000000000002 7 329.67899999999997 4531 628801 8715 129 1 682 0.69770829444640958 11 0.9252431609052395 0.78465344414790805 1006 0.92248296999174961 12 0.989828700777862 0.79362285860873893 117 5.055692195892334 1 13.470667839050293 8.6005215740203855 0 0 0 0 0
140 7 7.0499999999999998 328.92200000000003 4513 633314 8721 129 1 688 0.84216652870331854 11 1.0317059617913704 0.8093623834163336 1011 0.72150664035851864 12 0.93574354227295053 0.73951400819624113 118 6.1341056823730469 1 14.208836555480957 8.9323332977294925 0 0 0 0 0
141 7.0499999999999998 7.1000000000000005 334.13799999999998 4481 637795 8725 129 1 692 0.73680632998468309 11 0.91917712862297252 0.73923075746639266 1017 0.62396159418885777 12 0.93465506086938599 0.74522149987757436 119 7.6902108192443848 1 14.012474060058594 8.4594031620025643 0 0 0 0 0
142 7.1000000000000005 7.1500000000000004 335.07900000000001 4498 642293 8725 129 1 697 0.64173690857334265 11 1.2358450965484997 0.88777280851930285 1027 0.94201849150689454 12 0.98046300174618217 0.76619395854620231 120 9.7365274429321289 1 13.955649375915527 7.9740759658813474 0 0 0 0 0
143 7.1500000000000004 7.2000000000000002 328.85300000000001 4505 646798 8732 132 1 702 0.66464329523079113 11 0.89996358327172132 0.77097274939773042 1033 0.73275689897646012 12 1.0168475755879887 0.85582469477530421 121 12.018653869628906 1 14.104021072387695 7.7406156158447263 0 0 0 0 0
144 7.2000000000000002 7.25 333.06900000000002 4544 651342 8734 132 1 707 0.74430213655864053 11 0.90909259092386407 0.71478585022040175 1040 0.71418490483524788 12 0.95172274116788946 0.77514364528096724 122 14.126030921936035 1 14.411396026611328 7.9136254787445068 0 0 0 0 0
145 7.25 7.2999999999999998 334.56299999999999 4480 655822 8736 132 1 711 0.62211301757273763 11 1.0121521869360381 0.75589209072721619 1048 0.87969154732648125 12 0.91559241505180156 0.70100766031549544 122 5.1966781616210938 1 13.846317291259766 8.8403599452972408 0 0 0 0 0
146 7.2999999999999998 7.3500000000000005 330.23200000000003 4532 660354 8740 132 1 717 0.77865247310170227 11 0.98526146298401407 0.79740170515273445 1054 0.66173816378412209 12 1.0198928199143495 0.86442983616627345 123 6.0183782577514648 1 14.509699821472168 9.1864903640747073 0 0 0 0 0
147 7.3500000000000005 7.4000000000000004 334.26299999999998 4532 664886 8746 132 1 722 0.84048482539167768 11 0.86170723703187146 0.73243461213424765 1061 0.71954346291911786 12 0.79339960559500167 0.69952760054861185 124 7.130561351776123 1 14.359184265136719 8.89890103340149 0 0 0 0 0
148 7.4000000000000004 7.4500000000000002 332.34699999999998 4467 669353 8751 132 1 727 0.84847475328144883 11 0.9566525296559657 0.7857404932711235 1069 0.73555193758074122 12 1.0695654311216969 0.84901598423051883 125 7.5397114753723145 1 15.183110237121582 9.594928255081177 0 0 0 0 0
149 7.4500000000000002 7.5 331.09100000000001 4582 673935 8755 132 1 731 0.77472266673096457 11 0.94039427429912725 0.70793769179356902 1077 0.8275104966517669 12 0.91055211879240361 0.77382283746160307 126 9.0238313674926758 1 14.294413566589355 8.5306706619262691 0 0 0 0 0
150 7.5 7.5499999999999998 335.05700000000002 4452 678387 8757 132 1 735 0.71308457567578565 11 0.80400055114712377 0.69594445513827963 1083 0.70593303178929212 12 0.96758672830527381 0.76901447164509451 127 10.090365409851074 1 14.754980087280273 8.9440977001190181 0 0 0 0 0
151 7.5499999999999998 7.6000000000000005 330.05599999999998 4529 682916 8758 132 1 740 0.7598652901157511 11 0.9097239169336514 0.74733628944035702 1091 0.77048854076190698 12 0.94586371386638135 0.80095285525896032 128 11.345959663391113 1 14.714916229248047 8.7569200801849369 0 0 0 0 0
152 7.6000000000000005 7.6500000000000004 329.61799999999999 4504 687420 8761 132 1 744 0.68912180454011995 11 0.83109336940660461 0.70495909488153896 1098 0.79988534613629558 12 0.83318826527866108 0.72765289287659285 128 4.1739473342895508 1 11.121294975280762 7.1005347728729244 0 0 0 0 0
153 7.6500000000000004 7.7000000000000002 331.32299999999998 4479 691899 8765 132 1 749 0.66547151501216595 11 1.1193412031446186 0.81706543498569095 1104 0.69566882054077372 12 0.90223371403593944 0.75182658528361546 129 6.0740346908569336 1 13.250330924987793 8.118851528167724 0 0 0 0 0
154 7.7000000000000002 7.75 334.24099999999999 4547 696446 8770 132 1 755 0.87444519996643066 11 1.1340941209641715 0.74549004962520005 1110 0.65230821120647853 12 0.81282603348364513 0.69157715747101123 130 7.7778778076171875 1 13.891585350036621 8.3131379795074469 0 0 0 0 0
155 7.75 7.7999999999999998 329.87900000000002 4494 700940 8773 132 1 760 0.8318852924165272 11 1.0042187902662489 0.83578654402778296 1119 0.86095801251662696 12 1.0150146204892736 0.76640264836274552 131 9.366520881652832 1 14.255481719970703 8.4271905517578123 0 0 0 0 0
156 7.7999999999999998 7.8500000000000005 329.505 4495 705435 8774 132 1 764 0.76834861059037463 11 0.86631060025048634 0.69782406651784468 1125 0.72380882497611554 12 0.90499916656650936 0.78443102708984536 132 11.71547794342041 1 14.025972366333008 7.6744522666931152 0 0 0 0 0
157 7.8500000000000005 7.9000000000000004 329.995 4524 709959 8775 132 1 769 0.80707261912406436 11 1.0202437960912312 0.75531276560965022 1133 0.77573015187704308 12 1.0060676572846137 0.81346101178599217 132 4.3098840713500977 1 11.483495712280273 7.3317852401733399 0 0 0 0 0
158 7.9000000000000004 7.9500000000000002 329.63999999999999 4478 714437 8778 132 1 772 0.63218462845635792 11 0.79109150407806272 0.64933549393737122 1141 0.81197014935130851 12 0.92392435541791684 0.82898607445320349 133 5.3764123916625977 1 14.041550636291504 8.944101963043213 0 0 0 0 0
159 7.9500000000000002 8 329.94799999999998 4553 718990 8778 132 1 776 0.54404084597315105 11 0.90967573130887647 0.72218595067778291 1146 0.65694557562270894 12 0.79589206951335412 0.69402004658714589 134 6.7970423698425293 1 13.964065551757812 8.5935287761688226 0 0 0 0 0
160 8 8.0500000000000007 329.63099999999997 4457 723447 8784 132 1 780 0.51738432227146058 11 0.87025461541045279 0.66131143857976282 1156 0.92200645347570143 12 0.94063220717504403 0.8186618608413585 135 8.0438594818115234 1 14.366636276245117 8.7656119060516353 0 0 0 0 0
161 8.0500000000000007 8.0999999999999996 329.41199999999998 4551 727998 8788 132 1 786 0.75230613019731307 11 1.0155069487435477 0.71980035554883715 1162 0.75249146494913988 12 0.93080004900694291 0.8164742325323745 136 11.566391944885254 1 13.304516792297363 6.5125740718841554 0 0 0 0 0
162 8.0999999999999996 8.1500000000000004 331.07400000000001 4525 732523 8788 132 1 791 0.76788673892853754 11 0.9432971742418077 0.77822555008388727 1170 0.80326579035939494 12 0.9059014605912018 0.81459664742648774 137 13.579131126403809 1 14.418817520141602 8.0073227024078371 0 0 0 0 0
163 8.1500000000000004 8.1999999999999993 329.88099999999997 4451 736974 8789 132 1 797 0.88432940982636954 11 1.1161122851901584 0.83709873377330735 1178 0.85393053236341987 12 0.96280396254481526 0.81470515538520583 137 4.9954843521118164 1 13.310246467590332 8.4980982208251952 0 0 0 0 0
164 8.1999999999999993 8.25 331.64299999999997 4590 741564 8793 132 1 801 0.69516396900964161 11 1.0769436548626612 0.82220077771989108 1184 0.73700174386738937 12 0.90357086731221659 0.76441209002790611 138 5.7052106857299805 1 14.605230331420898 9.2973460197448734 0 0 0 0 0
165 8.25 8.3000000000000007 332.959 4483 746047 8796 132 1 808 0.96829792809864834 11 1.0281740673004636 0.84069940705148016 1190 0.68011287228972028 12 0.89440668814664559 0.70497047107297983 139 7.0153536796569824 1 14.12718391418457 8.7029144191741938 0 0 0 0 0
166 8.3000000000000007 8.3499999999999996 334.666 4482 750529 8801 132 1 813 0.88360529475741911 11 0.99895115504189147 0.87749939623333162 1199 0.81919381529426305 12 0.99222472939086526 0.83527819003935933 140 7.8013501167297363 1 14.795106887817383 9.2218382263183596 0 0 0 0 0
167 8.3499999999999996 8.4000000000000004 336.07799999999997 4509 755038 8804 132 1 818 0.87870715818707901 11 0.97282383177015519 0.79850011920172048 1206 0.84256241987915581 12 0.86324535834278937 0.73362106430533691 141 9.1200847625732422 1 14.446884155273438 8.6944104003906251 0 0 0 0 0
168 8.4000000000000004 8.4499999999999993 354.46499999999997 4531 759569 8805 132 1 822 0.72589633057987879 11 1.0014059127323212 0.78620861587070268 1212 0.71211844549091163 12 0.94655694426989145 0.77779259716988502 142 11.461067199707031 1 13.998579025268555 7.6823480987548827 0 0 0 0 0
169 8.4499999999999993 8.5 342.108 4545 764114 8808 132 1 827 0.74976241458503023 11 1.0127876367833879 0.77002262947105227 1220 0.88822588588669971 12 0.88822588588669971 0.69051256583564813 142 4.2162928581237793 1 11.234123229980469 7.1725712203979493 0 0 0 0 0
170 8.5 8.5500000000000007 341.78899999999999 4493 768607 8813 132 1 833 0.95548964540163672 11 1.0559793488373832 0.74870401234144257 1225 0.58793084769976967 12 1.029771526703543 0.83784270143321948 143 5.341982364654541 1 13.951629638671875 8.8855308723449706 0 0 0 0 0
171 8.5500000000000007 8.5999999999999996 398.94799999999998 4538 773145 8815 132 1 837 0.76790365020907114 11 1.0760647418007019 0.82063717874506137 1234 0.75546420615277432 12 0.94136627910387982 0.80710931625246796 144 6.5954146385192871 1 14.102811813354492 8.7590611267089837 0 0 0 0 0
172 8.5999999999999996 8.6500000000000004 336.767 4454 777599 8817 132 1 843 0.9213583013486295 11 1.0182583605841038 0.80045558152099461 1239 0.58455931948236428 12 0.87205989890255076 0.70974214645998368 145 7.9696826934814453 1 14.234156608581543 8.6394283676147463 0 0 0 0 0
173 8.6500000000000004 8.7000000000000011 333.36599999999999 4534 782133 8820 132 1 847 0.71596617219112224 11 1.0931088559270379 0.83826570397922895 1249 0.8559134829791426 12 1.0329991028566075 0.81243129152561755 146 9.7025632858276367 1 14.187906265258789 8.2843894290924069 0 0 0 0 0
174 8.7000000000000011 8.75 333.89400000000001 4531 786664 8820 132 1 851 0.62094338673595639 11 0.88741918326547697 0.72899649713890613 1257 0.87880603848276917 12 0.96691653438516567 0.84220050393049528 147 11.20329475402832 1 14.529889106750488 8.5142248630523678 0 0 0 0 0
175 8.75 8.8000000000000007 329.57999999999998 4534 791198 8823 132 1 857 0.81608931076461599 11 0.92803402657857137 0.75917992087265906 1262 0.62640114039988126 12 0.91597655528300514 0.79042992835592574 148 13.445552825927734 1 14.276979446411133 7.7800880050659176 0 0 0 0 0
176 8.8000000000000007 8.8499999999999996 328.67599999999999 4469 795667 8826 132 1 862 0.90314492469769903 11 0.97836518826587715 0.70746279514977706 1271 0.8752865068413116 12 0.91100759763975403 0.72656801093832857 148 4.946345329284668 1 13.179312705993652 8.4145030498504632 0 0 0 0 0
177 8.8499999999999996 8.9000000000000004 330.28100000000001 4506 800173 8833 132 1 867 0.87490766703073553 11 1.1017727719218884 0.82160659604253594 1278 0.82821977092204868 12 0.93381513862593757 0.80335432870202783 149 6.1802248954772949 1 14.032194137573242 8.7784176158905023 0 0 0 0 0
178 8.9000000000000004 8.9500000000000011 332.05700000000002 4562 804735 8836 132 1 873 1.0032473713590806 11 1.0235143099796713 0.82532031046070486 1285 0.83689384630604369 12 0.88864446452038515 0.74816915419878971 150 7.390749454498291 1 14.299560546875 8.8015412235260015 0 0 0 0 0
179 8.9500000000000011 9 331.56900000000002 4503 809238 8838 132 1 878 0.94768386107205604 11 1.0685104969779786 0.84866059019865825 1291 0.71860362540024358 12 0.88145714964012845 0.76575998465797368 151 9.0952930450439453 1 14.122323036193848 8.312445249557495 0 0 0 0 0
180 9 9.0500000000000007 330.827 4473 813711 8841 132 1 883 0.93612138773353348 11 1.0319758109208268 0.80509801673272174 1299 0.67648681391131238 12 1.1168432679631419 0.90656183023609804 152 9.7223596572875977 1 15.095975875854492 9.3791843795776373 0 0 0 0 0
181 9.0500000000000007 9.0999999999999996 329.28899999999999 4515 818226 8841 132 1 888 0.79435645970507029 11 1.1880659187387383 0.93400289495705668 1309 1.0521020550721301 12 1.0521020550721301 0.70920933177896051 153 11.846384048461914 1 14.182696342468262 7.8971445941925049 0 0 0 0 0
182 9.0999999999999996 9.1500000000000004 330.05799999999999 4518 822744 8843 132 1 893 0.78133490468749078 11 0.96844722817568907 0.80654265270152281 1314 0.69400376522145868 12 1.0782467927217383 0.89506998395916038 154 13.682131767272949 1 14.528186798095703 8.182545471191407 0 0 0 0 0
183 9.1500000000000004 9.2000000000000011 329.44499999999999 4542 827286 8848 132 1 899 0.96443493836878202 11 1.1323249087057998 0.77110575823339089 1322 0.79038817956603158 12 0.87808517169213629 0.76944102703116035 154 5.0333766937255859 1 13.41120719909668 8.5625587272644044 0 0 0 0 0
184 9.2000000000000011 9.25 329.95999999999998 4445 831731 8849 132 1 903 0.86015490447529341 11 0.94533783190492104 0.73816138945711773 1328 0.66002183093019207 12 0.94156914965683791 0.77771573765098723 155 6.3003311157226562 1 14.021640777587891 8.7456726741790778 0 0 0 0 0
185 9.25 9.3000000000000007 328.90699999999998 4543 836274 8853 132 1 909 1.0542248314146494 11 1.0755215541005301 0.76024522609423517 1336 0.7761156513117532 12 1.026901653851461 0.74992810903846985 156 7.041506290435791 1 14.758541107177734 9.2662109470367433 0 0 0 0 0
186 9.3000000000000007 9.3499999999999996 329.94600000000003 4481 840755 8853 132 1 913 0.83401966787899529 11 1.0392524491607946 0.85293109871299233 1341 0.56778062176466892 12 0.8766875076818168 0.74679926015794251 157 9.0956258773803711 1 13.84318733215332 7.9663536167144775 0 0 0 0 0
187 9.3499999999999996 9.4000000000000004 329.29899999999998 4530 845285 8855 132 1 918 0.83975337781096737 11 0.92807098023542667 0.78797417332525399 1350 0.76395556920560426 12 1.0184342753530498 0.77875314040498989 158 13.050708770751953 1 13.314350128173828 6.0843351602554323 0 0 0 0 0
188 9.4000000000000004 9.4500000000000011 329.31999999999999 4549 849834 8857 132 1 921 0.55383383721290502 11 0.9458668501452604 0.75926046449714857 1357 0.71875999876096641 12 0.96583717993831864 0.80150176315928046 159 14.701749801635742 1 14.701749801635742 8.3654141998291021 0 0 0 0 0
189 9.4500000000000011 9.5 329.78199999999998 4452 854286 8857 132 1 926 0.59945586920681548 11 0.94958225302467747 0.74848346099306573 1364 0.70284184718510845 12 0.94723983657871991 0.77251632115134117 159 5.408473014831543 1 14.410635948181152 9.2006560039520267 0 0 0 0 0
190 9.5 9.5500000000000007 330.291 4516 858802 8857 132 1 931 0.61877045866006908 11 1.0832641087069861 0.77452881996191247 1372 0.85906541731393016 12 0.87641966893458412 0.71019834092787038 160 6.0962924957275391 1 14.697545051574707 9.3190359973907473 0 0 0 0 0
191 9.5500000000000007 9.5999999999999996 332.77699999999999 4532 863334 8860 132 1 936 0.76178669197663995 11 0.84190447896999676 0.65205991278002529 1377 0.69033584922927316 12 0.89531721254505692 0.70758855561015632 161 7.1592259407043457 1 14.416905403137207 8.9476614189147945 0 0 0 0 0
192 9.5999999999999996 9.6500000000000004 332.88200000000001 4485 867819 8863 132 1 941 0.70325894061626959 11 1.1829006471810526 0.85159534943427517 1386 0.87217691546224207 12 0.97268696068377059 0.79294418524381216 162 7.7509040832519531 1 14.996384620666504 9.4142195034027107 0 0 0 0 0
193 9.6500000000000004 9.7000000000000011 330.88499999999999 4478 872297 8866 132 1 946 0.75619246061531331 11 0.93228133259708645 0.7412448484846127 1393 0.78359164972278306 12 0.9570808796135778 0.84445919370303557 163 10.796866416931152 1 13.45372200012207 6.9843958520889284 0 0 0 0 0
194 9.7000000000000011 9.75 330.33600000000001 4523 876820 8867 132 1 950 0.73123110175208017 11 0.78252676925326548 0.65963332022414212 1401 0.88864905221782609 12 1.0243724290946596 0.76085454867874902 164 13.87260627746582 1 13.87260627746582 6.9549148082733154 0 0 0 0 0
195 9.75 9.8000000000000007 331.08999999999997 4496 881316 8869 132 1 955 0.81698708399472886 11 1.0180285362251715 0.70874944991296174 1406 0.66541943234309708 12 0.87550924571559019 0.76154535998627537 164 5.1034483909606934 1 13.597909927368164 8.6817617893219001 0 0 0 0 0
196 9.8000000000000007 9.8499999999999996 331.00599999999997 4504 885820 8871 132 1 958 0.60264666561849833 11 0.85334385814395208 0.68839473771237503 1415 0.83983115565921207 12 0.96603571775807284 0.80029954026120709 165 6.2380218505859375 1 14.163417816162109 8.8767365932464593 0 0 0 0 0
197 9.8499999999999996 9.9000000000000004 333.23000000000002 4487 890307 8875 132 1 963 0.70772427789113557 11 0.9447833864327233 0.68962040180999429 1422 0.8394203469009438 12 0.94835379030861022 0.7571634404783838 166 7.515385627746582 1 14.252781867980957 8.7353688526153572 0 0 0 0 0
198 9.9000000000000004 9.9500000000000011 328.99099999999999 4583 894890 8878 132 1 968 0.65375343915004047 11 1.0440056733636975 0.847083653153899 1429 0.75775419193472027 12 0.95033821874580149 0.83760901908568175 167 8.7698125839233398 1 14.458972930908203 8.7580762863159176 0 0 0 0 0
199 9.9500000000000011 10 336.59500000000003 4572 899462 8879 132 1 973 0.71928403801476226 11 0.88488431699007852 0.72877321150645147 1437 0.89446593458246548 12 0.93096976648273788 0.72951558462283161 168 11.833455085754395 1 13.611713409423828 6.9668907880783078 0 0 0 0 0
200 10 10.050000000000001 332.47300000000001 4413 903875 8882 132 1 979 0.82017723086225025 11 1.0361432361887073 0.85249333587460407 1443 0.77261464898978705 12 0.916380425044939 0.76928559810186703 168 4.3532857894897461 1 11.599137306213379 7.4056188297271728 0 0 0 0 0
201 10.050000000000001 10.1 333.01299999999998 4558 908433 8885 132 1 982 0.51368015897048602 11 1.0983897307968757 0.77963294497868474 1451 0.79076993756227143 12 1.0624970653010992 0.84689052795906306 169 5.8757061958312988 1 13.610284805297852 8.4927541112899778 0 0 0 0 0
202 10.1 10.15 332.55399999999997 4487 912920 8887 132 1 987 0.55778576981623729 11 1.0368832866139817 0.74998479321939993 1457 0.70069241466201648 12 0.89330153385355171 0.73782846333284358 170 7.931145191192627 1 13.609896659851074 7.9650451707839967 0 0 0 0 0
203 10.15 10.200000000000001 331.56599999999997 4517 917437 8889 132 1 993 0.75299117461355569 11 0.99630493861847924 0.75912103166292355 1466 0.8931065417019276 12 1.0273170148483703 0.78247654087180241 171 9.6883859634399414 1 14.16717529296875 8.2602713966369627 0 0 0 0 0
204 10.200000000000001 10.25 332.81099999999998 4552 921989 8889 132 1 996 0.52935728927988546 11 0.92673108792721559 0.69759548867824828 1471 0.64366051576743677 12 0.92720168151285964 0.7875005176136074 172 12.171379089355469 1 14.000417709350586 7.541751184463501 0 0 0 0 0
205 10.25 10.300000000000001 329.60599999999999 4507 926496 8893 132 1 1002 0.71388302760632116 11 1.0712053262116812 0.76969429512355314 1480 0.86563561946162215 12 0.9377318414368393 0.75321011712279895 173 14.378261566162109 1 14.378261566162109 7.8151121520996094 0 0 0 0 0
206 10.300000000000001 10.35 333.27499999999998 4551 931047 8894 132 1 1008 0.87697177391298231 11 0.98878283048913773 0.79091758914684851 1485 0.67407606258973041 12 0.84849489564193681 0.73019096116404536 173 5.2894682884216309 1 14.093552589416504 8.9982101249694821 0 0 0 0 0
207 10.35 10.4 331.67099999999999 4499 935546 8896 132 1 1013 0.80165958901550205 11 1.0173553581843318 0.86821236311991223 1493 0.78605360970559124 12 0.91471551841734988 0.75400337102810311 174 6.5760941505432129 1 14.061503410339355 8.7261958789825442 0 0 0 0 0
208 10.4 10.450000000000001 329.45699999999999 4498 940044 8896 132 1 1019 0.99262298219999501 11 0.99262298219999501 0.76332077106885976 1502 0.90938867618128383 12 1.0253328468911058 0.85086702277236059 175 8.7955989837646484 1 13.656985282897949 7.8026177787780764 0 0 0 0 0
209 10.450000000000001 10.5 328.80599999999998 4512 944556 8899 132 1 1022 0.64456629052868997 11 1.0200983369511312 0.82077823972617669 1508 0.75568987641920038 12 0.8971727030224862 0.80081561202549412 176 10.006401062011719 1 14.632204055786133 8.8012649917602541 0 0 0 0 0
210 10.5 10.550000000000001 329.28199999999998 4500 949056 8904 132 1 1027 0.62206650864265411 11 1.0740081080693629 0.8159262878096325 1514 0.65524000772076763 12 0.84980030518061656 0.74809753406680413 177 11.163908958435059 1 14.771299362182617 8.8540283298492426 0 0 0 0 0
211 10.550000000000001 10.6 332.875 4472 953528 8906 132 1 1034 0.98879231358625874 11 1.0291456540047319 0.74804018504939263 1521 0.6589022241088458 12 0.90493389516570111 0.75313100208729855 178 12.88807201385498 1 14.531259536743164 8.2930213165283195 0 0 0 0 0
212 10.6 10.65 331.48099999999999 4513 958041 8907 132 1 1038 0.84817967368751179 11 0.96921293355935811 0.77413185470661983 1531 0.92178508397762027 12 0.98886763969075264 0.82081818810380736 179 14.253707885742188 1 14.83541202545166 8.6479737567901616 0 0 0 0 0
213 10.65 10.700000000000001 332.06700000000001 4573 962614 8911 132 1 1042 0.8549398374869237 11 0.90780635187442027 0.62822787251701795 1539 0.92583121995692752 12 0.97965458534892524 0.8608590099106922 179 5.2436485290527344 1 13.971466064453125 8.9202634716033931 0 0 0 0 0
214 10.700000000000001 10.75 338.26499999999999 4475 967089 8913 132 1 1047 0.79260972840138277 11 1.0454731614351955 0.85535963751109068 1545 0.75060462371732117 12 0.99314725334591847 0.82212892804290094 180 6.7482004165649414 1 13.863723754882812 8.5104419136047369 0 0 0 0 0
215 10.75 10.800000000000001 334.02199999999999 4513 971602 8915 132 1 1053 0.9405552816105428 11 0.9405552816105428 0.80590990095253379 1552 0.70875543984210265 12 0.93988258065409191 0.79818885752322732 181 8.1378717422485352 1 14.246747970581055 8.6241778469085695 0 0 0 0 0
216 10.800000000000001 10.85 335.55900000000003 4554 976156 8916 132 1 1056 0.73424783957446205 11 0.92193104017322336 0.68044190897185819 1560 0.78560172496616454 12 1.0123037275430502 0.7887845156499067 182 9.4989538192749023 1 14.457042694091797 8.6524821949005126 0 0 0 0 0
217 10.85 10.9 332.5 4500 980656 8918 132 1 1060 0.5799794079693289 11 1.0057952374470329 0.7876515408569208 1566 0.71700229284328842 12 0.81787598495548941 0.71656440580697445 183 10.829061508178711 1 14.617701530456543 8.6831492614746093 0 0 0 0 0
218 10.9 10.950000000000001 330.06900000000002 4568 985224 8920 132 1 1066 0.78979112255284933 11 0.94456867995882021 0.74466029403632061 1574 0.81614601778219042 12 0.89137472972475396 0.76670926601721889 184 12.420577049255371 1 14.575680732727051 8.4243459892272945 0 0 0 0 0
219 10.950000000000001 11 330.31299999999999 4543 989767 8928 132 1 1070 0.63790757467712234 11 1.0104925664510978 0.78529048661102252 1578 0.55164034797029782 12 0.8604319284695241 0.69430197584337183 184 4.569277286529541 1 12.174633026123047 7.7730526924133301 0 0 0 0 0
220 11 11.050000000000001 330.99299999999999 4497 994264 8929 132 1 1075 0.73727049414084611 11 0.88267290898652073 0.69527822121025562 1589 0.9621581039416629 12 0.98606449900497051 0.7827628150217335 185 5.7062525749206543 1 14.035112380981445 8.8743556499481198 0 0 0 0 0
221 11.050000000000001 11.1 330.62099999999998 4471 998735 8932 132 1 1080 0.83234164767590146 11 0.99649377370460879 0.69952717241155138 1594 0.7267950220461431 12 1.0131605524028575 0.77355791393161522 186 7.3197565078735352 1 13.881776809692383 8.4025744056701654 0 0 0 0 0
222 11.1 11.15 329.66500000000002 4501 1003236 8936 132 1 1085 0.7708234673476474 11 1.0667433133237705 0.85455586742567102 1602 0.75271834163876195 12 1.0207000645333775 0.83919997606190166 187 9.463470458984375 1 13.838283538818359 7.8776530075073241 0 0 0 0 0
223 11.15 11.200000000000001 328.01799999999997 4497 1007733 8936 132 1 1090 0.76615595060761832 11 1.0397528201828186 0.79827175783869175 1610 0.8191746108189093 12 1.0179244294868015 0.79907091871126101 188 10.964175224304199 1 14.507024765014648 8.5142499256134041 0 0 0 0 0
224 11.200000000000001 11.25 329.404 4488 1012221 8938 132 1 1095 0.79783335186215831 11 0.89955456862407268 0.76228910484061474 1616 0.72879547982203707 12 0.80544351593837471 0.73812704537495 189 11.978960990905762 1 14.926704406738281 8.9953265762329107 0 0 0 0 0
225 11.25 11.300000000000001 328.31099999999998 4514 1016735 8939 132 1 1099 0.6892138341117614 11 0.91191926078205254 0.74245762499570434 1623 0.75422565205343428 12 0.88967437568882468 0.7315801463158903 190 12.512790679931641 1 15.28315544128418 9.4714916229248054 0 0 0 0 0
226 11.300000000000001 11.35 338.11399999999998 4532 1021267 8941 132 1 1105 0.75452470779422942 11 1.0809844032167168 0.8877211000049603 1631 0.83880337099261282 12 1.0344586057042762 0.78113003473237097 191 13.039983749389648 1 15.302562713623047 9.4780572032928472 0 0 0 0 0
227 11.35 11.4 331.12799999999999 4485 1025752 8946 132 1 1110 0.77157526924498077 11 1.0840227036249277 0.77677016477738714 1639 0.87370860826075403 12 0.99027868427604493 0.83030755200537021 192 13.404363632202148 1 15.41868782043457 9.6392513275146481 0 0 0 0 0
228 11.4 11.450000000000001 333.37299999999999 4532 1030284 8947 132 1 1115 0.92125027946063986 11 0.92125027946063986 0.64546746291812429 1645 0.69705485288572089 12 0.9694427593354531 0.82354168570904163 193 13.889678955078125 1 15.350468635559082 9.5195216751098641 0 0 0 0 0
229 11.450000000000001 11.5 331.99299999999999 4564 1034848 8947 132 1 1118 0.5943507566338514 11 1.042280866040129 0.79983201426646422 1652 0.71918385223104597 12 0.99762020743139934 0.73484825425156186 193 5.1097283363342285 1 13.614645004272461 8.6924456310272209 0 0 0 0 0
230 11.5 11.550000000000001 331.88900000000001 4461 1039309 8949 132 1 1123 0.7087626314115909 11 0.86286056562075686 0.68037928558886163 1659 0.73387855961951876 12 0.87697716565069739 0.74220844315921108 194 5.7472386360168457 1 14.712821006774902 9.3688421630859366 0 0 0 0 0
231 11.550000000000001 11.6 331.32600000000002 4526 1043835 8951 132 1 1126 0.52768587699485225 11 0.91211230100856955 0.65546261634618574 1667 0.89418981494979832 12 0.9665600940633905 0.70615136433176517 195 6.838038444519043 1 14.332077980041504 8.9200759029388426 0 0 0 0 0
232 11.6 11.65 329.92000000000002 4497 1048332 8954 132 1 1132 0.72957180741997008 11 0.96954454670822832 0.75250720192870479 1673 0.74591375216959688 12 0.94333829316751072 0.79544701760073755 196 8.4017219543457031 1 14.131925582885742 8.451901540756225 0 0 0 0 0
233 11.65 11.700000000000001 329.738 4528 1052860 8956 132 1 1137 0.76113111253768684 11 0.95757924093465718 0.76240601142809283 1680 0.714960791302931 12 0.89089593017246493 0.78740123495405312 197 10.573578834533691 1 13.990217208862305 7.8497865390777584 0 0 0 0 0
234 11.700000000000001 11.75 331.44200000000001 4491 1057351 8957 132 1 1143 0.86294017897711861 11 0.97616760882120279 0.85158660135571917 1688 0.82298819655410915 12 1.0673580279291215 0.75791404277368113 198 13.790462493896484 1 13.790462493896484 6.8151759099960323 0 0 0 0 0
235 11.75 11.800000000000001 333.221 4494 1061845 8958 132 1 1147 0.75456731281583267 11 0.88549285843258807 0.74221349140954407 1694 0.73567418782743121 12 0.82947027901256443 0.73509240260322073 198 5.0732302665710449 1 13.517393112182617 8.6303553581237793 0 0 0 0 0
236 11.800000000000001 11.85 329.827 4497 1066342 8958 132 1 1150 0.63817953164615326 11 0.77947423287800377 0.59141828164221733 1702 0.80917304574642379 12 0.96559921039597363 0.79209849154939183 199 6.3149914741516113 1 14.054269790649414 8.7706138324737548 0 0 0 0 0
237 11.85 11.9 328.52800000000002 4546 1070888 8959 132 1 1156 0.88275995188289214 11 0.91878603990115815 0.71023822711100659 1708 0.69626090899934145 12 0.91735092891225745 0.7604354994646475 200 7.6491641998291016 1 14.219239234924316 8.6791265201568599 0 0 0 0 0
238 11.9 11.950000000000001 333.92099999999999 4558 1075446 8962 132 1 1161 0.8740592057861033 11 0.94685700985174326 0.80226492259119231 1715 0.65437914426366084 12 0.94551587067137077 0.79822116247087105 201 9.8609695434570312 1 13.854141235351562 7.8102402877807613 0 0 0 0 0
239 11.950000000000001 12 330.005 4491 1079937 8964 132 1 1164 0.6875057535926028 11 0.85675168167504057 0.66088482247754243 1722 0.7332646144572319 12 0.82675349618846583 0.6786574608255036 202 12.586135864257812 1 13.909830093383789 7.301991529464722 0 0 0 0 0
240 12 12.050000000000001 329.31400000000002 4527 1084464 8964 132 1 1168 0.57150264446520138 11 0.87043462001851624 0.74976754271410517 1728 0.64590075945883552 12 0.84432631643486988 0.73514174359831908 203 13.769641876220703 1 14.916475296020508 8.8282871627807609 0 0 0 0 0
241 12.050000000000001 12.1 329.91699999999997 4567 1089031 8967 132 1 1174 0.69354580444402048 11 1.1308749690430151 0.83155402320599781 1736 0.78448261461556534 12 0.901905156874657 0.72766420986619873 203 5.0655722618103027 1 13.496984481811523 8.6173259735107415 0 0 0 0 0
242 12.1 12.15 328.09300000000002 4451 1093482 8968 132 1 1180 0.91747876809215145 11 0.95492174320425538 0.73067993727501546 1742 0.67176999509879531 12 0.95074683496405188 0.76023787379513774 204 6.4020447731018066 1 13.965875625610352 8.6768481063842771 0 0 0 0 0
243 12.15 12.200000000000001 328.53199999999998 4528 1098010 8972 132 1 1185 0.86143939930295188 11 1.0553135162308103 0.84913166403142171 1749 0.77775079019162163 12 0.89569233288633299 0.65183217304759467 205 7.5757250785827637 1 14.367215156555176 8.8380164813995368 0 0 0 0 0
244 12.200000000000001 12.25 329.77100000000002 4529 1102539 8976 132 1 1190 0.84503955027413746 11 1.0321335328949823 0.80988730712069423 1754 0.61833945207861829 12 0.81814327590568225 0.69836314084452222 206 9.0370798110961914 1 14.315400123596191 8.5532088661193839 0 0 0 0 0
245 12.25 12.300000000000001 330.44 4525 1107064 8977 132 1 1195 0.78228701946754309 11 1.0990721366944767 0.85577792796587171 1763 0.83125438029961385 12 0.85236738533044998 0.76218009667328612 207 10.513916969299316 1 14.479000091552734 8.5378873825073249 0 0 0 0 0
246 12.300000000000001 12.35 329.03100000000001 4481 1111545 8980 132 1 1199 0.67541565787461066 11 0.8936624782426017 0.74072688580268897 1768 0.68074005993495412 12 0.84429068493893267 0.6895547335725325 208 13.768515586853027 1 13.768515586853027 6.7778380966186527 0 0 0 0 0
247 12.35 12.4 330.81 4467 1116012 8983 132 1 1205 0.83557113496557112 11 1.0721446325085939 0.7938216912530599 1777 0.89255435988099874 12 0.9871930786900891 0.76326957882450452 208 5.0651545524597168 1 13.495881080627441 8.6166192436218267 0 0 0 0 0
248 12.4 12.450000000000001 329.245 4551 1120563 8988 132 1 1208 0.61892209864324998 11 0.83545738279021209 0.69068036599749971 1783 0.74806394836922341 12 0.89865892357458788 0.79169909110369485 209 6.1375880241394043 1 14.216899871826172 8.9382558822631832 0 0 0 0 0
249 12.450000000000001 12.5 329.67599999999999 4561 1125124 8989 132 1 1215 0.88052915343423444 11 1.0754806265874308 0.85211132717629268 1790 0.68433083844330034 12 1.0190291353326917 0.81985474863622243 210 7.273735523223877 1 14.357463836669922 8.8751736450195313 0 0 0 0 0
250 12.5 12.550000000000001 330.01999999999998 4457 1129581 8989 132 1 1218 0.61343650300321839 11 0.93792941939410945 0.7406212756382522 1797 0.69254239765663894 12 0.88151546040595219 0.74862707288694874 211 8.3312063217163086 1 14.585210800170898 8.9530681705474855 0 0 0 0 0
251 12.550000000000001 12.6 331.738 4522 1134103 8990 132 1 1224 0.78178187489480944 11 0.95529144737474059 0.78571338000089685 1804 0.66690627094968469 12 1.0523978062601458 0.78213728265847426 212 10.547638893127441 1 13.955894470214844 7.8056573772430422 0 0 0 0 0
252 12.6 12.65 329.49200000000002 4554 1138657 8990 132 1 1229 0.83144947081099319 11 0.91872833059899262 0.74447818650515729 1811 0.72571962789948563 12 0.8633414081227716 0.69852961439766614 213 12.838749885559082 1 14.189010620117188 7.7317235660552974 0 0 0 0 0
253 12.65 12.700000000000001 333.76600000000002 4441 1143098 8991 132 1 1233 0.70301897312553285 11 0.9489763114436337 0.76207115406501813 1817 0.60375950539851464 12 0.96733072923682961 0.76939332904268398 214 14.427729606628418 1 14.719188690185547 8.4268594074249261 0 0 0 0 0
254 12.700000000000001 12.75 335.87700000000001 4561 1147659 8992 132 1 1239 0.80580406350851441 11 1.0040936190586172 0.85062026315763761 1826 0.86652630339507797 12 0.90188989643315098 0.71282508243679787 214 5.3076672554016113 1 14.142041206359863 9.0291686439514152 0 0 0 0 0
255 12.75 12.800000000000001 330.19900000000001 4432 1152091 8997 132 1 1243 0.65626466398784655 11 0.92354068368819309 0.78296969492345825 1832 0.79742603794094613 12 0.8638413134660482 0.71706024422761661 215 6.4012370109558105 1 14.246210098266602 8.9173292064666754 0 0 0 0 0
256 12.800000000000001 12.85 329.27100000000002 4524 1156615 9002 132 1 1248 0.70195750612373597 11 0.94022753690015515 0.74841328110445526 1838 0.74329780616005348 12 0.8258981536432124 0.70223743442922915 216 7.2714090347290039 1 14.642812728881836 9.1385023021697993 0 0 0 0 0
257 12.85 12.9 330.73899999999998 4612 1161227 9004 132 1 1255 1.0452111099153492 11 1.0452111099153492 0.77127853670486568 1846 0.82581438633481408 12 0.98135988427125065 0.78317067586687672 217 8.330352783203125 1 14.583713531494141 8.951613435745239 0 0 0 0 0
258 12.9 12.950000000000001 332.25900000000001 4508 1165735 9006 132 1 1258 0.7898118845076143 11 1.0245145582010313 0.72904439099497975 1852 0.68659414964235754 12 1.0113215047158191 0.78648134713624218 218 10.399155616760254 1 14.03739070892334 7.9518135547637936 0 0 0 0 0
259 12.950000000000001 13 332.80599999999998 4441 1170176 9008 132 1 1263 0.79652888839649638 11 0.91643568557614474 0.78700071211045131 1859 0.76762557231043971 12 0.83155882880685539 0.67653297951550395 219 11.931609153747559 1 14.573301315307617 8.4828157234191899 0 0 0 0 0
260 13 13.050000000000001 329.75200000000001 4560 1174736 9011 132 1 1269 0.96989070194379867 12 1.0506700276083456 0.78074688573660667 1868 0.92662492679604891 12 1.0240788989094507 0.8155583109784631 220 12.996614456176758 1 14.949665069580078 8.9456072616577149 0 0 0 0 0
261 13.050000000000001 13.1 332.73899999999998 4487 1179223 9013 132 1 1273 0.80219200337075813 12 0.95068557326523973 0.80094796589305606 1873 0.6756327800404236 12 0.91751252854999232 0.78903138587513266 221 14.48580265045166 1 14.778434753417969 8.5256536865234374 0 0 0 0 0
262 13.1 13.15 329.49099999999999 4544 1183767 9019 132 1 1279 0.98241251761877491 12 1.0225055539451449 0.7739565518912499 1881 0.79512918965919621 12 0.87875363513764837 0.74655937067390898 221 5.3290314674377441 1 14.198965072631836 9.0655138587951658 0 0 0 0 0
263 13.15 13.200000000000001 330.68400000000003 4548 1188315 9020 132 1 1281 0.59467291143987999 12 0.96295945505821523 0.70133566062455843 1887 0.73955476801472808 12 0.80678550225915557 0.7036691784219633 222 6.7796115875244141 1 13.928256988525391 8.5638772392272955 0 0 0 0 0
264 13.200000000000001 13.25 332.59500000000003 4467 1192782 9025 132 1 1287 0.74111165970310866 12 0.98866849768396248 0.80740173440459073 1895 0.75958634295792538 12 1.0545727100401079 0.84503292798216767 223 6.9427342414855957 1 15.451336860656738 9.8385022544860838 0 0 0 0 0
265 13.25 13.300000000000001 334.95699999999999 4499 1197281 9026 132 1 1290 0.52860578234565114 12 0.89112369257740009 0.68657833010068681 1904 0.90225698203381965 12 0.9844465893431954 0.83172432877874725 224 8.2094383239746094 1 14.37203311920166 8.7459203910827643 0 0 0 0 0
266 13.300000000000001 13.35 330.233 4500 1201781 9027 132 1 1296 0.64779107672764102 12 1.0058297224740405 0.83438344175328383 1909 0.66324350354564687 12 0.94258827171270088 0.7771719617549655 225 10.209438323974609 1 14.059701919555664 8.0199307918548577 0 0 0 0 0
267 13.35 13.4 330.07299999999998 4509 1206290 9028 132 1 1300 0.58627157245819905 12 0.89228246910231923 0.69582718078217243 1918 0.84750283341540622 12 0.96899537098178001 0.79054989831130928 226 11.861817359924316 1 14.488056182861328 8.3640864276885978 0 0 0 0 0
268 13.4 13.450000000000001 331.41399999999999 4464 1210754 9030 132 1 1304 0.55162445368534918 12 0.87381376410791811 0.66922248183623667 1924 0.72589812091350359 12 0.87388646280735527 0.76904136851258498 227 12.970940589904785 1 14.920132637023926 8.9019303607940667 0 0 0 0 0
269 13.450000000000001 13.5 330.87299999999999 4528 1215282 9031 132 1 1310 0.79693601088441446 12 0.9733796985177654 0.70951422552614618 1932 0.77350393595280931 12 1.0234459828434361 0.81773355244926327 227 4.7717452049255371 1 12.714098930358887 8.1174812793731697 0 0 0 0 0
270 13.5 13.550000000000001 330.18900000000002 4508 1219790 9034 132 1 1315 0.89159037694521215 12 0.96584830468075888 0.69993977690468445 1939 0.77840247219522807 12 0.86460169041686619 0.75190700084414663 228 5.6229023933410645 1 14.394519805908203 9.1573261833190926 0 0 0 0 0
271 13.550000000000001 13.6 329.62799999999999 4449 1224239 9034 132 1 1319 0.81471342609981212 12 0.87393572059202873 0.71103144954824271 1948 0.93636383253906386 12 0.98746451026070992 0.81658592160459309 229 7.2890939712524414 1 13.823624610900879 8.3504123401641852 0 0 0 0 0
272 13.6 13.65 332.108 4572 1228811 9038 132 1 1324 0.75985219163251605 12 1.0479769550392211 0.84796523253176959 1954 0.77688227684452982 12 0.93379897233710318 0.80654077246303957 230 8.8078727722167969 1 14.234176635742188 8.4963565158843988 0 0 0 0 0
273 13.65 13.700000000000001 330.40100000000001 4488 1233299 9038 132 1 1330 0.90636731908449419 12 1.0016907029269371 0.8073261074861936 1962 0.85422249344738777 12 0.96048860452096596 0.78829534820600644 231 11.02837085723877 1 14.019806861877441 7.8016307735443116 0 0 0 0 0
274 13.700000000000001 13.75 328.92200000000003 4483 1237782 9042 132 1 1335 0.89862420101916041 12 1.0131959802373831 0.8013167682729373 1969 0.88232705581177295 12 0.91833549232022882 0.72893236776320636 232 13.01560115814209 1 14.384462356567383 8.0325761699676512 0 0 0 0 0
275 13.75 13.800000000000001 329.12799999999999 4533 1242315 9044 132 1 1338 0.65352185135995777 12 0.88083025206181786 0.71885011046238179 1975 0.73905115299280011 12 0.97188996807715344 0.79049662978290858 233 14.112263679504395 1 14.984917640686035 8.9142664527893061 0 0 0 0 0
276 13.800000000000001 13.85 332.48399999999998 4521 1246836 9045 132 1 1343 0.62748198328376881 12 1.0160908937139985 0.81943114009040485 1982 0.7207227874105594 12 0.93833877541667154 0.77490249463498106 233 5.191615104675293 1 13.832821846008301 8.8317454147338861 0 0 0 0 0
277 13.85 13.9 334.892 4490 1251326 9047 132 1 1349 0.86348793791061518 12 0.95430170990457164 0.71872711743514262 1989 0.72471754253671461 12 0.88481725979651082 0.75280180562516474 234 5.9351983070373535 1 14.598226547241211 9.2638271331787116 0 0 0 0 0
278 13.9 13.950000000000001 344.12799999999999 4515 1255841 9047 132 1 1352 0.6070408482760391 12 0.84638972938669543 0.73008172393966431 1997 0.74890915965189331 12 1.1280142595174028 0.84091424902234324 235 6.8136458396911621 1 14.569452285766602 9.1303074359893799 0 0 0 0 0
279 13.950000000000001 14 335.33199999999999 4484 1260325 9047 132 1 1356 0.52321136296018322 12 0.89683581871341833 0.71791474034128411 2004 0.72575168798576162 12 0.93218165243649853 0.77968349307735951 236 7.6237711906433105 1 14.750410079956055 9.1979474639892587 0 0 0 0 0
280 14 14.050000000000001 329.274 4462 1264787 9049 132 1 1361 0.61348061502751938 12 0.91520541417492007 0.70428114958957577 2011 0.78389591195288666 12 0.81698722069935958 0.69919205284746822 237 8.4599761962890625 1 14.810646057128906 9.1721273803710943 0 0 0 0 0
281 14.050000000000001 14.1 330.82999999999998 4523 1269310 9050 132 1 1367 0.82344743092371475 12 1.0260785893079187 0.74450669593793384 2020 0.885750208962928 12 1.1336560100710187 0.87213386220235467 238 10.900386810302734 1 13.857107162475586 7.5839098739624022 0 0 0 0 0
282 14.1 14.15 331.30000000000001 4491 1273801 9054 132 1 1371 0.74652413980440446 12 0.84039225360575665 0.71107731410798725 2027 0.87200956238756189 12 0.88962533341725791 0.77036036354621562 239 13.149490356445312 1 14.244672775268555 7.7733111286163332 0 0 0 0 0
283 14.15 14.200000000000001 331.06099999999998 4541 1278342 9056 132 1 1376 0.7198743984297501 12 1.0577249325646625 0.82003500623487313 2034 0.76353083086740903 12 0.99243257686550801 0.86415438790632326 239 4.8374295234680176 1 12.889113426208496 8.2292215347290032 0 0 0 0 0
284 14.200000000000001 14.25 332.32999999999998 4479 1282821 9058 132 1 1382 0.84109702874110259 12 1.0170764295744728 0.83236648666013635 2040 0.66564956824480492 12 0.84061984979696891 0.74555442333893307 240 6.1401586532592773 1 13.941221237182617 8.7102575683593741 0 0 0 0 0
285 14.25 14.300000000000001 331.99000000000001 4520 1287341 9060 132 1 1385 0.57929918235733602 12 0.86421264323381308 0.7353792878716654 2047 0.73827925869155664 12 0.81592471452875337 0.68485098346941709 241 7.8022012710571289 1 13.935031890869141 8.3545187187194827 0 0 0 0 0
286 14.300000000000001 14.35 331.03500000000003 4534 1291875 9062 132 1 1390 0.66620896583918221 12 0.84738988664517112 0.70760718978241399 2053 0.68457276266153999 12 0.80485966998284719 0.70181992676907878 242 9.7777271270751953 1 14.014701843261719 8.0441622447967536 0 0 0 0 0
287 14.35 14.4 330.29000000000002 4494 1296369 9065 132 1 1395 0.70793128173176045 12 0.93668493137785624 0.75234421425917408 2060 0.70172168007825364 12 0.88267955671502918 0.7397788064482842 243 11.703001976013184 1 14.294076919555664 8.0939135932922355 0 0 0 0 0
288 14.4 14.450000000000001 331.78100000000001 4496 1300865 9066 132 1 1400 0.78980434647780173 12 0.88784977672278742 0.71259377483106079 2067 0.80804837531302931 12 0.80804837531302931 0.65148975208418225 244 13.263782501220703 1 14.658746719360352 8.4547733402252199 0 0 0 0 0
289 14.450000000000001 14.5 331.20999999999998 4520 1305385 9068 132 1 1405 0.82577063367586012 12 0.90065413179708853 0.75804292560406694 2073 0.71008299599054914 12 0.9318445139223922 0.74563777267718689 245 14.391925811767578 1 14.979270935058594 8.883103609085083 0 0 0 0 0
290 14.5 14.550000000000001 330.11099999999999 4507 1309892 9070 132 1 1410 0.83761625838540288 12 0.98627751031620015 0.78192326588068639 2082 0.87879447446420567 12 0.95024328391109703 0.80594299829393501 245 5.2944951057434082 1 14.10694694519043 9.0067625522613532 0 0 0 0 0
291 14.550000000000001 14.6 329.44600000000003 4574 1314466 9071 132 1 1415 0.8328914442994606 12 0.9619261656475393 0.79832846110270606 2088 0.70211560413141816 12 1.1059200314894029 0.82356664755660947 246 6.6714816093444824 1 13.982989311218262 8.6367391586303714 0 0 0 0 0
292 14.6 14.65 328.589 4423 1318889 9072 132 1 1421 0.96444040907442852 12 1.0679380392283317 0.82214312872213713 2096 0.80372566986877481 12 0.85119392556877538 0.76426743631684768 247 7.8879008293151855 1 14.372688293457031 8.7957050895690916 0 0 0 0 0
293 14.65 14.700000000000001 329.29700000000003 4520 1323409 9075 132 1 1425 0.78973917245122338 12 0.99559759570255946 0.80788080398149309 2104 0.93328319177063435 12 0.97137117097186443 0.73659856453311701 248 9.4069967269897461 1 14.317083358764648 8.4960453224182135 0 0 0 0 0
294 14.700000000000001 14.75 329.50700000000001 4520 1327929 9076 132 1 1432 1.1595525599862284 12 1.2312552522312592 0.74498334667241239 2109 0.67124063075044993 12 0.99917421599748968 0.79997153114598785 249 10.649997711181641 1 14.666404724121094 8.7693874549865729 0 0 0 0 0
295 14.75 14.800000000000001 330.976 4520 1332449 9078 132 1 1435 0.74144142015379 12 1.2275553062034104 0.89013473877196558 2118 0.92449973000230301 12 0.96222925589065988 0.72223798585545718 250 11.400673866271973 1 15.084571838378906 9.2568043708801273 0 0 0 0 0
296 14.800000000000001 14.85 330.74000000000001 4503 1336952 9079 132 1 1440 0.68851247666646054 12 1.1037744681104715 0.84605217370238606 2123 0.64148699367430284 12 0.99528375795725388 0.82073266845442494 251 12.463801383972168 1 14.921878814697266 8.9474672222137457 0 0 0 0 0
297 14.85 14.9 331.91899999999998 4533 1341485 9079 132 1 1446 0.82568100804474387 12 1.099555816917315 0.81657959101862299 2132 0.85916331861492901 12 0.8826316558028644 0.75746615806180029 252 13.366276741027832 1 15.0704345703125 9.1065201282501214 0 0 0 0 0
298 14.9 14.950000000000001 330.95699999999999 4451 1345936 9079 132 1 1450 0.66242262082477321 12 0.97381941241011605 0.79655195493609332 2138 0.74754896969416962 12 1.0185197503182015 0.75915058498300114 253 14.241270065307617 1 15.121901512145996 9.1337264728546135 0 0 0 0 0
299 14.950000000000001 15 330.101 4536 1350472 9079 132 1 1455 0.68610364399745638 12 0.95679430450739744 0.77020583717855506 2145 0.7346026037392086 12 0.8640290332404974 0.76957423543935277 253 5.239072322845459 1 13.959274291992188 8.9124796295166018 0 0 0 0 0
300 15 15.050000000000001 332.27699999999999 4515 1354987 9082 132 1 1461 0.7985689122052918 12 1.0409432793894475 0.8410365836240371 2151 0.73767487558763911 12 0.76714965642709088 0.6456069616047303 254 6.1169333457946777 1 14.455289840698242 9.1308887290954583 0 0 0 0 0
301 15.050000000000001 15.1 332.07499999999999 4570 1359557 9083 132 1 1466 0.73509119000169432 12 1.0327644603888924 0.8564958451960607 2157 0.66132941603207918 12 0.88781907786993519 0.72423319435044831 255 7.0694646835327148 1 14.523738861083984 9.0569618511199952 0 0 0 0 0
302 15.1 15.15 331.85899999999998 4463 1364020 9083 132 1 1472 0.89658055024310912 12 1.0950858825374299 0.79250104928442067 2165 0.79160387715501113 12 0.91056113824298845 0.73588876163061168 256 8.4868583679199219 1 14.275127410888672 8.5967328834533685 0 0 0 0 0
303 15.15 15.200000000000001 329.99200000000002 4573 1368593 9084 132 1 1475 0.60493520093298514 12 0.9366030296022575 0.76492920400741549 2173 0.87969635585574746 12 0.93409370648095802 0.77765042810918028 257 10.456731796264648 1 14.115110397338867 8.0497592067718511 0 0 0 0 0
304 15.200000000000001 15.25 333.78899999999999 4542 1373135 9087 132 1 1480 0.6342610888107364 12 0.96532080772366247 0.76461736170908723 2179 0.72774076311144309 12 0.94542731244268097 0.79908994162691815 258 12.116544723510742 1 14.506136894226074 8.3567292308807382 0 0 0 0 0
305 15.25 15.300000000000001 336.649 4475 1377610 9088 132 1 1486 0.77764833940351086 12 1.0085554179827418 0.81042277341150071 2188 0.91810897520894341 12 1.0731571417673165 0.7845020539710249 258 4.4574284553527832 1 11.876621246337891 7.5827814483642575 0 0 0 0 0
306 15.300000000000001 15.35 332.27999999999997 4512 1382122 9089 132 1 1491 0.84699292153689199 12 0.86410331308162858 0.7249972963223128 2194 0.77033605140813222 12 0.90204962448160342 0.79494888643229178 259 5.3556246757507324 1 14.269824981689453 9.1107539176940922 0 0 0 0 0
307 15.35 15.4 331.34100000000001 4499 1386621 9092 132 1 1496 0.84823895029925522 12 1.04719261395347 0.79241721553570688 2202 0.77457446674037589 12 0.9727487758250366 0.86066874716153563 260 6.4188790321350098 1 14.285473823547363 8.9473409175872796 0 0 0 0 0
308 15.4 15.450000000000001 331.32299999999998 4498 1391119 9095 132 1 1500 0.68552180138825258 12 1.0249546848533231 0.79601612877017247 2209 0.75978323063990916 12 0.86788401957931671 0.77140065651584733 261 7.3772163391113281 1 14.561722755432129 9.0512110137939459 0 0 0 0 0
309 15.450000000000001 15.5 332.80599999999998 4529 1395648 9098 132 1 1505 0.75833293545217262 12 0.83266372318885695 0.72156533875787121 2216 0.74490572866911742 12 0.92035615929867287 0.77148594176884644 262 8.1475257873535156 1 14.845756530761719 9.2373677444458 0 0 0 0 0
310 15.5 15.550000000000001 331.45299999999997 4526 1400174 9100 132 1 1509 0.63553748490734763 12 0.89289678347797008 0.75649224082896094 2224 0.87070559020017213 12 0.90623971917995383 0.74031879236813036 263 9.0023612976074219 1 14.842384338378906 9.1536817741394039 0 0 0 0 0
311 15.550000000000001 15.6 327.60199999999998 4426 1404600 9103 132 1 1514 0.66953686681654789 12 0.88588413543548283 0.75999027457473256 2230 0.68484294794888156 12 0.999795935145527 0.83265889974566842 264 11.417760848999023 1 13.945683479309082 7.6086743354797362 0 0 0 0 0
312 15.6 15.65 330.76100000000002 4562 1409162 9105 132 1 1520 0.80460769541916299 12 1.0955222021904849 0.81865626120189072 2237 0.73307180842803743 12 0.83657629105851705 0.7090085537077131 264 4.2003617286682129 1 11.19167423248291 7.1454700469970707 0 0 0 0 0
313 15.65 15.700000000000001 330.78300000000002 4531 1413693 9107 132 1 1524 0.74048591168766231 12 0.89989985946561035 0.69840347534703506 2246 0.90231331239123702 12 1.0379072851670645 0.80541820811040021 265 5.4127016067504883 1 13.856410980224609 8.7997422409057613 0 0 0 0 0
314 15.700000000000001 15.75 331.52800000000002 4459 1418152 9108 132 1 1529 0.75679253568955485 12 0.89732918163859188 0.77750668534779788 2251 0.6666148162024591 12 0.89983573689899943 0.77389000240848016 266 7.0070657730102539 1 13.831088066101074 8.4215251064300531 0 0 0 0 0
315 15.75 15.800000000000001 328.625 4559 1422711 9108 132 1 1535 0.98756542552900473 12 1.0278687409687217 0.72390803410116378 2259 0.83449496902161757 12 0.83449496902161757 0.69865781909351099 267 8.1211204528808594 1 14.504631042480469 8.8970479679107672 0 0 0 0 0
316 15.800000000000001 15.85 331.92000000000002 4448 1427159 9109 132 1 1538 0.68628563670992571 12 1.0330453239312292 0.77446771023811178 2265 0.76419109869936519 12 0.92500502095333637 0.71825187279930758 268 10.034591674804688 1 14.098072052001953 8.1055997943878175 0 0 0 0 0
317 15.85 15.9 332.93000000000001 4509 1431668 9111 132 1 1544 0.85131349318538696 12 1.1040939955563014 0.78899780963130295 2272 0.78087611897513987 12 0.91438732629532316 0.74023797849598394 269 12.830981254577637 1 13.899636268615723 7.2314782333374019 0 0 0 0 0
318 15.9 15.950000000000001 340.38200000000001 4513 1436181 9112 132 1 1549 0.88686377724954835 12 0.90513617947042457 0.75845490167483565 2279 0.76581450178426891 12 0.95026465521943115 0.77166825985753806 269 4.7202577590942383 1 12.576910972595215 8.0298927116394037 0 0 0 0 0
319 15.950000000000001 16 342.46499999999997 4530 1440711 9113 132 1 1555 1.0320367454460841 12 1.0958542731826748 0.80865480642657162 2285 0.6619956523175593 12 0.91005551787062045 0.75143280686308023 270 5.6039624214172363 1 14.346031188964844 9.1251043987274176 0 0 0 0 0
320 16 16.050000000000001 398.64100000000002 4502 1445213 9115 132 1 1559 0.87139099071410131 12 1.0116010622163716 0.79396536216292446 2292 0.61720310537583789 12 0.98797750051119682 0.80110285483567234 271 6.7853255271911621 1 14.221604347229004 8.8304084396362299 0 0 0 0 0
321 16.050000000000001 16.100000000000001 332.80900000000003 4519 1449732 9115 132 1 1565 0.9424596963696088 12 1.0504092650192094 0.88202062605408282 2299 0.65966047075581824 12 0.91568290175710632 0.71472246062561395 272 7.4127068519592285 1 14.927352905273438 9.3788723850250246 0 0 0 0 0
322 16.100000000000001 16.149999999999999 333.00200000000001 4549 1454281 9116 132 1 1569 0.8603718495942172 12 0.92379776132551294 0.71619025597730701 2307 0.78407113699948172 12 0.92231821973138239 0.74169408025024441 273 8.2703475952148438 1 14.771156311035156 9.1509068965911862 0 0 0 0 0
323 16.149999999999999 16.199999999999999 331.95299999999997 4552 1458833 9117 132 1 1573 0.7543784440017316 12 0.90512476915281692 0.73985777823056553 2313 0.61512861629461568 12 1.0018594281435362 0.81590745638034579 274 10.377082824707031 1 14.007593154907227 7.914262065887451 0 0 0 0 0
324 16.199999999999999 16.25 331.96800000000002 4416 1463249 9117 132 1 1577 0.63850548273340835 12 0.92198861428308032 0.74963876903564197 2321 0.72499771357662623 12 0.89438755803392456 0.7560907492443536 274 3.8175177574157715 1 10.171603202819824 6.4941921377182004 0 0 0 0 0
325 16.25 16.300000000000001 336.01799999999997 4563 1467812 9120 132 1 1583 0.80061031181724884 12 0.93147311620775186 0.79189173494521525 2329 0.78188298015031521 12 0.95499391211559659 0.8085465867540822 275 5.2718610763549805 1 13.49586296081543 8.5601509237289424 0 0 0 0 0
326 16.300000000000001 16.350000000000001 331.10300000000001 4487 1472299 9121 132 1 1589 0.77563674866207244 12 1.2325326147533633 0.97710572106032134 2337 0.95672379797693485 12 0.97605090195640165 0.69176658198647756 276 6.4779353141784668 1 14.131427764892578 8.805948629379273 0 0 0 0 0
327 16.350000000000001 16.399999999999999 333.13900000000001 4492 1476791 9121 132 1 1594 0.81895844898526693 12 0.9233730104234491 0.75076079319393929 2344 0.8590313848677591 12 0.99020155946249022 0.85347565900642652 277 8.038447380065918 1 14.072685241699219 8.455038948059082 0 0 0 0 0
328 16.399999999999999 16.449999999999999 331.77800000000002 4559 1481350 9124 132 1 1598 0.66970120110209053 12 0.93661406115880141 0.78269029219945296 2351 0.82374876446667589 12 0.95919464916497565 0.79168775094671007 278 9.8646373748779297 1 14.139272689819336 8.1920100784301759 0 0 0 0 0
329 16.449999999999999 16.5 330.94 4456 1485806 9125 132 1 1603 0.70911411893746223 12 0.97006338219794042 0.75463062025724925 2357 0.70750125667558772 12 0.90687541126235438 0.76373769877344888 279 10.963589668273926 1 14.799295425415039 8.9120018196105963 0 0 0 0 0
330 16.5 16.550000000000001 332.02300000000002 4552 1490358 9125 132 1 1608 0.70787808494198889 12 1.0140100648951909 0.79487439805198268 2365 0.77838459545581939 12 0.92759053765051713 0.79468802920172676 280 13.35737133026123 1 14.183343887329102 7.6300759124755864 0 0 0 0 0
331 16.550000000000001 16.600000000000001 330.06999999999999 4532 1494890 9126 132 1 1613 0.67219481800520231 12 1.1281947279496798 0.82897850069439161 2371 0.71027127781967558 12 0.82840696112143875 0.7160830691522676 280 4.9139046669006348 1 13.092877388000488 8.3593170547485354 0 0 0 0 0
332 16.600000000000001 16.649999999999999 328.63499999999999 4510 1499400 9126 132 1 1617 0.58827312435540891 12 0.87646709265749134 0.71800597987743842 2379 0.83505883998521246 12 0.9455044615453464 0.74132102639611164 281 5.8330345153808594 1 14.346944808959961 9.0900309753417972 0 0 0 0 0
333 16.649999999999999 16.699999999999999 328.96899999999999 4574 1503974 9126 132 1 1622 0.56151536877621855 12 1.1087278630954052 0.82014183591999523 2388 1.0094088403345909 12 1.0174245314654122 0.80036066225601321 282 7.0623769760131836 1 14.221878051757812 8.7829085731506353 0 0 0 0 0
334 16.699999999999999 16.75 329.83100000000002 4502 1508476 9128 132 1 1629 0.78872416416803992 12 1.19776184312881 0.88616665722432741 2392 0.68700517396463401 12 0.98942121415691797 0.75162289427869566 283 7.417273998260498 1 15.238289833068848 9.6486404609680179 0 0 0 0 0
335 16.75 16.800000000000001 330.47000000000003 4582 1513058 9131 132 1 1633 0.68776574257820366 12 0.87733683534084805 0.73487282491865602 2402 0.97539682355406998 12 0.97907613766455714 0.79556364426315296 284 9.4993438720703125 1 13.890741348266602 7.9386809158325198 0 0 0 0 0
336 16.800000000000001 16.850000000000001 330.58300000000003 4440 1517498 9133 132 1 1638 0.6818320207475197 12 0.97808061161684612 0.79952544081778743 2407 0.73379524011870212 12 0.95608267577702621 0.77973434610577796 285 12.101836204528809 1 13.92042350769043 7.4234466552734375 0 0 0 0 0
337 16.850000000000001 16.899999999999999 330.346 4505 1522003 9134 132 1 1644 0.90589404900720905 12 0.94286428169450831 0.7305520099776962 2415 0.73939787584382322 12 1.0323214144320141 0.85931803866818446 285 4.452019214630127 1 11.862203598022461 7.5735777187347413 0 0 0 0 0
338 16.899999999999999 16.949999999999999 329.25299999999999 4519 1526522 9135 132 1 1649 0.82883229422279525 12 1.0451094846403788 0.86994453060662447 2424 0.87083759924044479 12 1.0425818323686316 0.84284325749729172 286 5.505284309387207 1 14.093414306640625 8.9572373580932609 0 0 0 0 0
339 16.949999999999999 17 329.50099999999998 4550 1531072 9137 132 1 1656 1.1153025646058341 12 1.1153025646058341 0.82749593188106596 2429 0.63304896214725193 12 0.92569760738595108 0.77595938816586052 287 7.1424508094787598 1 13.819157600402832 8.3791479587554925 0 0 0 0 0
340 17 17.050000000000001 330.15699999999998 4510 1535582 9138 132 1 1661 0.9907956047663613 12 1.1171188657245938 0.9169169581693315 2438 0.84800520619830566 12 0.89653518002580956 0.76015907243810388 288 10.110321044921875 1 13.377264976501465 7.0617095613479615 0 0 0 0 0
341 17.050000000000001 17.100000000000001 331.88400000000001 4454 1540036 9139 132 1 1665 0.81131452416616778 12 1.0902495194995214 0.8126130829917062 2444 0.68746149219270491 12 0.92797589273116476 0.80759236052941941 289 13.423993110656738 1 13.695176124572754 6.7193514823913576 0 0 0 0 0
342 17.100000000000001 17.150000000000002 332.91800000000001 4495 1544531 9140 132 1 1670 0.76963774883557878 12 1.0090079184562442 0.83491214768281052 2451 0.70792149337499433 12 0.86193347792015285 0.73650069413038355 289 4.938413143157959 1 13.158180236816406 8.4010096263885501 0 0 0 0 0
343 17.150000000000002 17.199999999999999 330.18900000000002 4542 1549073 9143 132 1 1675 0.80392810229271172 12 0.95519363407104729 0.75970216044830907 2459 0.85243754372963476 12 0.87722610088468 0.72178907649035606 290 6.0063276290893555 1 14.193909645080566 8.9427305603027349 0 0 0 0 0
344 17.199999999999999 17.25 331.16399999999999 4529 1553602 9144 132 1 1681 0.95468393760541126 12 1.0137182767429049 0.80312761449861148 2464 0.6249956419855841 12 0.92975067683523893 0.76571563399662235 291 7.0287737846374512 1 14.440144538879395 8.9877418708801269 0 0 0 0 0
345 17.25 17.300000000000001 332.35199999999998 4476 1558078 9146 132 1 1686 0.90112172711699723 12 1.0496084095821494 0.84667929098719608 2472 0.75304928922245429 12 0.91977644496333055 0.73808737439656558 292 7.8062863349914551 1 14.804469108581543 9.2302362060546876 0 0 0 0 0
346 17.300000000000001 17.350000000000001 332.22300000000001 4543 1562621 9146 132 1 1690 0.68671274031438523 12 1.1097786293645937 0.84719277922448444 2477 0.62320398581546588 12 0.77492902213286741 0.66909181074783886 293 9.5083827972412109 1 14.184841156005859 8.3148640155792233 0 0 0 0 0
347 17.350000000000001 17.400000000000002 331.721 4495 1567116 9149 132 1 1696 0.70921374504853574 12 1.1600459739565849 0.93010434908570627 2485 0.85143383386980653 12 0.92234725177340071 0.638909644119252 294 11.443406105041504 1 14.259360313415527 8.0842617416381835 0 0 0 0 0
348 17.400000000000002 17.449999999999999 330.73099999999999 4500 1571616 9149 132 1 1702 0.86982997182372312 12 0.98573200264206484 0.79336557164769761 2490 0.63372638321551233 12 0.94043359458797271 0.75607825971594422 294 4.2097945213317871 1 11.216811180114746 7.1615171909332274 0 0 0 0 0
349 17.449999999999999 17.5 330.12400000000002 4504 1576120 9151 132 1 1707 0.84383641961187728 12 0.93816182694660266 0.81938531100087519 2499 0.86655332838419441 12 0.87356302577144118 0.74246645612148565 295 5.5740070343017578 1 13.7098388671875 8.6493844032287601 0 0 0 0 0
350 17.5 17.550000000000001 331.42099999999999 4512 1580632 9152 132 1 1713 0.89392192641643642 12 1.1138951979798823 0.9027946121544792 2505 0.75336197360836221 12 0.97244654965914479 0.76071187590928158 296 7.7059102058410645 1 13.490524291992188 7.8893432092666629 0 0 0 0 0
351 17.550000000000001 17.600000000000001 331.42000000000002 4459 1585091 9154 132 1 1718 0.77666716982004425 12 1.1612081563924597 0.909736992028086 2513 0.76423030578950812 12 1.0498834366797947 0.85410481135522265 297 10.169436454772949 1 13.727302551269531 7.5610252332687375 0 0 0 0 0
352 17.600000000000001 17.650000000000002 330.47399999999999 4545 1589636 9156 132 1 1723 0.78588843770719707 12 0.97529961143756361 0.78452143967343568 2521 0.88963067660685302 12 0.96372539911242661 0.74071436590605866 298 12.880587577819824 1 13.953374862670898 7.315867357254028 0 0 0 0 0
353 17.650000000000002 17.699999999999999 333.74599999999998 4485 1594121 9157 132 1 1727 0.67530672998292995 12 0.94669593283351638 0.74440029573930422 2528 0.7749248134613923 12 0.99004174838777592 0.8703194327200926 298 4.7385058403015137 1 12.625535011291504 8.060936956405639 0 0 0 0 0
354 17.699999999999999 17.75 329.96300000000002 4589 1598710 9159 132 1 1733 0.8116556754353258 12 1.0739257039892423 0.81739093384662664 2534 0.68460875669265553 12 0.84533036606010659 0.73806450286419389 299 6.3734073638916016 1 13.628100395202637 8.3813930416107176 0 0 0 0 0
355 17.75 17.800000000000001 332.50700000000001 4434 1603144 9159 132 1 1737 0.66273864028209128 12 1.0282898578808228 0.78235361015287874 2542 0.73622521571362198 12 1.0147959302417151 0.81376289409063207 300 7.7782454490661621 1 14.172883987426758 8.6091639709472663 0 0 0 0 0
356 17.800000000000001 17.850000000000001 329.59300000000002 4497 1607641 9161 132 1 1742 0.70995661790990949 12 0.98848732947160245 0.7469033785429009 2548 0.72739793677543996 12 0.82028353864890513 0.65738800247299212 301 9.2378416061401367 1 14.343664169311523 8.5549477672576906 0 0 0 0 0
357 17.850000000000001 17.900000000000002 331.25599999999997 4550 1612191 9161 132 1 1749 0.99939634041777325 12 1.0611955306172904 0.82455595803029169 2554 0.65120177487168673 12 0.89238942537281307 0.72408548652751148 302 11.504387855529785 1 14.051490783691406 7.756042490005493 0 0 0 0 0
358 17.900000000000002 17.949999999999999 330.13799999999998 4519 1616710 9162 132 1 1752 0.63948610503261094 12 1.054679145694714 0.83251373232822923 2563 0.87542752491751896 12 0.91115438130114901 0.75098192652195306 303 12.839448928833008 1 14.768880844116211 8.6782428836822518 0 0 0 0 0
359 17.949999999999999 18 332.30900000000003 4548 1621258 9163 132 1 1758 0.82562588690098593 12 0.96888086114616578 0.76809627201410546 2567 0.57926085409424921 12 0.93612841500023125 0.72564751150366291 303 4.7233715057373047 1 12.585210800170898 8.0351909732818605 0 0 0 0 0
360 18 18.050000000000001 333.09300000000002 4510 1625768 9163 132 1 1763 0.82357264176404432 12 1.1235840538012924 0.79568362826517725 2576 0.82632710558115641 12 0.89514940905945983 0.72836913138721071 304 5.8442578315734863 1 14.089914321899414 8.8902844047546381 0 0 0 0 0
361 18.050000000000001 18.100000000000001 331.81999999999999 4503 1630271 9163 132 1 1767 0.66569528673006029 12 0.99012991272250217 0.79122457825836112 2582 0.7096337457962989 12 0.95790525875291721 0.76417897406887225 305 6.5986404418945312 1 14.68553352355957 9.2531405162811282 0 0 0 0 0
362 18.100000000000001 18.150000000000002 332.55500000000001 4451 1634722 9165 132 1 1774 0.96275907657440662 12 1.0855077526438335 0.81700800526381767 2590 0.78236629575048167 12 1.0113488997612652 0.79285713842103489 306 7.2466764450073242 1 14.887805938720703 9.3584249591827398 0 0 0 0 0
363 18.150000000000002 18.199999999999999 331.98700000000002 4523 1639245 9167 132 1 1777 0.65690685500290813 12 1.0103014430790189 0.77899450934535996 2599 0.94339331936191873 12 1.0636729359626771 0.81355081679311647 307 8.7922697067260742 1 14.208958625793457 8.4698116016387939 0 0 0 0 0
364 18.199999999999999 18.25 334.161 4467 1643712 9169 132 1 1783 0.76848851191196821 12 1.057376731216642 0.84191125749572093 2607 0.88480795074153595 12 1.0928876206681535 0.92286643403285273 308 10.569086074829102 1 14.266773223876953 8.2408915901184088 0 0 0 0 0
365 18.25 18.300000000000001 333.46800000000002 4551 1648263 9171 132 1 1788 0.82351166258250952 12 0.93134818714735146 0.73917601148900092 2614 0.78007328059222247 12 1.0244830526210167 0.86044764938547813 309 12.669247627258301 1 14.284536361694336 7.920767822265625 0 0 0 0 0
366 18.300000000000001 18.350000000000001 332.41500000000002 4519 1652782 9172 132 1 1793 0.89128909270548784 12 0.90929432926749265 0.72654884397570085 2622 0.81097607870359678 12 1.0309525554244583 0.83427002277245388 310 14.17320728302002 1 14.751626968383789 8.5110303306579596 0 0 0 0 0
367 18.350000000000001 18.400000000000002 331.34699999999998 4467 1657249 9175 132 1 1798 0.90733178255417701 12 1.0436798827800373 0.77776793328509186 2627 0.63451030834301103 12 0.82630543869894901 0.71524762086610549 310 5.2140336036682129 1 13.892559051513672 8.8698837566375737 0 0 0 0 0
368 18.400000000000002 18.449999999999999 329.012 4533 1661782 9176 132 1 1801 0.64900411845021566 12 0.88936541962765436 0.7319435093397062 2638 0.9459159711325491 12 1.0112564655574592 0.8808872114677686 311 5.8637404441833496 1 14.71381950378418 9.3567698860168456 0 0 0 0 0
369 18.449999999999999 18.5 330.173 4522 1666304 9179 132 1 1807 0.80761428751411801 12 0.98642226699836877 0.7953515305691633 2643 0.72291976575915873 12 0.92718558593376266 0.76131425932090013 312 6.5177159309387207 1 14.798467636108398 9.3525427722930914 0 0 0 0 0
370 18.5 18.550000000000001 329.255 4588 1670892 9181 132 1 1812 0.82993267621093725 12 1.050990632896651 0.77155483371522171 2652 0.88726321054068769 12 1.0285766216347347 0.81026738261532172 313 7.0279421806335449 1 15.027677536010742 9.4948595619201654 0 0 0 0 0
371 18.550000000000001 18.600000000000001 329.62700000000001 4529 1675421 9182 132 1 1815 0.66791164907503653 12 0.81349892088531239 0.63659672361086583 2659 0.87462757864362883 12 0.93031243477520109 0.76926653062602568 314 7.7026071548461914 1 14.90294075012207 9.3320592689514168 0 0 0 0 0
372 18.600000000000001 18.650000000000002 329.07499999999999 4518 1679939 9182 132 1 1821 0.85245389167659924 12 0.98055528957994176 0.76967798506794427 2665 0.74031501420509271 12 0.96434295430175354 0.78162266862001051 315 8.8386869430541992 1 14.572527885437012 8.8752430534362787 0 0 0 0 0
373 18.650000000000002 18.699999999999999 335.64499999999998 4475 1684414 9187 132 1 1824 0.68602845725696271 12 0.83557418033655229 0.6409572338378946 2672 0.78284664197189335 12 0.81479520604700306 0.71464909237726404 316 8.90692138671875 1 15.593097686767578 9.9324479484558097 0 0 0 0 0
374 18.699999999999999 18.75 331.07299999999998 4518 1688932 9190 132 1 1829 0.67901084231930853 12 0.97343556413603038 0.80059859609901263 2678 0.67013186098397337 12 0.90419418882056313 0.76024012262672747 317 9.2817296981811523 1 15.302982330322266 9.6289277076721191 0 0 0 0 0
375 18.75 18.800000000000001 332.92700000000002 4506 1693438 9190 132 1 1833 0.51127573445809849 12 1.0932482539487414 0.80098419468928517 2685 0.70641370632298717 12 0.82238604692243533 0.72083651454851516 318 11.520534515380859 1 14.071210861206055 7.7835087680816653 0 0 0 0 0
376 18.800000000000001 18.850000000000001 332.375 4507 1697945 9193 132 1 1838 0.61616776680824703 12 0.8831713218262579 0.68980410622250177 2691 0.63954928887603302 12 0.82945061671912179 0.71484664371564011 319 13.750619888305664 1 14.311792373657227 7.792141771316528 0 0 0 0 0
377 18.850000000000001 18.900000000000002 332.12700000000001 4480 1702425 9193 132 1 1844 0.76589260285109884 12 1.0501842280100697 0.80414827554713852 2698 0.6281418612213423 12 0.90617443133828723 0.76805047437305973 319 5.0585713386535645 1 13.478339195251465 8.6054195976257333 0 0 0 0 0
378 18.900000000000002 18.949999999999999 329.49400000000003 4499 1706924 9194 132 1 1848 0.61578047118979928 12 0.97146200773543434 0.78353667156824602 2706 0.77416416330758231 12 0.85558364711738943 0.72029787644572574 320 6.4911537170410156 1 13.879873275756836 8.5816966629028322 0 0 0 0 0
379 18.949999999999999 19 330.89600000000002 4519 1711443 9196 132 1 1854 0.77156185398630395 12 0.97665669188669413 0.79815212686301673 2711 0.59109519383494424 12 0.89962399998249276 0.72178497211178094 321 8.3930168151855469 1 13.837742805480957 8.1170898628234855 0 0 0 0 0
380 19 19.050000000000001 337.42700000000002 4520 1715963 9199 132 1 1860 0.97996440544644114 12 0.97996440544644114 0.74605544652018796 2720 0.7862974204852512 12 0.95250418623957722 0.77971618617903204 322 11.524404525756836 1 13.524013519287109 6.8998191738128662 0 0 0 0 0
381 19.050000000000001 19.100000000000001 332.00999999999999 4474 1720437 9201 132 1 1863 0.6596138356427288 12 0.99184264557860913 0.79334840012867036 2726 0.70243847820786065 12 0.89297421725696113 0.73167186636595549 323 13.944207191467285 1 14.225898742675781 7.6043146228790279 0 0 0 0 0
382 19.100000000000001 19.150000000000002 334.89100000000002 4531 1724968 9202 132 1 1868 0.64838529828464253 12 1.0478388233847975 0.80476731397218193 2733 0.6705101263757155 12 0.92146695594048433 0.78836693661892598 324 15.030449867248535 1 15.030449867248535 8.9245848560333254 0 0 0 0 0
383 19.150000000000002 19.199999999999999 331.714 4523 1729491 9203 132 1 1874 0.79666453503964885 12 1.1235913047843318 0.80557954239248342 2740 0.71825247823052174 12 0.85560740010074654 0.70949024598881127 324 5.529395580291748 1 14.732827186584473 9.4063644218444828 0 0 0 0 0
384 19.199999999999999 19.25 329.46199999999999 4508 1733999 9204 132 1 1879 0.85396048006058145 12 0.90676642947098884 0.73692583830444347 2746 0.63474220982296714 12 0.81825557962022066 0.73132659558665991 325 5.7499814033508301 1 15.320566177368164 9.7816139030456544 0 0 0 0 0
385 19.25 19.300000000000001 329.58699999999999 4420 1738419 9205 132 1 1884 0.84774876813785205 12 1.0446217922236014 0.79980073855887079 2754 0.77706408473840616 12 0.84013821036884351 0.72396149079580152 326 6.3895211219787598 1 14.800470352172852 9.3668339443206783 0 0 0 0 0
386 19.300000000000001 19.350000000000001 330.63 4570 1742989 9205 132 1 1887 0.62764749910691053 12 0.83096223979666151 0.69409824339822068 2761 0.74160930094680044 12 0.92054228277564709 0.79185826716138397 327 7.2670974731445312 1 14.634133338928223 9.1311693763732915 0 0 0 0 0
387 19.350000000000001 19.400000000000002 331.58800000000002 4529 1747518 9205 132 1 1892 0.6828548589465363 12 0.99018780787465066 0.73899369942499771 2767 0.69013178442311462 12 0.86154860987085113 0.69961311663446435 328 9.1786155700683594 1 13.96949577331543 8.1075335979461673 0 0 0 0 0
388 19.400000000000002 19.449999999999999 330.17099999999999 4497 1752015 9206 132 1 1899 0.99429958368013616 12 0.99429958368013616 0.80277037755854308 2774 0.74294168508628633 12 0.93924324602901421 0.70447312338239632 329 11.813410758972168 1 13.863165855407715 7.3914632034301757 0 0 0 0 0
389 19.449999999999999 19.5 332.26400000000001 4454 1756469 9209 132 1 1903 0.81165226736615936 12 1.0215559244436139 0.81574774471976985 2781 0.67671512272528123 12 1.0283942990273496 0.82232328299992441 329 4.345911979675293 1 11.579489707946777 7.3930745124816895 0 0 0 0 0
390 19.5 19.550000000000001 332.30000000000001 4544 1761013 9210 132 1 1909 1.0169253151483877 12 1.0374685633424285 0.74915367009353351 2792 1.0157530752529587 12 1.1003521648766339 0.85353014254719806 330 5.3146018981933594 1 14.160516738891602 9.0409651088714593 0 0 0 0 0
391 19.550000000000001 19.600000000000001 331.65499999999997 4491 1765504 9210 132 1 1912 0.75905657016097794 12 0.99678884884807883 0.73148925951543919 2796 0.65073546912739177 12 0.99563984356796831 0.79381216020760081 331 6.493657112121582 1 14.165727615356445 8.8326959800720211 0 0 0 0 0
392 19.600000000000001 19.650000000000002 334.70600000000002 4553 1770057 9210 132 1 1917 0.68470950808948228 12 1.0941203149664567 0.86725689479537915 2805 0.85167443655823971 12 0.95361803883186536 0.77403673186337718 332 7.7148900032043457 1 14.341422080993652 8.7909384250640876 0 0 0 0 0
393 19.650000000000002 19.699999999999999 332.029 4494 1774551 9211 132 1 1923 0.83340526201427456 12 0.97043115359285992 0.8051671626191006 2811 0.68951237032612744 12 1.0119482573643224 0.80919453113988193 333 11.619248390197754 1 13.100665092468262 6.1345537328720097 0 0 0 0 0
394 19.699999999999999 19.75 338.08100000000002 4490 1779041 9212 132 1 1928 0.78193669751410289 12 1.0505603040763734 0.84460647939727973 2818 0.66452609715455402 12 1.0318142976615874 0.7814940134677909 333 4.2744836807250977 1 11.389171600341797 7.2715640735626224 0 0 0 0 0
395 19.75 19.800000000000001 339.697 4495 1783536 9213 132 1 1933 0.72502411887017859 12 1.0579720303960489 0.84999616426886138 2827 0.91786523368722539 12 0.95532402599592725 0.72215871192984171 334 5.288322925567627 1 14.090502738952637 8.9962626457214352 0 0 0 0 0
396 19.800000000000001 19.850000000000001 334.57999999999998 4548 1788084 9215 132 1 1938 0.69355067956238003 12 0.99431226526883409 0.82481065863039593 2833 0.70890094186812114 12 0.97510960488711462 0.85553037938642662 335 5.7363605499267578 1 14.981624603271484 9.5564294815063473 0 0 0 0 0
397 19.850000000000001 19.900000000000002 332.08800000000002 4478 1792562 9216 132 1 1943 0.73832501757032198 12 0.99663437360054008 0.74932275114333347 2841 0.73990329471795624 12 1.1261041422148206 0.83417152482756662 336 6.4708547592163086 1 14.692070960998535 9.2728250980377194 0 0 0 0 0
398 19.900000000000002 19.949999999999999 332.00900000000001 4592 1797154 9216 132 1 1948 0.76631566001782403 12 0.88147279340778262 0.76593907476506429 2849 0.81420787154017749 12 0.93682698687992561 0.79130081449973422 337 7.1042389869689941 1 14.890022277832031 9.372928447723389 0 0 0 0 0
399 19.949999999999999 20 331.92500000000001 4483 1801637 9217 132 1 1953 0.78541098221338568 12 1.0186229243691296 0.77474600421365125 2855 0.7672864780232731 12 0.88931649923325051 0.69510246460180314 338 7.9395098686218262 1 14.758975028991699 9.1730524826049802 0 0 0 0 0
