0 0 0.050000000000000003 180.52699999999999 1387 1387 1385 106 1 1 0.13662253485785592 1 0.15715332636757504 0.023469231015159967 4 0.35113008344495616 4 0.38037467647243189 0.084801781937882695 0 0 0 0 0 0 0 0 0 0
1 0.050000000000000003 0.10000000000000001 185.04400000000001 4655 6042 4754 117 1 6 0.47644686320471386 5 0.58952146106296111 0.45721318918561171 10 0.58476151131294873 6 0.62092112463873783 0.41734559935492449 1 4.5385222434997559 1 9.9006595611572266 5.506708469390869 0 0 0 0 0
2 0.10000000000000001 0.14999999999999999 183.75200000000001 4529 10571 5761 117 1 11 0.62304838876875623 6 0.83156419178796193 0.64851034293099064 19 0.86798829259099186 9 0.86798829259099186 0.69256890807280669 2 6.5861525535583496 1 13.262880325317383 7.9727764034271242 0 0 0 0 0
3 0.14999999999999999 0.20000000000000001 177.892 4447 15018 6229 117 1 16 0.75786869677286295 6 0.82098932493300669 0.66017416488556646 27 0.90294856638521759 10 0.93650128776962693 0.83025311122069478 3 7.1466560363769531 1 14.978923797607422 9.445084562301636 0 0 0 0 0
4 0.20000000000000001 0.25 165.82900000000001 4567 19585 6512 117 1 20 0.74237115420992417 6 0.77266788577276568 0.65026375327791486 31 0.61458910220378149 10 0.88506899266629602 0.71791806971060257 4 8.2844562530517578 1 14.503366470336914 8.8735391712188729 0 0 0 0 0
5 0.25 0.29999999999999999 156.47900000000001 4501 24086 6706 117 1 23 0.52043645769830738 6 0.88482456169431167 0.69591332147045737 42 0.94129860272278654 11 1.1046240755029626 0.86573580044346854 5 10.835818290710449 1 13.775023460388184 7.4740664291381833 0 0 0 0 0
6 0.29999999999999999 0.35000000000000003 157.81999999999999 4519 28605 6872 117 1 29 0.70705283634246341 6 1.0547987468658933 0.76762451442934232 46 0.58550463866543123 11 1.0114239183632103 0.78468040853899879 6 13.310365676879883 1 14.133432388305664 7.5501134300231936 0 0 0 0 0
7 0.35000000000000003 0.40000000000000002 153.21799999999999 4516 33121 6990 117 1 34 0.74069257766481433 6 1.0616563501812162 0.76034639063335585 55 0.70439911347788731 11 1.0977308041340597 0.85526335856076841 6 4.8966126441955566 1 13.046802520751953 8.3299001216888424 0 0 0 0 0
8 0.40000000000000002 0.45000000000000001 151.988 4497 37618 7083 117 1 39 0.76907478438483345 6 1.0591141382853191 0.76555151118172549 61 0.64892414127652709 11 0.85807747856990713 0.70357074594417157 7 6.4315710067749023 1 13.752471923828125 8.4803393888473515 0 0 0 0 0
9 0.45000000000000001 0.5 153.398 4537 42155 7168 117 1 45 0.8953393981570289 7 0.99270264307657874 0.82737468394022118 67 0.58397575059049833 11 0.88628302804521608 0.71294979482305199 8 7.7996411323547363 1 14.211871147155762 8.6455633163452141 0 0 0 0 0
10 0.5 0.55000000000000004 156.11799999999999 4481 46636 7240 117 1 50 0.85073227352566194 7 1.0390866635337708 0.83781336409705032 76 0.76586529840589379 11 0.98988628898923459 0.79289626678653247 9 8.9956941604614258 1 14.537707328796387 8.8158679771423341 0 0 0 0 0
11 0.55000000000000004 0.59999999999999998 182.65199999999999 4558 51194 7309 117 1 54 0.69168724332536968 7 0.98521216142745249 0.79238048954615503 81 0.57924361583600581 11 0.83189247885366546 0.72530233570137947 10 12.6334228515625 1 13.414628982543945 6.3985260725021362 0 0 0 0 0
12 0.59999999999999998 0.65000000000000002 189.53100000000001 4532 55726 7366 117 1 60 0.80313210118384593 7 1.141684803697798 0.84204684500656457 91 0.94111010581254961 11 1.0194923705345875 0.72282106195723728 10 4.6475787162780762 1 12.383264541625977 7.9062555694580077 0 0 0 0 0
13 0.65000000000000002 0.70000000000000007 188.34 4462 60188 7417 117 1 65 0.86943091854216559 7 0.91351467749429127 0.7280127353469531 98 0.83409859590433744 11 1.0280332982338765 0.86270172321474203 11 5.5006418228149414 1 14.36600399017334 9.1554366588592533 0 0 0 0 0
14 0.70000000000000007 0.75 190.387 4524 64712 7473 117 1 71 0.9362678300766718 7 1.0313850206042092 0.88621011226896274 107 1.0092833184209224 11 1.0092833184209224 0.79953412911326094 12 6.2131600379943848 1 14.682687759399414 9.2945842838287351 0 0 0 0 0
15 0.75 0.80000000000000004 189.69999999999999 4489 69201 7511 117 1 76 0.90836388345748664 7 1.0448671484750414 0.82127663355025016 113 0.83605180918113198 11 0.9892981805310056 0.82015362683328719 13 6.3923211097717285 1 15.411238670349121 9.8226251125335686 0 0 0 0 0
16 0.80000000000000004 0.84999999999999998 192.946 4477 73678 7551 117 1 81 0.80483133073837043 7 1.0438099210224454 0.89615144343603215 120 0.79096279117731827 11 0.95346038040730197 0.80139636644650569 14 6.4582300186157227 1 15.570140838623047 9.934747753143311 0 0 0 0 0
17 0.84999999999999998 0.90000000000000002 188.66 4547 78225 7604 117 1 87 1.006330476866828 7 1.2291347166848561 0.75288997657715329 127 0.75989066040193709 11 0.90975421506005361 0.78751917804095495 15 7.1950216293334961 1 14.781684875488281 9.2705520439147957 0 0 0 0 0
18 0.90000000000000002 0.95000000000000007 190.089 4445 82670 7642 120 1 93 1.0748905908493769 8 1.1644150416056316 0.88450413189237087 132 0.57190558620401333 11 0.87048869584057786 0.72665229923982877 16 8.302250862121582 1 14.534517288208008 8.9038085556030282 0 0 0 0 0
19 0.95000000000000007 1 192.63399999999999 4560 87230 7680 120 1 97 0.83942374728974845 8 1.0536063474322122 0.86804066306068794 142 0.90963906734376343 11 0.92801499640619434 0.74671365613550744 17 10.38881778717041 1 14.023435592651367 7.9342269706726078 0 0 0 0 0
20 1 1.05 189.01400000000001 4537 91767 7711 120 1 101 0.66530272506532218 8 0.99251489979880192 0.80730632747922615 148 0.74963154039672908 11 0.98100576996803279 0.80706156780711691 18 13.526446342468262 1 13.799698829650879 6.8936404132843014 0 0 0 0 0
21 1.05 1.1000000000000001 190.80799999999999 4447 96214 7730 120 1 106 0.66716255933519397 8 0.9863104479653495 0.79180941072721334 152 0.52055886068658253 11 0.77658254222289935 0.65922204594032185 18 4.9761042594909668 1 13.258605003356934 8.4651283073425301 0 0 0 0 0
22 1.1000000000000001 1.1500000000000001 205.107 4473 100687 7745 120 1 110 0.59801424164620653 8 0.87666303865493289 0.70337986149012099 159 0.6346691069444893 11 0.7308812186323308 0.64378375666115328 19 5.698082447052002 1 14.586977958679199 9.2852184677124026 0 0 0 0 0
23 1.1500000000000001 1.2 184.55799999999999 4562 105249 7773 120 1 116 0.70445649178018643 8 1.1159110288061793 0.84699955691775641 165 0.5789719614829566 11 0.89897381374360741 0.70379067315720012 20 6.9153776168823242 1 14.207178115844727 8.794836339950562 0 0 0 0 0
24 1.2 1.25 189.93199999999999 4460 109709 7798 120 1 121 0.66564759552951847 8 1.1653307119295711 0.83207280200861777 173 0.69595584764610974 11 0.93223736125887746 0.74904689183588347 21 8.1993741989135742 1 14.354415893554688 8.7288005638122552 0 0 0 0 0
25 1.25 1.3 191.86000000000001 4559 114268 7819 132 1 126 0.73945586040379507 8 1.0388966532246697 0.72057804383869661 180 0.74515098593814455 11 0.85712762795376118 0.70805188038517597 22 10.499142646789551 1 13.891724586486816 7.7231541824340821 0 0 0 0 0
26 1.3 1.3500000000000001 184.125 4492 118760 7836 132 1 130 0.6759994808244445 8 0.8782125400852353 0.6977447062134301 186 0.64122852068968639 11 0.89263462201885668 0.75153544523640914 23 11.496339797973633 1 14.909947395324707 9.0127401351928711 0 0 0 0 0
27 1.3500000000000001 1.4000000000000001 183.85900000000001 4524 123284 7851 132 1 135 0.76510570644001874 8 0.84185390876946109 0.70543271519387873 195 0.86443214317515482 11 0.91029867928638752 0.75199380899247303 24 12.666053771972656 1 14.863750457763672 8.8419418239593508 0 0 0 0 0
28 1.4000000000000001 1.45 186.96199999999999 4446 127730 7869 132 1 141 0.87378372977596763 8 1.0417794656435337 0.84478604375038258 200 0.68920950159867844 11 0.88920473684108425 0.71401687725689489 25 14.172033309936523 1 14.750404357910156 8.509031448364258 0 0 0 0 0
29 1.45 1.5 153.47399999999999 4574 132304 7887 132 1 147 0.98200522241573451 8 1.085283516232425 0.84523821172204228 207 0.77549647312158854 11 0.85705609563018625 0.67132979148037175 25 5.2136015892028809 1 13.89140796661377 8.8691500854492187 0 0 0 0 0
30 1.5 1.55 153.934 4477 136781 7909 132 1 151 0.78827707930834134 8 1.0020964880569077 0.82671810996347761 214 0.82542649152740011 11 0.84210120429618385 0.70732442416762575 26 6.4565010070800781 1 14.084672927856445 8.7694878959655753 0 0 0 0 0
31 1.55 1.6000000000000001 154.44300000000001 4545 141326 7928 132 1 156 0.77665690258292008 8 1.0419781791713341 0.80515521098888732 221 0.84383734579850833 11 0.87827498554182282 0.73852938383097166 27 7.595759391784668 1 14.405207633972168 8.8720964717864987 0 0 0 0 0
32 1.6000000000000001 1.6500000000000001 152.72399999999999 4484 145810 7950 132 1 161 0.73430665097828118 8 1.0108928619933326 0.83557902289056518 228 0.77891999727571726 11 0.97340708764405293 0.82102714747562544 28 9.0444507598876953 1 14.327075958251953 8.5657471370697014 0 0 0 0 0
33 1.6500000000000001 1.7 153.49600000000001 4558 150368 7967 132 1 166 0.72941681781059298 8 0.91239432720028291 0.79849198745737837 234 0.68468760836402465 11 0.88910941578289227 0.74194194970758631 29 12.28575611114502 1 13.577859878540039 6.7909978914260867 0 0 0 0 0
34 1.7 1.75 151.25399999999999 4468 154836 7982 132 1 171 0.77092855294137319 8 0.98517679341490472 0.75255278099586631 241 0.69542329466180308 11 0.89004980532088207 0.74612806296049139 29 4.5196800231933594 1 12.042482376098633 7.6886797046661375 0 0 0 0 0
35 1.75 1.8 157.59999999999999 4607 159443 7999 132 1 176 0.74499058945596719 8 0.98429493114657085 0.81933026863370872 250 0.87551292223526456 11 0.95483675309410743 0.79467819756616431 30 6.0232634544372559 1 13.675813674926758 8.5114018869400017 0 0 0 0 0
36 1.8 1.8500000000000001 159.57400000000001 4466 163909 8019 132 1 181 0.71558829937218194 8 1.1335445469327348 0.82276007729174394 255 0.62833873715458155 11 0.93156120589758529 0.78525131684310301 31 7.5418429374694824 1 14.019737243652344 8.4965572261810305 0 0 0 0 0
37 1.8500000000000001 1.9000000000000001 154.25 4545 168454 8036 132 1 186 0.7435728830563747 8 0.90546342236810529 0.76594505747299535 263 0.72930199130911466 11 0.96730983924810698 0.76490789019838057 32 8.4298391342163086 1 14.757883071899414 9.1208558559417732 0 0 0 0 0
38 1.9000000000000001 1.95 161.626 4507 172961 8053 132 1 191 0.72779022163441209 8 1.0022599776919308 0.80927619139131035 268 0.61097780266671309 11 0.83086250303154652 0.65768552374685074 33 9.4775524139404297 1 14.715861320495605 8.9627292442321771 0 0 0 0 0
39 1.95 2 157.22800000000001 4505 177466 8066 132 1 198 0.96569344554275571 9 1.1108117956336909 0.8755789427130849 276 0.71265578761593051 11 0.95287122581556138 0.76420035567356226 34 10.821188926696777 1 14.607074737548828 8.6697557544708257 0 0 0 0 0
40 2 2.0499999999999998 177.11000000000001 4466 181932 8081 132 1 203 0.96385646721935714 10 1.0031921958587644 0.79546946538134489 284 0.79143574234299674 11 0.9666617576396429 0.7868700630788239 35 13.685507774353027 1 13.961973190307617 7.1642278385162355 0 0 0 0 0
41 2.0499999999999998 2.1000000000000001 289.76100000000002 4511 186443 8097 132 1 208 0.8328218772297814 10 1.1264991041558587 0.92337945205515704 289 0.5760514037853155 11 0.93202201837162324 0.75377833377985715 35 5.0346183776855469 1 13.414516448974609 8.5646709251403816 0 0 0 0 0
42 2.1000000000000001 2.1499999999999999 181.78 4515 190958 8109 132 1 214 0.88029904072246856 10 1.1144725862476561 0.90537712089126043 297 0.73588190248455232 11 0.84646562177363527 0.70662720969233928 36 5.9587593078613281 1 14.365965843200684 9.0850695037841795 0 0 0 0 0
43 2.1499999999999999 2.2000000000000002 185.501 4420 195378 8118 132 1 219 0.82511741892685964 10 1.1046721569838978 0.84828253918223895 304 0.75150593213157979 11 0.85055149278164177 0.74128841893256459 37 7.7354698181152344 1 13.815844535827637 8.2409962606430049 0 0 0 0 0
44 2.2000000000000002 2.25 183.33699999999999 4634 200012 8134 132 1 226 1.040390939170879 10 1.0905171102947659 0.89798315027226039 311 0.83078667014041019 11 0.8693273758567952 0.6782661045597973 38 9.753178596496582 1 13.979515075683594 8.0024008083343503 0 0 0 0 0
45 2.25 2.3000000000000003 174.08199999999999 4439 204451 8148 132 1 229 0.72624720402416731 10 1.0197898091541395 0.78720338725972738 320 0.94573494542289427 11 1.2022646051806372 0.85917039203000611 39 12.912084579467773 1 13.710522651672363 6.8725751352310178 0 0 0 0 0
46 2.3000000000000003 2.3500000000000001 183.977 4494 208945 8163 132 1 236 1.0352644061684491 10 1.0775143142774819 0.80517369541694361 324 0.58909235841317753 11 0.99769381784104016 0.7855206724824132 39 4.750091552734375 1 12.656408309936523 8.080647411346435 0 0 0 0 0
47 2.3500000000000001 2.3999999999999999 175.679 4550 213495 8173 132 1 241 1.0130019476600287 10 1.0147648050139348 0.81569132713556625 334 0.84004791489223374 11 0.96905702860975584 0.83262661886225275 40 5.854088306427002 1 14.113613128662109 8.9070068168640137 0 0 0 0 0
48 2.3999999999999999 2.4500000000000002 168.827 4499 217994 8180 132 1 244 0.66940461975404075 10 0.99294318307545926 0.81636342517678639 339 0.69091591070582337 11 0.8234138576389366 0.68818624378164361 41 6.6921219825744629 1 14.598676681518555 9.1703174304962154 0 0 0 0 0
49 2.4500000000000002 2.5 152.51599999999999 4510 222504 8190 132 1 250 0.84370533470249187 10 1.0100985805971534 0.77981733696215538 346 0.65038967820142424 11 0.98986786325474752 0.79687911387298216 42 7.1856369972229004 1 15.060630798339844 9.5114002609252921 0 0 0 0 0
50 2.5 2.5500000000000003 153.566 4492 226996 8202 132 1 254 0.71661258571377462 10 0.89483148072678076 0.76074677115392664 353 0.69369765998358279 11 0.81406169842513332 0.71388042245111805 43 7.9694576263427734 1 14.814640045166016 9.223994245529175 0 0 0 0 0
51 2.5500000000000003 2.6000000000000001 151.91800000000001 4507 231503 8210 132 1 260 0.91554881682133693 10 1.0531317400429601 0.75542736085691886 360 0.69776638195978957 11 0.91021314356649119 0.75272857498812673 44 8.8179473876953125 1 14.832027435302734 9.1599659729003911 0 0 0 0 0
52 2.6000000000000001 2.6499999999999999 152.256 4523 236026 8222 132 1 265 0.94907969494814759 10 1.0700842933499175 0.76045408094101385 366 0.68953411781441065 11 0.78290872139517198 0.65679895597711324 45 12.025041580200195 1 13.558195114135742 6.8248702192306521 0 0 0 0 0
53 2.6499999999999999 2.7000000000000002 158.49199999999999 4536 240562 8236 132 1 268 0.67587354469847805 10 0.93028665032610058 0.74667374053126512 375 0.93451563394302029 11 1.0749487918040579 0.73043298120385625 45 4.4237666130065918 1 11.786930084228516 7.525517339706421 0 0 0 0 0
54 2.7000000000000002 2.75 162.303 4504 245066 8247 132 1 273 0.76065912925207435 10 0.91067425253546419 0.70971021219815644 379 0.63582353206538023 11 0.91601100062516461 0.72814778695593774 46 5.5730152130126953 1 13.984311103820801 8.8622036647796634 0 0 0 0 0
55 2.75 2.8000000000000003 151.72900000000001 4507 249573 8253 132 1 276 0.5631625983534041 10 0.80201289587816538 0.67171877277584491 388 0.84326387272040182 11 1.0095700383809321 0.76760007508961703 47 6.7739424705505371 1 14.197742462158203 8.8110418891906743 0 0 0 0 0
56 2.8000000000000003 2.8500000000000001 153.45599999999999 4451 254024 8268 132 1 282 0.69672359579346987 10 1.0309779144528941 0.82015105983389125 395 0.77897896580759918 12 0.9833752519576936 0.82040094391784346 48 8.2615890502929688 1 14.176939964294434 8.5271807098388663 0 0 0 0 0
57 2.8500000000000001 2.8999999999999999 153.095 4563 258587 8277 132 1 288 0.90683536439837964 10 1.0022080291906834 0.74436322818954037 406 1.0750559439530243 12 1.1707376886058498 0.8960630503793019 49 9.2893953323364258 1 14.715087890625 8.9824372291564938 0 0 0 0 0
58 2.8999999999999999 2.9500000000000002 152.80199999999999 4491 263078 8284 132 1 292 0.76692491617629011 10 0.97769194312555063 0.77343663131908857 409 0.59079113216013524 12 1.0537684215081704 0.80376288746176516 50 11.205514907836914 1 14.244998931884766 8.1029778575897211 0 0 0 0 0
59 2.9500000000000002 3 150.90100000000001 4545 267623 8295 132 1 297 0.6895616801042378 10 1.1832923330786733 0.87024301571391049 417 0.6290618459115157 12 1.0542625192049386 0.82697559052544634 51 12.729500770568848 1 14.642409324645996 8.4912024593353266 0 0 0 0 0
60 3 3.0500000000000003 156.19499999999999 4518 272141 8303 132 1 302 0.67688634761555522 10 0.96858585246949447 0.80619979538319653 426 0.79382189218256927 12 0.99796465671545753 0.80985497884613433 52 14.19537353515625 1 14.774697303771973 8.5487379169464113 0 0 0 0 0
61 3.0500000000000003 3.1000000000000001 155.11500000000001 4586 276727 8311 132 1 308 0.7776775515201596 10 1.073629690220316 0.85259426609712297 431 0.5890123540485227 12 0.86130354113474084 0.74330894663970215 52 5.2221865653991699 1 13.914286613464355 8.8837551021575933 0 0 0 0 0
62 3.1000000000000001 3.1499999999999999 152.238 4469 281196 8316 132 1 313 0.80251577179066891 10 0.97388796610946871 0.76906025020460123 440 0.80892491162175661 12 1.02441472876817 0.75525213876386743 53 6.0277595520019531 1 14.532323837280273 9.2024523353576662 0 0 0 0 0
63 3.1499999999999999 3.2000000000000002 153.53899999999999 4529 285725 8325 132 1 318 0.79439318941617343 10 0.96867501364750164 0.80169244570395004 447 0.84022490454309096 12 0.84022490454309096 0.72576872658996361 54 6.9412341117858887 1 14.548374176025391 9.0956302642822262 0 0 0 0 0
64 3.2000000000000002 3.25 160.405 4525 290250 8334 132 1 324 0.87935417040763952 10 1.059326149212249 0.86826672783044567 455 0.85101236303815164 12 1.0910069016236308 0.85418491186852219 55 8.2088861465454102 1 14.371068954467773 8.7449824714660647 0 0 0 0 0
65 3.25 3.3000000000000003 154.85300000000001 4460 294710 8342 132 1 330 1.0462171520568548 10 1.067352130305941 0.78718105318178488 463 0.89859712368280098 12 0.93526953943199609 0.81775428819049734 56 9.3962678909301758 1 14.589651107788086 8.8244519424438472 0 0 0 0 0
66 3.3000000000000003 3.3500000000000001 158.79900000000001 4517 299227 8351 132 1 334 0.86493881259877181 10 1.0255006665336879 0.81439235216489037 468 0.69795215961120616 12 0.88080369812260206 0.73918578376050892 57 10.791284561157227 1 14.566709518432617 8.6188862419128416 0 0 0 0 0
67 3.3500000000000001 3.3999999999999999 157.32599999999999 4494 303721 8356 132 1 338 0.70663380339117265 10 1.0135282509876087 0.79164793929082156 478 0.87408475763088944 12 1.0676094612559757 0.90670385908709217 58 12.075868606567383 1 14.749496459960938 8.7282179450988764 0 0 0 0 0
68 3.3999999999999999 3.4500000000000002 151.26499999999999 4593 308314 8364 132 1 344 0.91315949312072997 10 0.9504262094226571 0.74791352357118213 485 0.814063948392868 12 1.0167533776244602 0.81617928998856959 59 13.049685478210449 1 15.010710716247559 9.0358879756927486 0 0 0 0 0
69 3.4500000000000002 3.5 153.035 4477 312791 8373 132 1 348 0.79609192068153134 10 0.89507772306395383 0.75082147362469398 492 0.7833026734155577 12 0.96581633477597628 0.78721148292921683 59 4.8007135391235352 1 12.791284561157227 8.1667616939544683 0 0 0 0 0
70 3.5 3.5500000000000003 152.70599999999999 4507 317298 8379 132 1 354 0.9314250167873287 10 1.1151181004113762 0.81839663124928763 500 0.92033006867041456 12 0.97724009099844344 0.72920312812280019 60 6.2147383689880371 1 13.831151962280273 8.6000673580169682 0 0 0 0 0
71 3.5500000000000003 3.6000000000000001 157.15199999999999 4518 321816 8384 132 1 358 0.78755445060660634 10 0.9197397198720324 0.77735745162903414 507 0.79042049681616799 12 1.0286014403141028 0.88537156844541853 61 6.8248000144958496 1 14.888104438781738 9.3960201454162604 0 0 0 0 0
72 3.6000000000000001 3.6499999999999999 152.33799999999999 4543 326359 8388 132 1 362 0.69403292661503346 10 0.84769365331527802 0.72751011410266397 513 0.73176321622638685 12 0.82506066371586073 0.70672122418394634 62 8.1660518646240234 1 14.296080589294434 8.6721149730682381 0 0 0 0 0
73 3.6499999999999999 3.7000000000000002 158.33799999999999 4473 330832 8390 132 1 368 0.87318538215948283 10 0.98571253821276072 0.77501387829050761 522 0.88011681001784436 12 0.97108729017105555 0.82609784574167333 63 9.5093231201171875 1 14.472818374633789 8.6701170730590817 0 0 0 0 0
74 3.7000000000000002 3.75 157.53200000000001 4574 335406 8399 132 1 374 0.8903837986881773 10 1.0875171647658426 0.93535401920370431 529 0.74785249914637308 12 1.0499215827644426 0.88770289316182838 64 11.286421775817871 1 14.34785270690918 8.240612888336182 0 0 0 0 0
75 3.75 3.8000000000000003 153.322 4579 339985 8408 132 1 380 1.0394341927908717 10 1.0604321668663668 0.80481605936255751 539 1.0188383089529502 12 1.0604178609074772 0.81279594367952712 64 4.1520447731018066 1 11.062935829162598 7.0632745742797853 0 0 0 0 0
76 3.8000000000000003 3.8500000000000001 156.78700000000001 4544 344529 8417 132 1 384 0.78369900567959694 10 1.1760053336029015 0.88810717053800103 545 0.75815773541862896 12 1.0859232593227077 0.9067312306004599 65 5.2432808876037598 1 13.970488548278809 8.9196387958526611 0 0 0 0 0
77 3.8500000000000001 3.8999999999999999 153.51499999999999 4508 349037 8423 132 1 388 0.67767733102664351 10 0.88573337381794337 0.7398857180536208 552 0.70730048184459271 12 0.97685727154886404 0.80710720896559773 66 6.1184825897216797 1 14.458950042724609 9.1335240459442133 0 0 0 0 0
78 3.8999999999999999 3.9500000000000002 164.834 4517 353554 8430 132 1 394 0.84405843675920056 10 1.0461068036559495 0.78765810115052204 560 0.83828869703653697 12 0.95112497162174536 0.73518209367507226 67 6.8810725212097168 1 14.713628768920898 9.2450104522705079 0 0 0 0 0
79 3.9500000000000002 4 186.00899999999999 4449 358003 8436 132 1 399 0.93166483673525768 10 1.0296488650677178 0.70691750366144657 567 0.86035250466618984 12 0.97004471975001128 0.73491286451107729 68 8.7815313339233398 1 13.910593032836914 8.1184810638427738 0 0 0 0 0
80 4 4.0499999999999998 183.85300000000001 4440 362443 8441 132 1 402 0.69469738005575477 10 0.91321662023186767 0.71079631432484347 575 0.90341706900177776 12 1.0203249113583888 0.82222955971674327 69 9.4806718826293945 1 15.018082618713379 9.307827796936035 0 0 0 0 0
81 4.0499999999999998 4.0999999999999996 186.66999999999999 4625 367068 8442 132 1 406 0.58654485205636497 10 0.93673278731229304 0.74199527048566349 582 0.7967964237442593 12 0.99734198628748594 0.86231476888684777 70 10.258425712585449 1 15.000735282897949 9.2299979591369627 0 0 0 0 0
82 4.0999999999999996 4.1500000000000004 193.577 4504 371572 8446 132 1 412 0.73421130727983264 10 0.95222066759379231 0.8061862266031341 588 0.73668385131309766 12 0.79992417474025612 0.70816217094486122 71 12.381085395812988 1 14.241636276245117 7.8984934616088864 0 0 0 0 0
83 4.1500000000000004 4.2000000000000002 183.78800000000001 4482 376054 8454 132 1 418 0.95715497678211536 10 1.0578198043445406 0.73165927239498063 595 0.72944010585338837 12 0.88141350731366896 0.76392831067839084 71 4.5547499656677246 1 12.135923385620117 7.7483380413055416 0 0 0 0 0
84 4.2000000000000002 4.25 189.55699999999999 4459 380513 8463 132 1 422 0.7973224786313271 10 1.1106778912055435 0.79316025796899314 602 0.77327681537048976 12 0.9130825478472665 0.71335692861415378 72 5.6212038993835449 1 14.105224609375 8.9441781044006348 0 0 0 0 0
85 4.25 4.2999999999999998 185.376 4564 385077 8468 132 1 426 0.65039964175494491 10 1.0260008963357774 0.78037917662082601 610 0.8604189857756176 12 1.0584660458673465 0.77859118304774488 73 7.8375201225280762 1 13.449234008789062 7.8057735776901245 0 0 0 0 0
86 4.2999999999999998 4.3500000000000005 184.91300000000001 4486 389563 8473 132 1 431 0.71280987326695289 10 0.90853913647326823 0.73186260268846481 616 0.75698265773274687 12 0.84568643348095462 0.75105406607123515 74 9.2596492767333984 1 14.377523422241211 8.5920432949066168 0 0 0 0 0
87 4.3500000000000005 4.4000000000000004 213.05500000000001 4554 394117 8479 132 1 437 0.90125043950583683 10 0.976312921828418 0.76581841263600614 625 0.84428786273661849 12 1.0545694011110951 0.88653783193113744 75 11.843221664428711 1 13.898150444030762 7.4421767711639406 0 0 0 0 0
88 4.4000000000000004 4.4500000000000002 188.28999999999999 4443 398560 8482 132 1 443 1.0060452770039101 10 1.0802966328577179 0.84863054919391567 632 0.88104240552029045 12 0.88104240552029045 0.72036860090740173 76 14.061493873596191 1 14.345554351806641 7.803837156295776 0 0 0 0 0
89 4.4500000000000002 4.5 185.77000000000001 4589 403149 8488 132 1 448 0.95497329084970439 10 1.1899698872702607 0.84421378931192559 640 0.90699205946277928 12 0.97707073656288357 0.83917378207651305 76 5.172935962677002 1 13.783058166503906 8.7999713134765631 0 0 0 0 0
90 4.5 4.5499999999999998 184.69 4484 407633 8494 132 1 453 0.85875802957660774 10 1.0700783143829653 0.88890727635078448 646 0.74006637890596649 12 1.0039818101638072 0.8139105938455542 77 6.5332241058349609 1 13.96983528137207 8.6532671356201174 0 0 0 0 0
91 4.5499999999999998 4.6000000000000005 179.37899999999999 4482 412115 8498 132 1 459 1.0030138539692688 10 1.2250837935708809 0.80956283235178883 652 0.62825432797340119 12 0.89871941563245417 0.75934625231434372 78 8.5298032760620117 1 13.784795761108398 8.0233175706863396 0 0 0 0 0
92 4.6000000000000005 4.6500000000000004 154.45099999999999 4505 416620 8499 132 1 462 0.78082568503181693 10 0.98315284263539426 0.69616426693488931 658 0.57968527849864315 12 0.83342643394260796 0.69673361849704341 79 9.2643060684204102 1 14.971803665161133 9.2728184223175045 0 0 0 0 0
93 4.6500000000000004 4.7000000000000002 154.97200000000001 4544 421164 8509 132 1 468 0.85155454552664722 10 1.1337239410517117 0.88235701546393741 666 0.71765221654613676 12 0.90157263393740394 0.7282729685247652 80 9.7845354080200195 1 15.192517280578613 9.4849553966522215 0 0 0 0 0
94 4.7000000000000002 4.75 155.107 4498 425662 8515 132 1 471 0.58645033471955732 10 0.89745932566790099 0.73865258513208909 672 0.75875357357734763 12 0.75875357357734763 0.60795693191125788 81 10.934122085571289 1 14.759517669677734 8.8618723201751717 0 0 0 0 0
95 4.75 4.7999999999999998 155.00999999999999 4527 430189 8523 132 1 479 0.91192069886342497 10 1.1322493837017873 0.94761472542926806 680 0.859420820482931 12 0.90131739951997392 0.76520085549924688 82 11.810576438903809 1 15.014183044433594 9.1322816658020027 0 0 0 0 0
96 4.7999999999999998 4.8500000000000005 155.821 4527 434716 8529 132 1 483 0.67192596859446196 10 1.0643802446039305 0.87252356328736458 686 0.79011493175215008 12 0.92720839465225768 0.71726381179486465 83 13.125967979431152 1 14.799488067626953 8.6977202224731442 0 0 0 0 0
97 4.8500000000000005 4.9000000000000004 155.429 4507 439223 8536 132 1 490 0.88321211981411141 10 1.0793725025088547 0.90193069783495672 694 0.84732336579897516 12 0.96087158683253249 0.80822673248363064 84 14.533389091491699 1 14.826982498168945 8.6066049385070809 0 0 0 0 0
98 4.9000000000000004 4.9500000000000002 162.69300000000001 4532 443755 8542 132 1 494 0.69851135687228527 10 0.99071586605112538 0.81778060761719207 703 1.0242999903920635 12 1.0242999903920635 0.79776011996246354 84 5.3465385437011719 1 14.245609283447266 9.0952945995330818 0 0 0 0 0
99 4.9500000000000002 5 152.446 4490 448245 8548 132 1 499 0.79005035426883763 10 0.945861946022726 0.70302410132358883 708 0.78913586723895091 12 1.004017496255236 0.77336096220623818 85 6.2411041259765625 1 14.456680297851562 9.1143524551391604 0 0 0 0 0
100 5 5.0499999999999998 152.999 4513 452758 8555 132 1 505 0.8938221992954456 10 1.0201154885784167 0.84964337101296239 715 0.76038086661216298 12 0.95163686736077824 0.78522509428767817 86 7.3118190765380859 1 14.432632446289062 8.9399577331542961 0 0 0 0 0
101 5.0499999999999998 5.1000000000000005 155.93199999999999 4509 457267 8558 132 1 510 0.9240812950191073 10 0.9240812950191073 0.76369325854949077 723 0.79411800279253719 12 0.94248609565775776 0.83146391385473162 87 8.2332315444946289 1 14.704868316650391 9.087768821716308 0 0 0 0 0
102 5.1000000000000005 5.1500000000000004 151.21000000000001 4519 461786 8566 132 1 514 0.74318784634981949 10 1.017669152054524 0.81401119474144412 731 0.79490840630094528 12 1.014457335055104 0.86408237171556279 88 9.7995176315307617 1 14.329681396484375 8.4493236064910882 0 0 0 0 0
103 5.1500000000000004 5.2000000000000002 154.947 4555 466341 8570 132 1 519 0.7236529061689031 10 0.97290327157529655 0.81299101991372036 738 0.78129887348004556 12 0.93992975604206375 0.77023067320170613 89 11.238962173461914 1 14.576146125793457 8.5749007415771477 0 0 0 0 0
104 5.2000000000000002 5.25 150.369 4478 470819 8574 132 1 526 1.060636916700455 10 1.0820632085115427 0.7774856416971262 744 0.63252294059269154 12 0.92980418297749956 0.79594181415961873 90 13.2740478515625 1 14.379602432250977 7.9851987743377686 0 0 0 0 0
105 5.25 5.2999999999999998 151.55099999999999 4471 475290 8578 132 1 530 0.9061290814230839 10 1.0396348933009283 0.7878886563191192 753 0.77441915022504138 12 0.99887717863176673 0.83249099156853645 90 4.8832502365112305 1 13.011203765869141 8.3071705055236809 0 0 0 0 0
106 5.2999999999999998 5.3500000000000005 152.34899999999999 4528 479818 8580 132 1 536 0.92256834470788907 10 1.166257667334913 0.93610545245638577 759 0.64294635441440828 12 0.8974288595736708 0.7788111708485016 91 5.5873422622680664 1 14.592434883117676 9.302925891876221 0 0 0 0 0
107 5.3500000000000005 5.4000000000000004 156.83600000000001 4530 484348 8586 132 1 540 0.8319078062860561 10 0.97625277651425835 0.7246776291990088 769 0.88664402969637324 12 1.0160783110737142 0.83981221450677868 92 6.6856756210327148 1 14.295820236206055 8.9126119232177743 0 0 0 0 0
108 5.4000000000000004 5.4500000000000002 153.744 4478 488826 8589 132 1 543 0.63784527346606845 10 0.9251010442912091 0.66831893676954512 776 0.85062134773526599 12 0.95891239578616327 0.79242042459034412 93 8.8359107971191406 1 13.719578742980957 7.8711952781677246 0 0 0 0 0
109 5.4500000000000002 5.5 155.256 4571 493397 8596 132 1 547 0.59105669083140722 10 0.78204466293564545 0.68124300455698772 784 0.89867455431760557 12 0.95424546667542642 0.81729054512231458 94 10.439905166625977 1 14.377082824707031 8.4119896697998051 0 0 0 0 0
110 5.5 5.5499999999999998 161.49799999999999 4430 497827 8599 132 1 554 0.91013357583012422 10 1.0369499315690072 0.79521418187659931 792 0.95318121819697588 12 0.97243673421182375 0.81090142184062441 95 13.353078842163086 1 13.898027420043945 7.1158616256713865 0 0 0 0 0
111 5.5499999999999998 5.6000000000000005 152.06399999999999 4579 502406 8603 132 1 560 0.97545693977722947 10 1.1220425144902688 0.88770858071545367 798 0.76656076443242416 12 0.98693133533945498 0.83340923175346726 95 4.9123244285583496 1 13.08867073059082 8.3566304206848141 0 0 0 0 0
112 5.6000000000000005 5.6500000000000004 155.84399999999999 4497 506903 8610 132 1 563 0.64293691349545834 10 0.97852507486939233 0.80539662956267133 804 0.67551702052396345 12 0.93027314544890483 0.73878503349011693 96 5.9137692451477051 1 14.257500648498535 9.0085355567932126 0 0 0 0 0
113 5.6500000000000004 5.7000000000000002 154.703 4470 511373 8621 132 1 568 0.62674065759234687 10 0.99665379567677015 0.80968572634982039 811 0.78983010229135564 12 0.80578571038789581 0.64358308564374667 97 7.3960990905761719 1 14.026556968688965 8.5324437332153327 0 0 0 0 0
114 5.7000000000000002 5.75 152.673 4522 515895 8627 132 1 574 0.76424203030999771 10 1.0524587818531215 0.81624991438348071 817 0.69067812178499244 12 0.91385674711367804 0.74681237742439388 98 8.0468807220458984 1 14.958566665649414 9.3557051944732663 0 0 0 0 0
115 5.75 5.7999999999999998 156.93100000000001 4516 520411 8630 132 1 581 0.96966497981509847 10 1.3089106439881568 0.90773547809293387 823 0.69581703305336962 12 0.82772111516214752 0.64356093757721655 99 8.7298746109008789 1 14.980524063110352 9.3238110351562504 0 0 0 0 0
116 5.7999999999999998 5.8500000000000005 152.76599999999999 4557 524968 8634 132 1 585 0.74100124785963695 10 1.0016879550634241 0.86130532993404374 831 0.75251496424284747 12 0.97349176146627969 0.80873209831983162 100 10.118999481201172 1 14.503857612609863 8.6247199535369869 0 0 0 0 0
117 5.8500000000000005 5.9000000000000004 152.52600000000001 4449 529417 8639 132 1 592 1.0168165112047394 10 1.1502952578335524 0.83804475622996166 837 0.67604601580019752 12 0.82572445184112631 0.72435553256184659 101 12.159359931945801 1 14.269139289855957 7.9799747657775875 0 0 0 0 0
118 5.9000000000000004 5.9500000000000002 152.34700000000001 4610 534027 8644 132 1 596 0.72501124092870939 10 1.0848357508217576 0.92381777050811653 846 0.8843381401604703 12 0.98756848470614089 0.76675674929765081 101 4.4731793403625488 1 11.918588638305664 7.609576196670532 0 0 0 0 0
119 5.9500000000000002 6 154.03399999999999 4503 538530 8649 132 1 602 0.8617689344840137 10 1.0350071428695182 0.81698609108483178 852 0.74600736578058813 12 0.9111754035731443 0.78560071492139183 103 15.066034317016602 1 15.370388031005859 9.5127174377441399 0 0 0 0 0
120 6 6.0499999999999998 159.232 4505 543035 8651 132 1 606 0.7529230248560369 10 0.84568249636427961 0.742681808878212 860 0.77931832165278248 12 1.0779832698415845 0.83188589809625568 103 5.5424861907958984 1 14.767706871032715 9.428633813858033 0 0 0 0 0
121 6.0499999999999998 6.1000000000000005 151.833 4485 547520 8652 132 1 611 0.76525145654113202 10 0.9210731029448106 0.78144526155733329 867 0.79295929638492801 12 0.90761463621181548 0.74325174035267938 104 6.7627105712890625 1 14.174201965332031 8.7919349861145015 0 0 0 0 0
122 6.1000000000000005 6.1500000000000004 151.20099999999999 4553 552073 8662 132 1 615 0.63443863706862524 10 1.0525455365040226 0.76442988701160641 875 0.81701653464803525 12 0.98512048421386766 0.84104737663609286 105 8.2574567794799805 1 14.169849395751953 8.520151777267456 0 0 0 0 0
123 6.1500000000000004 6.2000000000000002 151.57300000000001 4520 556593 8665 132 1 620 0.60807997400410463 10 1.1004616293754435 0.81974671107756492 880 0.64896204535818636 12 0.80083853117667403 0.70692015953328069 106 9.8084297180175781 1 14.342713356018066 8.4644845104217534 0 0 0 0 0
124 6.2000000000000002 6.25 152.626 4492 561085 8667 132 1 626 0.824028157512807 10 0.94430303199072396 0.73858495932519175 889 0.81733493073969277 12 0.99829500039687025 0.80627829880068247 107 10.942911148071289 1 14.771383285522461 8.8768251514434819 0 0 0 0 0
125 6.25 6.2999999999999998 152.92599999999999 4507 565592 8673 132 1 631 0.76615905403238982 10 1.0915142985936004 0.85094315618289684 894 0.63283449430018668 12 0.90818477297151412 0.72320215903423923 108 13.165134429931641 1 14.261619567871094 7.7999234294891355 0 0 0 0 0
126 6.2999999999999998 6.3500000000000005 158.52199999999999 4513 570105 8676 132 1 637 0.92529994318467501 10 0.94898809502085202 0.79482616619082436 901 0.75807922304028996 12 0.81389302413507891 0.63276030435871222 108 4.8431839942932129 1 12.904447555541992 8.2390116310119623 0 0 0 0 0
127 6.3500000000000005 6.4000000000000004 159.67500000000001 4516 574621 8677 132 1 641 0.69124915623806682 10 1.1187238296365176 0.86663884369859945 908 0.74562124568666965 12 0.85048647475730932 0.76909062084653801 109 6.3202328681945801 1 13.787405967712402 8.5376739454269401 0 0 0 0 0
128 6.4000000000000004 6.4500000000000002 153.721 4501 579122 8679 132 1 646 0.63988159993858418 10 1.0980410177946067 0.84450639050730913 917 0.93870783421286452 12 1.0168900189940138 0.78181084690639424 110 7.4422554969787598 1 14.399215698242188 8.8891604042053221 0 0 0 0 0
129 6.4500000000000002 6.5 152.25200000000001 4537 583659 8685 132 1 652 0.85054240062639952 10 0.96359925648119571 0.74381966193970495 922 0.68440316838441995 12 1.027154345352618 0.79231080145129895 111 8.7429084777832031 1 14.414617538452148 8.7123099899291994 0 0 0 0 0
130 6.5 6.5499999999999998 158.244 4543 588202 8687 132 1 657 0.84020214467990562 10 0.99085388698532717 0.80388805278517783 931 0.8579937522403811 12 0.98101237704835809 0.80111244163731499 112 9.4664630889892578 1 14.995576858520508 9.2836568927764898 0 0 0 0 0
131 6.5499999999999998 6.6000000000000005 152.86500000000001 4525 592727 8690 132 1 662 0.82359954207211461 10 0.94842594376144129 0.81008793702908477 937 0.70448513803498214 12 1.0132198757151805 0.8006273459889125 113 10.671874046325684 1 14.696531295776367 8.8066023635864266 0 0 0 0 0
132 6.6000000000000005 6.6500000000000004 153.392 4472 597199 8691 132 1 668 0.93764219842041119 10 0.9956227306571328 0.83947487620570571 942 0.55422241822493434 12 0.83018609377732733 0.68930581129401747 114 11.408721923828125 1 15.095219612121582 9.2704943847656249 0 0 0 0 0
133 6.6500000000000004 6.7000000000000002 156.749 4531 601730 8692 132 1 672 0.73558629560638622 10 1.0490113514002946 0.83496286823287957 952 0.85096875454677301 12 0.92661078761198412 0.78729214233357592 115 13.33649730682373 1 14.447254180908203 8.0914378643035896 0 0 0 0 0
134 6.7000000000000002 6.75 151.44300000000001 4560 606290 8695 132 1 679 0.96684646638846738 10 1.0901162593786922 0.88215582301793116 956 0.60877056083354852 12 0.83411844893850218 0.67221692300032254 115 4.9062247276306152 1 13.072417259216309 8.3462532615661615 0 0 0 0 0
135 6.75 6.7999999999999998 168.76900000000001 4494 610784 8702 132 1 684 0.87352578103507039 10 1.0884800326561259 0.88604145256468925 965 0.8011138549564687 12 0.97519068871177705 0.78254668371795788 116 6.2535543441772461 1 13.917536735534668 8.6660978412628182 0 0 0 0 0
136 6.7999999999999998 6.8500000000000005 169.982 4548 615332 8706 132 1 689 0.89450625633186254 10 1.0085528831255137 0.77287939777168557 973 0.88402722855716998 12 0.9386924075073686 0.78277788642907742 117 7.4177260398864746 1 14.351755142211914 8.8474317169189458 0 0 0 0 0
137 6.8500000000000005 6.9000000000000004 182.489 4464 619796 8709 132 1 693 0.85931716656298118 10 0.91245436359890153 0.66975900183413994 981 0.91725757494318882 12 0.95627184257892284 0.83196562713057898 118 8.3841791152954102 1 14.677946090698242 9.0431809520721433 0 0 0 0 0
138 6.9000000000000004 6.9500000000000002 164.917 4526 624322 8714 132 1 698 0.83200245888575641 10 0.98896980463848116 0.82069333807380784 987 0.73494028354720753 12 0.99206548921870619 0.82914886118044406 119 8.8539638519287109 1 15.193456649780273 9.5349005413055412 0 0 0 0 0
139 6.9500000000000002 7 173.23599999999999 4562 628884 8718 132 1 702 0.65526123621251753 10 1.0174287757797553 0.8099004104358275 995 0.81211780864174676 12 0.90941561244877012 0.78845658289353349 120 10.164649963378906 1 14.569289207458496 8.7023777103424074 0 0 0 0 0
140 7 7.0499999999999998 151.15799999999999 4473 633357 8724 132 1 707 0.69728540406341011 10 0.95768146201900539 0.75204555691134156 1003 0.86207626915538837 12 0.99617924242904909 0.8154043175535205 121 12.176153182983398 1 14.288846969604492 8.0085438919067382 0 0 0 0 0
141 7.0499999999999998 7.1000000000000005 152.81999999999999 4541 637898 8730 132 1 712 0.75446964038218223 10 0.95112245730839917 0.73703649914125857 1008 0.64549452703658838 12 0.94389655599453648 0.75496377966482653 121 4.4793581962585449 1 11.935049057006836 7.6200870704650878 0 0 0 0 0
142 7.1000000000000005 7.1500000000000004 158.917 4531 642429 8731 132 1 715 0.58570873986348337 10 0.80691679185150167 0.64326950218633205 1017 0.85997194785056097 12 0.99546734280468308 0.76063306862126179 122 6.3716082572937012 1 13.354475975036621 8.1266085720062264 0 0 0 0 0
143 7.1500000000000004 7.2000000000000002 155.49799999999999 4478 646907 8736 132 1 720 0.68114456682784941 10 0.95671374341937243 0.69916608083760678 1022 0.64299103760762921 12 0.90336860584621959 0.75535894454683172 123 9.6785736083984375 1 13.06470775604248 6.7259916973114011 0 0 0 0 0
144 7.2000000000000002 7.25 154.13200000000001 4583 651490 8739 132 1 725 0.63778498560618713 10 1.0944431887073309 0.83657831852958298 1029 0.66684512287373643 12 1.0563317920969535 0.73314036125827842 124 12.700009346008301 1 13.757756233215332 7.0086754608154296 0 0 0 0 0
145 7.25 7.2999999999999998 153.24100000000001 4520 656010 8743 132 1 731 0.79276286969777388 10 0.9878432990162701 0.79894754303022808 1036 0.69481309232746724 12 0.91414029454048262 0.7290674838307778 124 4.6720747947692871 1 12.448532104492188 7.9479276466369626 0 0 0 0 0
146 7.2999999999999998 7.3500000000000005 153.42599999999999 4522 660532 8746 132 1 735 0.6920363514725103 10 0.95051381895914189 0.73464332146098732 1043 0.71180676359500783 12 0.86931927668103015 0.73993245954848075 125 5.9083452224731445 1 13.962366104125977 8.7760492038726809 0 0 0 0 0
147 7.3500000000000005 7.4000000000000004 151.12899999999999 4490 665022 8751 132 1 741 0.73011530081910836 10 1.2551502240930212 0.91468154321628281 1050 0.72400880326891348 12 1.0136830824232232 0.74467638896674715 126 7.2907304763793945 1 14.106044769287109 8.6313927841186526 0 0 0 0 0
148 7.4000000000000004 7.4500000000000002 153.46700000000001 4502 669524 8752 132 1 747 0.87773670851132979 10 0.97004902675514104 0.80623076200487376 1058 0.80349512326588535 12 0.96195825928982626 0.78617079038519588 127 8.4517040252685547 1 14.503179550170898 8.8505969524383552 0 0 0 0 0
149 7.4500000000000002 7.5 160.94300000000001 4538 674062 8756 132 1 753 0.99073974048226721 10 1.052003658671915 0.84050404682441648 1064 0.70420323665608964 12 0.83371063529866174 0.74695090038989009 128 10.298562049865723 1 14.182435989379883 8.1715446281433106 0 0 0 0 0
150 7.5 7.5499999999999998 152.89599999999999 4507 678569 8758 132 1 757 0.83233515646655176 10 0.97112179497041751 0.79174659812419401 1071 0.74878157289823399 12 0.84971435243850635 0.71262274022557548 129 11.271388053894043 1 14.913509368896484 9.0368684101104737 0 0 0 0 0
151 7.5499999999999998 7.6000000000000005 152.08199999999999 4512 683081 8760 132 1 762 0.90314866186075904 10 0.97300714310864178 0.7235430022645013 1078 0.73169906108089866 12 0.91175317800992139 0.77366898244806137 130 13.105003356933594 1 14.483266830444336 8.1846615123748787 0 0 0 0 0
152 7.6000000000000005 7.6500000000000004 155.80500000000001 4498 687579 8766 132 1 765 0.6630708730190048 10 1.0248890470189513 0.71387557679767666 1084 0.59612675695027217 12 0.98407949093425728 0.78286976784959506 130 4.8210635185241699 1 12.84550666809082 8.2013796997070312 0 0 0 0 0
153 7.6500000000000004 7.7000000000000002 152.99299999999999 4524 692103 8770 132 1 772 0.77108902779836508 10 1.3566641656179277 1.0041695378003466 1096 1.1038574309553146 12 1.1261568060297289 0.79462682690870012 131 5.7988810539245605 1 14.262939453125 9.0319305133819583 0 0 0 0 0
154 7.7000000000000002 7.75 151.613 4481 696584 8772 132 1 777 0.77365801069471574 10 1.0190614783574665 0.79110742648442578 1101 0.80422925940258116 12 1.0819995980743626 0.83718252105781366 132 6.4075088500976562 1 14.842140197753906 9.3974365615844722 0 0 0 0 0
155 7.75 7.7999999999999998 153.60400000000001 4554 701138 8778 132 1 782 0.74082195853430133 10 1.0202063293684096 0.82615964940616071 1108 0.81522689333506926 12 0.87270424061152663 0.74586871643423647 133 6.8058466911315918 1 15.146684646606445 9.605633277893066 0 0 0 0 0
156 7.7999999999999998 7.8500000000000005 156.791 4551 705689 8781 132 1 788 0.88577774687418864 10 1.0700064713046664 0.80886979640003231 1114 0.71316610780887035 12 0.94348694388942633 0.74969235265123546 134 7.724276065826416 1 14.64893913269043 9.0907240390777595 0 0 0 0 0
157 7.8500000000000005 7.9000000000000004 153.74199999999999 4503 710192 8785 132 1 792 0.69031797231189784 10 1.0081992459202569 0.82843234616849171 1120 0.59467738289124583 12 0.9610427340305181 0.76595645232620668 135 8.9679670333862305 1 14.492900848388672 8.7687021541595467 0 0 0 0 0
158 7.9000000000000004 7.9500000000000002 170.78800000000001 4495 714687 8789 132 1 798 0.87589724846775574 10 1.034657008650284 0.76865125682737134 1129 0.81170467300782567 12 0.93048346482123356 0.75810868139860377 136 9.9357423782348633 1 14.822385787963867 9.0418684196472174 0 0 0 0 0
159 7.9500000000000002 8 161.428 4449 719136 8796 132 1 803 0.91244763744965429 10 0.94503218529834632 0.75746457540563183 1137 0.7934600521163151 12 1.0771033262032914 0.88292775479524577 137 11.924883842468262 1 14.276676177978516 8.0306826305389407 0 0 0 0 0
160 8 8.0500000000000007 158.80199999999999 4541 723677 8799 132 1 807 0.7923501844237012 10 0.89534215131656281 0.75382116677705213 1142 0.61202491877656939 12 0.88778368849268507 0.72016745933157211 138 13.34540843963623 1 14.748956680297852 8.5936317634582515 0 0 0 0 0
161 8.0500000000000007 8.0999999999999996 154.673 4521 728198 8800 132 1 812 0.76559256819365107 10 0.95836242166392149 0.82014188603716109 1151 0.80855185116180339 12 0.96328752428190745 0.77840475678041077 138 4.9095048904418945 1 13.081151962280273 8.3518317699432369 0 0 0 0 0
162 8.0999999999999996 8.1500000000000004 154.55000000000001 4487 732685 8801 132 1 817 0.70794780292208237 10 1.0646405910688734 0.85072112790164756 1157 0.70537335872841722 12 0.89577886833012788 0.75079881764106338 139 6.0803275108337402 1 14.084263801574707 8.84084656715393 0 0 0 0 0
163 8.1500000000000004 8.1999999999999993 157.72800000000001 4519 737204 8804 132 1 824 1.0440081812086559 10 1.0832068901213388 0.77840014960084658 1165 0.79700125520364251 12 0.92809144774165331 0.77415024507487817 140 7.0559978485107422 1 14.496072769165039 9.0340528011322014 0 0 0 0 0
164 8.1999999999999993 8.25 151.16499999999999 4514 741718 8809 132 1 827 0.68309904942436828 10 1.0233354492793008 0.83350282835581968 1172 0.75389251809674873 12 1.0525885533643875 0.7994358275348854 141 8.6008138656616211 1 14.180339813232422 8.4705824279785151 0 0 0 0 0
165 8.25 8.3000000000000007 153.73699999999999 4507 746225 8812 132 1 833 0.88214101204796447 10 1.0473965548333668 0.75532267836351241 1180 0.86174471372287975 12 0.93351687059010569 0.75808757973728491 142 9.5404510498046875 1 14.81352424621582 9.0697289752960213 0 0 0 0 0
166 8.3000000000000007 8.3499999999999996 156.102 4493 750718 8816 132 1 838 0.98995453828857061 10 1.0099529310587854 0.68691189968160205 1187 0.83841707500051155 12 0.90824632243933934 0.77985184941633734 143 11.615713119506836 1 14.187461853027344 7.945421876907349 0 0 0 0 0
167 8.3499999999999996 8.4000000000000004 152.952 4470 755188 8819 132 1 842 0.7615791099175574 10 1.1892057922151353 0.86102000636477316 1193 0.70852069853981559 12 0.88099069002563557 0.77725049788543188 144 13.231672286987305 1 14.623258590698242 8.4001475143432618 0 0 0 0 0
168 8.4000000000000004 8.4499999999999993 159.929 4546 759734 8825 132 1 847 0.77771782790798516 10 0.91441347166186282 0.77767287343474367 1201 0.73225904299084821 12 0.95184993447383826 0.84136307549100531 144 4.8676619529724121 1 12.969667434692383 8.2806523609161378 0 0 0 0 0
169 8.4499999999999993 8.5 156.376 4521 764255 8831 132 1 851 0.67581451248141033 10 0.95305890220380018 0.73580840302202533 1209 0.90207529897625427 12 0.920298420939897 0.69674106471036712 145 6.1512794494628906 1 13.966472625732422 8.7291764926910407 0 0 0 0 0
170 8.5 8.5500000000000007 159.935 4499 768754 8833 132 1 857 0.92396385206412224 10 1.0009180107948532 0.70670481495991611 1217 0.89680432902800089 12 1.0523259960114959 0.87008336831951483 146 6.9866724014282227 1 14.643613815307617 9.172930822372436 0 0 0 0 0
171 8.5500000000000007 8.5999999999999996 166.72 4539 773293 8835 132 1 862 0.91229939744031674 10 1.0493940196105367 0.80519900085768537 1223 0.73843069076538081 12 0.90192121299537464 0.80544393025540062 147 7.5860981941223145 1 14.974025726318359 9.4065480804443364 0 0 0 0 0
172 8.5999999999999996 8.6500000000000004 151.292 4500 777793 8837 132 1 867 0.9695121873646424 10 0.98909761340797153 0.73700824686442501 1230 0.6244384369334659 12 1.1607858193887246 0.86961299010225246 148 8.9171380996704102 1 14.41075325012207 8.6822295570373527 0 0 0 0 0
173 8.6500000000000004 8.7000000000000011 152.36500000000001 4505 782298 8841 132 1 871 0.82348549035969121 10 0.95031455999063807 0.77949200812837616 1239 0.84987984170784825 12 0.87173745551624815 0.74977836554759247 149 9.5305595397949219 1 15.097108840942383 9.3926938056945808 0 0 0 0 0
174 8.7000000000000011 8.75 152.99199999999999 4561 786859 8845 132 1 877 0.98050560726591762 10 0.98573159301870161 0.79692575445053437 1247 0.88987598656802569 12 0.99504939430468786 0.82526729388736397 150 11.775824546813965 1 14.098220825195312 7.7771110153198242 0 0 0 0 0
175 8.75 8.8000000000000007 155.16200000000001 4473 791332 8847 132 1 880 0.69456042824471553 10 0.96109030642946891 0.75928586859899416 1252 0.60469471043026124 12 1.0171129584312439 0.82287968817876789 151 14.036699295043945 1 14.320259094238281 7.761658725738525 0 0 0 0 0
176 8.8000000000000007 8.8499999999999996 170.11500000000001 4507 795839 8850 132 1 885 0.79967910688838817 10 0.86628197283795405 0.68957970602403895 1262 0.8530850456675162 12 0.95420540746402094 0.83516625335127914 151 5.1638154983520508 1 13.758753776550293 8.7844543933868415 0 0 0 0 0
177 8.8499999999999996 8.9000000000000004 185.90199999999999 4462 800301 8854 132 1 888 0.56579085887473313 10 0.84406062288988848 0.70774775312672167 1268 0.72981908791824368 12 0.91068869939426311 0.77068611117804775 152 6.0892491340637207 1 14.389865875244141 9.0837929439544673 0 0 0 0 0
178 8.9000000000000004 8.9500000000000011 184.88300000000001 4549 804850 8857 132 1 893 0.58104440218606856 10 1.101939422041071 0.77854915580696893 1277 0.93331905713153851 12 1.0110524038985573 0.77150121558397222 153 7.0592794418334961 1 14.502815246582031 9.0396360778808589 0 0 0 0 0
179 8.9500000000000011 9 170.16300000000001 4497 809347 8860 132 1 898 0.61609274878101283 10 1.0157650472807911 0.75895172180350012 1284 0.82744311283443228 12 1.0376512589058964 0.86157760193762745 154 7.817509651184082 1 14.825752258300781 9.249327363967895 0 0 0 0 0
180 9 9.0500000000000007 155.31399999999999 4445 813792 8864 132 1 904 0.87142245585773925 10 0.90698586944687609 0.69959591040475577 1290 0.76565465576650982 12 0.8294237386771931 0.70982124601276209 155 9.9228992462158203 1 13.94115161895752 7.9155937290191654 0 0 0 0 0
181 9.0500000000000007 9.0999999999999996 152.095 4604 818396 8867 132 1 909 0.90648677126164479 10 0.90648677126164479 0.75893601682213419 1297 0.76889445423400282 12 0.88894626632509 0.75354933768492249 156 12.087218284606934 1 14.184480667114258 7.8572511291503906 0 0 0 0 0
182 9.0999999999999996 9.1500000000000004 154.517 4534 822930 8870 132 1 913 0.73232256642557558 10 0.94743460606384489 0.80734906272057261 1305 0.87209037767665787 12 1.0031426277364812 0.76269738376885099 156 4.4466404914855957 1 11.847875595092773 7.5644295787811275 0 0 0 0 0
183 9.1500000000000004 9.2000000000000011 154.82599999999999 4422 827352 8872 132 1 918 0.76668884837584172 10 0.96519059627427761 0.75962708538833323 1312 0.77881685705388259 12 1.0088681090488241 0.84910074264066049 157 5.6611366271972656 1 13.92414665222168 8.7976066875457768 0 0 0 0 0
184 9.2000000000000011 9.25 152.928 4537 831889 8874 132 1 922 0.6633537631696238 10 0.87322688826899386 0.73722590346186612 1318 0.73382938586120772 12 0.84959027057238679 0.69318774223983637 158 6.9991393089294434 1 14.09453296661377 8.6753313541412354 0 0 0 0 0
185 9.25 9.3000000000000007 152.98500000000001 4548 836437 8878 132 1 926 0.59639391488212457 10 0.84430914117859046 0.701213179275332 1325 0.73500224276115633 12 1.0121918461569048 0.75559562844922101 159 8.5798940658569336 1 14.145853042602539 8.4349980926513677 0 0 0 0 0
186 9.3000000000000007 9.3499999999999996 150.12100000000001 4499 840936 8879 132 1 931 0.71959755830949501 10 0.8117129508137868 0.67167501168499288 1332 0.75844678039647984 12 0.86170620862011105 0.73354587700937646 160 9.9270467758178711 1 14.516166687011719 8.6662721252441415 0 0 0 0 0
187 9.3499999999999996 9.4000000000000004 160.12200000000001 4489 845425 8882 132 1 934 0.51587827870740255 10 0.85053930771196717 0.6778794782648877 1340 0.78112966319416177 12 0.97932211998298024 0.84240816455424794 161 13.164406776428223 1 13.701656341552734 6.7949034786224365 0 0 0 0 0
188 9.4000000000000004 9.4500000000000011 174.98099999999999 4511 849936 8884 132 1 941 0.81801673872873182 10 1.0293278312065302 0.81198381065313641 1348 0.86871737030324014 12 0.99926274455906572 0.77815005743482646 161 4.8429169654846191 1 12.90373420715332 8.2385563659667973 0 0 0 0 0
189 9.4500000000000011 9.5 165.15899999999999 4458 854394 8888 132 1 946 0.86456294217416163 10 0.94309517048957481 0.74756837167782308 1353 0.70555160847020582 12 0.85151559313425662 0.70208014782743489 162 5.7272119522094727 1 14.371234893798828 9.1245159244537355 0 0 0 0 0
190 9.5 9.5500000000000007 154.971 4632 859026 8889 132 1 950 0.72481747749230407 10 0.97136807211865872 0.77327339018378782 1361 0.78073754874312817 12 0.99627453996000148 0.79042835603318795 163 7.5405244827270508 1 13.739725112915039 8.2047619485855101 0 0 0 0 0
191 9.5500000000000007 9.5999999999999996 158.904 4482 863508 8890 132 1 955 0.7154278920231214 10 1.0498408520670091 0.80294681650542743 1368 0.78410425592632438 12 0.88457976538168603 0.75342366133712457 164 9.9633607864379883 1 13.720818519592285 7.6013109064102169 0 0 0 0 0
192 9.5999999999999996 9.6500000000000004 154.285 4513 868021 8892 132 1 960 0.75396820933637509 10 1.0383104042319622 0.75549461639884585 1373 0.59718768176363235 12 0.92143579242910278 0.72559419625895172 165 11.771293640136719 1 14.377488136291504 8.2100872135162355 0 0 0 0 0
193 9.6500000000000004 9.7000000000000011 156.131 4532 872553 8893 132 1 965 0.78707230588874411 10 0.90534860046462862 0.76087661452695476 1384 0.99492979630697387 12 0.99492979630697387 0.79541109773188468 165 4.3304190635681152 1 11.538206100463867 7.3667176818847659 0 0 0 0 0
194 9.7000000000000011 9.75 151.84200000000001 4484 877037 8895 132 1 969 0.62870486899529554 10 1.0452636341248027 0.79170975763294582 1391 0.89500365322097097 12 0.97522886444838852 0.85568693499337412 166 5.7826581001281738 1 13.665345191955566 8.5622347402572636 0 0 0 0 0
195 9.75 9.8000000000000007 151.83199999999999 4497 881534 8897 132 1 976 0.93485294833812482 10 1.0712024420141635 0.80801419287554122 1397 0.75451208780086587 12 1.0201726051628317 0.78774007023112247 167 6.8510665893554688 1 14.359387397766113 8.9422407436370843 0 0 0 0 0
196 9.8000000000000007 9.8499999999999996 154.94900000000001 4513 886047 8901 132 1 980 0.74270794143204255 10 1.0228036252596147 0.82515060260862527 1405 0.87424717094500815 12 0.9470606207853407 0.74632312733106787 168 8.1757164001464844 1 14.312995910644531 8.6885530948638916 0 0 0 0 0
197 9.8499999999999996 9.9000000000000004 153.70699999999999 4516 890563 8902 132 1 985 0.81120708277376252 10 0.94775572545140963 0.72583444482289405 1411 0.74265567587859327 12 0.92540590245603338 0.77892866644981495 169 9.915135383605957 1 14.211654663085938 8.2779163360595707 0 0 0 0 0
198 9.9000000000000004 9.9500000000000011 152.60499999999999 4534 895097 8903 132 1 991 0.93930580311193912 10 1.0175378005431319 0.82555898811143535 1418 0.80108833595412809 12 0.85062487529145359 0.69890639561084722 170 11.281495094299316 1 14.631309509277344 8.6472561645507806 0 0 0 0 0
199 9.9500000000000011 10 152.72499999999999 4494 899591 8906 132 1 994 0.65505307080188202 10 0.92070630037591261 0.7576103084630107 1424 0.67814169813302572 12 0.93472618330276624 0.77036997956797182 171 13.289691925048828 1 14.396551132202148 8.0118155384063723 0 0 0 0 0
200 10 10.050000000000001 154.89400000000001 4556 904147 8910 132 1 999 0.70832407834896993 10 0.87628656865529109 0.74091065198312844 1431 0.71478957652140485 12 0.90099930795213301 0.72047414515551722 171 4.889007568359375 1 13.026538848876953 8.3169632053375242 0 0 0 0 0
201 10.050000000000001 10.1 252.655 4515 908662 8912 132 1 1005 0.83518482796506666 10 1.0527842616866072 0.82678454524594547 1439 0.84964508994268872 12 0.90218417046661248 0.73135344718769157 172 5.5894579887390137 1 14.597966194152832 9.3065275096893316 0 0 0 0 0
202 10.1 10.15 153.71100000000001 4451 913113 8914 132 1 1010 0.81194687656892406 10 0.97580038582687378 0.81665713891743852 1444 0.629360209889963 12 0.9071998080226148 0.75862996198509336 173 6.7799921035766602 1 14.210419654846191 8.8213317871093757 0 0 0 0 0
203 10.15 10.200000000000001 152.51499999999999 4523 917636 8916 132 1 1015 0.75894744816307202 10 1.1784228825025576 0.84612202005587489 1450 0.6095445625262963 12 0.75418399730193952 0.66826679484326423 174 7.3133902549743652 1 15.024868011474609 9.4719180393218991 0 0 0 0 0
204 10.200000000000001 10.25 153.58600000000001 4530 922166 8917 132 1 1021 0.91876064029460758 10 0.95625597334610435 0.79416058784932275 1458 0.76673255146802044 12 0.9068373887054193 0.70924351156077348 175 10.324368476867676 1 13.389982223510742 7.0190321969985963 0 0 0 0 0
205 10.25 10.300000000000001 151.666 4490 926656 8920 132 1 1024 0.60269686343693696 10 0.94322178289089764 0.78910429175815311 1465 0.75036076664923834 12 0.863120305054346 0.77296534876904166 176 11.904099464416504 1 14.539698600769043 8.436013040542603 0 0 0 0 0
206 10.300000000000001 10.35 160.845 4523 931179 8923 132 1 1032 0.90887962068830219 10 1.4071438274686299 0.96670997150522053 1473 0.77762882143236045 12 0.97475571348255174 0.83786856438695434 176 4.379274845123291 1 11.66838264465332 7.4498294925689699 0 0 0 0 0
207 10.35 10.4 154.57499999999999 4497 935676 8924 132 1 1035 0.57024418172382174 10 1.08145691099621 0.81145104253102873 1479 0.71217978256790959 12 0.78708035645261076 0.71344547656979029 177 5.4019403457641602 1 14.108221054077148 8.9875277423858648 0 0 0 0 0
208 10.4 10.450000000000001 153.161 4563 940239 8927 132 1 1041 0.70627115264771478 10 1.0406349575708782 0.81770969769311308 1487 0.75771100182304563 12 0.92034620043434823 0.81978734113197904 178 6.3478288650512695 1 14.412740707397461 9.0635388946533197 0 0 0 0 0
209 10.450000000000001 10.5 152.41499999999999 4469 944708 8927 132 1 1045 0.61623240557927939 10 0.88326390300478252 0.72406208096042524 1494 0.72028682648821285 12 0.98210760252797902 0.7938080758340651 179 7.6612429618835449 1 14.241696357727051 8.6996766948699946 0 0 0 0 0
210 10.5 10.550000000000001 152.13999999999999 4521 949229 8930 132 1 1051 0.77406064941296504 10 0.9645388678662361 0.79612571184124259 1502 0.77805816256282478 12 0.94075357900936962 0.80766924707734755 180 9.323613166809082 1 14.190177917480469 8.3541981124877935 0 0 0 0 0
211 10.550000000000001 10.6 154.66800000000001 4550 953779 8931 132 1 1056 0.8410382659898864 10 0.87170137275779058 0.72734071600886563 1509 0.68754208621569113 12 0.95057951861517564 0.84637067681407574 181 10.476963996887207 1 14.719583511352539 8.8581446552276617 0 0 0 0 0
212 10.6 10.65 152.43600000000001 4512 958291 8932 132 1 1061 0.85552885544501123 10 1.1032548695802689 0.77930465714296404 1516 0.69603895849246622 12 0.85222636349263259 0.74834463276223762 182 10.761717796325684 1 15.425085067749023 9.7180847358703613 0 0 0 0 0
213 10.65 10.700000000000001 152.09700000000001 4506 962797 8933 132 1 1066 0.75528017305103801 10 1.1806288186815523 0.89290046667990597 1523 0.67567584880200704 12 1.0808611305249856 0.77691700384750118 183 11.441774368286133 1 15.138952255249023 9.3267209529876709 0 0 0 0 0
214 10.700000000000001 10.75 148.92699999999999 4464 967261 8935 132 1 1073 0.98894927342097083 10 1.0501024837953052 0.87977064067701116 1531 0.79640014385133784 12 0.85231042671297674 0.74534372599611343 184 11.997330665588379 1 15.251594543457031 9.4499796581268303 0 0 0 0 0
215 10.75 10.800000000000001 154.148 4550 971811 8939 132 1 1077 0.77454072820384878 10 0.96936676196295712 0.84719232016753043 1538 0.7250035969943448 12 1.0753146966060014 0.82744184956111355 185 13.372060775756836 1 14.778411865234375 8.6389713287353516 0 0 0 0 0
216 10.800000000000001 10.85 151.00899999999999 4449 976260 8943 132 1 1082 0.77087718078825951 10 0.94155146444488003 0.79727783332394042 1546 0.75477408461225082 12 0.97087973003209616 0.8353910865016505 185 4.9193072319030762 1 13.10727596282959 8.3685089206695551 0 0 0 0 0
217 10.85 10.9 153.53200000000001 4564 980824 8945 132 1 1086 0.66832513650366487 10 0.85467188780072201 0.73645061301667569 1554 0.79846832043620508 12 0.95174113673457084 0.82160617440159545 186 5.9992995262145996 1 14.177299499511719 8.9307737636566156 0 0 0 0 0
218 10.9 10.950000000000001 155.47800000000001 4488 985312 8948 132 1 1091 0.75088757234063075 10 0.89897560790909448 0.71191119808350578 1562 0.88236327308330587 12 0.955852669719919 0.78180610553444263 187 6.655674934387207 1 14.812471389770508 9.3501674270629884 0 0 0 0 0
219 10.950000000000001 11 159.08799999999999 4490 989802 8952 132 1 1097 1.0740450372073784 10 1.1634990244870891 0.63244417853352441 1568 0.73860990876309285 12 0.9203645028378743 0.79096932943897058 188 7.0786943435668945 1 15.136199951171875 9.5811969089508064 0 0 0 0 0
220 11 11.050000000000001 160.82499999999999 4581 994383 8955 132 1 1100 0.70775438202699947 10 1.0527775300984465 0.8388307333244639 1574 0.62487920916372586 12 0.95104199951983193 0.76124588067504606 189 8.8542337417602539 1 14.0257568359375 8.2421575164794927 0 0 0 0 0
221 11.050000000000001 11.1 155.774 4505 998888 8958 132 1 1106 0.87967643083699287 10 0.93407256036605413 0.78217236148155633 1582 0.75062713851098795 12 0.92147981076435581 0.74037022927641449 190 11.86451244354248 1 13.647436141967773 7.0197220945358278 0 0 0 0 0
222 11.1 11.15 152.99600000000001 4485 1003373 8959 132 1 1112 0.91750633741074283 11 1.0406402071119116 0.9149279922832777 1589 0.657644558120281 12 1.0211292566605932 0.84881269235483414 191 14.06932544708252 1 14.353544235229492 7.8171610546112058 0 0 0 0 0
223 11.15 11.200000000000001 158.09 4550 1007923 8962 132 1 1117 0.86245321733045777 11 0.97224252289666202 0.8481552036368718 1597 0.85591664763885378 12 0.89084725106714469 0.66856874737262695 191 5.1758155822753906 1 13.79073429107666 8.8048711299896247 0 0 0 0 0
224 11.200000000000001 11.25 155.767 4455 1012378 8964 132 1 1122 0.8264775214813882 11 0.9693811914790661 0.82926800995058769 1604 0.75018477301267661 12 0.99579964136937982 0.86143482831502782 192 6.0107035636901855 1 14.491196632385254 9.1734335803985587 0 0 0 0 0
225 11.25 11.300000000000001 156.16900000000001 4534 1016912 8965 132 1 1126 0.66151763402233932 11 1.077241580076296 0.79823651407635987 1612 0.86390673201696422 12 0.86390673201696422 0.75227637260522018 193 7.980806827545166 1 13.69511890411377 8.0495292711257935 0 0 0 0 0
226 11.300000000000001 11.35 163.005 4542 1021454 8967 132 1 1130 0.62939147732539114 11 0.8778565368475314 0.66672665266404674 1621 1.0078448167692549 12 1.1363418642016967 0.83046932442563115 194 9.062342643737793 1 14.645414352416992 8.9292453861236574 0 0 0 0 0
227 11.35 11.4 155.25800000000001 4512 1025966 8969 132 1 1135 0.68481317773674111 11 0.87302359504831228 0.73878145623738989 1628 0.8827182086576344 12 1.0561866810590557 0.88063629409820676 195 10.380846977233887 1 14.584545135498047 8.6946365165710446 0 0 0 0 0
228 11.4 11.450000000000001 153.41 4434 1030400 8971 132 1 1140 0.70294949046103239 11 0.91780133791848006 0.77569521103340444 1636 0.93526111411462587 12 1.0131562303187329 0.8128456422295004 196 12.59999942779541 1 14.206459045410156 7.8029648017883302 0 0 0 0 0
229 11.450000000000001 11.5 154.774 4574 1034974 8975 132 1 1144 0.54607964509741402 11 1.0356292974423418 0.79022710444632605 1642 0.82789046815473866 12 0.95329345554928291 0.75494926923616046 197 14.535942077636719 1 14.535942077636719 8.0833514404296878 0 0 0 0 0
230 11.5 11.550000000000001 154.29400000000001 4494 1039468 8976 132 1 1152 0.98739155917222776 11 1.0554394796619835 0.83292767502157317 1647 0.65134457421084069 12 0.87127339275016924 0.71532694065578739 197 5.347477912902832 1 14.248111724853516 9.0968924713134758 0 0 0 0 0
231 11.550000000000001 11.6 152.971 4533 1044001 8979 132 1 1156 0.83140489505307913 11 0.96783990282394827 0.78935265866272952 1656 0.7863944188169818 12 1.0091445021365826 0.83926905940897856 198 7.7368226051330566 1 13.276435852050781 7.6344703197479244 0 0 0 0 0
232 11.6 11.65 155.596 4478 1048479 8981 132 1 1161 0.90477208136881337 12 0.92463678926767834 0.72101471286075469 1661 0.59020999184102474 12 0.92562744828880206 0.73476980597215902 199 9.351414680480957 1 14.232494354248047 8.4014966011047356 0 0 0 0 0
233 11.65 11.700000000000001 154.798 4522 1053001 8983 132 1 1165 0.79409125327969532 12 1.0092355843146668 0.74449838049385164 1669 0.76972797274797811 12 0.8506809076617492 0.68713598940005949 200 11.546171188354492 1 14.102522850036621 7.8271192550659183 0 0 0 0 0
234 11.700000000000001 11.75 157.00999999999999 4500 1057501 8987 132 1 1171 0.86758932693905022 12 1.1029221164599186 0.87961532763287598 1675 0.65635365821173408 12 0.88598467087016908 0.76089308953018475 200 4.2476005554199219 1 11.31754207611084 7.22583083152771 0 0 0 0 0
235 11.75 11.800000000000001 152.32400000000001 4493 1061994 8987 132 1 1176 0.85822113249097032 12 1.027477141075414 0.80292567485478916 1683 0.7290846218355046 12 0.97630392426364598 0.79285883262744106 201 5.4300785064697266 1 13.900899887084961 8.8293047046661375 0 0 0 0 0
236 11.800000000000001 11.85 151.62700000000001 4545 1066539 8989 132 1 1180 0.76423688560653358 12 0.95229772895398257 0.72796820254134276 1693 0.94860375573469635 12 1.0072621468118352 0.86374978012939008 202 6.3581795692443848 1 14.436243057250977 9.0811481761932367 0 0 0 0 0
237 11.85 11.9 153.50800000000001 4505 1071044 8997 132 1 1185 0.75874025705559622 12 0.97832028245433678 0.79909263402683506 1699 0.74952627904285496 12 1.0184426124182742 0.84574204865680547 203 8.1086368560791016 1 13.91447639465332 8.2669874477386482 0 0 0 0 0
238 11.9 11.950000000000001 153.96299999999999 4538 1075582 8998 132 1 1191 0.88257828814111128 12 1.073077777851428 0.82977708562831898 1708 0.95012882859533321 12 0.95012882859533321 0.77436965828771553 204 9.6196146011352539 1 14.350776672363281 8.5040830612182621 0 0 0 0 0
239 11.950000000000001 12 154.91999999999999 4544 1080126 9002 132 1 1196 0.91231937560671883 12 0.94099481462011625 0.76420608040723981 1716 0.84017832988095698 12 1.1575580329930026 0.97371967168084284 205 11.644835472106934 1 14.22303295135498 7.9949638843536377 0 0 0 0 0
240 12 12.050000000000001 152.88800000000001 4443 1084569 9004 132 1 1197 0.42187126538753955 12 0.89425424507849172 0.64429033319755746 1722 0.74999726463037408 12 0.82486869837836185 0.73793099460135381 206 13.796345710754395 1 14.35938549041748 7.8699312591552735 0 0 0 0 0
241 12.050000000000001 12.1 151.91 4560 1089129 9006 132 1 1203 0.60026329361417508 12 0.99669936719831476 0.77576683465553642 1728 0.72619832593052103 12 0.77929297073480575 0.67221041452580521 206 5.0753955841064453 1 13.523159980773926 8.6340378761291507 0 0 0 0 0
242 12.1 12.15 157.648 4507 1093636 9008 132 1 1209 0.82062592029440706 12 1.0115752228787001 0.7342145417917455 1734 0.64793135249940803 12 0.87461567376116278 0.7261356948260379 207 6.141355037689209 1 14.225625991821289 8.9446648025512694 0 0 0 0 0
243 12.15 12.200000000000001 152.86199999999999 4520 1098156 9008 132 1 1214 0.75213943010694972 12 1.0827419206633011 0.86145477305875606 1744 0.9031216256924578 12 1.0160176350458248 0.82843402893640428 208 7.8026447296142578 1 13.935817718505859 8.3552688598632816 0 0 0 0 0
244 12.200000000000001 12.25 153.63300000000001 4511 1102667 9010 132 1 1219 0.77752057979933487 12 0.89436148459650666 0.76852261677393729 1751 0.83391955922785643 12 0.95923580060134062 0.82526916706501641 209 8.5257816314697266 1 14.925846099853516 9.2840697479248053 0 0 0 0 0
245 12.25 12.300000000000001 153.68100000000001 4511 1107178 9010 132 1 1224 0.79683652441461472 12 0.93680343808897437 0.77452742424140109 1757 0.70630807699383913 12 0.98277699645306615 0.7749883228258504 210 9.6416587829589844 1 14.67423152923584 8.8952440547943112 0 0 0 0 0
246 12.300000000000001 12.35 159.91499999999999 4531 1111709 9011 132 1 1228 0.65780921522569036 12 0.97555516971355294 0.77256233311390221 1766 0.82819417343047019 12 0.99351188437761484 0.85230155397256879 211 11.335103988647461 1 14.409740447998047 8.3234307575225834 0 0 0 0 0
247 12.35 12.4 156.13900000000001 4513 1116222 9013 132 1 1234 0.80522620441931214 12 1.0668600484106299 0.80643319037941252 1773 0.84514077264135956 12 0.97048274805215562 0.73997897133430035 211 4.169952392578125 1 11.110653877258301 7.093740081787109 0 0 0 0 0
248 12.4 12.450000000000001 154.328 4543 1120765 9015 132 1 1239 0.76573244678741814 12 0.98772410343922745 0.83275098886871857 1779 0.71441380922191755 12 0.96137495774624715 0.77807282487270291 212 5.2498679161071777 1 13.988040924072266 8.9308448886871332 0 0 0 0 0
249 12.450000000000001 12.5 158.25399999999999 4504 1125269 9015 132 1 1246 1.0199743175707841 12 1.0616002488260652 0.85940312603478364 1788 0.87234392130473704 12 0.98356499238115913 0.81661685553704999 213 5.9566287994384766 1 14.650936126708984 9.3002832794189452 0 0 0 0 0
250 12.5 12.550000000000001 158.965 4504 1129773 9019 132 1 1249 0.71205957826021893 12 0.99977748610385864 0.7810364975584343 1794 0.67990638683927618 12 1.0028383952540321 0.83916840159486217 214 6.6399784088134766 1 14.777536392211914 9.3234638214111332 0 0 0 0 0
251 12.550000000000001 12.6 153.72 4533 1134306 9021 132 1 1254 0.65730755326387524 12 1.0622577616142364 0.84785706553299589 1801 0.68300192739839694 12 0.92946534883482634 0.75369219509960217 215 8.8190975189208984 1 13.693476676940918 7.8425973272323608 0 0 0 0 0
252 12.6 12.65 154.55000000000001 4551 1138857 9022 132 1 1259 0.7391989658148328 12 0.8556985658271169 0.71257568352011835 1808 0.71374482444575615 12 0.84527084619385773 0.72632024931621975 216 9.8809776306152344 1 14.740684509277344 8.9487025737762451 0 0 0 0 0
253 12.65 12.700000000000001 154.61600000000001 4465 1143322 9024 132 1 1264 0.7520468323005649 12 0.93916455679341926 0.7809309467582588 1816 0.76032769108046405 12 1.0176772043697309 0.81874636762691777 217 10.271622657775879 1 15.323457717895508 9.6132500839233401 0 0 0 0 0
254 12.700000000000001 12.75 154.94399999999999 4534 1147856 9025 132 1 1271 1.061486782020965 12 1.061486782020965 0.80475511533771371 1825 0.93919157461684855 12 0.95816447533269078 0.79589170949749932 218 10.968076705932617 1 15.104438781738281 9.3104881191253668 0 0 0 0 0
255 12.75 12.800000000000001 150.88900000000001 4529 1152385 9027 132 1 1276 1.0849400777729683 12 1.1068573111645119 0.77043130261586712 1831 0.79703003963969987 12 0.95684988648721925 0.78939331641941068 219 12.14090633392334 1 14.828935623168945 8.8388592624664302 0 0 0 0 0
256 12.800000000000001 12.85 153.53299999999999 4489 1156874 9030 132 1 1281 0.93570099558385511 12 1.1789114475310787 0.94140247534594113 1838 0.78770836630624341 12 0.870552347274684 0.76598558953985685 219 4.4663920402526855 1 11.900500297546387 7.5980285835266113 0 0 0 0 0
257 12.85 12.9 155.15799999999999 4595 1161469 9034 132 1 1285 0.73747664595494133 12 1.0065391744903998 0.83116941796556743 1845 0.78177022692572451 12 0.88829542863519684 0.76263567068323956 220 5.3589253425598145 1 14.278611183166504 9.1163654708862296 0 0 0 0 0
258 12.9 12.950000000000001 153.79499999999999 4499 1165968 9036 132 1 1290 0.79273559697122631 12 0.91186294385401878 0.73894258994959205 1852 0.81726287060488989 12 0.8581507468909606 0.72161790007593185 221 6.332005500793457 1 14.376811027526855 9.0366193199157721 0 0 0 0 0
259 12.950000000000001 13 152.773 4469 1170437 9039 132 1 1295 0.75604185745841401 12 0.96930065041523916 0.82997891620058117 1859 0.78913500738568365 12 0.90772124675906984 0.78460430414558491 222 7.148585319519043 1 14.686286926269531 9.191558828353882 0 0 0 0 0
260 13 13.050000000000001 153.20400000000001 4517 1174954 9041 132 1 1301 0.82027371547056172 12 1.108517497778021 0.88878928245776967 1864 0.57840993748789271 12 0.89810112441741174 0.7491654570478371 223 8.8799448013305664 1 14.066485404968262 8.2858963012695312 0 0 0 0 0
261 13.050000000000001 13.1 153.672 4545 1179499 9045 132 1 1306 0.84118608627765601 12 1.0481823411962541 0.77294680270413418 1871 0.66565534846668761 12 0.7673825772755084 0.67038093261468679 224 11.212216377258301 1 13.971280097961426 7.6909720134735107 0 0 0 0 0
262 13.1 13.15 151.578 4460 1183959 9050 132 1 1309 0.63370934294330339 12 0.82452948970928686 0.68159948706746154 1877 0.5994151255143878 12 0.81345052754141156 0.7142288412983977 225 13.829360008239746 1 14.108731269836426 7.4089409923553466 0 0 0 0 0
263 13.15 13.200000000000001 151.45400000000001 4522 1188481 9050 132 1 1316 0.89853421435322056 12 1.1559789721218401 0.84892563929352993 1884 0.6392758300252781 12 0.93072054709868057 0.7172933822553399 225 5.0875372886657715 1 13.555520057678223 8.6546954441070554 0 0 0 0 0
264 13.200000000000001 13.25 154.36099999999999 4526 1193007 9053 132 1 1320 0.79052797883438641 12 0.88074204656813093 0.74185052298822596 1893 0.86159886222219795 12 0.91435979084912999 0.75286570144511511 226 6.5953445434570312 1 13.823412895202637 8.5072190284728997 0 0 0 0 0
265 13.25 13.300000000000001 156.25700000000001 4488 1197495 9057 132 1 1324 0.62889090435032491 12 0.95408037500382126 0.79494673890381373 1899 0.66447674539485824 12 0.99698740934253405 0.84380623004440081 227 8.5526580810546875 1 13.821727752685547 8.0621944904327396 0 0 0 0 0
266 13.300000000000001 13.35 155.49299999999999 4567 1202062 9058 132 1 1330 0.80256103174871818 12 1.0202549906246114 0.78044157915037271 1908 0.90419845505433105 12 0.90419845505433105 0.73564035220716495 228 9.3964748382568359 1 14.884708404541016 9.1645949363708503 0 0 0 0 0
267 13.35 13.4 152.17699999999999 4508 1206570 9060 132 1 1334 0.70071104580387733 12 0.92713158454058608 0.73575552270463584 1915 0.8321812269849358 12 0.99332825793228274 0.82805624342113493 229 10.364228248596191 1 14.855350494384766 9.0418916702270504 0 0 0 0 0
268 13.4 13.450000000000001 151.80500000000001 4451 1211021 9060 132 1 1338 0.61516675582421909 12 0.91772073260180487 0.71961248853143867 1921 0.71524340504613737 12 0.92453841902263778 0.76442106269470589 230 13.136879920959473 1 13.94921875 7.2549838542938234 0 0 0 0 0
269 13.450000000000001 13.5 153.50299999999999 4469 1215490 9061 132 1 1344 0.8124695224191999 12 0.99992712221908386 0.75704456151552446 1930 0.9514542530852369 12 0.99028378592595656 0.73911639441759958 230 4.8327908515930176 1 12.876751899719238 8.2213296127319335 0 0 0 0 0
270 13.5 13.550000000000001 153.50899999999999 4551 1220041 9062 132 1 1349 0.8458040263308032 12 0.95364131456266299 0.76064860628354436 1937 0.86293401051668428 12 0.98309790682388376 0.84439473659104436 231 5.8031949996948242 1 14.273550033569336 9.0392685222625726 0 0 0 0 0
271 13.550000000000001 13.6 161.88800000000001 4502 1224543 9064 132 1 1353 0.75037084626158157 12 0.86313182643877751 0.72940284667672484 1942 0.63793011565469382 12 0.93613204376125947 0.763302036168228 232 7.1507220268249512 1 14.114645004272461 8.665904874801635 0 0 0 0 0
272 13.6 13.65 157.43700000000001 4539 1229082 9066 132 1 1358 0.80353908685281616 12 0.8926658413791605 0.74101257772898033 1951 0.8541647372616421 12 0.93433670449903949 0.75889344050274099 233 8.7569684982299805 1 14.151910781860352 8.4097605895996086 0 0 0 0 0
273 13.65 13.700000000000001 151.49600000000001 4498 1233580 9068 132 1 1362 0.75535702414566996 12 0.88864397735731671 0.682622549954913 1956 0.62966207745107872 12 0.87431251275781718 0.76280580102995377 234 11.327486991882324 1 13.835420608520508 7.4551022624969479 0 0 0 0 0
274 13.700000000000001 13.75 150.24700000000001 4481 1238061 9068 132 1 1367 0.7796393213095052 12 1.0263057269029954 0.76961046051224002 1964 0.72117262058765652 12 0.89345789126850805 0.77426635740204319 235 13.125640869140625 1 14.506074905395508 8.2197695541381837 0 0 0 0 0
275 13.75 13.800000000000001 153.898 4497 1242558 9068 132 1 1372 0.74731932802747303 12 0.94912334579959312 0.82564880134533436 1973 0.92757118095618707 12 0.92757118095618707 0.76863152169899451 235 4.8286561965942383 1 12.86573600769043 8.2142958164215081 0 0 0 0 0
276 13.800000000000001 13.85 152.011 4507 1247065 9070 132 1 1378 0.76621778259248985 12 1.1213835236127443 0.93367093886184804 1978 0.66926945995954767 12 0.94633527916126203 0.79626790675533532 236 5.7219667434692383 1 14.358071327209473 9.115592794418335 0 0 0 0 0
277 13.85 13.9 153.506 4540 1251605 9072 132 1 1383 0.77838388140345149 12 1.0269348925730701 0.78160595165168834 1984 0.5975797861795622 12 0.81545151597757326 0.71962385280196883 237 6.55364990234375 1 14.585410118103027 9.1766063213348392 0 0 0 0 0
278 13.9 13.950000000000001 153.94900000000001 4475 1256080 9081 132 1 1386 0.47731099907352953 12 1.062274649565573 0.77426288284552025 1994 0.9187639162362855 12 0.9965749717967245 0.76309799322307836 238 7.4267964363098145 1 14.659587860107422 9.13555404663086 0 0 0 0 0
279 13.950000000000001 14 155.22900000000001 4561 1260641 9081 132 1 1393 0.7877664925663983 12 0.95554343695716959 0.8037496809104846 2000 0.69381986056769906 12 0.99143456036431044 0.87135091607250137 239 8.7372226715087891 1 14.405241012573242 8.7026353645324708 0 0 0 0 0
280 14 14.050000000000001 153.19300000000001 4534 1265175 9087 132 1 1399 0.84166409808873999 12 1.1016738315494357 0.89902048125566991 2007 0.69458828035500564 12 0.91005771880370812 0.75599593806661047 240 9.5906333923339844 1 14.891441345214844 9.1550963020324705 0 0 0 0 0
281 14.050000000000001 14.1 152.32400000000001 4534 1269709 9089 132 1 1403 0.75849561233746221 12 0.8923639983320214 0.71726029266088498 2016 0.85304431786408297 12 0.97027168048394696 0.81609618047340038 241 11.964984893798828 1 14.041038513183594 7.6493130207061766 0 0 0 0 0
282 14.1 14.15 155.28700000000001 4498 1274207 9090 132 1 1409 0.84192128908236497 12 1.094242168532237 0.86978668528268244 2022 0.73574883647867151 12 0.87890063717558575 0.76477516379549715 241 4.4016742706298828 1 11.728062629699707 7.487933254241943 0 0 0 0 0
283 14.15 14.200000000000001 154.77000000000001 4485 1278692 9096 132 1 1413 0.70159881829584037 12 0.93148818548563594 0.77384467615926167 2030 0.83025034122370389 12 0.9878391883663229 0.77130524711834425 242 5.7259116172790527 1 13.804594993591309 8.6889600992202762 0 0 0 0 0
284 14.200000000000001 14.25 159.96899999999999 4531 1283223 9096 132 1 1419 0.81651762081871504 12 1.0020333808175175 0.83860750551421337 2038 0.91169948271802959 12 1.0075837141758688 0.78422744690083168 243 6.9256153106689453 1 14.22821044921875 8.8122523975372307 0 0 0 0 0
285 14.25 14.300000000000001 155.88999999999999 4557 1287780 9097 132 1 1424 0.86005308372821154 12 1.0933417205076386 0.75054916584109166 2044 0.74706431401742468 12 1.0084311659271652 0.81164308977771427 244 9.0529909133911133 1 13.778301239013672 7.8938271903991701 0 0 0 0 0
286 14.300000000000001 14.35 150.905 4494 1292274 9099 132 1 1429 0.88225523993121635 12 0.99473993783717973 0.77166991934002627 2050 0.6903702379883947 12 0.83885764930699325 0.70477782259599564 245 10.519766807556152 1 14.487060546875 8.5478438758850093 0 0 0 0 0
287 14.35 14.4 152.49000000000001 4552 1296826 9101 132 1 1431 0.56039460849189104 12 0.86478541781507723 0.63611323151686083 2058 0.8176265419536346 12 0.99865126988372288 0.73887680997558536 245 3.8700079917907715 1 10.311461448669434 6.5834862327575685 0 0 0 0 0
288 14.4 14.450000000000001 155.47999999999999 4487 1301313 9101 132 1 1437 0.74745699792381792 12 0.91294597037377401 0.76718286034440364 2065 0.79879424342432537 12 0.95350539412450142 0.7754013633178295 246 5.1395263671875 1 13.694036483764648 8.7431347656249994 0 0 0 0 0
289 14.450000000000001 14.5 152.54300000000001 4501 1305814 9103 132 1 1442 0.75910883350660208 12 1.0146413302596016 0.78211501047023557 2073 0.9334261171117022 12 0.9334261171117022 0.73157475445600784 247 5.9160346984863281 1 14.551095962524414 9.2312280845642096 0 0 0 0 0
290 14.5 14.550000000000001 152.119 4556 1310370 9103 132 1 1447 0.72781697836321024 12 1.0225444922906908 0.82463088119891315 2081 1.0140685774486613 12 1.0345541109003731 0.78502606850973233 248 6.283012866973877 1 15.147711753845215 9.6366769790649407 0 0 0 0 0
291 14.550000000000001 14.6 151.27699999999999 4504 1314874 9104 132 1 1452 0.73650149952142407 12 0.93208528175069483 0.78505284887912641 2086 0.73980616740378979 12 0.99398867637925858 0.81206954328826553 249 7.4285616874694824 1 14.372722625732422 8.8658669090270994 0 0 0 0 0
292 14.6 14.65 154.41 4521 1319395 9108 132 1 1456 0.72048526633239363 12 0.80491027212870103 0.65077721372338249 2095 0.87091718162284104 12 0.98195635509123469 0.84316858888933499 250 8.2761821746826172 1 14.781574249267578 9.1608297443389901 0 0 0 0 0
293 14.65 14.700000000000001 153.762 4503 1323898 9112 132 1 1461 0.66085160662944442 12 1.1162932378972166 0.85269013892489098 2101 0.71914882256234114 12 0.96070601805239109 0.79890440824216313 251 10.379228591918945 1 14.010490417480469 7.917913370132446 0 0 0 0 0
294 14.700000000000001 14.75 151.78399999999999 4494 1328392 9113 132 1 1465 0.54376655649702599 12 1.0733283573016388 0.75083877848706959 2107 0.65402764186099471 12 0.87619095297366678 0.71312084636643125 252 11.763772010803223 1 14.658561706542969 8.6292543125152594 0 0 0 0 0
295 14.75 14.800000000000001 178.471 4490 1332882 9117 132 1 1471 0.71840705044023856 12 1.0717371632899564 0.77948100333235415 2114 0.62742564103304965 12 1.0871322549064644 0.7830937960509371 252 4.3276524543762207 1 11.530834197998047 7.3620105075836184 0 0 0 0 0
296 14.800000000000001 14.85 162.36600000000001 4495 1337377 9119 132 1 1478 0.98616067205785807 12 1.0485867472381944 0.84602605030981171 2122 0.7148312086102 12 0.93362724855007306 0.77833047665730692 253 6.222261905670166 1 13.304911613464355 8.1242723131179808 0 0 0 0 0
297 14.85 14.9 159.953 4484 1341861 9121 132 1 1482 0.78388783672622964 12 0.99845578568191462 0.83517755064159471 2128 0.63498183889257509 12 0.97673604868388209 0.72770217022171824 254 7.7226433753967285 1 14.071567535400391 8.5145743560791018 0 0 0 0 0
298 14.9 14.950000000000001 157.60400000000001 4505 1346366 9121 132 1 1487 0.7122003843127297 12 1.1136593364955114 0.86462385930557772 2137 0.8183160841237328 12 0.924355919432295 0.79146600667564404 255 8.6105947494506836 1 14.775838851928711 9.1208968257904051 0 0 0 0 0
299 14.950000000000001 15 149.60900000000001 4510 1350876 9125 132 1 1492 0.72407012137940674 12 0.95005323585698354 0.78189944363218888 2145 0.89158433787375124 12 0.90959554127921738 0.79232688421390729 256 11.113128662109375 1 13.847810745239258 7.5224086284637455 0 0 0 0 0
300 15 15.050000000000001 153.53299999999999 4507 1355383 9128 132 1 1498 0.90312730698647226 12 0.90312730698647226 0.77510826737652905 2152 0.82401339908313742 12 0.98655371441618744 0.82365416955954229 256 4.0882925987243652 1 10.893074035644531 6.9548231315612794 0 0 0 0 0
301 15.050000000000001 15.1 153.78299999999999 4552 1359935 9129 132 1 1504 0.96759642495155618 12 1.0481846446094214 0.88855438682948817 2158 0.7019776631389627 12 0.85635465405766564 0.76946823640989093 257 5.2198295593261719 1 13.907999038696289 8.8797428989410392 0 0 0 0 0
302 15.1 15.15 153.39500000000001 4519 1364454 9129 132 1 1508 0.84701187270067335 12 0.9484367559836977 0.75430340055501899 2166 0.8112936192347685 12 0.93320979757179001 0.7566383246532904 258 6.3689236640930176 1 14.174295425415039 8.8623589801788327 0 0 0 0 0
303 15.15 15.200000000000001 153.88900000000001 4490 1368944 9130 132 1 1512 0.65273522763039571 12 0.98739325054146454 0.82726101723952783 2171 0.57925595857279799 12 0.97432428071661226 0.77026572803845061 259 7.2595210075378418 1 14.618875503540039 9.1182801342010507 0 0 0 0 0
304 15.200000000000001 15.25 158.92699999999999 4512 1373456 9132 132 1 1519 0.93856454084795227 12 1.0214273872830304 0.82813041331285053 2179 0.79840355926617368 12 0.86490021612713841 0.64790136816215405 260 8.7969951629638672 1 14.216594696044922 8.4778491497039798 0 0 0 0 0
305 15.25 15.300000000000001 157.566 4508 1377964 9132 132 1 1523 0.84226961079099871 12 0.91997972556528107 0.73025585711951746 2184 0.62904099133677516 12 0.8861937885758312 0.70821519353301032 261 9.7414340972900391 1 14.826083183288574 9.0649744796752927 0 0 0 0 0
306 15.300000000000001 15.35 150.20699999999999 4503 1382467 9133 132 1 1529 0.96861814435513027 12 0.98274488676163896 0.82729168809123732 2190 0.63399816842718903 12 0.71418784236835042 0.6437409492020072 262 13.484334945678711 1 13.484334945678711 6.2944037342071537 0 0 0 0 0
307 15.35 15.4 153.06100000000001 4546 1387013 9137 132 1 1534 0.98553703394201331 12 1.0399078957381733 0.77690061098053786 2198 0.7919721053230101 12 0.9097857241698083 0.70846534012025297 262 4.9606122970581055 1 13.217327117919922 8.4387741184234617 0 0 0 0 0
308 15.4 15.450000000000001 153.34800000000001 4514 1391527 9137 132 1 1538 0.86866741893547017 12 0.96602208900546527 0.75062545649530121 2205 0.76080255608494118 12 0.91030895344556684 0.78761570890650889 263 6.0144929885864258 1 14.21320915222168 8.9566223049163813 0 0 0 0 0
309 15.450000000000001 15.5 152.5 4439 1395966 9138 132 1 1544 1.0286367194401844 12 1.0922440487802743 0.79400599225527768 2211 0.69771701462933056 12 0.83886766994376538 0.71110549033526294 264 6.3192348480224609 1 15.235036849975586 9.69829568862915 0 0 0 0 0
310 15.5 15.550000000000001 154.404 4577 1400543 9139 132 1 1548 0.79431379409063441 12 1.0694722936503476 0.8669082339796873 2219 0.76457744807637518 12 0.95272210825890558 0.79867082018188962 265 7.1438870429992676 1 14.6766357421875 9.1835665416717536 0 0 0 0 0
311 15.550000000000001 15.6 152.72399999999999 4487 1405030 9139 132 1 1553 0.68653606800805955 12 1.1439363218489147 0.90035436109890976 2225 0.70013719609392289 12 0.85321259962207141 0.71244662952052762 266 8.1714553833007812 1 14.594528198242188 8.9826732158660896 0 0 0 0 0
312 15.6 15.65 153.322 4550 1409580 9140 132 1 1558 0.66965853079916937 12 1.060788389236208 0.81036009589831026 2232 0.7133077565578585 12 0.83390943256601435 0.74371753219597037 267 10.053109169006348 1 14.124088287353516 8.1371003246307367 0 0 0 0 0
313 15.65 15.700000000000001 151.67099999999999 4492 1414072 9142 132 1 1563 0.66756635892485816 12 1.0788367073687295 0.79572212081579929 2241 0.81656976545614823 12 1.0793629072430995 0.8707402049262839 268 11.486471176147461 1 14.602163314819336 8.5809262752532955 0 0 0 0 0
314 15.700000000000001 15.75 153.703 4486 1418558 9144 132 1 1569 0.80329373064968324 12 0.9708269673089186 0.81800626508418517 2248 0.74752575905154595 12 1.0283746044165374 0.82511272870659436 269 12.171104431152344 1 15.166129112243652 9.3221905040740971 0 0 0 0 0
315 15.75 15.800000000000001 154.31700000000001 4453 1423011 9145 132 1 1573 0.75041458465986777 12 0.86364832582573092 0.68727286606376581 2255 0.70567662920462293 12 0.97336279506650236 0.79818885152889252 270 12.914287567138672 1 15.155055999755859 9.2642254734039309 0 0 0 0 0
316 15.800000000000001 15.85 152.26300000000001 4481 1427492 9145 132 1 1578 0.7500250713441462 12 0.97765082966477157 0.79403653398170959 2261 0.69992294553219692 12 0.76426025805163034 0.65434501812280932 271 14.263354301452637 1 14.845452308654785 8.6643819046020507 0 0 0 0 0
317 15.85 15.9 156.167 4540 1432032 9145 132 1 1582 0.65217791722407414 12 0.88034801140412811 0.73179263020629104 2267 0.69737397398714285 12 0.77883941330040884 0.65117222058297852 271 5.2471981048583984 1 13.980920791625977 8.926301288604737 0 0 0 0 0
318 15.9 15.950000000000001 154.05600000000001 4488 1436520 9146 132 1 1585 0.45714605945838793 12 0.85510093912792706 0.6692785276334533 2274 0.72522863949831573 12 0.83046416442286752 0.72917973195669272 272 6.1199231147766113 1 14.462355613708496 9.1359743022918707 0 0 0 0 0
319 15.950000000000001 16 153.321 4589 1441109 9147 132 1 1592 0.66930110199933146 12 1.1291706057732911 0.90107048976220316 2283 0.94672547791254102 12 0.96587488068318306 0.75368365712199892 273 8.2564506530761719 1 13.612582206726074 7.8847674322128292 0 0 0 0 0
320 16 16.050000000000001 150.30500000000001 4445 1445554 9147 132 1 1597 0.6781684059514812 12 0.97203863808877822 0.78487184740183724 2288 0.73123943107957867 12 0.92797907536497215 0.75387904224514701 274 9.4137678146362305 1 14.6168212890625 8.8542194366455078 0 0 0 0 0
321 16.050000000000001 16.100000000000001 154.99600000000001 4548 1450102 9148 132 1 1603 0.79689613293446615 12 1.0335293489094064 0.83483648118510545 2297 0.95222559318047151 12 0.95222559318047151 0.75418926752769022 275 10.233814239501953 1 14.96474552154541 9.1881284809112547 0 0 0 0 0
322 16.100000000000001 16.149999999999999 155.67099999999999 4537 1454639 9149 132 1 1608 0.86291051286175458 12 0.89812652395417059 0.72829430778369297 2302 0.7610209435010582 12 0.93337029207724409 0.72983960121345248 276 13.665470123291016 1 13.665470123291016 6.602543706893921 0 0 0 0 0
323 16.149999999999999 16.199999999999999 155.19900000000001 4468 1459107 9151 132 1 1614 0.94046074293116055 12 1.0801915868909244 0.87560356996661814 2309 0.71228553002599526 12 0.9587618368687234 0.80500656477175314 276 5.0272459983825684 1 13.394875526428223 8.5521304893493646 0 0 0 0 0
324 16.199999999999999 16.25 160.01599999999999 4537 1463644 9152 132 1 1617 0.70221127347013457 12 1.0607380808078954 0.71206547662287345 2316 0.80291019804072505 12 0.82910275175660919 0.66703526857497186 277 6.0390067100524902 1 14.271137237548828 8.9983234596252437 0 0 0 0 0
325 16.25 16.300000000000001 152.60400000000001 4470 1468114 9152 132 1 1622 0.67516897038173274 12 1.0428018070120808 0.82042353285370395 2323 0.70189967041257439 12 1.0263768754557729 0.85676067851154902 278 7.4421720504760742 1 14.113933563232422 8.610820999145508 0 0 0 0 0
326 16.300000000000001 16.350000000000001 173.02199999999999 4599 1472713 9156 132 1 1628 0.81788877471549115 12 1.0397402835614886 0.81108356157613826 2329 0.64549253931910322 12 0.82613169486800409 0.70449359107767706 279 8.28118896484375 1 14.790515899658203 9.1693468379974359 0 0 0 0 0
327 16.350000000000001 16.399999999999999 184.22800000000001 4533 1477246 9158 132 1 1631 0.56308883120915465 12 0.84002965701602228 0.72845109768017935 2335 0.60666095494897165 12 0.81080995512567478 0.68709334248578868 280 9.5516786575317383 1 14.537284851074219 8.7421729755401607 0 0 0 0 0
328 16.399999999999999 16.449999999999999 183.40299999999999 4535 1481781 9159 132 1 1636 0.65941345181862931 12 0.98372909167455769 0.69828619701423578 2341 0.5780939396525957 12 0.86241459308540547 0.6769310051682802 281 11.619843482971191 1 14.192508697509766 7.9524492740631105 0 0 0 0 0
329 16.449999999999999 16.5 156.446 4516 1486297 9160 132 1 1642 0.85998057799397409 12 1.0406878799179755 0.75381267425839871 2349 0.75791099168113574 12 0.86484418528767504 0.68683995727826042 282 13.787152290344238 1 14.34981632232666 7.8542903232574464 0 0 0 0 0
330 16.5 16.550000000000001 155.47900000000001 4497 1490794 9161 132 1 1647 0.88057659664390242 12 0.98341362014767653 0.77326009548774044 2356 0.79779999289186898 12 0.83522703974902779 0.71726534642566309 282 5.0720119476318359 1 13.514148712158203 8.6282829189300543 0 0 0 0 0
331 16.550000000000001 16.600000000000001 151.571 4449 1495243 9162 132 1 1651 0.70637549300765923 12 0.97276914832420969 0.80738555372505627 2362 0.69949424459233711 12 0.8990404021190822 0.74597474754733117 283 5.8911986351013184 1 14.490005493164062 9.1889767932891839 0 0 0 0 0
332 16.600000000000001 16.649999999999999 152.42099999999999 4560 1499803 9165 132 1 1656 0.65705980282243981 12 1.1107038254930519 0.84247506256294358 2371 0.91497033379706971 12 0.98217488835166444 0.75964442062306992 284 6.4414710998535156 1 14.920808792114258 9.4552103900909419 0 0 0 0 0
333 16.649999999999999 16.699999999999999 154.267 4443 1504246 9165 132 1 1662 0.76862563201608136 12 1.0068182872576394 0.84192692808913516 2377 0.79667247662481389 12 0.95165828360237859 0.76576757014135211 285 7.0934305191040039 1 14.867366790771484 9.3545396137237553 0 0 0 0 0
334 16.699999999999999 16.75 153.62 4544 1508790 9166 132 1 1667 0.78778616688729453 12 0.90397393777339008 0.77468125476173721 2382 0.63149798915550781 12 0.83799695560403442 0.70406888375632437 286 8.2648744583129883 1 14.469087600708008 8.8402290153503422 0 0 0 0 0
335 16.75 16.800000000000001 154.267 4505 1513295 9167 132 1 1670 0.5482309366182162 12 0.86997174578708958 0.71335825978343137 2391 0.85311796951891294 12 0.92417165310821969 0.75356171779978498 287 9.8111591339111328 1 14.346702575683594 8.4691263008117676 0 0 0 0 0
336 16.800000000000001 16.850000000000001 154.88999999999999 4546 1517841 9168 132 1 1678 0.95664851871851586 12 1.0042813407339648 0.86549412735951137 2396 0.70696514184038972 12 0.83622511744258032 0.68523682559951316 288 10.656319618225098 1 14.97157096862793 9.1632599735260012 0 0 0 0 0
337 16.850000000000001 16.899999999999999 152.078 4525 1522366 9169 132 1 1682 0.76996332969886228 12 1.0402512572896412 0.81974528859087703 2405 0.88887590165259833 12 0.96255680132956978 0.79287510039794584 289 13.43269157409668 1 13.980890274047852 7.2512984085083012 0 0 0 0 0
338 16.899999999999999 16.949999999999999 149.68899999999999 4521 1526887 9170 132 1 1687 0.83100591798558476 12 0.90021793840272746 0.7332166106684217 2413 0.9407020521669659 12 0.97909282128894115 0.81355523052518508 289 4.9416117668151855 1 13.166707038879395 8.4064541721343993 0 0 0 0 0
339 16.949999999999999 17 152.08099999999999 4423 1531310 9170 132 1 1690 0.64993869418994343 12 0.81455091289338311 0.6554530928329888 2418 0.73710359324262809 12 0.92207490842599849 0.74210993136871506 290 5.6853933334350586 1 14.554494857788086 9.2636322212219238 0 0 0 0 0
340 17 17.050000000000001 150.65799999999999 4559 1535869 9170 132 1 1696 0.70560516255930739 12 1.140576733586812 0.89726923151661642 2426 0.80142380262385859 12 1.0188092101275337 0.801185784464991 291 5.959014892578125 1 15.254961013793945 9.7291050624847415 0 0 0 0 0
341 17.050000000000001 17.100000000000001 153.524 4462 1540331 9171 132 1 1703 0.96262303611342048 12 1.0853543962936636 0.8566547026611373 2431 0.6695065536596444 12 0.79038562984985183 0.67114311433734186 292 6.7307243347167969 1 14.682882308959961 9.23598364830017 0 0 0 0 0
342 17.100000000000001 17.150000000000002 151.44200000000001 4576 1544907 9171 132 1 1707 0.75812111204237975 12 0.98322996639855109 0.83738443814656482 2439 0.77456605716780558 12 0.92732386882020201 0.76085239399815974 293 7.2952651977539062 1 14.987632751464844 9.4410842704772957 0 0 0 0 0
343 17.150000000000002 17.199999999999999 158.65799999999999 4550 1549457 9172 132 1 1712 0.73084236894557753 12 0.94785141377510773 0.82065763349003651 2445 0.61642906963353272 12 0.97329694160930436 0.80520961788200363 294 8.1173782348632812 1 14.790822982788086 9.1860810661315924 0 0 0 0 0
344 17.199999999999999 17.25 149.72 4527 1553984 9173 132 1 1717 0.70792594220985117 12 1.022857952686989 0.81633885617433377 2451 0.59061697473512753 12 0.86604341427560394 0.67420346754336213 295 8.9912710189819336 1 14.824100494384766 9.1348153305053703 0 0 0 0 0
345 17.25 17.300000000000001 156.56299999999999 4491 1558475 9176 132 1 1723 0.89815288995023623 12 0.95630611526634435 0.76404992203442046 2459 0.68029352982773428 12 0.99656739835650976 0.77608209550908303 296 10.497060775756836 1 14.455791473388672 8.5092179775238037 0 0 0 0 0
346 17.300000000000001 17.350000000000001 153.714 4442 1562917 9176 132 1 1728 0.83269454580225377 12 1.1698921125324611 0.85845667500363387 2465 0.59514167111423921 12 0.8560209116993458 0.73295181749142801 297 11.967628479003906 1 14.617294311523438 8.5440880012512199 0 0 0 0 0
347 17.350000000000001 17.400000000000002 154.095 4560 1567477 9177 132 1 1733 0.82779559333413666 12 0.99835695246506473 0.79850090032479926 2472 0.64949971897960335 12 0.90122414851203581 0.70294040300143801 297 4.4026470184326172 1 11.730653762817383 7.4895877361297609 0 0 0 0 0
348 17.400000000000002 17.449999999999999 152.28700000000001 4492 1571969 9178 132 1 1737 0.71278841675275451 12 0.90613154097210802 0.74878162441689045 2480 0.78958732350198524 12 0.85315454258762979 0.72617343218607178 298 5.4105377197265625 1 14.13067626953125 9.0021543693542476 0 0 0 0 0
349 17.449999999999999 17.5 156.77600000000001 4504 1576473 9178 132 1 1742 0.67511156910942272 12 1.0129809190356689 0.83095215035810366 2488 0.80381519325116879 12 1.113803195968186 0.8507788141742425 299 6.350989818572998 1 14.419920921325684 9.068917474746705 0 0 0 0 0
350 17.5 17.550000000000001 153.03999999999999 4478 1580951 9180 132 1 1747 0.67821203124901808 12 0.98684013812315263 0.79058125679928493 2496 0.85028456527967056 12 0.92110225366731313 0.81885870182712406 300 7.5569443702697754 1 14.331594467163086 8.8060648441314697 0 0 0 0 0
351 17.550000000000001 17.600000000000001 155.87799999999999 4460 1585411 9180 132 1 1754 0.9259613736990906 12 1.088792228391247 0.86583093966165336 2501 0.68462677824431928 12 0.83344779962035809 0.70454725463266787 301 11.919506072998047 1 12.912246704101562 5.6809165048599244 0 0 0 0 0
352 17.600000000000001 17.650000000000002 180.72499999999999 4551 1589962 9183 132 1 1758 0.77529022070978393 12 0.94078043517139265 0.78409012848659243 2510 0.9055341020449531 12 0.94179643244585309 0.75426728026622603 301 4.3849434852600098 1 11.683484077453613 7.4594725608825687 0 0 0 0 0
353 17.650000000000002 17.699999999999999 183.995 4548 1594510 9185 132 1 1764 0.8662576793086908 12 1.1012292334602938 0.86232015564889908 2517 0.86889129585396718 12 0.95709937249938748 0.79303441023957233 302 5.4806056022644043 1 14.030243873596191 8.9152568912506105 0 0 0 0 0
354 17.699999999999999 17.75 184.05699999999999 4487 1598997 9186 132 1 1768 0.72631715990913415 12 0.97296411491605272 0.77346652243205083 2522 0.64394506567274767 12 0.85202279994126273 0.76324490614145757 303 6.7399473190307617 1 14.126489639282227 8.7532099819183351 0 0 0 0 0
355 17.75 17.800000000000001 165.18799999999999 4525 1603522 9186 132 1 1773 0.69202103100380752 12 1.0781229205784344 0.82760514933771134 2532 0.92057567695719011 12 0.97750087082213433 0.80720742836017068 304 8.7296142578125 1 13.828352928161621 8.0301622104644768 0 0 0 0 0
356 17.800000000000001 17.850000000000001 153.298 4575 1608097 9187 132 1 1779 0.8803642603406121 12 0.93795386153007188 0.76591498123066104 2538 0.80864020662144465 12 0.97399969902182981 0.75946851366913048 305 11.481175422668457 1 13.745460510253906 7.2758638048171997 0 0 0 0 0
357 17.850000000000001 17.900000000000002 150.15799999999999 4462 1612559 9188 132 1 1782 0.58770914544699726 12 0.93796640954309307 0.76592898327915737 2545 0.77985217091292014 12 0.95251352822811974 0.78525790335166268 305 4.223689079284668 1 11.253832817077637 7.1851544570922847 0 0 0 0 0
358 17.900000000000002 17.949999999999999 152.39699999999999 4471 1617030 9192 132 1 1788 0.7008084740373306 12 1.0661302451882788 0.84040884761370604 2553 0.90967872857471488 12 0.92805545044153692 0.73633225628420218 306 5.3447017669677734 1 13.958736419677734 8.8901587295532227 0 0 0 0 0
359 17.949999999999999 18 153.363 4597 1621627 9192 132 1 1792 0.58890970069871174 12 0.96093296829782227 0.74570411809063752 2558 0.70871521922013447 12 0.89166587573881495 0.73950112363307807 307 7.0833773612976074 1 13.704860687255859 8.2786531496047981 0 0 0 0 0
360 18 18.050000000000001 154.42099999999999 4510 1626137 9193 132 1 1798 0.75203975076215468 12 0.93434482868507895 0.79087672666087738 2568 1.0162123132826864 12 1.0367411610971078 0.77664861211654534 308 8.7321958541870117 1 14.111874580383301 8.3676160430908197 0 0 0 0 0
361 18.050000000000001 18.100000000000001 151.792 4480 1630617 9195 132 1 1804 0.99403895456699887 12 0.99403895456699887 0.71279359942110976 2573 0.71013258683873159 12 1.1031241203309243 0.84356983459887702 309 11.000530242919922 1 13.984415054321289 7.7542702865600583 0 0 0 0 0
362 18.100000000000001 18.150000000000002 169.74100000000001 4493 1635110 9198 132 1 1807 0.69406574306182323 12 0.97435567799888778 0.77317415276286894 2579 0.62171796325008366 12 0.93349935506944715 0.73618209846661853 310 13.005356788635254 1 14.373142242431641 8.0151528739929194 0 0 0 0 0
363 18.150000000000002 18.199999999999999 151.374 4552 1639662 9198 132 1 1812 0.72768225336143577 12 0.94585823212245634 0.76036935447622978 2586 0.63024724578791569 12 0.94852710551105324 0.74831247057876349 310 4.7844066619873047 1 12.747833251953125 8.1390198421478264 0 0 0 0 0
364 18.199999999999999 18.25 154.90799999999999 4562 1644224 9198 132 1 1816 0.68839169975073167 12 0.7897699350364088 0.67381959036703709 2594 0.76368398589975284 12 0.91318089624493426 0.7327579834189436 311 6.1206512451171875 1 13.896932601928711 8.6770732784271232 0 0 0 0 0
365 18.25 18.300000000000001 152.667 4550 1648774 9199 132 1 1822 0.90048707024616126 12 0.95617005586927162 0.74239945098923499 2602 0.82865448281174647 12 0.94909264448707453 0.80054197800419158 312 7.3688321113586426 1 14.257158279418945 8.7642577934265145 0 0 0 0 0
366 18.300000000000001 18.350000000000001 153.88 4462 1653236 9199 132 1 1827 0.93904005403922208 12 0.93904005403922208 0.75548221954744987 2608 0.66453235574204794 12 0.92361034695321775 0.81113520254802296 313 8.5969886779785156 1 14.460371017456055 8.7840825653076173 0 0 0 0 0
367 18.350000000000001 18.400000000000002 154.81100000000001 4523 1657759 9201 132 1 1831 0.71462656919924139 12 1.0855991527137425 0.85709753764123808 2616 0.79095462205040734 12 0.89581843978358933 0.73970258333007777 314 9.7992668151855469 1 14.61878776550293 8.8097024154663082 0 0 0 0 0
368 18.400000000000002 18.449999999999999 154.74700000000001 4534 1662293 9202 132 1 1837 0.7774171819403195 12 1.1468701120173266 0.89021605126104486 2624 0.85020376652111773 12 0.91403434094261904 0.80620616752825502 315 12.21217155456543 1 14.047340393066406 7.6111446952819826 0 0 0 0 0
369 18.449999999999999 18.5 152.791 4488 1666781 9204 132 1 1843 0.87380694676163617 12 1.0956323574125899 0.85695181480781779 2630 0.80275256516053672 12 0.86961145569024656 0.69562695562446963 316 14.393268585205078 1 14.393268585205078 7.840640211105347 0 0 0 0 0
370 18.5 18.550000000000001 150.697 4490 1671271 9205 132 1 1847 0.75772540980097203 12 0.86520267231089742 0.74984519208368505 2637 0.75641388945865351 12 0.95315638049422169 0.80263370767048703 316 5.2949895858764648 1 14.10826301574707 9.0076025867462164 0 0 0 0 0
371 18.550000000000001 18.600000000000001 150.11600000000001 4576 1675847 9205 132 1 1853 0.94390537658173024 12 0.98242685051286616 0.76805665085446007 2646 0.94293104480351597 12 0.98342114789910984 0.78831478016590695 317 6.3965730667114258 1 14.235830307006836 8.9093953609466556 0 0 0 0 0
372 18.600000000000001 18.650000000000002 153.80699999999999 4463 1680310 9205 132 1 1857 0.76140890079989898 12 1.0277943649712269 0.81559834912540097 2652 0.81507881847912078 12 0.92425977011427096 0.77522664289357479 318 7.3690133094787598 1 14.545524597167969 9.0372528839111332 0 0 0 0 0
373 18.650000000000002 18.699999999999999 151.702 4575 1684885 9207 132 1 1862 0.84662322517083155 12 1.013591930793827 0.70928584875665324 2659 0.82852866343669074 12 0.85944676915029938 0.74344105217144252 319 9.4815883636474609 1 13.864779472351074 7.9084778118133547 0 0 0 0 0
374 18.699999999999999 18.75 154.12100000000001 4500 1689385 9207 132 1 1867 0.75897023724451174 12 1.0866865226658506 0.88043020598916821 2668 0.96739422050726165 12 1.0272144994224879 0.83549134626173194 320 12.812172889709473 1 13.604433059692383 6.7026082801818845 0 0 0 0 0
375 18.75 18.800000000000001 153.691 4518 1693903 9209 132 1 1872 0.85640979245442383 12 0.87520474921859526 0.69718229287874334 2674 0.81662121954818068 12 0.94823854420679166 0.79791909304530306 320 4.7133359909057617 1 12.558474540710449 8.0181197834014899 0 0 0 0 0
376 18.800000000000001 18.850000000000001 154.5 4581 1698484 9210 132 1 1875 0.65514375307478856 12 0.83945174860507255 0.67545064610396688 2681 0.82987879744258586 12 0.91715787371274704 0.74363145835748012 321 6.6504664421081543 1 13.392385482788086 8.0821799421310416 0 0 0 0 0
377 18.850000000000001 18.900000000000002 152.66900000000001 4490 1702974 9212 132 1 1881 0.8058273616382835 12 1.0489353246572888 0.80319903336612086 2688 0.75111075687048168 12 1.0128397399509614 0.83473976580540599 322 8.5729379653930664 1 13.854499816894531 8.0966911888122564 0 0 0 0 0
378 18.900000000000002 18.949999999999999 153.12100000000001 4551 1707525 9214 132 1 1884 0.5794977004581251 12 0.86450886727462439 0.70026445368523937 2696 0.90543540777085596 12 0.96142440961322329 0.71207831752452644 323 10.200804710388184 1 14.331594467163086 8.3883557415008543 0 0 0 0 0
379 18.949999999999999 19 154.179 4536 1712061 9216 132 1 1890 0.72798076351904317 12 1.0860195225989404 0.8053777556045566 2701 0.63692438028677578 12 0.99454078330482965 0.8063756052765646 324 12.022395133972168 1 14.39341926574707 8.1965660285949706 0 0 0 0 0
380 19 19.050000000000001 149.517 4518 1716579 9216 132 1 1896 0.88274455454400358 12 1.0781865044912842 0.79915969428009237 2709 0.78889666289858817 12 0.93347993661976914 0.7144071661558371 325 13.03001594543457 1 14.98808479309082 9.0024254989624026 0 0 0 0 0
381 19.050000000000001 19.100000000000001 155.65199999999999 4468 1721047 9217 132 1 1900 0.7542662469368514 12 0.91351890188581131 0.76211851823531729 2717 0.76439104980704176 12 1.0981093711940244 0.88912622545512887 326 13.932938575744629 1 15.09337043762207 9.1060769271850592 0 0 0 0 0
382 19.100000000000001 19.150000000000002 164.625 4594 1725641 9218 132 1 1905 0.72843146703339179 12 0.97572772087831627 0.819228212524305 2723 0.65753969948627122 12 0.9055161023771271 0.75443507682346589 326 5.1256451606750488 1 13.657048225402832 8.7195204544067391 0 0 0 0 0
383 19.150000000000002 19.199999999999999 153.32499999999999 4516 1730157 9218 132 1 1911 0.81743672159254988 12 1.0459375230135932 0.864262880905176 2730 0.70341565202559009 12 0.83953233171676012 0.71133811132844105 327 6.1598396301269531 1 14.26844596862793 8.9761105346679688 0 0 0 0 0
384 19.199999999999999 19.25 153.369 4531 1734688 9218 132 1 1916 0.826895519855531 12 0.92112614427462336 0.78428633339991549 2737 0.67290814508195507 12 0.98219874996186163 0.78696024369710937 328 7.8094415664672852 1 13.947962760925293 8.3668354606628412 0 0 0 0 0
385 19.25 19.300000000000001 153.49700000000001 4505 1739193 9219 132 1 1920 0.73969200868492002 12 0.86803659560231616 0.72125500771797046 2744 0.71275507600383059 12 0.8977695988963672 0.71730696585145248 329 8.5282821655273438 1 14.930225372314453 9.2883237838745121 0 0 0 0 0
386 19.300000000000001 19.350000000000001 152.77699999999999 4479 1743672 9221 132 1 1925 0.79356296951822158 12 0.90783279755788993 0.74031682602019866 2753 0.87124785002374538 12 0.94381148146183325 0.81605979119439609 330 11.243354797363281 1 13.732664108276367 7.3119851255416872 0 0 0 0 0
387 19.350000000000001 19.400000000000002 155.41200000000001 4459 1748131 9221 132 1 1930 0.87553944710706211 12 1.027454981136948 0.71249128226967995 2762 1.0232507691876989 12 1.1308669469764003 0.82248494415758244 331 13.840813636779785 1 14.120416641235352 7.4284281539916996 0 0 0 0 0
388 19.400000000000002 19.449999999999999 152.685 4531 1752662 9222 132 1 1934 0.78598311200503257 12 0.90409575467783521 0.72358436627760081 2768 0.78821209097298062 12 1.0145761971486744 0.88134488276434386 331 5.0917530059814453 1 13.566747665405273 8.6618649578094491 0 0 0 0 0
389 19.449999999999999 19.5 153.023 4481 1757143 9224 132 1 1940 0.95036182706318884 12 1.0091289054779851 0.78964039933706287 2774 0.72378247949493746 12 0.80155709804103559 0.71243622056165468 332 6.5033588409423828 1 13.905975341796875 8.6024617004394539 0 0 0 0 0
390 19.5 19.550000000000001 150.90000000000001 4567 1761710 9225 132 1 1945 0.91179831065829087 12 1.0521704355875714 0.83183002392451366 2782 0.910905595721897 12 0.94808033930982083 0.67960666154353166 333 7.4082980155944824 1 14.623067855834961 9.1040818881988521 0 0 0 0 0
391 19.550000000000001 19.600000000000001 152.02099999999999 4529 1766239 9227 132 1 1949 0.73586801498655374 12 1.0158526178390284 0.80909760545170673 2789 0.8201879311207374 12 0.99973846782002718 0.84657037889851738 334 8.1589593887329102 1 14.866592407226562 9.2568194389343255 0 0 0 0 0
392 19.600000000000001 19.650000000000002 149.39599999999999 4495 1770734 9232 132 1 1954 0.73163963121081188 12 0.94793865037342917 0.79783710687879594 2795 0.74527728859889408 12 0.80394712428109438 0.72281272936985597 335 9.3779001235961914 1 14.561132431030273 8.7932064342498784 0 0 0 0 0
393 19.650000000000002 19.699999999999999 153.584 4510 1775244 9232 132 1 1960 0.74670602026439858 12 1.206732269317385 0.93746470693557993 2804 0.87624365237882473 12 0.99865006164042203 0.84331194369575502 336 11.719666481018066 1 14.030985832214355 7.6815747356414796 0 0 0 0 0
394 19.699999999999999 19.75 153.69800000000001 4521 1779765 9233 132 1 1965 0.74527397704502896 12 0.9665680839901879 0.79506870101368632 2810 0.74162880305679302 12 0.95600264010858449 0.78192188415715169 337 14.01603889465332 1 14.299181938171387 7.7265128421783444 0 0 0 0 0
395 19.75 19.800000000000001 153.22300000000001 4566 1784331 9235 132 1 1969 0.66075732570792001 12 0.85495932613100323 0.71859501130524139 2818 0.81032616809676639 12 0.96381255789930298 0.79685215023280775 337 5.1562151908874512 1 13.738502502441406 8.7715246868133541 0 0 0 0 0
396 19.800000000000001 19.850000000000001 152.31999999999999 4521 1788852 9236 132 1 1974 0.71835919670642367 12 0.9370282211947063 0.73662304474720897 2825 0.73524419078178349 12 1.0125250337907914 0.83109049966737503 338 5.6126956939697266 1 14.954774856567383 9.5480691909790032 0 0 0 0 0
397 19.850000000000001 19.900000000000002 151.744 4487 1793339 9236 132 1 1978 0.61459416482183671 12 0.86788562218111653 0.73765154285622492 2832 0.7405057905773319 12 0.92896670003132276 0.75154764955885978 339 6.9813189506530762 1 14.058647155761719 8.645016145706176 0 0 0 0 0
398 19.900000000000002 19.949999999999999 153.03 4469 1797808 9237 132 1 1985 0.83747742668030756 12 1.1112696867258776 0.89044922910423774 2839 0.70128791958082215 12 1.015752296263865 0.7955837182543043 340 8.9446706771850586 1 13.888452529907227 8.0562150955200202 0 0 0 0 0
399 19.949999999999999 20 151.97200000000001 4519 1802327 9241 132 1 1991 0.98729402110690168 12 1.1356583871538677 0.80405752586939983 2846 0.73650096663060671 12 0.95802406788309313 0.72189472926843534 341 9.7957572937011719 1 14.908766746520996 9.1573925304412835 0 0 0 0 0
