0 0 0.050000000000000003 52.694000000000003 3232 3232 1773 209 1 700 70.61198921809121 126 72.040405061509873 41.202859444391173 1049 72.613019726727458 185 73.315526601430534 41.51606664049303 2 15.709667205810547 1 16.027023315429688 4.4468984508514406 0 0 0 0 0
1 0.050000000000000003 0.10000000000000001 63.085000000000001 6696 9928 5196 292 1 1451 100.1123906090146 126 104.83069192795526 89.999965212988485 2154 101.41355541332348 185 104.80778491045977 90.945968962385848 5 27.643630504608154 2 29.353016376495361 18.184974985122679 0 0 0 0 0
2 0.10000000000000001 0.14999999999999999 79.808000000000007 6474 16402 6225 292 1 2196 110.78073925442166 126 115.78822029961481 107.69195065695141 3266 112.87693015433646 185 116.82855917440878 108.86709863776126 7 24.964336395263672 2 27.704169750213623 22.652592406272888 0 0 0 0 0
3 0.14999999999999999 0.20000000000000001 84.274000000000001 6543 22945 6640 292 1 2960 117.43284824916294 126 119.64068651956225 114.68404246375674 4396 119.22096541121199 185 120.53742123165647 115.88136102872284 9 23.117095768451691 2 26.972810387611389 21.828831689357756 0 0 0 0 0
4 0.20000000000000001 0.25 78.811000000000007 6510 29455 6936 292 1 3714 120.40821977645632 126 122.59276611085922 116.73682503473191 5498 120.33006138157201 185 122.37952150911899 118.03709814948004 12 31.290557861328125 2 34.581415176391602 21.907995371818544 0 0 0 0 0
5 0.25 0.29999999999999999 78.262 6508 35963 7147 292 1 4422 115.07942793104384 126 123.02571305774507 117.65663603040906 6565 116.6298044153162 185 123.69730397817251 119.0147266004408 14 25.33892297744751 2 31.731346607208252 25.892322430610658 0 0 0 0 0
6 0.29999999999999999 0.35000000000000003 63.079999999999998 6511 42474 7312 292 1 5210 122.30968239193871 126 122.40895667908684 117.92116341848221 7727 122.90320418074324 185 122.93499982679212 119.4107385468354 16 23.149437189102173 2 27.579025983810425 22.167664382457733 0 0 0 0 0
7 0.35000000000000003 0.40000000000000002 71.469999999999999 6515 48989 7442 292 1 5928 118.04961861504449 126 123.15492617894732 118.18585946703715 8805 119.82583284120302 185 124.06239112647805 119.58724458189268 19 31.302458763122559 2 34.594563484191895 21.928235311508178 0 0 0 0 0
8 0.40000000000000002 0.45000000000000001 80.364999999999995 6527 55516 7543 292 1 6682 119.55069817437067 126 122.97760603162978 118.19642161656942 9919 120.65276650093698 185 123.85165351661476 119.61373408302101 21 25.343301057815552 2 31.73964786529541 25.899769558906556 0 0 0 0 0
9 0.45000000000000001 0.5 76.203000000000003 6424 61940 7621 292 1 7390 114.022277650379 126 122.0276603093223 117.85425368051679 10980 115.79168944487701 185 123.31900424441775 119.51531097329629 24 29.106977462768555 2 34.157353401184082 26.27383372783661 0 0 0 0 0
10 0.5 0.55000000000000004 63.456000000000003 6613 68553 7691 292 1 8177 120.83459073021298 126 123.03236050075955 118.17623387654623 12138 121.39904117068728 185 123.99557272421347 119.63774312942091 26 24.432249546051025 2 30.618139743804932 24.62812931060791 0 0 0 0 0
11 0.55000000000000004 0.59999999999999998 66.257999999999996 6436 74989 7747 292 1 8896 116.8804174756247 126 122.64261124626039 118.04174919370624 13222 119.03220029263883 185 123.47142527812235 119.53243629249364 29 29.066020488739014 2 33.433877944946289 25.412417426109315 0 0 0 0 0
12 0.59999999999999998 0.65000000000000002 73.329999999999998 6554 81543 7812 292 1 9649 118.07680232941158 126 122.8196163480244 118.33934418572321 14332 119.34713839969119 185 123.71217993658942 119.6881961480218 31 24.079693555831909 2 30.588992118835449 24.936633014678954 0 0 0 0 0
13 0.65000000000000002 0.70000000000000007 57.456000000000003 6546 88089 7870 292 1 10401 119.27122963799371 126 122.76833597819011 118.18255704607282 15435 119.06231103845545 185 123.85046176394901 119.52523251425256 33 22.311056554317474 2 27.386106967926025 21.751009157896043 0 0 0 0 0
14 0.70000000000000007 0.75 72.165999999999997 6506 94595 7900 292 1 11143 118.81464270939902 126 122.63267038738917 118.22981908525739 16553 120.45622241045977 185 123.59540219693571 119.48484721168312 36 27.250027179718018 2 33.228280067443848 25.110251547098159 0 0 0 0 0
15 0.75 0.80000000000000004 75.712999999999994 6546 101141 7951 292 1 11905 121.57085158332946 126 122.58379291352772 118.22361673264272 17678 122.49412062361434 185 123.65830882304424 119.60400511540591 38 23.047228336334229 2 30.0879807472229 24.160915102958679 0 0 0 0 0
16 0.80000000000000004 0.84999999999999998 48.719000000000001 6466 107607 7990 292 1 12621 116.99669338407971 126 122.39115917871869 118.17934812515499 18752 118.96913980020059 185 122.95306771768107 119.59793387005779 40 21.243243634700775 2 27.319383859634399 21.786010849475861 0 0 0 0 0
17 0.84999999999999998 0.90000000000000002 73.509 6531 114138 8022 292 1 13371 117.97645671783931 126 122.24594497680664 118.07759768047026 19855 118.70914908744193 185 123.14736567316828 119.50061657055005 43 25.338785648345947 2 35.342655181884766 25.945277453660964 0 0 0 0 0
18 0.90000000000000002 0.95000000000000007 74.563999999999993 6577 120715 8056 292 1 14114 117.85977003309462 126 122.66434739127992 118.05200974721754 20967 119.49828408730997 185 123.26088916675465 119.43491981877507 45 21.434592008590698 2 29.832855701446533 23.865288727283477 0 0 0 0 0
19 0.95000000000000007 1 66.603999999999999 6533 127248 8089 292 1 14875 120.32089118352012 126 121.99233161078558 118.35703610011507 22095 121.80724392452755 185 122.81634005984745 119.65996854380018 48 24.083104133605957 2 35.8834228515625 27.377889254093169 0 0 0 0 0
20 1 1.05 64.653999999999996 6463 133711 8122 292 1 15593 116.15549584040566 126 122.40271256461976 118.09211810884021 23161 117.54181761870512 185 123.30387746450063 119.46613679215717 50 20.972647666931152 2 28.845102071762085 23.07945591688156 0 0 0 0 0
21 1.05 1.1000000000000001 68.986000000000004 6470 140181 8164 292 1 16335 115.64662903074235 126 122.25454294113885 118.2815517885723 24271 117.94283162709829 185 123.5184847857501 119.6029570213524 53 26.54277515411377 2 36.552786827087402 24.48538698911667 0 0 0 0 0
22 1.1000000000000001 1.1500000000000001 68.283000000000001 6615 146796 8193 292 1 17120 122.23271699935671 126 122.23271699935671 118.08270538330076 25420 122.72145138302365 185 122.73037521774704 119.48519679383979 55 20.946222543716431 2 32.518922328948975 25.540776734352111 0 0 0 0 0
23 1.1500000000000001 1.2 61.185000000000002 6466 153262 8216 292 1 17843 118.70351640004961 126 122.20897365751721 118.2559103187682 26509 120.69699187407622 185 123.53235106597076 119.73398699126372 58 23.499515056610107 2 34.362972259521484 27.472150316238402 0 0 0 0 0
24 1.2 1.25 65.635999999999996 6526 159788 8242 292 1 18596 119.98851267496745 126 122.51671709333148 118.25159924098422 27613 120.40809548867715 185 123.37309442468592 119.63734514968462 60 19.175502061843872 2 31.163902282714844 24.280925283432008 0 0 0 0 0
25 1.25 1.3 60.246000000000002 6434 166222 8267 292 1 19310 114.97451467362662 126 122.3072745913551 118.29734004550509 28685 116.67443913640203 185 123.39437082651499 119.58831143848317 62 17.171877384185791 2 27.95947003364563 21.983660411834716 0 0 0 0 0
26 1.3 1.3500000000000001 58.649000000000001 6612 172834 8289 292 1 20088 120.33109519595192 126 122.21958396548317 118.18884431384856 29840 121.98364233068517 185 123.52007091625316 119.60854684283282 66 30.212945938110352 2 33.489296436309814 27.088903044462203 0 0 0 0 0
27 1.3500000000000001 1.4000000000000001 58.426000000000002 6430 179264 8311 292 1 20815 117.53464126586914 126 122.07102711995442 118.16538674854095 30928 120.06110423320048 185 123.86487913389463 119.52497254242772 68 27.020440578460693 2 29.614690780639648 23.160689005851747 0 0 0 0 0
28 1.4000000000000001 1.45 58.223999999999997 6571 185835 8329 292 1 21564 118.25205515301417 126 122.14838899884906 118.17860404362753 32034 120.07886529870936 185 123.16322219436233 119.54995992299676 71 33.967814445495605 2 34.654008865356445 23.121864818334579 0 0 0 0 0
29 1.45 1.5 50.411000000000001 6411 192246 8347 292 1 22283 114.44200255378844 126 121.81276194254558 117.89904190790085 33097 115.59993661416543 185 122.57889177477037 119.35318562853014 73 27.589745759963989 2 33.295207977294922 26.314498414993285 0 0 0 0 0
30 1.5 1.55 48.895000000000003 6564 198810 8368 292 1 23061 119.77927471342541 126 122.60446942041791 118.20796034918891 34252 121.01088557887722 185 123.41986096356366 119.50781562434014 75 25.431745409965515 2 27.317617893218994 22.136491663455963 0 0 0 0 0
31 1.55 1.6000000000000001 48.866 6598 205408 8387 292 1 23821 122.26055242144872 126 122.3493290855771 118.17834916493251 35369 122.2687954876874 185 123.16423508927629 119.51135790850667 78 30.167124271392822 2 34.418498992919922 25.311814440488817 0 0 0 0 0
32 1.6000000000000001 1.6500000000000001 50.048999999999999 6399 211807 8397 292 1 24536 117.42764403328063 126 121.44222992185563 118.2767850445944 36446 119.09018901103252 185 122.77979439400337 119.57933648434202 80 26.191551923751831 2 29.569775104522705 23.935953130722044 0 0 0 0 0
33 1.6500000000000001 1.7 46.551000000000002 6513 218320 8407 292 1 25283 117.88201492551774 126 122.09372862558516 118.12156341552735 37548 118.76309447417388 185 123.15189316208298 119.45894402993692 82 24.614775121212006 2 26.76897406578064 21.561060397624971 0 0 0 0 0
34 1.7 1.75 47.091999999999999 6545 224865 8424 292 1 26029 118.12113528781467 126 122.00284951830668 118.17593803284655 38665 119.99216741613439 185 123.30387070114548 119.53990686859956 85 30.114488124847412 2 32.622635364532471 24.555104395747186 0 0 0 0 0
35 1.75 1.8 55.490000000000002 6569 231434 8435 292 1 26789 120.58955795045883 126 121.45088910299634 118.19107614063077 39791 122.10776936299092 185 122.71817045469543 119.63518436576226 87 25.293202877044678 2 30.087010383605957 24.773238439559936 0 0 0 0 0
36 1.8 1.8500000000000001 79.367000000000004 6463 237897 8451 292 1 27509 116.71150710090758 126 121.27962142702133 118.12509540012903 40863 118.41212686074746 185 122.85577165758288 119.55067880908865 90 31.739836692810059 2 36.509499549865723 23.61761254310608 0 0 0 0 0
37 1.8500000000000001 1.9000000000000001 64.244 6435 244332 8462 292 1 28259 117.502196781219 126 121.56714060949901 118.26478655618337 41970 118.38977116765203 185 123.12270986196157 119.6977834555136 92 25.230393409729004 2 32.492137908935547 26.444567999839784 0 0 0 0 0
38 1.9000000000000001 1.95 53.661999999999999 6587 250919 8481 292 1 29003 117.61412950546023 126 121.59208467271593 117.98439962841216 43083 119.20827104723131 185 123.03547590101087 119.51395717229066 94 22.567317962646484 2 28.221686840057373 22.636535897254944 0 0 0 0 0
39 1.95 2 51.881999999999998 6557 257476 8490 292 1 29759 119.29251231844464 126 121.41419226025778 118.33832321409194 44210 121.27668168351457 185 122.84170033222921 119.79001639206349 97 29.857351303100586 2 35.745737075805664 22.782620420455931 0 0 0 0 0
40 2 2.0499999999999998 49.655000000000001 6552 264028 8497 292 1 30510 120.35085914248512 126 122.694028521341 118.15853224739196 45311 120.73081285631335 185 123.11077348863756 119.56743353766363 99 24.269475221633911 2 31.581549167633057 25.532180013656617 0 0 0 0 0
41 2.0499999999999998 2.1000000000000001 46.137999999999998 6396 270424 8512 292 1 31228 116.01000855461 126 122.58238837832496 118.26582479931064 46385 117.24012335699958 185 123.00336423306852 119.56398578953103 102 28.426850318908691 2 35.422031402587891 25.884066796302797 0 0 0 0 0
42 2.1000000000000001 2.1499999999999999 50.595999999999997 6597 277021 8515 292 1 32009 121.80053480844649 126 121.86013109721834 118.23541336907279 47537 122.34211986644848 185 122.34211986644848 119.4893658373034 104 23.382801294326782 2 31.38521146774292 24.993776173591613 0 0 0 0 0
43 2.1499999999999999 2.2000000000000002 61.463000000000001 6447 283468 8516 292 1 32728 117.63793963477725 126 122.29756388588557 118.24807328118219 48626 120.38681677740973 185 122.8545821731155 119.66552059441648 106 21.055148601531982 2 27.573001146316528 22.30445816040039 0 0 0 0 0
44 2.2000000000000002 2.25 61.613999999999997 6487 289955 8516 292 1 33484 119.3900382632301 126 121.89536642649817 118.26534330095565 49728 119.88732926652239 185 123.0347587791649 119.62962298831422 109 28.968377113342285 2 32.015007019042969 22.165643486380578 0 0 0 0 0
45 2.25 2.3000000000000003 50.579000000000001 6532 296487 8518 292 1 34197 114.42128469073583 126 121.33108575003487 118.09381494794569 50805 116.7552225061365 185 122.77183697674725 119.53330214794261 111 22.921006202697754 2 32.687994480133057 25.987107410430909 0 0 0 0 0
46 2.3000000000000003 2.3500000000000001 47.045000000000002 6532 303019 8523 292 1 34979 120.33159480019221 126 121.99200221470424 118.27555329580153 51958 121.76285557102513 185 123.0027568507839 119.6908967219172 113 20.696293950080872 2 27.930962562561035 22.202534377574921 0 0 0 0 0
47 2.3500000000000001 2.3999999999999999 48.573999999999998 6484 309503 8526 292 1 35704 117.24860945202056 126 122.22764520796518 118.13160282679962 53050 120.1610372594885 185 123.33274841308594 119.63988466417467 116 28.507807731628418 2 32.142461776733398 22.266338272094728 0 0 0 0 0
48 2.3999999999999999 2.4500000000000002 47.167000000000002 6528 316031 8528 292 1 36456 118.33727657984174 126 121.91716372777545 118.28723901778932 54152 119.62337580500423 185 122.90016462996199 119.66741604531779 118 22.508726358413696 2 32.778714656829834 25.939300332069397 0 0 0 0 0
49 2.4500000000000002 2.5 43.966000000000001 6505 322536 8528 292 1 37205 119.22633095393105 126 121.7384269351051 118.00867483472068 55251 118.90148868045291 185 123.13909726529508 119.52548032770925 121 26.068798542022705 2 35.189194679260254 26.475405678749084 0 0 0 0 0
50 2.5 2.5500000000000003 45.923999999999999 6573 329109 8530 292 1 37948 118.99776785714286 126 122.2847158038427 118.16276922195679 56377 120.97157976305162 185 123.16605039029508 119.68024682699668 123 21.61146354675293 2 30.821362972259521 24.412915945053101 0 0 0 0 0
51 2.5500000000000003 2.6000000000000001 45.081000000000003 6489 335598 8530 292 1 38705 120.95603912595719 126 121.79623243543837 118.21994892180913 57495 122.15816147262986 185 123.26910709690404 119.69008482072167 126 26.098068237304688 2 34.531124114990234 25.558117434978485 0 0 0 0 0
52 2.6000000000000001 2.6499999999999999 46.094999999999999 6530 342128 8532 292 1 39424 116.85632754129077 126 121.60113991631403 118.1858175550188 58565 118.24356120341533 185 122.63384733457823 119.55124086287211 128 21.150868654251099 2 31.699599742889404 24.897897481918335 0 0 0 0 0
53 2.6499999999999999 2.7000000000000002 47.634 6502 348630 8533 292 1 40175 117.92770749046689 126 121.6486458551316 118.14562394520595 59675 118.69749702247414 185 123.47242006868929 119.55056589569921 130 19.102189600467682 2 27.924243688583374 22.0282617521286 0 0 0 0 0
54 2.7000000000000002 2.75 48.234000000000002 6511 355141 8533 292 1 40916 117.49617355588883 126 121.81996887449235 118.04626102265857 60788 119.62323332090635 185 123.21277931831979 119.40779093644423 133 23.429526329040527 2 33.582222461700439 25.715788958072661 0 0 0 0 0
55 2.75 2.8000000000000003 48.933999999999997 6585 361726 8535 292 1 41676 119.87213649447003 126 121.65232728019593 118.28261401585169 61910 121.32128044334618 185 122.68016831681535 119.61614779415648 135 19.496550559997559 2 30.680784702301025 23.893779268264769 0 0 0 0 0
56 2.8000000000000003 2.8500000000000001 65.796000000000006 6426 368152 8537 292 1 42397 116.23857116699219 126 121.54245285760788 118.04177893865672 62985 118.10000515499631 185 122.96615200558225 119.40536722461599 137 17.834301888942719 2 27.541868925094604 21.645679826736451 0 0 0 0 0
57 2.8500000000000001 2.8999999999999999 70.775000000000006 6526 374678 8538 292 1 43146 116.96170891655817 126 121.70475442068917 118.17293816097202 64090 118.03599144188134 185 122.9242296373522 119.52281301055085 139 17.438178420066833 2 25.71826696395874 20.392171860933303 0 0 0 0 0
58 2.8999999999999999 2.9500000000000002 56.158000000000001 6605 381283 8539 292 1 43922 122.12586381700304 126 122.12586381700304 118.06189465235151 65236 122.52905644597234 185 122.74052453943202 119.44358334433063 142 22.950716495513916 2 34.930095672607422 24.542407340407372 0 0 0 0 0
59 2.9500000000000002 3 65.241 6487 387770 8540 292 1 44646 118.66635640462239 126 121.93978082566034 118.34564283219595 66328 120.91042550576699 185 123.02951792124155 119.6565284860972 144 18.686959743499756 2 31.514831066131592 24.221261053085328 0 0 0 0 0
60 3 3.0500000000000003 64.128 6586 394356 8542 292 1 45402 120.3854240538582 126 121.90300284491644 118.29804512629431 67432 120.67412740346548 185 122.7553667635531 119.58527290220518 148 32.9425950050354 2 36.500123977661133 25.88644165277481 0 0 0 0 0
61 3.0500000000000003 3.1000000000000001 59.548000000000002 6424 400780 8544 292 1 46114 115.19922214084201 126 121.86988206893679 118.15036530752025 68504 117.02121099523596 185 122.74725712956609 119.5083794794856 150 27.70966911315918 2 32.290287971496582 25.180771985054015 0 0 0 0 0
62 3.1000000000000001 3.1499999999999999 80.034000000000006 6612 407392 8547 292 1 46893 120.77803905426509 126 121.69706102401491 118.12755558195566 69655 121.94327668885927 185 122.76600337672878 119.55939765146617 153 29.312810897827148 2 34.973405838012695 28.41283013343811 0 0 0 0 0
63 3.1499999999999999 3.2000000000000002 61.930999999999997 6485 413877 8548 292 1 47613 117.00219732617575 126 121.65689304896763 118.02390154641775 70743 120.0011000349715 185 123.16542626458245 119.54441717694255 155 25.285434365272522 2 29.160552263259888 23.987235558032989 0 0 0 0 0
64 3.2000000000000002 3.25 80.313000000000002 6487 420364 8548 292 1 48369 118.68255712115575 126 121.98001195514013 118.3363652280777 71846 119.57071900238861 185 122.86882930446315 119.66931485480232 158 27.462294578552246 2 34.039352416992188 27.844835762977599 0 0 0 0 0
65 3.25 3.3000000000000003 56.314 6472 426836 8549 292 1 49093 115.41870359390501 126 121.58403681194972 118.15193975539437 72925 116.67356526142842 185 122.59497767268 119.51690857098558 160 23.656777381896973 2 29.447508335113525 23.767593946456909 0 0 0 0 0
66 3.3000000000000003 3.3500000000000001 52.085999999999999 6588 433424 8553 292 1 49863 119.45454521784707 126 122.12757679772756 118.22658084808835 74070 120.84426290151235 185 123.01817758921031 119.65462828517606 163 26.355545997619629 2 36.750121116638184 27.328119373321535 0 0 0 0 0
67 3.3500000000000001 3.3999999999999999 58.712000000000003 6487 439911 8553 292 1 50619 121.31030025179425 126 121.99452221582807 118.16271780347066 75191 122.5201058877481 185 123.25333247829128 119.53002426807301 165 22.557654619216919 2 29.425329685211182 23.760036764144896 0 0 0 0 0
68 3.3999999999999999 3.4500000000000002 54.686999999999998 6509 446420 8553 292 1 51338 117.20689513191344 126 121.68090941414 118.18947467016795 76267 119.29240388612489 185 122.3103464075037 119.51983882512273 168 29.342588424682617 2 34.433847427368164 23.282683953046799 0 0 0 0 0
69 3.4500000000000002 3.5 56.210999999999999 6527 452947 8553 292 1 52091 118.77010260687933 126 121.72047394041032 117.97615893893773 77371 119.10676261283255 185 122.89427795410157 119.53511877853808 170 23.306423187255859 2 32.525314331054688 25.976014676094056 0 0 0 0 0
70 3.5 3.5500000000000003 59.659999999999997 6456 459403 8553 292 1 52833 118.39656133500357 126 121.85568425012013 118.14757422916469 78490 120.58955185348923 185 123.14496282629065 119.504938088082 172 20.99229896068573 2 28.234143972396851 22.291059679985047 0 0 0 0 0
71 3.5500000000000003 3.6000000000000001 62.829000000000001 6582 465985 8554 292 1 53594 120.86822322058299 126 121.74416623796735 118.34659756009542 79601 121.08948421993772 185 122.66208211537953 119.61313293539513 175 25.300844192504883 2 33.504979133605957 25.734393206834792 0 0 0 0 0
72 3.6000000000000001 3.6499999999999999 74.363 6368 472353 8556 292 1 54311 116.44126952640595 126 121.33487138294038 118.19233768160385 80685 118.73610452188028 185 122.80870105640308 119.51909455170508 177 21.272459268569946 2 29.803009510040283 23.988234086036684 0 0 0 0 0
73 3.6499999999999999 3.7000000000000002 77.138000000000005 6543 478896 8556 292 1 55063 117.54003355238173 126 121.78358901493134 118.27724567594983 81785 118.03824046366924 185 123.0397654765361 119.60980501824456 180 24.624790191650391 2 34.128734588623047 26.681077613830567 0 0 0 0 0
74 3.7000000000000002 3.75 66.793000000000006 6516 485412 8558 292 1 55809 117.86457528008356 126 122.0089739239405 118.09136999342176 82910 120.10301328092008 185 122.84762800062025 119.57740303080793 182 20.466517925262451 2 30.469016551971436 24.116829557418825 0 0 0 0 0
75 3.75 3.8000000000000003 58.070999999999998 6546 491958 8558 292 1 56558 118.43293913583906 126 121.816832224528 118.3261682758634 84022 120.62269930452914 185 123.18355477822793 119.7016846676388 184 18.936774611473083 2 26.995733261108398 21.514496698379517 0 0 0 0 0
76 3.8000000000000003 3.8500000000000001 46.649999999999999 6542 498500 8558 292 1 57314 120.38168510558113 126 121.80406122359018 118.07065890357609 85125 120.37301050134607 185 123.19726504764041 119.49042235998209 187 23.180665969848633 2 33.225523471832275 25.79840623497963 0 0 0 0 0
77 3.8500000000000001 3.8999999999999999 49.137999999999998 6455 504955 8559 292 1 58034 116.4569553193592 126 121.72432115342882 118.17130710662359 86206 117.67737319533889 185 122.99949233596389 119.53361444421718 189 19.404999852180481 2 30.460068702697754 23.738039338588713 0 0 0 0 0
78 3.8999999999999999 3.9500000000000002 49.713000000000001 6617 511572 8560 292 1 58810 121.55191942245241 126 121.55191942245241 118.13039324684749 87352 122.07493966592325 185 122.08485103297878 119.53812948938315 191 18.016006827354431 2 27.111351728439331 21.375148694515229 0 0 0 0 0
79 3.9500000000000002 4 60.340000000000003 6494 518066 8560 292 1 59532 117.90691381787497 126 121.86993311321925 118.21183112492633 88440 120.03800457103833 185 123.13368468413482 119.63823190720016 194 26.16154956817627 2 30.700860023498535 21.935638049244879 0 0 0 0 0
80 4 4.0499999999999998 47.093000000000004 6501 524567 8561 292 1 60285 119.21926934378487 126 122.02034662640284 118.22451447865316 89548 120.16562165956239 185 123.12414682749156 119.65741764542864 196 20.584564685821533 2 32.644419193267822 25.5214026594162 0 0 0 0 0
81 4.0499999999999998 4.0999999999999996 45.546999999999997 6413 530980 8562 292 1 61000 114.59489846607995 126 121.82247591775561 118.0703260016063 90626 117.05244767472551 185 122.22825234902872 119.6226670457995 199 24.871171951293945 2 37.103421211242676 25.756110463142395 0 0 0 0 0
82 4.0999999999999996 4.1500000000000004 68.084000000000003 6594 537574 8563 292 1 61776 119.52968046400282 126 122.32218563745893 118.28897716582769 91777 121.88272985509924 185 122.56659170614707 119.65026707747178 201 19.731810808181763 2 32.859645843505859 25.088141369819642 0 0 0 0 0
83 4.1500000000000004 4.2000000000000002 73.049000000000007 6469 544043 8563 292 1 62501 116.49493093339224 126 121.80075951228066 118.08384943886404 92865 119.81965661951014 185 123.25817986565667 119.66411001669388 203 17.454661965370178 2 28.115417718887329 22.254458861351011 0 0 0 0 0
84 4.2000000000000002 4.25 70.757000000000005 6491 550534 8563 292 1 63256 118.00561402336 126 121.92129710363963 118.34562214079358 93965 119.00844338906778 185 122.7924083400417 119.72202726951804 206 25.29695987701416 2 27.957463264465332 22.235860977172852 0 0 0 0 0
85 4.25 4.2999999999999998 84.060000000000002 6581 557115 8564 292 1 64008 119.2961793324304 126 121.72194871448335 118.08735528855095 95066 118.50137927081134 185 123.24726715087891 119.52901656527132 209 28.927776575088501 2 34.696706771850586 26.405366525650024 0 0 0 0 0
86 4.2999999999999998 4.3500000000000005 72.659999999999997 6499 563614 8564 292 1 64749 118.71911106412372 126 121.71066126747736 118.19034281776062 96197 121.13410817739125 185 123.28211307010135 119.66375495539485 211 26.351601958274841 2 28.354969263076782 22.550493535995482 0 0 0 0 0
87 4.3500000000000005 4.4000000000000004 51.113999999999997 6537 570151 8565 292 1 65507 120.88605450826978 126 122.06670979091099 118.17208881559822 97312 122.08988400021114 185 122.88260997050517 119.59426662960567 214 34.06607723236084 2 34.754257202148438 22.362414461374282 0 0 0 0 0
88 4.4000000000000004 4.4500000000000002 49.680999999999997 6457 576608 8565 292 1 66225 116.71499573238312 126 121.56119119553338 118.09772082495309 98386 118.65545085185283 185 121.87031398463894 119.50829232870566 216 28.437927007675171 2 33.391523361206055 25.572054033279418 0 0 0 0 0
89 4.4500000000000002 4.5 47.045000000000002 6505 583113 8566 292 1 66975 117.61753269982717 126 122.12175883944073 118.15405470227441 99490 118.47477610820049 185 122.91338397876636 119.53020324377108 218 22.352933406829834 2 36.85374927520752 26.02434714794159 0 0 0 0 0
90 4.5 4.5499999999999998 46.564 6549 589662 8566 292 1 67721 117.97656207614475 126 122.1448250422402 118.05722512623615 100618 120.86196157094595 185 123.10236486486487 119.58253038231105 220 18.065381765365601 2 31.810975074768066 24.244821348190307 0 0 0 0 0
91 4.5499999999999998 4.6000000000000005 46.039000000000001 6533 596195 8566 292 1 68479 120.04088810511998 126 121.7964609539698 118.2736842794267 101727 121.02675620414115 185 122.37969393343539 119.72871370057797 223 22.937033176422119 2 36.333945274353027 25.176905267238617 0 0 0 0 0
92 4.6000000000000005 4.6500000000000004 60.310000000000002 6507 602702 8566 292 1 69202 116.69158009120396 126 121.94611540294829 118.07781347244503 102805 117.99556649697793 185 123.06310857824377 119.54149944161081 226 28.059612512588501 2 32.383509159088135 24.928480205535887 0 0 0 0 0
93 4.6500000000000004 4.7000000000000002 75.846000000000004 6493 609195 8569 292 1 69945 116.45948216271779 126 121.72456717112708 118.16627124120322 103903 117.17469164874103 185 122.56505118705131 119.51537454388594 227 16.327615320682526 2 27.503995180130005 21.615076568126678 0 0 0 0 0
94 4.7000000000000002 4.75 67.852000000000004 6578 615773 8570 292 1 70722 121.83005002945188 126 121.83005002945188 118.01627108498225 105053 122.12923447892473 185 122.44996189426732 119.41913649440457 231 30.848684310913086 2 34.537447929382324 25.62365382194519 0 0 0 0 0
95 4.75 4.7999999999999998 79.444000000000003 6496 622269 8570 292 1 71442 117.88604294307648 126 121.19663480728391 118.19039430406356 106148 120.85603922251109 185 122.84069688126847 119.63886064354148 233 27.254313945770264 2 30.237840175628662 23.558544454574584 0 0 0 0 0
96 4.7999999999999998 4.8500000000000005 76.915999999999997 6534 628803 8570 292 1 72199 119.92087954566593 126 121.90098826090495 118.14415319170271 107246 120.03952814050623 185 123.17138816214897 119.5110541208628 235 25.813110411167145 2 26.765179395675659 21.426837832927703 0 0 0 0 0
97 4.8500000000000005 4.9000000000000004 54.654000000000003 6476 635279 8571 292 1 72917 115.81050249130007 126 121.81385851663256 118.03764757792156 108328 117.46509135478252 185 122.96756872228674 119.52173059906829 237 25.205785185098648 2 25.714975357055664 20.601272469162939 0 0 0 0 0
98 4.9000000000000004 4.9500000000000002 56.301000000000002 6638 641917 8572 292 1 73692 120.72047339545355 126 121.32934806460426 118.1548149774945 109471 121.52786758010451 185 122.99298623574747 119.5452576706345 240 27.897575378417969 2 34.60733699798584 27.335034842491151 0 0 0 0 0
99 4.9500000000000002 5 60.450000000000003 6428 648345 8572 292 1 74415 117.26841887216719 126 121.81333560035343 118.17953607710582 110567 120.33546336405986 185 123.23585073110219 119.66698312542889 242 24.945774078369141 2 28.230674982070923 22.922383966445924 0 0 0 0 0
100 5 5.0499999999999998 60.856000000000002 6586 654931 8572 292 1 75169 118.6407121325296 126 121.92534249926371 118.32390540592255 111666 119.49342053387616 185 122.52571864772487 119.64444004368137 245 30.109994411468506 2 33.218869209289551 24.887252310514452 0 0 0 0 0
101 5.0499999999999998 5.1000000000000005 49.597000000000001 6407 661338 8573 292 1 75889 114.81497785780165 126 121.17812698606461 118.07330089629642 112748 116.98638561351879 185 122.00191060659047 119.45499790500949 247 25.468938589096069 2 30.083992958068848 24.59480041027069 0 0 0 0 0
102 5.1000000000000005 5.1500000000000004 57.167999999999999 6623 667961 8573 292 1 76664 119.63582011631557 126 121.69329016549247 118.24305604117258 113897 121.61275119265994 185 122.68641109982052 119.63593350714609 250 27.529805660247803 2 34.162359237670898 27.959677553176881 0 0 0 0 0
103 5.1500000000000004 5.2000000000000002 47.070999999999998 6537 674498 8573 292 1 77417 121.09934034801665 126 121.76313333662729 118.07485544840497 115007 121.94036032186972 185 123.30369642103041 119.67563209327496 253 32.497663497924805 2 37.381211280822754 25.081650204658509 0 0 0 0 0
104 5.2000000000000002 5.25 42.060000000000002 6453 680951 8573 292 1 78141 117.70098901173425 126 121.4081673395066 118.2850978488014 116088 119.03957193735484 185 122.61018920073639 119.73672093489363 255 25.509185791015625 2 33.031538009643555 26.918832268714905 0 0 0 0 0
105 5.25 5.2999999999999998 44.134 6501 687452 8573 292 1 78895 119.15859724983336 126 122.34013893490746 118.2394368368482 117188 118.32811229808911 185 123.04765068260399 119.62326278439079 257 22.246299743652344 2 28.798332691192627 23.230370624065401 0 0 0 0 0
106 5.2999999999999998 5.3500000000000005 47.094999999999999 6563 694015 8573 292 1 79635 118.45280299111018 126 122.37584129212395 118.15905910915795 118312 120.27440985602301 185 122.82289069923195 119.58658929608319 260 25.056410789489746 2 36.193166732788086 27.217905240058897 0 0 0 0 0
107 5.3500000000000005 5.4000000000000004 44.106000000000002 6475 700490 8573 292 1 80390 120.00142039949932 126 122.30761270674448 118.30806264362634 119432 121.76772246489654 185 122.69884317758921 119.60262505196235 262 21.575406074523926 2 29.220448017120361 23.4463130736351 0 0 0 0 0
108 5.4000000000000004 5.4500000000000002 43.073 6486 706976 8573 292 1 81109 116.03396903143988 126 122.12690728808207 118.05487542651949 120505 118.20510022962415 185 123.16482341869457 119.52709540454764 265 24.498773574829102 2 36.38492488861084 27.105770888328554 0 0 0 0 0
109 5.4500000000000002 5.5 44.140000000000001 6504 713480 8573 292 1 81860 117.13008638412234 126 121.89683944459945 118.12113258119615 121610 118.17168645085515 185 122.57122324350718 119.49251677147119 267 20.650606751441956 2 29.958560943603516 23.809813807010652 0 0 0 0 0
110 5.5 5.5499999999999998 44.006999999999998 6497 719977 8573 292 1 82607 117.68303759135897 126 122.29734457106818 118.023966700236 122731 119.99883728027343 185 122.72746586155247 119.38022582595417 270 24.461515426635742 2 34.367144584655762 26.227068374156953 0 0 0 0 0
111 5.5499999999999998 5.6000000000000005 69.754000000000005 6593 726570 8574 292 1 83360 118.88198337857685 126 122.11034938267299 118.3367878795805 123842 120.48894475988439 185 122.86737353350665 119.62286017340583 272 20.548813581466675 2 30.33263635635376 23.873708257675172 0 0 0 0 0
112 5.6000000000000005 5.6500000000000004 73.093999999999994 6448 733018 8574 292 1 84110 119.79850557115343 126 121.92136946178618 118.14021036541649 124944 120.16277799864073 185 123.32437925596496 119.45803064954602 274 18.967050969600677 2 27.064473509788513 21.565998632907867 0 0 0 0 0
113 5.6500000000000004 5.7000000000000002 52.817 6494 739512 8574 292 1 84833 116.33636444334 126 122.06482599652003 118.18952054704938 126025 117.42857587659681 185 123.37958749307168 119.57179559656089 277 22.405431270599365 2 35.575764656066895 26.59588506579399 0 0 0 0 0
114 5.7000000000000002 5.75 47.465000000000003 6573 746085 8574 292 1 85607 121.10913176763626 126 121.24934938218858 118.13191944425073 127172 121.93591675629487 185 122.28209884231156 119.53755456707928 279 18.98573637008667 2 29.772496700286865 23.385611436367036 0 0 0 0 0
115 5.75 5.7999999999999998 45.689999999999998 6486 752571 8574 292 1 86327 117.13588139367482 126 121.92114929925827 118.21934304252504 128264 120.36373996219119 185 123.08335880588841 119.61053778818494 281 17.727703392505646 2 26.739497184753418 21.245495965480803 0 0 0 0 0
116 5.7999999999999998 5.8500000000000005 47.046999999999997 6544 759115 8574 292 1 87083 118.95712552751813 126 121.91183489844913 118.19688516162688 129366 119.91466423240868 185 122.92157922693201 119.57971268360038 284 22.089631080627441 2 33.619562149047852 25.68154273748398 0 0 0 0 0
117 5.8500000000000005 5.9000000000000004 49.555 6379 765494 8576 292 1 87803 115.0829221331884 126 121.5207638816228 118.1212870619032 130446 117.10438904633394 185 122.58063824627851 119.53900340394719 286 18.370189189910889 2 30.703891754150391 23.682377004623412 0 0 0 0 0
118 5.9000000000000004 5.9500000000000002 46.588999999999999 6648 772142 8576 292 1 88580 120.24268879966131 126 122.01153104267424 118.22496680123467 131593 121.49470557135504 185 123.04658842344541 119.65341512566641 288 16.875616252422333 2 27.201051473617554 21.479675337076188 0 0 0 0 0
119 5.9500000000000002 6 46.048999999999999 6510 778652 8577 292 1 89304 117.09353940449064 126 121.89690265958271 118.03837744818793 132685 119.7963757076779 185 123.14238784377639 119.73543192683044 291 24.888840675354004 2 29.207326889038086 22.066639075875283 0 0 0 0 0
120 6 6.0499999999999998 50.982999999999997 6556 785208 8577 292 1 90057 118.39681050134084 126 121.64427929832821 118.23350615365165 133791 119.55399503965636 185 122.93794064908414 119.80751094673771 293 19.273697137832642 2 33.340087890625 25.559182043075563 0 0 0 0 0
121 6.0499999999999998 6.1000000000000005 60.576999999999998 6451 791659 8577 292 1 90805 119.060609908331 126 121.46268202766539 118.07295561533121 134890 118.69337385022962 185 123.04556257918074 119.66283207661395 297 33.286580085754395 2 34.483535766601562 26.126776916980745 0 0 0 0 0
122 6.1000000000000005 6.1500000000000004 48.045999999999999 6541 798200 8577 292 1 91549 118.80270089043512 126 122.3740715147957 118.35055483742364 136016 120.859287117623 185 122.44923578210779 119.58537838497674 299 27.644050359725952 2 32.627462387084961 25.586296854019164 0 0 0 0 0
123 6.1500000000000004 6.2000000000000002 46.655999999999999 6502 804702 8577 292 1 92304 120.4003042190794 126 122.39214270455497 118.25956683688699 137126 121.24070191254486 185 122.59796171446105 119.62236165969438 301 24.494144797325134 2 28.064095377922058 23.118513174057007 0 0 0 0 0
124 6.2000000000000002 6.25 46.078000000000003 6444 811146 8577 292 1 93026 116.68989629594107 126 121.35868877834744 118.27658387320385 138207 118.50350799560547 185 122.37293284648173 119.5747583279996 304 32.361467361450195 2 35.764951705932617 22.211081708669663 0 0 0 0 0
125 6.25 6.2999999999999998 48.755000000000003 6588 817734 8577 292 1 93782 118.47177971733942 126 121.76678303309849 118.23585390242319 139316 118.92438259640255 185 123.0563053852803 119.47518932693069 306 26.587946653366089 2 31.720667839050293 25.715978975296022 0 0 0 0 0
126 6.2999999999999998 6.3500000000000005 50.636000000000003 6479 824213 8577 292 1 94522 117.81228359161861 126 121.98023423694428 118.11321984790621 140433 120.14962587098817 185 123.01704893369933 119.54369835930902 308 24.283016085624695 2 27.370185375213623 22.28195955991745 0 0 0 0 0
127 6.3500000000000005 6.4000000000000004 50.073 6528 830741 8577 292 1 95276 119.27339408511207 126 121.713441212972 118.23596815684483 141548 121.00308759534681 185 122.24635108741555 119.69555747037325 311 31.584708213806152 2 35.611658096313477 22.771079885959626 0 0 0 0 0
128 6.4000000000000004 6.4500000000000002 45.57 6439 837180 8577 292 1 95998 115.82928539457775 126 121.89977119082496 118.01293991452172 142629 118.30277095485378 185 122.60778965305637 119.53824922551335 313 25.834066390991211 2 31.072525978088379 25.693330602645872 0 0 0 0 0
129 6.4500000000000002 6.5 46.052999999999997 6517 843697 8577 292 1 96748 116.75687626429966 126 121.37756947108677 118.12925128997318 143735 118.23188682762353 185 122.69536054456556 119.63772216054555 316 29.497074604034424 2 34.844842910766602 26.373497262001038 0 0 0 0 0
130 6.5 6.5499999999999998 45.854999999999997 6610 850307 8577 292 1 97522 121.62144028194366 126 121.62144028194366 118.04103806389702 144876 122.01427377236855 185 122.27261455638988 119.60663592776737 318 25.135868787765503 2 30.072573661804199 24.317745733261109 0 0 0 0 0
131 6.5499999999999998 6.6000000000000005 51.045999999999999 6446 856753 8577 292 1 98245 118.16955602736701 126 121.61261888534304 118.17936446174744 145971 120.60901823301573 185 122.70976607863967 119.7696060172416 320 23.639055490493774 2 26.749735355377197 21.481890532970429 0 0 0 0 0
132 6.6000000000000005 6.6500000000000004 49.091000000000001 6596 863349 8577 292 1 99002 120.18832458011688 126 121.68917107960534 118.16006028432697 147069 119.80011246139939 185 122.95435056944152 119.50352546238256 322 22.629553198814392 2 26.06649923324585 20.999442745447158 0 0 0 0 0
133 6.6500000000000004 6.7000000000000002 64.150999999999996 6445 869794 8579 292 1 99720 115.99579614306253 126 121.22740990774972 118.11897563752672 148147 116.82997894287109 185 122.74487684095229 119.48105052968619 324 22.609444364905357 2 25.376140177249908 20.019908921718596 0 0 0 0 0
134 6.7000000000000002 6.75 91.492999999999995 6563 876357 8579 292 1 100489 119.99884317791651 126 121.20627248854865 118.10031795562261 149298 121.87589395883921 185 122.38019165863862 119.4367812425768 327 31.139467239379883 2 35.109651565551758 21.554987542927265 0 0 0 0 0
135 6.75 6.7999999999999998 86.528999999999996 6508 882865 8579 292 1 101215 117.09486352829705 126 121.65829903738839 118.11311235942537 150387 120.10274621087152 185 122.71131035057275 119.48518164474901 329 25.283338785171509 2 31.625931739807129 25.797764897346497 0 0 0 0 0
136 6.7999999999999998 6.8500000000000005 84.581000000000003 6500 889365 8579 292 1 101969 118.59062412806919 126 121.82921733553448 118.20166486467637 151490 119.81950844429635 185 122.52094677074535 119.52363747674065 331 22.85518205165863 2 27.896593332290649 22.403959984779359 0 0 0 0 0
137 6.8500000000000005 6.9000000000000004 77.320999999999998 6481 895846 8579 292 1 102691 115.25205612182617 126 120.86180126856244 117.90844958350773 152566 116.66927816030142 185 122.17536291173987 119.44313599375131 333 21.961915135383606 2 26.168302953243256 20.884370567202566 0 0 0 0 0
138 6.9000000000000004 6.9500000000000002 78.939999999999998 6606 902452 8579 292 1 103465 119.88542247953869 126 121.97380847022647 118.26993093702531 153713 121.15010862608214 185 123.02085744496938 119.56380195741396 336 24.90812349319458 2 33.482203960418701 27.08315245449543 0 0 0 0 0
139 6.9500000000000002 7 79.837999999999994 6531 908983 8579 292 1 104216 120.92918438381619 126 121.92119562058221 118.17296998765734 154824 121.71293866956556 185 122.50650729617557 119.55086268327044 338 22.088338136672974 2 28.725819110870361 22.791688144207001 0 0 0 0 0
140 7 7.0499999999999998 81.453999999999994 6509 915492 8579 292 1 104939 117.41908306545682 126 121.56360874478779 118.23700478932211 155910 119.49482050715267 185 122.31809453190984 119.60139699327621 341 27.758522510528564 2 34.589242935180664 24.38633265852928 0 0 0 0 0
141 7.0499999999999998 7.1000000000000005 79.317999999999998 6482 921974 8579 292 1 105688 118.13097448197622 126 122.21180240691655 118.18407201252285 157012 119.19512543549409 185 122.66776015822951 119.43181999412745 343 22.723670959472656 2 31.303913593292236 24.984670524597167 0 0 0 0 0
142 7.1000000000000005 7.1500000000000004 58.137999999999998 6569 928543 8579 292 1 106433 118.25583951435392 126 121.82723048376658 118.13032721746538 158132 120.74573401373786 185 122.66089126999314 119.54590262088264 346 24.418142795562744 2 36.212518692016602 28.322414016723634 0 0 0 0 0
143 7.1500000000000004 7.2000000000000002 61.131 6540 935083 8579 292 1 107185 119.53062989976671 126 121.65080303615994 118.10297277783594 159245 121.47641840754329 185 122.62004707955025 119.60089675820842 348 20.856047391891479 2 29.496678352355957 23.526591928005217 0 0 0 0 0
144 7.2000000000000002 7.25 80.694999999999993 6409 941492 8579 292 1 107909 116.28760619390579 126 121.16716657366071 118.1313197617304 160321 118.14925170073639 185 122.84907284298458 119.61831299323005 350 19.22243869304657 2 27.321095943450928 21.617332547903061 0 0 0 0 0
145 7.25 7.2999999999999998 77.873000000000005 6536 948028 8579 292 1 108664 117.84417797270275 126 121.91303459046379 118.30018809848362 161435 118.94086988294447 185 122.65175822489971 119.64868121915254 352 18.253218442201614 2 26.280943989753723 20.959560819864272 0 0 0 0 0
146 7.2999999999999998 7.3500000000000005 70.046999999999997 6534 954562 8579 292 1 109406 117.60226840064639 126 121.58554034762912 118.01725760686966 162550 119.92767222636455 185 122.44979594462626 119.56355063773495 355 22.086250782012939 2 35.159642219543457 26.20517176002264 0 0 0 0 0
147 7.3500000000000005 7.4000000000000004 58.240000000000002 6467 961029 8579 292 1 110159 118.79515354217045 126 121.71687286619157 118.34278814527724 163666 120.9472384066195 185 122.5835493757918 119.63921933313317 357 18.868317604064941 2 29.489405155181885 23.185859520435333 0 0 0 0 0
148 7.4000000000000004 7.4500000000000002 54.079000000000001 6566 967595 8579 292 1 110913 120.47478981623574 126 122.0620499262734 118.01962256416441 164763 120.0457020115208 185 122.89721399255701 119.4871260920344 360 26.078998565673828 2 29.997987747192383 22.861186401844023 0 0 0 0 0
149 7.4500000000000002 7.5 59.343000000000004 6463 974058 8579 292 1 111631 116.33707621740916 126 121.57167337811183 118.06470809815424 165847 117.72149419011296 185 122.65622447245829 119.49021145959803 362 19.711529493331909 2 34.460935592651367 26.304005055427552 0 0 0 0 0
150 7.5 7.5499999999999998 59.645000000000003 6513 980571 8580 292 1 112404 121.02610905965169 126 121.25006872510153 118.05608742002455 166990 121.90635677028347 185 122.10929272625897 119.42438674349398 364 17.217422723770142 2 29.221873998641968 22.469248578548431 0 0 0 0 0
151 7.5499999999999998 7.6000000000000005 52.546999999999997 6543 987114 8580 292 1 113127 117.60659487285311 126 121.53418495541527 118.14731608920627 168076 119.71797188423776 185 122.66329906566723 119.57195631367453 367 21.595499038696289 2 34.2088623046875 25.665552376508714 0 0 0 0 0
152 7.6000000000000005 7.6500000000000004 50.527000000000001 6461 993575 8580 292 1 113883 119.40563056582496 126 121.87150773547944 118.21887196132114 169184 120.01999478726773 185 122.72032177899335 119.48474919582053 370 27.762459754943848 2 30.649387359619141 23.894499216079712 0 0 0 0 0
153 7.6500000000000004 7.7000000000000002 49.764000000000003 6493 1000068 8581 292 1 114605 115.84568774510943 126 121.4880242120652 118.12761838277179 170260 116.80519169987859 185 123.36826914194468 119.50706613901501 373 31.466275215148926 2 35.87890625 26.333097460269929 0 0 0 0 0
154 7.7000000000000002 7.75 49.588999999999999 6567 1006635 8581 292 1 115376 120.00264770265609 126 121.9741803729345 118.26539781600709 171413 121.85182977624842 185 123.27344380971547 119.65228103802652 375 27.050006628036499 2 30.843201160430908 24.372253923416139 0 0 0 0 0
155 7.75 7.7999999999999998 48.128999999999998 6473 1013108 8582 292 1 116097 116.28758336627294 126 121.9190308707101 118.12246241372731 172498 119.57686400542389 185 123.03593073664484 119.54956691185201 377 25.349742114543915 2 26.638761639595032 21.683322333097458 0 0 0 0 0
156 7.7999999999999998 7.8500000000000005 51.560000000000002 6539 1019647 8582 292 1 116849 117.4631230793302 126 121.98134824964735 118.20123324560744 173604 119.49349505450274 185 122.86717083905194 119.65008450729779 380 33.044479370117188 2 34.393050193786621 22.381949193477631 0 0 0 0 0
157 7.8500000000000005 7.9000000000000004 51.557000000000002 6520 1026167 8582 292 1 117606 119.5950937422495 126 121.63445954095749 118.047986829243 174701 118.54725630476668 185 122.46443254625476 119.53138100041571 382 27.438436269760132 2 32.390154838562012 25.550177612304687 0 0 0 0 0
158 7.9000000000000004 7.9500000000000002 51.765999999999998 6562 1032729 8582 292 1 118348 119.19255265735444 126 122.01831690470378 118.17628662835986 175825 120.49103245090794 185 123.16506137332401 119.58908563974745 384 25.073473453521729 2 27.572014093399048 22.341385669708252 0 0 0 0 0
159 7.9500000000000002 8 54.591000000000001 6539 1039268 8582 292 1 119102 120.80231693812779 126 121.76695021371992 118.0887965526278 176941 121.5142818141628 185 122.75422635465056 119.63557352839287 387 32.640247344970703 2 34.658604621887207 22.508644279241562 0 0 0 0 0
160 8 8.0500000000000007 51.603999999999999 6452 1045720 8582 292 1 119818 116.32289535280258 126 120.99214129977756 118.08555118863542 178023 118.78135186272698 185 122.77494803763724 119.67864516469595 389 26.509533882141113 2 31.993927955627441 26.069616751670836 0 0 0 0 0
161 8.0500000000000007 8.0999999999999996 51.412999999999997 6481 1052201 8583 292 1 120576 118.50574111938477 126 121.89577980647012 118.15634794689359 179129 118.76486309154613 185 122.91636653590847 119.5838680395178 392 30.45622730255127 2 35.03299617767334 26.092647190093995 0 0 0 0 0
162 8.0999999999999996 8.1500000000000004 53.628 6531 1058732 8583 292 1 121319 118.20665765187097 126 121.96278042263455 118.23258985004728 180249 120.26655306429477 185 122.84254591658309 119.59433413531326 394 25.205865144729614 2 31.149252891540527 25.198034706115724 0 0 0 0 0
163 8.1500000000000004 8.1999999999999993 59.411999999999999 6528 1065260 8583 292 1 122071 119.21974630204458 126 121.65112625606476 118.3620644875178 181366 121.25029536066829 185 122.3893564585093 119.78279375313421 396 22.659619212150574 2 27.8414466381073 22.52086642742157 0 0 0 0 0
164 8.1999999999999993 8.25 56.631999999999998 6410 1071670 8583 292 1 122791 115.37831018841456 126 121.98535713316902 118.08884837074885 182443 118.06710233946104 185 122.81737489442567 119.58388112248598 399 30.580069541931152 2 33.796202659606934 22.158487312197686 0 0 0 0 0
165 8.25 8.3000000000000007 52.639000000000003 6596 1078266 8584 292 1 123549 117.44144136943514 126 122.09008474198599 118.27486988249275 183553 118.47372873667125 185 122.71855864653716 119.59740338794607 401 24.535351037979126 2 32.106349468231201 25.984471521377564 0 0 0 0 0
166 8.3000000000000007 8.3499999999999996 51.795999999999999 6541 1084807 8584 292 1 124320 121.77957322862413 126 121.77957322862413 118.08603387015209 184696 122.45960746971336 185 122.69427131446632 119.62138997505809 403 21.888048410415649 2 28.076894998550415 22.62092360973358 0 0 0 0 0
167 8.3499999999999996 8.4000000000000004 51.881999999999998 6467 1091274 8584 292 1 125043 118.29132176959325 126 121.44312601240854 118.2153692130437 185787 120.63621970511771 185 123.15439024229308 119.75113737611512 406 29.617959022521973 2 32.732904434204102 22.347127192020416 0 0 0 0 0
168 8.4000000000000004 8.4499999999999993 53.707000000000001 6511 1097785 8584 292 1 125795 119.54465254526289 126 121.83400211636982 118.12421792893183 186888 120.10452847867398 185 122.41910689070419 119.5533979376716 408 23.56505012512207 2 32.737633228302002 25.992579126358031 0 0 0 0 0
169 8.4499999999999993 8.5 54.649000000000001 6470 1104255 8584 292 1 126517 116.06112331814236 126 121.75438617524647 118.05196451822916 187967 117.21456327696104 185 123.04078822780299 119.50978735186601 411 27.938936710357666 2 34.814056396484375 25.66970792531967 0 0 0 0 0
170 8.5 8.5500000000000007 51.743000000000002 6586 1110841 8584 292 1 127290 120.61770369514586 126 121.39800686306424 118.18722091432602 189121 122.40872415078653 185 122.53038857949747 119.61433817270645 413 23.203306674957275 2 31.016456127166748 24.688430194854735 0 0 0 0 0
171 8.5500000000000007 8.5999999999999996 49.703000000000003 6453 1117294 8584 292 1 128015 117.45484894041032 126 121.58722153920976 118.21067618476019 190203 119.69654153359903 185 123.01418316815351 119.65810048861117 415 21.558520197868347 2 27.090093851089478 21.628392398357391 0 0 0 0 0
172 8.5999999999999996 8.6500000000000004 48.640999999999998 6600 1123894 8584 292 1 128768 118.70435133434478 126 121.97631212264773 118.28673873538068 191308 119.56224967337944 185 123.13584400898702 119.59239276370488 417 20.695570319890976 2 26.194241404533386 20.854341889023782 0 0 0 0 0
173 8.6500000000000004 8.7000000000000011 48.195999999999998 6419 1130313 8584 292 1 129486 114.64697350396051 126 121.5998418293302 117.98517719692654 192383 116.30887385187923 185 122.93808865933805 119.43714682254274 419 20.799730181694031 2 25.232315748929977 19.896880465447904 0 0 0 0 0
174 8.7000000000000011 8.75 44.055999999999997 6583 1136896 8584 292 1 130261 119.52903008839441 126 121.38350907583086 118.1824484676785 193530 120.87577675484322 185 123.21110501675993 119.47858803991366 422 25.403823852539062 2 34.143829345703125 25.441795121431351 0 0 0 0 0
175 8.75 8.8000000000000007 48.170999999999999 6560 1143456 8584 292 1 131016 121.30531038556781 126 121.98612043592665 118.0826706647116 194639 121.31362333555479 185 122.31024763777449 119.45838638305663 424 22.11018431186676 2 29.100459337234497 23.260815293788909 0 0 0 0 0
176 8.8000000000000007 8.8499999999999996 53.682000000000002 6445 1149901 8584 292 1 131737 117.5157709273081 126 121.04369311862521 118.19619616432794 195720 118.63550699594859 185 122.51980153676625 119.51627045914937 426 20.398015975952148 2 27.293149590492249 21.695110656023026 0 0 0 0 0
177 8.8499999999999996 8.9000000000000004 51.063000000000002 6566 1156467 8584 292 1 132485 118.21614522782583 126 121.85754055447049 118.03674173506479 196829 119.06525577854465 185 122.87374712969806 119.46640266459698 429 24.684667110443115 2 34.33597469329834 25.756074489355086 0 0 0 0 0
178 8.9000000000000004 8.9500000000000011 43.061 6546 1163013 8584 292 1 133233 118.7864856417217 126 121.44997297014508 118.16548025343151 197953 121.04073201772329 185 122.84041962494722 119.55770316294075 431 20.954100608825684 2 29.710570812225342 23.693390941619874 0 0 0 0 0
179 8.9500000000000011 9 45.116999999999997 6507 1169520 8584 292 1 133985 119.89938287886362 126 121.55038179670062 118.26325247143944 199063 121.36335878114443 185 122.61389972583667 119.68056369678393 434 23.517142772674561 2 36.014913558959961 27.462506270408632 0 0 0 0 0
180 9 9.0500000000000007 49.607999999999997 6524 1176044 8584 292 1 134706 116.22223221309601 126 120.88987937806145 118.08492706662128 200142 118.34193271946263 185 122.72417528307116 119.63994074311123 436 20.289486408233643 2 29.154870510101318 23.195488095283508 0 0 0 0 0
181 9.0500000000000007 9.0999999999999996 49.847999999999999 6470 1182514 8585 292 1 135458 117.45397797841875 126 121.61183765956334 118.14558580428839 201252 118.7839658170133 185 122.75370504018423 119.56234757624445 439 26.891283988952637 2 32.845084190368652 23.464003266096114 0 0 0 0 0
182 9.0999999999999996 9.1500000000000004 56.073999999999998 6548 1189062 8585 292 1 136200 117.24229443262494 126 121.86538908216689 117.9873308151487 202373 120.45232737773173 185 122.66847723883552 119.537431690113 441 20.853019237518311 2 33.278820991516113 25.978084387779237 0 0 0 0 0
183 9.1500000000000004 9.2000000000000011 50.790999999999997 6552 1195614 8585 292 1 136953 118.52766436622257 126 120.89360125102694 118.25122738429478 203486 120.99388984473975 185 122.89214543523015 119.7881337074074 444 26.439302444458008 2 32.293030738830566 24.469400002956391 0 0 0 0 0
184 9.2000000000000011 9.25 44.652000000000001 6494 1202108 8585 292 1 137705 119.70661423698304 126 121.42645287892175 118.19785919552758 204584 120.07600839975719 185 122.67363042058172 119.61141450294286 446 19.844080448150635 2 34.800258636474609 26.529493732452394 0 0 0 0 0
185 9.25 9.3000000000000007 63.643999999999998 6465 1208573 8585 292 1 138436 117.39050910586403 126 121.88556719583178 118.32474535503083 205667 117.50531113083298 185 122.71652902139199 119.6261352110167 449 26.226299643516541 2 29.351800918579102 23.681389808654785 0 0 0 0 0
186 9.3000000000000007 9.3499999999999996 53.715000000000003 6610 1215183 8585 292 1 139206 121.45044835408528 126 121.45044835408528 118.20272178649898 206815 122.04560410783098 185 122.61475759970175 119.6130400374129 452 28.424198150634766 2 34.766491889953613 27.824016108512879 0 0 0 0 0
187 9.3499999999999996 9.4000000000000004 47.750999999999998 6409 1221592 8585 292 1 139927 117.57375002664233 126 122.10095226953901 118.28248382689459 207909 120.65500673861116 185 123.06393729544975 119.64698386857316 454 24.389911651611328 2 29.338878870010376 23.994085674285888 0 0 0 0 0
188 9.4000000000000004 9.4500000000000011 47.646000000000001 6537 1228129 8585 292 1 140677 118.49356648278615 126 122.19987415132069 118.13694815136139 209009 120.10333119985219 185 123.07895598540435 119.46507532810523 457 31.237098693847656 2 35.931216239929199 23.221050913333894 0 0 0 0 0
189 9.4500000000000011 9.5 52.689 6471 1234600 8585 292 1 141401 115.48706514873201 126 121.42105580889989 117.89715023706827 210082 116.6884390341269 185 122.58428831358214 119.38083448750261 459 25.148819923400879 2 31.694046020507812 26.027598152160646 0 0 0 0 0
190 9.5 9.5500000000000007 53.823 6526 1241126 8585 292 1 142178 120.62545733981662 126 122.24889749193949 118.24612595694403 211231 121.48147822199641 185 122.63052240320154 119.47091812051308 461 22.537304162979126 2 28.162452697753906 22.585482950210572 0 0 0 0 0
191 9.5500000000000007 9.5999999999999996 48.061999999999998 6549 1247675 8586 292 1 142901 117.16507593790691 126 121.87081794133262 118.18777701847134 212318 119.44789663778769 185 122.6954455813846 119.52680343545448 464 26.964188575744629 2 35.136857986450195 25.617236853837966 0 0 0 0 0
192 9.5999999999999996 9.6500000000000004 46.234999999999999 6447 1254122 8586 292 1 143652 118.02134105137416 126 122.39618452768477 118.35859529162211 213420 118.95315147606102 185 122.97078539874103 119.62492838349212 466 23.306469202041626 2 29.09296989440918 23.621260747909545 0 0 0 0 0
193 9.6500000000000004 9.7000000000000011 42.082000000000001 6551 1260673 8586 292 1 144404 119.31849228389679 126 121.56676107739645 118.08083381773928 214522 118.54794311523438 185 122.98101056073163 119.53628101328258 469 26.711635589599609 2 36.725293159484863 26.628769500255586 0 0 0 0 0
194 9.7000000000000011 9.75 42.192999999999998 6535 1267208 8586 292 1 145148 119.14989544096447 126 122.04136936248295 118.2621308862595 215655 121.40526696282464 185 122.91771702122044 119.65761455474033 471 22.68865966796875 2 29.689127922058105 23.982887282371522 0 0 0 0 0
195 9.75 9.8000000000000007 43.348999999999997 6532 1273740 8586 292 1 145901 120.42277605571444 126 121.91298215351408 118.26359152778748 216765 121.79557734309016 185 123.49720079576647 119.61355439552101 473 21.111329734325409 2 27.048382163047791 21.561610610485076 0 0 0 0 0
196 9.8000000000000007 9.8499999999999996 43.107999999999997 6469 1280209 8587 292 1 146622 116.62353866819352 126 121.22813003782242 118.20579708523226 217844 118.87873196988492 185 122.6421759115683 119.53640329391891 476 28.486616134643555 2 32.767403602600098 22.698221505880355 0 0 0 0 0
197 9.8499999999999996 9.9000000000000004 43.067 6460 1286669 8587 292 1 147374 117.75222106206985 126 122.80391178433857 118.24762237548831 218951 118.96138433507971 185 122.67497018350137 119.59382348715287 478 22.117653846740723 2 33.223533630371094 26.305487785339356 0 0 0 0 0
198 9.9000000000000004 9.9500000000000011 43.253999999999998 6588 1293257 8587 292 1 148117 117.62478310721261 126 121.96611501300146 118.06265544951908 220066 119.93855805268159 185 123.13247738400021 119.57308018122494 480 19.686559200286865 2 28.374880313873291 22.406872251033782 0 0 0 0 0
199 9.9500000000000011 10 44.886000000000003 6534 1299791 8587 292 1 148873 119.44715869237506 126 121.56068583897182 118.19576158917138 221184 121.11306230699694 185 122.68613664781725 119.70204039455101 483 27.462318420410156 2 32.227325439453125 22.30174339413643 0 0 0 0 0
200 10 10.050000000000001 43.578000000000003 6489 1306280 8587 292 1 149593 115.66160268632193 126 122.2279064844525 118.03352136157804 222260 117.82184163686391 185 122.80945950069943 119.58272197166647 485 21.652748346328735 2 32.839117527008057 25.751672515869142 0 0 0 0 0
201 10.050000000000001 10.1 54.612000000000002 6495 1312775 8588 292 1 150343 116.43322402711898 126 122.53344460139199 118.28366454351519 223366 117.79307152000634 185 123.10282526789484 119.59602698743663 488 25.783891201019287 2 36.956807136535645 25.910028550624848 0 0 0 0 0
202 10.1 10.15 45.402999999999999 6573 1319348 8588 292 1 151122 121.88951922219897 126 121.88951922219897 118.2488543458969 224508 121.73839276288007 185 122.53273661845439 119.55343491920269 490 20.362674951553345 2 32.768922805786133 25.367190098762514 0 0 0 0 0
203 10.15 10.200000000000001 46.991 6456 1325804 8588 292 1 151848 118.66247122628349 126 121.63481951516772 118.43295779273623 225607 120.77557731834618 185 122.64586824984164 119.76400739762585 492 17.892708539962769 2 28.325570344924927 22.44535048007965 0 0 0 0 0
204 10.200000000000001 10.25 46.548999999999999 6483 1332287 8588 292 1 152598 119.50394954378643 126 122.29064275347997 118.21450441632948 226709 120.30637549323005 185 122.46742331015098 119.59963904798352 495 25.784712791442871 2 28.496513366699219 22.186652834415437 0 0 0 0 0
205 10.25 10.300000000000001 41.505000000000003 6560 1338847 8588 292 1 153320 115.9206193590921 126 121.63690887935577 118.15077040172757 227790 117.57294765163113 185 122.33397637444574 119.57102844815637 497 19.729532480239868 2 34.18378734588623 25.994836263656616 0 0 0 0 0
206 10.300000000000001 10.35 42.314999999999998 6536 1345383 8588 292 1 154094 120.57161639985584 126 121.56817336309524 118.25247702462333 228938 122.11095247010927 185 122.13341534588788 119.61530610945415 499 17.299106359481812 2 28.856586694717407 22.406196987628938 0 0 0 0 0
207 10.35 10.4 46.598999999999997 6470 1351853 8588 292 1 154818 117.26596977597191 126 122.16777565365746 118.19331527709963 230024 119.93154754638672 185 122.71298168285473 119.56306648048194 502 25.186105728149414 2 28.397254943847656 22.191605198383332 0 0 0 0 0
208 10.4 10.450000000000001 42.256999999999998 6511 1358364 8588 292 1 155568 118.06110121711852 126 122.11614172799247 118.26038851056775 231132 120.11303496489654 185 122.2808950888144 119.60408432584198 504 19.306473731994629 2 34.099203109741211 25.821032876968385 0 0 0 0 0
209 10.450000000000001 10.5 41.960000000000001 6459 1364823 8588 292 1 156291 114.72796061682322 126 121.26604818919348 118.06180544898625 232206 116.638549103608 185 122.6341600160341 119.54794490174989 507 23.024772167205811 2 37.209735870361328 26.318761162757873 0 0 0 0 0
210 10.5 10.550000000000001 42.362000000000002 6644 1371467 8588 292 1 157069 119.94844333709233 126 122.53988756452289 118.32358563256648 233356 121.3126927968618 185 122.75734582849451 119.6967397997057 509 18.637622117996216 2 32.022617340087891 24.343423781394957 0 0 0 0 0
211 10.550000000000001 10.6 42.356000000000002 6467 1377934 8588 292 1 157823 121.45588587200831 126 121.98682754758805 118.19009990389388 234462 121.25106914623363 185 122.79368545944627 119.62855398312129 512 23.226627349853516 2 36.064145088195801 25.45673124074936 0 0 0 0 0
212 10.6 10.65 42.082000000000001 6538 1384472 8588 292 1 158543 117.448547423832 126 121.30150749569847 118.25309345063707 235550 119.19246962263777 185 122.86386759989971 119.65968397893134 515 28.166143655776978 2 32.667370319366455 25.109713392257689 0 0 0 0 0
213 10.65 10.700000000000001 43.066000000000003 6495 1390967 8588 292 1 159292 118.2499158950079 126 121.49039174639989 118.09548478383867 236654 119.05530424375792 185 122.5585894198031 119.4871274991422 516 16.36680406332016 2 27.608417272567749 21.681743447780608 0 0 0 0 0
214 10.700000000000001 10.75 42.070999999999998 6530 1397497 8588 292 1 160036 118.17538222055586 126 121.63984286595904 118.16900794619605 237774 120.60024158374684 185 122.8448759749129 119.55151822476775 520 31.197468280792236 2 34.417214393615723 25.317147285938262 0 0 0 0 0
215 10.75 10.800000000000001 42.421999999999997 6556 1404053 8588 292 1 160792 119.92220560709636 126 122.38225385877821 118.27056411137659 238891 121.70871272731472 185 123.18462334710199 119.65930893356736 522 27.382626295089722 2 30.57971715927124 23.776824827194215 0 0 0 0 0
216 10.800000000000001 10.85 43.158999999999999 6469 1410522 8588 292 1 161514 116.38717300172836 126 121.56276472788008 118.10295631893098 239962 117.98511595854887 185 122.46206269135347 119.47024974843615 524 25.664266288280487 2 26.844577550888062 21.701230602264403 0 0 0 0 0
217 10.85 10.9 44.131999999999998 6511 1417033 8588 292 1 162263 117.23017974126907 126 121.79060896616133 118.05426003834556 241075 118.80496459136138 185 123.10197968354096 119.51262426427891 527 29.756478786468506 2 34.051007270812988 25.948569517135621 0 0 0 0 0
218 10.9 10.950000000000001 42.088999999999999 6563 1423596 8588 292 1 163010 117.78799892607189 126 122.09195267208038 118.01914695255338 242189 119.86407021187448 185 123.19674410433383 119.38386091242613 529 25.560638904571533 2 29.167261123657227 24.154027776718138 0 0 0 0 0
219 10.950000000000001 11 44.789999999999999 6522 1430118 8588 292 1 163763 119.00140986366877 126 121.2703127179827 118.3224715472025 243306 120.97706224596178 185 122.73527514483477 119.65483268201672 532 27.740929126739502 2 34.223828315734863 27.841444036960603 0 0 0 0 0
220 11 11.050000000000001 46.850999999999999 6565 1436683 8588 292 1 164514 120.04118522765144 126 122.21654546828498 118.17691562107628 244406 120.40622921505489 185 122.81769075135927 119.48404180495807 534 24.707176208496094 2 28.127753019332886 23.003522801399232 0 0 0 0 0
221 11.050000000000001 11.1 44.585999999999999 6433 1443116 8588 292 1 165232 115.75952324034675 126 121.97143687899151 118.20722070360939 245486 117.59374616468276 185 123.1026276459565 119.5411865176639 537 31.426816940307617 2 34.732003211975098 23.347328910827638 0 0 0 0 0
222 11.1 11.15 44.234000000000002 6626 1449742 8588 292 1 166010 121.1803102644663 126 121.1803102644663 118.12527777172266 246638 122.62501315555058 185 122.62501315555058 119.55939267710093 539 25.775983810424805 2 30.96668815612793 25.594518976211546 0 0 0 0 0
223 11.15 11.200000000000001 44.709000000000003 6484 1456226 8588 292 1 166736 118.24235056317042 126 121.84484166947622 118.14675358847968 247719 119.8185506459829 185 123.1151840209961 119.64333321648677 542 31.049602508544922 2 35.715545654296875 24.778937027454376 0 0 0 0 0
224 11.200000000000001 11.25 45.162999999999997 6482 1462708 8588 292 1 167486 119.07982998802548 126 121.38294879973881 118.21846608237617 248829 120.18018600876267 185 123.32608902389939 119.64194743388406 544 24.976470708847046 2 32.000845909118652 26.012602863311766 0 0 0 0 0
225 11.25 11.300000000000001 43.091999999999999 6447 1469155 8588 292 1 168210 115.73802100287543 126 121.55137828039744 118.22911875891305 249905 116.9500379407728 185 122.5392370275549 119.5222586315258 546 22.050329446792603 2 28.403689861297607 22.89698882818222 0 0 0 0 0
226 11.300000000000001 11.35 45.151000000000003 6621 1475776 8588 292 1 168983 120.20243048289466 126 121.86762346540179 118.27847361246744 251058 121.99665609823691 185 122.76353722649651 119.65230132231842 549 25.055295467376709 2 35.861089706420898 27.024981744289398 0 0 0 0 0
227 11.35 11.4 43.390999999999998 6417 1482193 8588 292 1 169705 116.62986531333318 126 121.80008207048688 118.14011233375184 252144 119.89782368427998 185 123.3100217664564 119.48329666797537 551 21.824632525444031 2 28.837048530578613 23.198460004329682 0 0 0 0 0
228 11.4 11.450000000000001 42.066000000000003 6565 1488758 8588 292 1 170456 117.64801806495304 126 121.67434970916264 118.19832198491173 253249 119.80381494470545 185 122.53916254816829 119.5525090496991 554 28.977502822875977 2 34.005412101745605 22.918419524431229 0 0 0 0 0
229 11.450000000000001 11.5 42.090000000000003 6508 1495266 8588 292 1 171210 119.4425039140005 126 120.89850186544751 117.90591480678981 254340 118.32407144082559 185 122.13147240716057 119.41091935441304 556 23.172107696533203 2 32.243811130523682 25.747532563209532 0 0 0 0 0
230 11.5 11.550000000000001 43.259 6474 1501740 8588 292 1 171955 119.48024979848711 126 122.16618819463821 118.21657775273397 255470 121.01315505569046 185 123.06013154725771 119.49985561473949 558 20.942885160446167 2 28.128489017486572 22.207003126144411 0 0 0 0 0
231 11.550000000000001 11.6 47.357999999999997 6590 1508330 8588 292 1 172711 121.17597561790829 126 122.07559549240838 118.32115228077724 256577 121.19476767875052 185 122.76949240194784 119.49584855198215 561 25.333507061004639 2 33.946646690368652 25.653133116960525 0 0 0 0 0
232 11.6 11.65 41.704999999999998 6403 1514733 8588 292 1 173428 116.68253847152468 126 121.65329718211341 118.25815705314518 257658 118.45597909463419 185 122.55431621654614 119.57633735862943 563 21.526184558868408 2 29.434103965759277 23.769380578994753 0 0 0 0 0
233 11.65 11.700000000000001 42.533000000000001 6529 1521262 8588 292 1 174180 117.82423594641307 126 122.05911400204613 118.23473750402063 258769 118.99456036541913 185 122.89143565409893 119.57487136510899 566 24.8568434715271 2 34.98710823059082 26.702526469230651 0 0 0 0 0
234 11.700000000000001 11.75 42.274999999999999 6515 1527777 8588 292 1 174929 118.56442163860987 126 121.84049467056516 118.15605826120526 259884 119.96271193220808 185 122.92653800345757 119.5820124115815 568 20.927569389343262 2 30.251718997955322 23.8901131439209 0 0 0 0 0
235 11.75 11.800000000000001 46.045999999999999 6550 1534327 8588 292 1 175676 118.83334144713386 126 120.96556127639045 118.30516616942391 261004 121.41144310203758 185 122.77215205012141 119.64676206846498 570 19.571938097476959 2 26.695428013801575 21.342118344306947 0 0 0 0 0
236 11.800000000000001 11.85 44.396999999999998 6474 1540801 8588 292 1 176400 115.59937001788427 126 121.89636418176076 118.12235494946675 262077 117.91506343532252 185 122.83103790283204 119.46151265242291 573 24.647696495056152 2 34.628718376159668 24.974825335144995 0 0 0 0 0
237 11.85 11.9 43.488999999999997 6500 1547301 8588 292 1 177153 116.82196287124876 126 122.12945060124473 118.31337934342639 263187 118.2766208133182 185 122.7421102162954 119.64202186543231 575 20.164426565170288 2 31.32834005355835 24.438588604927062 0 0 0 0 0
238 11.9 11.950000000000001 41.375999999999998 6616 1553917 8588 292 1 177930 122.13132555522616 126 122.13132555522616 118.0768634432838 264324 121.70399388493718 185 122.48586953652871 119.52568097253749 577 18.378350079059601 2 27.430771827697754 21.768282191753386 0 0 0 0 0
239 11.950000000000001 12 42.094000000000001 6537 1560454 8588 292 1 178651 118.26592466566298 126 121.31522726634192 118.2712977127802 265421 120.52482353416649 185 122.50511643693254 119.76198768574484 580 26.127790451049805 2 31.280644416809082 22.327798262238503 0 0 0 0 0
240 12 12.050000000000001 42.470999999999997 6473 1566927 8588 292 1 179398 118.68263789585659 126 122.41925188094851 118.15884728810146 266522 119.89674983668972 185 123.06502194791227 119.64881763355153 582 20.572148084640503 2 32.615070343017578 25.50027482032776 0 0 0 0 0
241 12.050000000000001 12.1 42.319000000000003 6419 1573346 8588 292 1 180125 115.91426455785357 126 122.09354642837766 118.13758877708798 267605 117.3372470752613 185 123.17271402719858 119.61505113261457 585 24.866607189178467 2 37.09660816192627 25.74834144115448 0 0 0 0 0
242 12.1 12.15 41.177999999999997 6606 1579952 8588 292 1 180904 121.3272233993288 126 121.73820126245893 118.29175990271182 268763 122.91466794400601 185 122.91466794400601 119.66733101427231 587 19.59871506690979 2 32.855433464050293 25.215387973785401 0 0 0 0 0
243 12.15 12.200000000000001 41.061 6460 1586412 8588 292 1 181623 117.19092045133075 126 122.13034396701389 118.22204040164041 269841 119.67334743190456 185 123.37006353429845 119.74953378048461 590 27.104466557502747 2 28.358035802841187 22.569054813385009 0 0 0 0 0
244 12.200000000000001 12.25 41.283000000000001 6479 1592891 8588 292 1 182374 118.07688649495442 126 122.32121876307896 118.32919238014829 270949 119.78309944771432 185 123.25893748515361 119.6751031659101 593 34.835381507873535 2 34.835381507873535 22.346133226752283 0 0 0 0 0
245 12.25 12.300000000000001 42.085999999999999 6544 1599435 8588 292 1 183095 114.39780946761843 126 121.28274257599361 118.08683534894664 272028 116.91547872182485 185 122.69187861262141 119.48766834403374 595 28.720935583114624 2 34.145595550537109 26.053500890731812 0 0 0 0 0
246 12.300000000000001 12.35 42.347999999999999 6555 1605990 8588 292 1 183878 120.43272551279219 126 122.37692496890114 118.3109200432187 273178 121.56855027482317 185 122.9202130291913 119.71760234028579 597 26.275513887405396 2 28.152223348617554 22.421049549579621 0 0 0 0 0
247 12.35 12.4 47.448999999999998 6504 1612494 8588 292 1 184631 121.79383504958381 126 122.65773403833784 118.17624461098325 274281 121.24945381783151 185 122.74461591565931 119.55913681195236 600 34.038082122802734 2 34.725696563720703 22.314792901277542 0 0 0 0 0
248 12.4 12.450000000000001 43.247999999999998 6461 1618955 8588 292 1 185345 116.80131427825444 126 122.08912355937655 118.27607739524235 275367 119.01098059576911 185 122.79813310777818 119.62154874894428 602 27.92051100730896 2 33.364082336425781 26.056600189208986 0 0 0 0 0
249 12.450000000000001 12.5 42.140000000000001 6505 1625460 8588 292 1 186099 118.43967528570266 126 122.76076047382658 118.06048513503303 276474 119.09096824027397 185 122.80800533810178 119.59646229676946 605 31.631738662719727 2 36.882028579711914 26.325760664939882 0 0 0 0 0
250 12.5 12.550000000000001 43.844000000000001 6567 1632027 8588 292 1 186845 118.65631236727276 126 122.45870947459387 118.19819805569121 277602 121.37001087085621 185 123.00388047501848 119.68959449726825 607 27.22743558883667 2 31.005388736724854 24.36041600704193 0 0 0 0 0
251 12.550000000000001 12.6 43.073999999999998 6529 1638556 8588 292 1 187602 120.4613773406498 126 122.13531191386873 118.37163138374449 278713 121.73864725473764 185 123.09998680320946 119.74312143109294 610 31.541380882263184 2 35.600380897521973 25.729051022529603 0 0 0 0 0
252 12.6 12.65 43.124000000000002 6507 1645063 8588 292 1 188324 116.83733367919922 126 122.03002772255549 118.19107993110777 279785 117.96869708911792 185 122.78409073288377 119.62425004453915 612 26.885473012924194 2 30.916820049285889 24.609508371353151 0 0 0 0 0
253 12.65 12.700000000000001 43.106999999999999 6480 1651543 8588 292 1 189072 117.32894207182385 126 122.04082555619497 118.24342748974998 280892 118.09200377593169 185 123.49403117411845 119.55357492560307 614 25.364825844764709 2 26.873024821281433 21.505496687889099 0 0 0 0 0
254 12.700000000000001 12.75 42.084000000000003 6534 1658077 8589 292 1 189817 117.56944141690693 126 122.02637172880627 118.01584544953849 282012 119.78031071843327 185 123.34801182102512 119.40957762352197 617 29.645431995391846 2 34.871550559997559 25.76205998301506 0 0 0 0 0
255 12.75 12.800000000000001 44.412999999999997 6551 1664628 8589 292 1 190574 119.42291889493427 126 121.84184913029746 118.32370237441287 283130 121.03544897131017 185 122.60695499729466 119.62221132350611 619 25.588776588439941 2 29.379098176956177 24.016227579116823 0 0 0 0 0
256 12.800000000000001 12.85 42.151000000000003 6498 1671126 8589 292 1 191326 120.71733474731445 126 121.7340474809919 118.08354342506041 284220 119.49066067257444 185 122.86199192356419 119.36720993041995 621 23.80567479133606 2 27.053331732749939 21.765329309701919 0 0 0 0 0
257 12.85 12.9 44.088999999999999 6507 1677633 8590 292 1 192042 116.17209861392067 126 121.90587682572622 118.15070750039722 285307 117.53689727783203 185 122.92341836465371 119.44778398091086 623 23.440448403358459 2 25.542104244232178 20.361587325334551 0 0 0 0 0
258 12.9 12.950000000000001 44.569000000000003 6620 1684253 8590 292 1 192821 121.66786266508556 126 121.66786266508556 118.2097771417527 286454 122.13600855646906 185 122.36936208364126 119.44670028769001 626 28.669138431549072 2 33.076503753662109 24.823425766825675 0 0 0 0 0
259 12.950000000000001 13 44.219999999999999 6460 1690713 8590 292 1 193542 117.85304726494684 126 121.84700672210209 118.22121736193465 287543 120.17185681317304 185 122.71450826284048 119.6742823651288 628 24.374550104141235 2 29.902440071105957 24.251779980659485 0 0 0 0 0
260 13 13.050000000000001 44.533000000000001 6571 1697284 8590 292 1 194295 119.09360140845889 126 121.76056410774352 118.29559754871185 288653 120.53187989930849 185 122.93544328019426 119.64354292833481 631 28.874356269836426 2 33.884367942810059 25.545040886402131 0 0 0 0 0
261 13.050000000000001 13.1 42.518999999999998 6384 1703668 8590 292 1 195014 115.06356956845238 126 121.50595389472113 118.11683111766025 289726 117.03942429826067 185 122.73803257297826 119.45762689621384 633 24.009187698364258 2 30.452572345733643 24.816685833930968 0 0 0 0 0
262 13.1 13.15 42.942999999999998 6611 1710279 8590 292 1 195789 119.95981246706039 126 121.84823148212736 118.16840310596287 290879 122.15001901162637 185 122.54348664154878 119.5889636246965 636 25.640081405639648 2 35.632572174072266 28.385361480712891 0 0 0 0 0
263 13.15 13.200000000000001 41.411999999999999 6494 1716773 8590 292 1 196514 116.96337648421999 126 121.93625332060314 118.04591779920791 291957 119.16665179278399 185 123.53807529758762 119.49415157173773 638 22.039768099784851 2 29.279019117355347 23.564433279037477 0 0 0 0 0
264 13.200000000000001 13.25 42.32 6517 1723290 8590 292 1 197264 117.63042686099098 126 121.84860495915488 118.38719536675349 293066 119.39700606062605 185 122.87917336128854 119.66381146817595 640 20.220943450927734 2 27.237760543823242 21.80069652080536 0 0 0 0 0
265 13.25 13.300000000000001 43.688000000000002 6488 1729778 8590 292 1 198022 119.73960440499442 126 121.95988101050968 118.22928222898452 294163 118.46062700426256 185 122.57406009983372 119.52162242827541 643 23.351102352142334 2 35.968623161315918 26.901037478446959 0 0 0 0 0
266 13.300000000000001 13.35 43.563000000000002 6556 1736334 8590 292 1 198761 118.83635578458271 126 122.13033839634487 118.19581347753132 295291 120.85169120994775 185 122.93477647111223 119.57868853182408 646 29.28452205657959 2 30.479644775390625 24.125717673301697 0 0 0 0 0
267 13.35 13.4 42.381 6473 1742807 8590 292 1 199516 120.52394606575133 126 122.1701908414326 118.1704760778518 296408 122.15103541193781 185 122.97627757304423 119.47033671858507 648 21.733441829681396 2 35.359400749206543 27.475821332931517 0 0 0 0 0
268 13.4 13.450000000000001 41.564999999999998 6484 1749291 8590 292 1 200229 115.59534381684803 126 121.35039829072498 118.05406617664157 297482 118.73374662657042 185 122.27437777132602 119.49132064077021 650 18.738528728485107 2 29.176493406295776 22.965067360401154 0 0 0 0 0
269 13.450000000000001 13.5 44.076000000000001 6527 1755818 8590 292 1 200984 117.46549884856694 126 121.99050055609808 117.98972914559504 298591 119.09599848566829 185 122.63228442217853 119.53322563460063 653 22.541195869445801 2 34.306832313537598 26.235226459503174 0 0 0 0 0
270 13.5 13.550000000000001 42.073999999999998 6480 1762298 8590 292 1 201732 118.17810918414403 126 121.87702009412978 118.02462968251062 299704 119.96228175807643 185 122.91917864825274 119.466650394749 655 18.743252515792847 2 30.708807468414307 23.760101151466369 0 0 0 0 0
271 13.550000000000001 13.6 42.667999999999999 6603 1768901 8590 292 1 202491 120.33642820328001 126 121.68202221582807 118.33935968913727 300820 120.97157345333615 185 122.86937866210937 119.64938905870596 658 22.566604137420654 2 34.345498085021973 26.214751000404359 0 0 0 0 0
272 13.6 13.65 42.268000000000001 6399 1775300 8590 292 1 203204 115.3502815488785 126 121.50904101417179 118.11103865123931 301899 118.1175245542784 185 122.90418713543866 119.47423212659683 660 18.623782634735107 2 30.73226261138916 23.90352779865265 0 0 0 0 0
273 13.65 13.700000000000001 44.226999999999997 6557 1781857 8590 292 1 203958 116.82077886187841 126 121.75320277138361 118.22667556641591 303007 118.30968768145587 185 122.94413728456239 119.59351212042728 663 21.808853626251221 2 34.546832084655762 26.846676180362703 0 0 0 0 0
274 13.700000000000001 13.75 44.159999999999997 6561 1788418 8590 292 1 204731 121.4854254344153 126 121.4854254344153 118.08023402743868 304145 121.84158964414854 185 123.14657856709249 119.53029933702621 665 17.743915557861328 2 31.277668476104736 24.024424309730531 0 0 0 0 0
275 13.75 13.800000000000001 42.262 6483 1794901 8590 292 1 205462 119.19299655490451 126 121.89650211636982 118.30130598764568 305239 120.4331943408863 185 122.96109017037057 119.66460407318944 668 26.270475685596466 2 27.293222904205322 21.558414443731309 0 0 0 0 0
276 13.800000000000001 13.85 43.119 6539 1801440 8590 292 1 206208 119.50341076321072 126 121.31688320825971 118.10535777621799 306342 120.11679662756018 185 123.10176874109217 119.55646676305821 671 31.575137615203857 2 35.735172271728516 24.748202616572382 0 0 0 0 0
277 13.85 13.9 45.378 6401 1807841 8590 292 1 206927 115.4570545014881 126 121.49337314424061 118.1329909515381 307420 117.13741710765942 185 123.19179415316195 119.49020463933176 673 27.206606864929199 2 30.949908256530762 24.32499269962311 0 0 0 0 0
278 13.9 13.950000000000001 47.116999999999997 6639 1814480 8590 292 1 207706 121.00889163547092 126 121.00889163547092 118.15426332625128 308573 122.29926683580553 185 122.57740181587837 119.53821896197341 675 25.29079681634903 2 27.075746655464172 21.896714847087861 0 0 0 0 0
279 13.950000000000001 14 47.680999999999997 6488 1820968 8590 292 1 208430 117.76769734942724 126 121.35892317030165 118.12950219775004 309659 119.98416117075327 185 123.6520587405643 119.69741382825697 678 33.214963912963867 2 33.885951042175293 22.154812263846399 0 0 0 0 0
280 14 14.050000000000001 47.064999999999998 6555 1827523 8590 292 1 209182 118.92842059665256 126 121.40226236979167 118.2159023587666 310766 119.952229350322 185 122.79836805188978 119.70726948918528 680 27.501146793365479 2 32.557263374328613 25.656868247985841 0 0 0 0 0
281 14.050000000000001 14.1 47.579999999999998 6400 1833923 8590 292 1 209899 114.61739857991536 126 121.31937444777716 118.0775607433016 311842 116.74340824436497 185 122.09193412162162 119.50114285195843 683 31.548533916473389 2 34.176117897033691 25.992954797744751 0 0 0 0 0
282 14.1 14.15 50.110999999999997 6604 1840527 8590 292 1 210677 119.75547723921518 126 121.48024011036706 118.40516623239668 312994 121.68154090675148 185 122.76975002804318 119.65159930337443 685 26.288885593414307 2 30.923830986022949 25.207225804328917 0 0 0 0 0
283 14.15 14.200000000000001 47.575000000000003 6486 1847013 8590 292 1 211430 121.09931201026554 126 121.32361814710829 118.19334723094157 314102 121.83933889028188 185 123.30023618131071 119.62753645613388 687 23.60437285900116 2 27.878619194030762 22.657761018276215 0 0 0 0 0
284 14.200000000000001 14.25 48.012999999999998 6438 1853451 8590 292 1 212152 117.37702384827629 126 121.0866326831636 118.28834440685456 315181 118.7440943125132 185 122.8512903161951 119.7130232948097 690 31.930132865905762 2 34.589496612548828 21.757218554019929 0 0 0 0 0
285 14.25 14.300000000000001 48.152999999999999 6593 1860044 8590 292 1 212903 118.40021339295403 126 121.40917405628022 118.19333448621963 316288 118.82568322259027 185 123.39357456516575 119.59487658608927 692 25.853548288345337 2 31.736448287963867 26.016024961471558 0 0 0 0 0
286 14.300000000000001 14.35 46.576000000000001 6486 1866530 8590 292 1 213648 118.4071523272802 126 121.97668226938399 118.2470777081686 317414 120.84808642413165 185 123.02731269630226 119.72745747499206 694 23.618093252182007 2 27.580903053283691 22.213170490264893 0 0 0 0 0
287 14.35 14.4 48.244 6549 1873079 8590 292 1 214409 121.03786407955108 126 121.75716315375433 118.18913654509043 318531 121.93594867603198 185 122.87046801592852 119.67971171116183 697 31.402947425842285 2 35.406718254089355 22.292744864225387 0 0 0 0 0
288 14.4 14.450000000000001 47.585000000000001 6416 1879495 8590 292 1 215123 116.22412866259378 126 122.19772968594989 118.09907311091351 319603 118.25946675893422 185 122.67734890499631 119.53171252853802 699 25.380263566970825 2 31.809752941131592 25.962652812004091 0 0 0 0 0
289 14.450000000000001 14.5 48.060000000000002 6542 1886037 8590 292 1 215876 117.58586344643244 126 121.30762354532878 118.17562383137052 320711 118.3771844399942 185 123.17609446757548 119.66721697585648 702 28.880358695983887 2 34.38664436340332 26.534788045883179 0 0 0 0 0
290 14.5 14.550000000000001 47.131999999999998 6560 1892597 8590 292 1 216620 117.60970148964533 126 121.60442969912575 118.07161560543 321837 120.51857419400602 185 123.05798071783943 119.60965981973185 704 24.522760391235352 2 30.456843852996826 24.314165482521059 0 0 0 0 0
291 14.550000000000001 14.6 47.225999999999999 6496 1899093 8590 292 1 217377 119.41421387687562 126 121.54139479379805 118.37217663840643 322948 120.90521083522488 185 122.62757980759079 119.7253007325868 707 29.08101749420166 2 33.451128959655762 25.48717567920685 0 0 0 0 0
292 14.6 14.65 47.582999999999998 6582 1905675 8590 292 1 218129 120.60665360708086 126 122.13270387195405 118.1845043921092 324043 119.79313424600137 185 122.9588652327254 119.47935247225374 709 23.983883619308472 2 31.017812728881836 25.046334447860719 0 0 0 0 0
293 14.65 14.700000000000001 48.207999999999998 6439 1912114 8590 292 1 218850 116.84393153114924 126 121.46835514855763 118.16964217655239 325128 117.56779657312342 185 122.73043278874577 119.50043482929952 711 22.547572672367096 2 26.971677422523499 21.421996216773987 0 0 0 0 0
294 14.700000000000001 14.75 49.579000000000001 6563 1918677 8590 292 1 219618 120.73843341403537 126 121.61296650720021 118.04904953366234 326273 121.96989568761877 185 121.99093133050042 119.42553389513176 714 26.902234554290771 2 35.336184501647949 25.688741269111635 0 0 0 0 0
295 14.75 14.800000000000001 50.929000000000002 6517 1925194 8590 292 1 220349 118.53194003634982 126 121.57139787219819 118.21622575063552 327364 120.33643605000265 185 122.59311073921822 119.56310138104411 716 22.919282674789429 2 29.830328941345215 23.943258724212647 0 0 0 0 0
296 14.800000000000001 14.85 53.664999999999999 6498 1931692 8590 292 1 221099 119.4104498000372 126 121.71268638731941 118.17784113687185 328464 119.76045693062447 185 122.86021452207824 119.48913585848422 718 21.196175575256348 2 27.222680807113647 21.705937086343766 0 0 0 0 0
297 14.85 14.9 47.585999999999999 6478 1938170 8590 292 1 221813 114.70314007713681 126 120.99022601899647 117.99370561751108 329544 117.05484631512616 185 122.52974919499577 119.43538030346019 720 20.404951244592667 2 25.939772754907608 20.783348719477654 0 0 0 0 0
298 14.9 14.950000000000001 47.283000000000001 6613 1944783 8590 292 1 222595 120.6120858570886 126 121.64975181458489 118.27690397716705 330693 121.77505167368297 185 122.6587282335436 119.54302855538035 723 23.644843101501465 2 34.558984756469727 26.792401888370513 0 0 0 0 0
299 14.950000000000001 15 43.076000000000001 6459 1951242 8590 292 1 223316 116.80892768738762 126 121.3604490492079 118.20967775738434 331779 119.60019506506018 185 122.8565790949641 119.55856396896772 725 20.870896458625793 2 28.87609338760376 22.746298522949218 0 0 0 0 0
300 15 15.050000000000001 42.756999999999998 6582 1957824 8590 292 1 224074 118.7399778214712 126 121.21808805919829 118.40563564239984 332884 119.40943995295345 185 122.67313413877746 119.64829172990129 728 26.04107141494751 2 34.45571231842041 24.881356887817383 0 0 0 0 0
301 15.050000000000001 15.1 44.765000000000001 6483 1964307 8590 292 1 224816 118.36736394488622 126 121.13588151477632 118.14665597098214 333984 118.85009732633024 185 122.69649905642947 119.47266480481949 730 21.217990159988403 2 31.221287250518799 24.775014033317564 0 0 0 0 0
302 15.1 15.15 44.594000000000001 6562 1970869 8590 292 1 225564 118.87466666811989 126 121.09323459201389 118.22788911244226 335113 121.342292125805 185 123.01131917592642 119.58667201686552 733 22.932941436767578 2 37.12090015411377 28.302133426666259 0 0 0 0 0
303 15.15 15.200000000000001 44.191000000000003 6557 1977426 8590 292 1 226316 120.10549684554812 126 121.26501931084528 118.14649045792838 336223 121.7706350378088 185 122.89357910156249 119.57590265387456 736 27.750652313232422 2 32.565690994262695 25.230302600860597 0 0 0 0 0
304 15.200000000000001 15.25 44.445 6413 1983839 8590 292 1 227044 117.26592042711046 126 120.76318807450552 118.36681061759829 337301 118.64984497895112 185 122.6508843499261 119.63020766881991 738 20.530889272689819 2 35.517741203308105 27.147810888290405 0 0 0 0 0
305 15.25 15.300000000000001 41.807000000000002 6510 1990349 8590 292 1 227799 118.86698047698491 126 121.54623291984437 118.25614368862574 338402 118.11656832308383 185 122.89309964566617 119.55496623271222 741 27.053458690643311 2 29.626521587371826 23.542439043521881 0 0 0 0 0
306 15.300000000000001 15.35 42.268999999999998 6544 1996893 8590 292 1 228535 117.56680122254387 126 121.27975802951389 118.1125983731709 339525 119.9547636702254 185 122.84192744074642 119.58550669737119 744 29.494754791259766 2 34.612984657287598 27.583034405708315 0 0 0 0 0
307 15.35 15.4 53.994 6476 2003369 8590 292 1 229291 119.27188752189515 126 121.70863463386657 118.31188396998812 340644 121.32150606722445 185 122.42358010781778 119.61982581226245 746 25.533345103263855 2 29.280095338821411 23.921929941177368 0 0 0 0 0
308 15.4 15.450000000000001 47.042000000000002 6514 2009883 8590 292 1 230012 115.63016092209588 126 121.72872258746435 118.04985824221656 341719 118.0596457816459 185 123.0395966813371 119.44554927021746 749 32.392505645751953 2 35.799253463745117 23.209202643632889 0 0 0 0 0
309 15.450000000000001 15.5 42.087000000000003 6524 2016407 8590 292 1 230766 117.2224366929796 126 121.36044456845238 118.106110538301 342828 118.41418976654877 185 122.52615950300887 119.54085799181135 751 26.131237268447876 2 31.751091957092285 26.198867058753969 0 0 0 0 0
310 15.5 15.550000000000001 42.433999999999997 6507 2022914 8590 292 1 231537 121.58028115166559 126 121.71993037632534 118.06651742844359 343967 122.182201447358 185 122.36712205216692 119.40465418470227 753 23.72025203704834 2 27.770806789398193 22.386954884529114 0 0 0 0 0
311 15.550000000000001 15.6 41.625 6523 2029437 8590 292 1 232263 118.4795301528204 126 121.39074040972997 118.30791981409469 345055 120.23270473995724 185 122.69295505832982 119.55166511246964 756 28.266897201538086 2 35.505434036254883 25.49866504430771 0 0 0 0 0
312 15.6 15.65 42.046999999999997 6456 2035893 8590 292 1 233019 120.22333205692352 126 121.6400898524693 118.27355596633186 346156 119.80166551744615 185 122.46464625178157 119.45375050312767 758 24.056144952774048 2 29.621807098388672 24.168787379264831 0 0 0 0 0
313 15.65 15.700000000000001 42.134 6492 2042385 8590 292 1 233738 116.08008993239631 126 121.98021800934322 118.22891342768595 347237 117.12652913686391 185 123.07556478139516 119.5133184731973 761 27.892007827758789 2 34.352184295654297 26.202365314960481 0 0 0 0 0
314 15.700000000000001 15.75 42.158999999999999 6587 2048972 8590 292 1 234512 120.74767200530522 126 121.30596390981523 118.23605706956653 348388 121.98564304661106 185 122.87553393389727 119.62172137121247 763 23.283396005630493 2 30.563564300537109 24.562674379348756 0 0 0 0 0
315 15.75 15.800000000000001 42.103999999999999 6469 2055441 8590 292 1 235231 116.66710426693871 126 121.55725127931625 118.16686412992931 349476 119.90870113888302 185 123.00399615313556 119.67783928866005 765 21.587984800338745 2 27.149428963661194 21.678515939712526 0 0 0 0 0
316 15.800000000000001 15.85 43.383000000000003 6544 2061985 8590 292 1 235991 119.101562984406 126 121.7445552765377 118.22470292590913 350581 119.78011932373047 185 122.84393046611063 119.58673957948429 768 26.458710193634033 2 33.635611534118652 25.177814425230025 0 0 0 0 0
317 15.85 15.9 42.398000000000003 6456 2068441 8590 292 1 236706 114.52143012152777 126 121.06388873145694 118.02652842203774 351658 116.67963863063503 185 122.44487651103252 119.50199296198663 770 22.245499134063721 2 30.301688194274902 24.171220350265504 0 0 0 0 0
318 15.9 15.950000000000001 42.066000000000003 6634 2075075 8590 292 1 237481 119.34564439077226 126 121.54207623194135 118.23971686711384 352807 121.27364056561444 185 122.81936080520218 119.66797541767842 772 20.447795808315277 2 27.399594187736511 21.779793958663941 0 0 0 0 0
319 15.950000000000001 16 43.085000000000001 6524 2081599 8590 292 1 238234 120.84510912214007 126 121.65268053327289 118.03926764473084 353914 121.29992152033626 185 122.62285803717536 119.6496317122176 775 28.223240852355957 2 33.120277404785156 22.302047858238222 0 0 0 0 0
320 16 16.050000000000001 43.286000000000001 6443 2088042 8590 292 1 238955 117.12317070128425 126 121.59325136457171 118.12926791236514 355003 119.30959979907887 185 122.56257357210727 119.70019554014463 777 22.495723962783813 2 32.101852416992188 25.670441212654115 0 0 0 0 0
321 16.050000000000001 16.100000000000001 42.103999999999999 6470 2094512 8590 292 1 239707 118.35354347834512 126 121.77916887071397 118.14694655766566 356105 118.85442673966692 185 122.47908927298882 119.58574778046479 780 26.821187973022461 2 36.936195373535156 25.717651205062865 0 0 0 0 0
322 16.100000000000001 16.149999999999999 42.081000000000003 6545 2101057 8590 292 1 240452 118.34442247663226 126 121.84392686874148 118.26297530280219 357229 120.8249882878484 185 122.63107901908256 119.56256849711644 782 21.330542087554932 2 32.756167888641357 25.43592278957367 0 0 0 0 0
323 16.149999999999999 16.199999999999999 42.246000000000002 6520 2107577 8590 292 1 241206 119.79097081744482 126 122.25538029746404 118.25038540673636 358339 121.23036000019795 185 122.12159320728199 119.59864381862332 784 18.891970038414001 2 28.077351093292236 22.414268841743468 0 0 0 0 0
324 16.199999999999999 16.25 41.250999999999998 6415 2113992 8590 292 1 241929 116.35794012887138 126 121.58623419867621 118.16069982982819 359417 118.20394381961307 185 122.33190839612806 119.53677462686079 787 26.785763740539551 2 29.60284423828125 22.184876765012742 0 0 0 0 0
325 16.25 16.300000000000001 41.537999999999997 6601 2120593 8590 292 1 242682 117.57550315251426 126 122.14810216994513 118.31835809253509 360527 118.68770269445471 185 122.82654109645534 119.52103900393926 789 20.731242895126343 2 33.657502174377441 25.994182209968567 0 0 0 0 0
326 16.300000000000001 16.350000000000001 42.241999999999997 6500 2127093 8590 292 1 243429 118.01272885761564 126 122.33158208453466 118.13854007660395 361648 120.28937827445365 185 123.04229200208509 119.60345301530165 791 18.288522481918335 2 28.659061908721924 22.418375070095063 0 0 0 0 0
327 16.350000000000001 16.399999999999999 43.274999999999999 6526 2133619 8590 292 1 244180 118.82607802133711 126 121.89889865451389 118.40108203100776 362766 121.42106661409944 185 122.61699057914116 119.74442921241554 794 27.079437255859375 2 27.079437255859375 21.296702575087547 0 0 0 0 0
328 16.399999999999999 16.449999999999999 42.082000000000001 6514 2140133 8590 292 1 244930 119.79535245138501 126 122.22494603717138 118.08798585921998 363860 120.24067584888355 185 122.91263646306219 119.4388762660671 796 20.412770986557007 2 34.898131370544434 26.60022220134735 0 0 0 0 0
329 16.449999999999999 16.5 42.264000000000003 6463 2146596 8590 292 1 245652 116.26033534700909 126 121.67186119442894 118.10294071500267 364946 118.04884730158625 185 122.80585619952228 119.57536607319602 799 24.59684944152832 2 36.694187164306641 25.857615303993224 0 0 0 0 0
330 16.5 16.550000000000001 42.072000000000003 6600 2153196 8590 292 1 246427 121.192872062562 126 121.192872062562 118.13247148665167 366091 122.32102380701014 185 122.34575092212575 119.55416118972369 801 19.579184770584106 2 32.156810283660889 24.967654881477355 0 0 0 0 0
331 16.550000000000001 16.600000000000001 42.075000000000003 6463 2159659 8590 292 1 247156 118.73464178660559 126 121.51903164575971 118.1479954577249 367178 120.10934246166332 185 123.02824975091058 119.70312629575989 803 17.653586030006409 2 27.974524021148682 21.906411995887755 0 0 0 0 0
332 16.600000000000001 16.649999999999999 44.261000000000003 6569 2166228 8590 292 1 247905 119.42931505233523 126 121.43169057936896 118.20111675807409 368281 119.76432181693413 185 122.69144105653506 119.58480449779613 805 16.611993610858917 2 26.526180386543274 21.031210038065911 0 0 0 0 0
333 16.649999999999999 16.699999999999999 44.366 6439 2172667 8590 292 1 248625 115.52830735463945 126 121.16760804918077 118.14782356988815 369355 116.38205896326014 185 122.45418783651816 119.45664108523808 807 16.152234435081482 2 25.861288726329803 20.455180498659612 0 0 0 0 0
334 16.699999999999999 16.75 42.338999999999999 6568 2179235 8590 292 1 249398 120.04732997833736 126 121.29936896430121 118.22440386090966 370506 121.42033909978093 185 122.65253196922508 119.44433961693018 810 24.165648460388184 2 29.5159912109375 22.066443828493355 0 0 0 0 0
335 16.75 16.800000000000001 44.296999999999997 6493 2185728 8590 292 1 250121 116.71871621268136 126 121.7083489554269 118.05732399107912 371597 119.84923009099187 185 122.6665068342879 119.50137355000263 813 28.632901191711426 2 33.58779764175415 25.577269167900084 0 0 0 0 0
336 16.800000000000001 16.850000000000001 46.618000000000002 6540 2192268 8590 292 1 250874 118.04188737415132 126 121.28986740112305 118.21380291893369 372700 119.52446585990288 185 122.46102101094014 119.56474950429559 815 26.124221086502075 2 28.065932273864746 22.483679933547975 0 0 0 0 0
337 16.850000000000001 16.899999999999999 43.131 6536 2198804 8590 292 1 251620 118.47006316412063 126 120.81282128228082 117.98876901899062 373800 118.99568576297244 185 122.28011680809227 119.44240576666756 817 25.00916376709938 2 26.065895080566406 21.103943992853164 0 0 0 0 0
338 16.899999999999999 16.949999999999999 42.442999999999998 6578 2205382 8590 292 1 252366 118.65200599791511 126 121.33080237252372 118.23254627651637 374927 121.30442212079022 185 122.54126698261983 119.55208622535503 820 27.862648963928223 2 33.453403472900391 27.17496214747429 0 0 0 0 0
339 16.949999999999999 17 44.698 6482 2211864 8590 292 1 253124 120.7227405971951 126 121.75301336863684 118.26734176030236 376037 121.67669318946632 185 122.49312711148649 119.63141516443198 822 24.751952409744263 2 28.207727193832397 23.079693875312806 0 0 0 0 0
340 17 17.050000000000001 43.484000000000002 6541 2218405 8590 292 1 253847 117.1898064386277 126 121.31173391190787 118.25961014520556 377115 118.58385257205448 185 122.3160807841533 119.60253690482477 825 30.559243202209473 2 33.104431629180908 24.250587533712388 0 0 0 0 0
341 17.050000000000001 17.100000000000001 43.634 6472 2224877 8590 292 1 254596 117.86874656071738 126 121.80997866675968 118.21669231233145 378225 119.09126191010347 185 122.80549518482105 119.49762464946026 827 25.74397087097168 2 29.979514598846436 24.767278013229369 0 0 0 0 0
342 17.100000000000001 17.150000000000002 42.573 6550 2231427 8590 292 1 255340 117.80860434638129 126 121.55297506423224 118.15476138523648 379344 120.55192565917969 185 122.57926470782306 119.52684381598394 830 27.710683822631836 2 34.491949081420898 28.052881779670717 0 0 0 0 0
343 17.150000000000002 17.199999999999999 43.188000000000002 6531 2237958 8590 292 1 256097 119.67156649392749 126 121.16265681433299 118.31431322854664 380458 121.31973299593538 185 122.67858948578706 119.67225350209829 833 32.564203262329102 2 37.45775032043457 25.194845948219299 0 0 0 0 0
344 17.199999999999999 17.25 42.453000000000003 6463 2244421 8590 292 1 256820 116.1975219363258 126 121.48187722100153 118.20130788409517 381533 117.91729377540382 185 122.89998362773173 119.5847257179054 835 25.533661842346191 2 33.078896522521973 26.960473394393922 0 0 0 0 0
345 17.25 17.300000000000001 43.072000000000003 6510 2250931 8590 292 1 257572 117.14515540713356 126 121.87812762790256 118.42686887589713 382642 118.11567989040066 185 122.80615539550782 119.69545997660866 837 22.255304932594299 2 28.816465854644775 23.245688002109528 0 0 0 0 0
346 17.300000000000001 17.350000000000001 42.404000000000003 6596 2257527 8590 292 1 258345 121.74967732505193 126 121.74967732505193 118.13976090446351 383783 121.88113539412215 185 122.2422264305321 119.62339931178734 840 24.973372936248779 2 36.019137382507324 27.309023241996766 0 0 0 0 0
347 17.350000000000001 17.400000000000002 41.256999999999998 6423 2263950 8590 292 1 259066 117.78874224708194 126 121.06698620508588 118.36588020082505 384883 121.0972598926441 185 122.46999070451066 119.69495868827197 842 21.544860124588013 2 29.156423807144165 23.394348945617676 0 0 0 0 0
348 17.400000000000002 17.449999999999999 41.097999999999999 6544 2270494 8590 292 1 259819 119.26821421063136 126 121.99819395277235 118.05906179397826 385983 120.51205238136086 185 122.73223876953125 119.49827229845205 845 28.475666999816895 2 33.41650390625 23.138269506692886 0 0 0 0 0
349 17.449999999999999 17.5 41.070999999999998 6457 2276951 8590 292 1 260539 115.4823860895066 126 121.51364214458162 118.03378953600686 387053 116.69000009072793 185 122.41556792388091 119.45961384706234 847 22.113623380661011 2 33.214565753936768 26.298634090423583 0 0 0 0 0
350 17.5 17.550000000000001 42.094000000000001 6558 2283509 8590 292 1 261322 121.58550692361499 126 121.58550692361499 118.2433957175603 388207 121.98169592780036 185 122.1329363848712 119.51777507060285 849 19.456374526023865 2 28.744650840759277 22.630777525901795 0 0 0 0 0
351 17.550000000000001 17.600000000000001 46.734000000000002 6527 2290036 8590 292 1 262038 117.04863969106523 126 121.28556720794194 118.14242272634355 389293 119.75292445002376 185 122.5841417467272 119.61194186648808 852 23.928065776824951 2 32.951998710632324 25.572871768474577 0 0 0 0 0
352 17.600000000000001 17.650000000000002 43.064999999999998 6476 2296512 8590 292 1 262795 118.90692332434276 126 121.71769998943995 118.31894363766627 390400 119.84558097220756 185 122.57918894999736 119.58392069636164 854 20.210206985473633 2 29.88706111907959 23.680802869796754 0 0 0 0 0
353 17.650000000000002 17.699999999999999 41.598999999999997 6467 2302979 8590 292 1 263515 115.03508377075195 126 121.42231853424556 118.11894436064216 391474 116.44185143548088 185 122.21859650483003 119.47789300289672 857 24.299500942230225 2 34.139523506164551 25.951457538604735 0 0 0 0 0
354 17.699999999999999 17.75 42.183 6595 2309574 8590 292 1 264291 119.86264801025391 126 121.89088270399306 118.39512814597474 392628 121.57544939195787 185 122.78029162432696 119.67429710346943 859 19.682526588439941 2 31.452385425567627 24.57095901966095 0 0 0 0 0
355 17.75 17.800000000000001 41.631 6510 2316084 8590 292 1 265044 121.24079792083256 126 122.07422698490204 118.15937257070389 393735 121.68846097379118 185 122.85847695840371 119.56376774061047 861 17.984037935733795 2 27.357494592666626 21.681561298370362 0 0 0 0 0
356 17.800000000000001 17.850000000000001 42.072000000000003 6496 2322580 8590 292 1 265762 116.9618651374938 126 122.09267056177534 118.20452128576856 394818 119.18337513691671 185 122.43533968538851 119.56118014278931 864 22.864877700805664 2 35.50245189666748 25.16780545592308 0 0 0 0 0
357 17.850000000000001 17.900000000000002 43.139000000000003 6457 2329037 8590 292 1 266521 119.24368722098214 126 122.4218255905878 118.21708538600376 395918 118.66168740762247 185 122.46996806376688 119.43538586260821 866 18.328780651092529 2 31.868993759155273 24.490892066955567 0 0 0 0 0
358 17.900000000000002 17.949999999999999 57.835999999999999 6585 2335622 8590 292 1 267258 118.09733418055943 126 122.00964894370428 118.11903369843012 397037 120.09128797376478 185 122.46372998211835 119.55759714899835 868 16.584977865219116 2 27.866507291793823 21.726425141096115 0 0 0 0 0
359 17.949999999999999 18 79.189999999999998 6572 2342194 8590 292 1 268015 120.13919188484313 126 122.44776746961806 118.13719708639474 398159 121.6922064703864 185 122.61283948743666 119.71230950432857 871 24.579082489013672 2 28.843816757202148 22.085570578575133 0 0 0 0 0
360 18 18.050000000000001 76.143000000000001 6482 2348676 8590 292 1 268733 115.98231948368134 126 121.94379988170806 118.08367645869183 399240 118.86461000184755 185 122.20112811939137 119.6642602019439 874 28.860065460205078 2 33.515983581542969 25.76168888092041 0 0 0 0 0
361 18.050000000000001 18.100000000000001 49.606999999999999 6483 2355159 8590 292 1 269487 117.40303620837983 126 122.10788466438414 118.27595947871131 400347 118.84382959314294 185 122.28045542948955 119.69622566511821 877 32.78630542755127 2 34.12433910369873 26.112890107631685 0 0 0 0 0
362 18.100000000000001 18.150000000000002 65.706000000000003 6529 2361688 8590 292 1 270235 117.96782423957946 126 121.81922167823429 118.17097863696873 401465 120.13041493183857 185 122.33493450267895 119.5910789357778 879 27.155096769332886 2 32.137093067169189 25.575088324546815 0 0 0 0 0
363 18.150000000000002 18.199999999999999 44.055 6515 2368203 8590 292 1 270988 118.97753615606399 126 121.28942356412372 118.52413671947663 402579 120.75268744391364 185 122.6752433158256 119.81633804568725 881 24.204500079154968 2 28.103264927864075 22.92118678331375 0 0 0 0 0
364 18.199999999999999 18.25 42.186999999999998 6458 2374661 8590 292 1 271739 119.9538063170418 126 122.48620435926649 118.23978844536676 403678 119.93023454820788 185 122.94182887721706 119.62504722718937 884 31.969929695129395 2 35.332235336303711 22.311958111524582 0 0 0 0 0
365 18.25 18.300000000000001 43.093000000000004 6555 2381216 8590 292 1 272462 116.43953178042457 126 121.71865808396112 118.24113537379674 404763 117.6416558343011 185 122.9558808610246 119.56304394613726 886 26.153166770935059 2 31.336882591247559 25.758786959648134 0 0 0 0 0
366 18.300000000000001 18.350000000000001 43.067 6536 2387752 8590 292 1 273234 120.88928598070902 126 121.17846225556873 118.13425257970422 405912 122.26097342001425 185 122.26097342001425 119.64291177203205 888 23.83591103553772 2 27.431654691696167 22.29416004896164 0 0 0 0 0
367 18.350000000000001 18.400000000000002 43.075000000000003 6467 2394219 8591 292 1 273958 117.61201834300208 126 121.22311601184663 118.16521974714975 407000 120.13987575221707 185 122.84857651994035 119.72155645174593 891 31.834336280822754 2 35.182381629943848 22.081290140151978 0 0 0 0 0
368 18.400000000000002 18.449999999999999 42.268999999999998 6527 2400746 8591 292 1 274711 118.99454558841767 126 121.76895305088588 118.15504016452365 408102 119.68866486420502 185 122.38547157081398 119.58182848296292 893 25.925899505615234 2 31.239858627319336 25.849554157257081 0 0 0 0 0
369 18.449999999999999 18.5 42.176000000000002 6461 2407207 8591 292 1 275431 115.28214324466767 126 121.21772166660854 117.9610973346044 409186 117.2865718532253 185 122.43035797943941 119.56732066798857 896 30.021101951599121 2 33.848691940307617 25.945613827705383 0 0 0 0 0
370 18.5 18.550000000000001 42.255000000000003 6634 2413841 8591 292 1 276208 120.47002895294673 126 121.89485707358709 118.19712711879183 410335 121.86463387979043 185 122.66628681904561 119.68375415698901 898 25.328642129898071 2 30.430936336517334 24.645691571235655 0 0 0 0 0
371 18.550000000000001 18.600000000000001 48.933 6438 2420279 8591 292 1 276932 117.21263116503519 126 122.07128415788922 118.14554767184785 411420 119.46622095881281 185 122.56030904409047 119.67178417968751 901 29.782713413238525 2 33.579912185668945 25.590322461128235 0 0 0 0 0
372 18.600000000000001 18.650000000000002 54.000999999999998 6577 2426856 8591 292 1 277683 118.09405160328699 126 122.17075232853965 118.33369339836965 412527 119.51364948169605 185 122.43391591664907 119.62869912637248 903 24.613778829574585 2 30.679358005523682 25.117415432929992 0 0 0 0 0
373 18.650000000000002 18.699999999999999 43.073 6488 2433344 8591 292 1 278431 118.74088608272491 126 121.81357150607639 118.08975030444915 413625 118.74043727565456 185 122.45901361413904 119.46818853429849 905 22.779300272464752 2 27.420021772384644 21.816200948953629 0 0 0 0 0
374 18.699999999999999 18.75 42.439999999999998 6541 2439885 8591 292 1 279177 118.96332204909552 126 121.95502986605206 118.19245860266305 414747 120.5478589444547 185 122.8780178585568 119.5078654884132 908 29.982837677001953 2 35.185182571411133 22.86825786948204 0 0 0 0 0
375 18.75 18.800000000000001 43.152000000000001 6538 2446423 8591 292 1 279932 120.67420868646531 126 121.69785399664016 118.14741092379127 415863 121.64233150997677 185 122.78931191934122 119.56506126610007 910 24.584026336669922 2 31.241557598114014 25.345000824928285 0 0 0 0 0
376 18.800000000000001 18.850000000000001 42.088000000000001 6460 2452883 8591 292 1 280655 117.25569976322235 126 121.34173886738127 118.14632617284381 416942 118.76165981808224 185 122.08769729201858 119.50059092918599 912 22.329532265663147 2 27.752328872680664 22.232025446891786 0 0 0 0 0
377 18.850000000000001 18.900000000000002 43.066000000000003 6529 2459412 8591 292 1 281406 118.37180346534366 126 122.01612866114057 118.10134659903389 418049 118.92593693088841 185 122.48687925596495 119.51301418325063 914 21.500147134065628 2 26.115228950977325 20.821115736961364 0 0 0 0 0
378 18.900000000000002 18.949999999999999 41.067 6552 2465964 8591 292 1 282149 118.20807841467479 126 121.78134682064965 118.09858147999597 419170 120.64363061028558 185 122.45215441729572 119.48859047802074 917 24.329951286315918 2 33.311119079589844 27.198395528793334 0 0 0 0 0
379 18.949999999999999 19 43.093000000000004 6526 2472490 8591 292 1 282902 119.43663133893695 126 121.24869204324389 118.30747915722073 420283 121.28209991455078 185 122.41991313212627 119.6921944877006 919 21.368830800056458 2 29.039278984069824 22.931603224277495 0 0 0 0 0
380 19 19.050000000000001 42.207999999999998 6504 2478994 8591 292 1 283626 116.21753874279204 126 121.71846625918434 118.10762596130367 421364 118.55003080625792 185 122.65271820893159 119.56968469980603 922 26.468942642211914 2 34.328366279602051 24.950712088346481 0 0 0 0 0
381 19.050000000000001 19.100000000000001 41.234999999999999 6500 2485494 8591 292 1 284374 116.66783959524972 126 121.50669527810717 118.28432301112582 422468 118.32541697734111 185 122.76930715200064 119.57370264744114 925 31.659324645996094 2 31.659324645996094 24.861345119476319 0 0 0 0 0
382 19.100000000000001 19.150000000000002 41.107999999999997 6620 2492114 8591 292 1 285149 121.65018220931765 126 121.65018220931765 118.08316372462683 423611 122.3908334268106 185 122.3908334268106 119.54264494364969 927 23.284830093383789 2 35.821124076843262 28.29103422164917 0 0 0 0 0
383 19.150000000000002 19.199999999999999 43.719999999999999 6489 2498603 8591 292 1 285873 118.26687331426712 126 121.15262319171239 118.27020301818848 424700 120.43928997967694 185 122.8895679370777 119.66179870193069 930 28.55272102355957 2 33.506926536560059 24.784612622261047 0 0 0 0 0
384 19.199999999999999 19.25 42.344999999999999 6477 2505080 8591 292 1 286628 119.87230567326621 126 121.27606945946103 118.25181839473667 425803 120.07915204022382 185 122.67755172317092 119.5997713540567 932 21.685642719268799 2 34.231684684753418 26.798641672134398 0 0 0 0 0
385 19.25 19.300000000000001 41.100999999999999 6451 2511531 8591 292 1 287349 115.97805913289388 126 121.69770274086603 118.29985823252844 426881 117.03360929746886 185 122.31305253312395 119.55570872043923 934 18.720942974090576 2 29.134100437164307 22.935154168605806 0 0 0 0 0
386 19.300000000000001 19.350000000000001 42.581000000000003 6597 2518128 8591 292 1 288121 120.2971310691228 126 121.29108404734778 118.26363272893995 428029 121.62311822014885 185 122.43555153511666 119.56431690772806 937 21.823197841644287 2 35.177687644958496 26.928671009540558 0 0 0 0 0
387 19.350000000000001 19.400000000000002 42.098999999999997 6430 2524558 8591 292 1 288851 117.87643717205714 126 121.7197516305106 118.26956348116435 429120 120.12464904785156 185 122.54364595155458 119.42945731498101 939 18.350297093391418 2 30.046010971069336 23.438287985324859 0 0 0 0 0
388 19.400000000000002 19.449999999999999 41.363999999999997 6547 2531105 8591 292 1 289600 118.59406001984127 126 121.5304431007022 118.17839770241392 430223 119.88567430650866 185 122.39886738545187 119.47981513770854 942 25.431350708007812 2 29.843961715698242 22.989524133205414 0 0 0 0 0
389 19.449999999999999 19.5 41.087000000000003 6466 2537571 8592 292 1 290314 113.99153555007209 126 120.83164923531669 117.8899665771969 431298 116.68381289920292 185 122.22452936945734 119.38614538904139 945 29.173591136932373 2 34.334831237792969 26.295051865577697 0 0 0 0 0
390 19.5 19.550000000000001 42.270000000000003 6517 2544088 8592 292 1 291092 119.35334638565305 126 121.85722399514819 118.183667354281 432445 121.20015469112911 185 122.86253476529508 119.52864400090401 946 16.858728885650635 2 28.595916271209717 22.192121188640595 0 0 0 0 0
391 19.550000000000001 19.600000000000001 43.072000000000003 6601 2550689 8592 292 1 291849 121.31571094573491 126 121.70774550664993 118.21589944869754 433552 121.31329440555056 185 122.64007704451278 119.56363985711174 949 21.264717578887939 2 34.365361213684082 25.637918424606323 0 0 0 0 0
392 19.600000000000001 19.650000000000002 43.186 6413 2557102 8593 292 1 292569 117.33313757275778 126 121.66044265504867 118.2285757700602 434636 118.90312269056166 185 122.30738999650285 119.57531808141761 952 27.565709829330444 2 30.744307994842529 23.761807637214659 0 0 0 0 0
393 19.650000000000002 19.699999999999999 44.270000000000003 6517 2563619 8593 292 1 293320 118.44360393948025 126 121.67704984876845 118.10692853655135 435738 118.457445587983 185 122.67966819969384 119.57634703765045 955 30.866374015808105 2 34.889835357666016 26.732230651378632 0 0 0 0 0
394 19.699999999999999 19.75 42.064999999999998 6521 2570140 8593 292 1 294068 119.02287564958844 126 121.53417853703574 118.1566384827145 436865 120.72223803545978 185 122.84558959136137 119.59559251115128 957 26.82930850982666 2 30.255179882049561 23.996821670532228 0 0 0 0 0
395 19.75 19.800000000000001 43.412999999999997 6552 2576692 8593 292 1 294818 119.89961817907908 126 121.55062624007937 118.17959372020903 437976 121.18747632825696 185 122.48849874960409 119.64748168120509 959 25.460715472698212 2 26.502193808555603 21.354954059123994 0 0 0 0 0
396 19.800000000000001 19.850000000000001 42.316000000000003 6470 2583162 8593 292 1 295539 116.22845876784552 126 120.74910978286985 118.0789970785474 439058 118.59539778425886 185 122.77738779428843 119.53919718149545 962 31.083600521087646 2 34.550028800964355 24.433150961995125 0 0 0 0 0
397 19.850000000000001 19.900000000000002 42.07 6515 2589677 8593 292 1 296288 116.9319358704582 126 121.90425576104059 118.19240276397217 440162 118.31563333047403 185 122.79420763995196 119.62830485081032 964 26.717065095901489 2 30.468103408813477 24.323019375801085 0 0 0 0 0
398 19.900000000000002 19.949999999999999 42.323999999999998 6555 2596232 8593 292 1 297034 117.33574016510494 126 121.78851772490002 118.01289774940128 441281 119.76754459690403 185 122.29866077319996 119.53550956272437 966 24.8080974817276 2 27.107425808906555 21.889939541816712 0 0 0 0 0
399 19.949999999999999 20 45.226999999999997 6558 2602790 8593 292 1 297789 118.88716282920232 126 121.29846875629728 118.3052870711069 442400 121.03264819995778 185 122.42659248145851 119.72045198430239 969 32.542617797851562 2 34.554940223693848 22.342567439079286 0 0 0 0 0
