0 0 0.050000000000000003 390.16500000000002 1357 1357 1355 101 1 1 0.1450708025977725 1 0.15715332636757504 0.015105166056799511 3 0.26565158431594438 3 0.26565158431594438 0.061320277342925195 0 0 0 0 0 0 0 0 0 0
1 0.050000000000000003 0.10000000000000001 393.60399999999998 4671 6028 4765 116 1 6 0.47039804761371917 5 0.61310787049550863 0.4715657888139998 9 0.5328228460775839 6 0.55456775459083352 0.38414005867210593 1 3.7158288955688477 1 9.9006595611572266 6.3212036180496218 0 0 0 0 0
2 0.10000000000000001 0.14999999999999999 400.49000000000001 4476 10504 5774 116 1 11 0.70136023892296684 6 0.75977447676280185 0.56499046700341349 16 0.62545798791421425 8 0.88831601014008388 0.66504479691788976 2 5.5565609931945801 1 13.131046295166016 8.1776103830337519 0 0 0 0 0
3 0.14999999999999999 0.20000000000000001 373.07499999999999 4513 15017 6230 116 1 16 0.80935593635316883 6 0.85940368213350815 0.68673149335952044 24 0.71469874124269228 9 0.89504192197645027 0.77651355678970735 3 7.3701519966125488 1 13.700578689575195 8.2044848871231082 0 0 0 0 0
4 0.20000000000000001 0.25 358.03100000000001 4529 19546 6503 116 1 18 0.47598275116511751 6 0.79332961354936871 0.64751108922655609 31 0.73808080698992751 9 0.87491075412647146 0.73360776823920171 4 8.961456298828125 1 14.19560432434082 8.4245580387115471 0 0 0 0 0
5 0.25 0.29999999999999999 351.197 4579 24125 6718 118 1 25 0.82672094163440524 6 0.93468333047533791 0.76386859757559666 39 0.79062129226890765 9 0.99959877632759708 0.81284809339368691 5 10.77949333190918 1 14.262668609619141 8.2000794124603278 0 0 0 0 0
6 0.29999999999999999 0.35000000000000003 337.88900000000001 4443 28568 6844 118 1 30 0.8334344171342396 7 0.95867775356958784 0.78700417757034302 46 0.77889857421050201 9 0.86298811886761639 0.76836261249232918 6 11.753689765930176 1 14.941866874694824 9.0355101966857916 0 0 0 0 0
7 0.35000000000000003 0.40000000000000002 346.46800000000002 4523 33091 6956 120 1 35 0.86592172062586226 7 1.1008021831512451 0.76148732442704459 53 0.76887129964055245 10 0.97742691684413596 0.76668412329699509 6 4.3239421844482422 1 11.520951271057129 7.3556998252868651 0 0 0 0 0
8 0.40000000000000002 0.45000000000000001 349.36399999999998 4482 37573 7058 122 1 40 0.92051187677988933 7 0.9406717353396945 0.73960468144643865 60 0.78189735605910016 10 0.92984520196914677 0.74386050433725914 7 5.381584644317627 1 14.055057525634766 8.9529000854492189 0 0 0 0 0
9 0.45000000000000001 0.5 343.13200000000001 4564 42137 7141 122 1 43 0.62407930502815856 7 0.91258142391840613 0.7696686906710507 68 0.84828542398439877 11 0.9375003489288124 0.79913843943782792 8 7.2003178596496582 1 13.655263900756836 8.1993906784057611 0 0 0 0 0
10 0.5 0.55000000000000004 351.49299999999999 4515 46652 7218 122 1 48 0.66657085598461208 7 0.99440664360447539 0.75158283118927283 76 0.85964922167964886 11 1.1149048484660484 0.85361439675978712 9 9.4195289611816406 1 13.774030685424805 7.8029044389724733 0 0 0 0 0
11 0.55000000000000004 0.59999999999999998 345.005 4487 51139 7276 122 1 54 0.88150177641756955 7 0.99389042657992199 0.73959209357343969 81 0.65853295374561005 11 0.89468804148806103 0.73965245297269266 10 10.372708320617676 1 14.86750602722168 9.0563184642791743 0 0 0 0 0
12 0.59999999999999998 0.65000000000000002 347.62799999999999 4518 55657 7336 122 1 58 0.77792103449621841 7 0.86404688413890585 0.73746908429359648 89 0.73827867961010418 11 0.93853606777517373 0.78591391897896246 11 12.955368995666504 1 14.034383773803711 7.44307918548584 0 0 0 0 0
13 0.65000000000000002 0.70000000000000007 339.80099999999999 4610 60267 7387 122 1 62 0.71237895408615703 7 0.85287237960460882 0.69980950085815807 96 0.79605735383827136 11 0.89755208770668993 0.69955395784863339 11 4.7660155296325684 1 12.698835372924805 8.107736349105835 0 0 0 0 0
14 0.70000000000000007 0.75 336.834 4455 64722 7417 122 1 67 0.73238852574113045 7 0.97977729146147063 0.77384059685711104 103 0.7940231773228309 11 0.87687195597241663 0.75877069178674161 12 6.8704910278320312 1 13.29296875 7.9164999341964721 0 0 0 0 0
15 0.75 0.80000000000000004 334.80599999999998 4531 69253 7466 122 1 71 0.72226144586475416 7 0.79822233877244542 0.6449466805778894 111 0.85269780763034786 11 1.0208645105450036 0.80677503323149113 13 9.1641263961791992 1 13.671266555786133 7.7292256498336789 0 0 0 0 0
16 0.80000000000000004 0.84999999999999998 345.73200000000003 4556 73809 7516 122 1 77 0.82154284583197701 7 1.0884927567981539 0.85408912772088241 116 0.64224408694969282 11 0.92375772058951189 0.74889678467772414 14 10.70588493347168 1 14.451431274414062 8.473607063293457 0 0 0 0 0
17 0.84999999999999998 0.90000000000000002 347.32900000000001 4473 78282 7556 122 1 82 0.81106446092090911 7 0.9464830368284195 0.80402476507519938 126 0.97683546131958943 11 0.97683546131958943 0.74982433271102256 15 12.20820140838623 1 14.615870475769043 8.5126538372039793 0 0 0 0 0
18 0.90000000000000002 0.95000000000000007 345.90600000000001 4523 82805 7592 122 1 86 0.64719506767061019 7 1.0109725774280609 0.7971568511024355 131 0.72889032205626736 11 0.95749282725190754 0.78601466397184694 16 13.815238952636719 1 14.669525146484375 8.4089796638488767 0 0 0 0 0
19 0.95000000000000007 1 348.21899999999999 4549 87354 7640 122 1 93 1.0129001895113596 8 1.0129001895113596 0.74905063326869736 137 0.65233018653026509 11 0.85230689682591487 0.72444592244409522 16 5.0823445320129395 1 13.541679382324219 8.6458607292175298 0 0 0 0 0
20 1 1.05 342.471 4540 91894 7671 122 1 96 0.69863535641204744 8 0.99284343657985563 0.78732325158658478 146 0.83484914728778181 11 0.91872686144269133 0.79227308042258116 17 5.976318359375 1 14.408294677734375 9.1149388027191165 0 0 0 0 0
21 1.05 1.1000000000000001 339.22899999999998 4495 96389 7702 122 1 101 0.79933282780268833 8 0.87134583318044267 0.69395679307717206 153 0.81247323625406398 11 0.90914840207279746 0.77890961784203727 18 7.3157353401184082 1 14.154426574707031 8.673931093215943 0 0 0 0 0
22 1.1000000000000001 1.1500000000000001 338.74400000000003 4488 100877 7738 122 1 107 0.85173250356363872 8 1.0991391075981989 0.90050357025294059 161 0.8728003234131344 11 0.98331837637945407 0.80513904727256369 19 8.3466548919677734 1 14.612260818481445 8.9793519496917718 0 0 0 0 0
23 1.1500000000000001 1.2 339.84300000000002 4514 105391 7759 122 1 112 0.86601078711331836 9 1.0226216477061074 0.77951483050036041 168 0.84112755631417102 11 0.95570036363988531 0.78811399075803723 20 10.259920120239258 1 14.129219055175781 8.1058041954040529 0 0 0 0 0
24 1.2 1.25 337.94 4518 109909 7790 122 1 116 0.74687095429925687 9 1.0083812614755026 0.75287313400161626 174 0.72276703116097185 11 0.8650723253110103 0.76582954505781398 21 11.562551498413086 1 14.698881149291992 8.7103522205352775 0 0 0 0 0
25 1.25 1.3 341.20400000000001 4551 114460 7821 122 1 120 0.57608764059841633 9 1.028914405239953 0.80400183823462268 181 0.72809823697745402 12 1.0026842129938678 0.75147864919948437 22 13.766075134277344 1 14.327878952026367 7.8184349155426025 0 0 0 0 0
26 1.3 1.3500000000000001 345.18299999999999 4517 118977 7849 122 1 125 0.64957980389544179 9 0.82897697321863639 0.72089103948842348 191 0.86702282364304006 12 1.1396908321896115 0.94354099420957227 22 5.0642590522766113 1 13.493488311767578 8.6150935268402105 0 0 0 0 0
27 1.3500000000000001 1.4000000000000001 343.73000000000002 4500 123477 7873 122 1 130 0.69580696650692042 9 0.89895893469275467 0.74788426579242318 200 0.91809603974625875 12 1.0997700665448162 0.92240881361832494 23 5.6539311408996582 1 14.766345977783203 9.4162050628662115 0 0 0 0 0
28 1.4000000000000001 1.45 345.93400000000003 4487 127964 7892 122 1 137 0.96800135402193677 10 1.0278592015152783 0.84162938688116684 207 0.84371542995040483 12 0.95827580400415369 0.83039604833319358 24 6.710174560546875 1 14.348199844360352 8.9542854690551756 0 0 0 0 0
29 1.45 1.5 342.904 4524 132488 7912 122 1 141 0.76004748137405376 10 0.9800653244878742 0.84080206335299579 214 0.79322644021060018 12 0.93647053290057825 0.80674257230114321 25 9.2392168045043945 1 13.510361671447754 7.4961637926101687 0 0 0 0 0
30 1.5 1.55 354.38799999999998 4536 137024 7922 122 1 145 0.56926461557420216 10 1.123658469652467 0.82380209144105976 221 0.71106102365899726 12 1.0397734155526033 0.83810327423182718 25 3.3989193439483643 1 9.0562677383422852 5.7820912790298458 0 0 0 0 0
31 1.55 1.6000000000000001 348.40699999999998 4473 141497 7947 122 1 150 0.60381570999137091 10 0.97581094589166617 0.75944401837977848 226 0.58131051319273741 12 0.91762592277011357 0.66899799154376649 26 4.966221809387207 1 13.23227596282959 8.4483180332183831 0 0 0 0 0
32 1.6000000000000001 1.6500000000000001 357.07799999999997 4514 146011 7958 122 1 157 0.95047396959258579 10 1.0092479735191471 0.76790780585031027 236 0.83393476786645682 12 1.0601387501367041 0.83097466882982773 27 5.6178641319274902 1 14.672153472900391 9.3548501777648934 0 0 0 0 0
33 1.6500000000000001 1.7 341.34699999999998 4526 150537 7969 122 1 161 0.77753135406932672 10 1.0001481654579125 0.80613977877444254 242 0.69595860113968722 12 0.92720460424552098 0.78524970768704194 28 6.6969060897827148 1 14.319828987121582 8.93171422958374 0 0 0 0 0
34 1.7 1.75 344.24599999999998 4472 155009 7987 122 1 167 0.92401931805409643 10 1.0628751707718742 0.80735292909575551 253 1.0295014976851038 12 1.0502987882298593 0.85897047780197378 29 9.3711099624633789 1 13.431887626647949 7.3524456548690793 0 0 0 0 0
35 1.75 1.8 337.76499999999999 4526 159535 8004 122 1 171 0.87220428675733985 10 0.92613838761769696 0.68621938204826716 258 0.75280882285693917 12 1.0765821581026791 0.81447558850325597 30 11.884225845336914 1 13.946268081665039 7.5119300937652591 0 0 0 0 0
36 1.8 1.8500000000000001 334.13499999999999 4511 164046 8018 122 1 176 0.87199484774630009 10 1.0250621467292367 0.79385819841255978 265 0.70379233466417257 12 0.98879122525938112 0.80528476722456033 31 13.884414672851562 1 14.451047897338867 8.0197473239898684 0 0 0 0 0
37 1.8500000000000001 1.9000000000000001 338.45999999999998 4461 168507 8032 122 1 182 0.95504512389502028 10 1.033506135809241 0.87015842980278746 274 0.89690577228116253 12 0.95171267685568517 0.78178417344269746 31 5.107792854309082 1 13.609484672546387 8.6891510200500495 0 0 0 0 0
38 1.9000000000000001 1.95 337.911 4552 173059 8047 122 1 186 0.80246983430069652 10 0.93613397288148237 0.7859753904659883 278 0.65055073790100393 12 0.87914584199606904 0.67633221041066183 32 6.2396202087402344 1 14.167047500610352 8.8794565010070805 0 0 0 0 0
39 1.95 2 336.17200000000003 4501 177560 8061 122 1 191 0.7718777297366366 10 0.94277354235035515 0.82393802871673871 286 0.7684330420629939 12 0.88390834259020312 0.74815734286857249 33 7.2119522094726562 1 14.52308464050293 9.0373579978942864 0 0 0 0 0
40 2 2.0499999999999998 335.95499999999998 4479 182039 8078 122 1 195 0.6880457363070932 10 0.88408040692798873 0.71791711219685905 293 0.8047158546919122 12 0.94434280283379401 0.72083560145162306 34 9.2897424697875977 1 13.858663558959961 7.9429186534881593 0 0 0 0 0
41 2.0499999999999998 2.1000000000000001 335.08600000000001 4539 186578 8086 122 1 199 0.62583684430350861 10 0.82965480792144042 0.69650949932164663 301 0.89787465649369802 12 0.89787465649369802 0.77263453013044237 35 11.523482322692871 1 14.074811935424805 7.7885230350494385 0 0 0 0 0
42 2.1000000000000001 2.1499999999999999 336.37700000000001 4508 191086 8093 122 1 205 0.86355089733675661 10 1.0169605732134239 0.71703595599018999 308 0.88333611562195402 12 0.96529664908017321 0.77115037105627393 35 4.2392539978027344 1 11.295302391052246 7.2116319942474369 0 0 0 0 0
43 2.1499999999999999 2.2000000000000002 337.07299999999998 4506 195592 8103 122 1 208 0.65647089041882989 10 0.84645145162347823 0.68120665647338374 312 0.58233352582120845 12 0.93892879772139615 0.73043512454732484 36 5.427009105682373 1 13.893038749694824 8.8240816402435307 0 0 0 0 0
44 2.2000000000000002 2.25 337.56700000000001 4543 200135 8116 122 1 213 0.6655703050624312 10 1.0129723162467048 0.78464198977050392 321 0.76560034613814076 12 0.95440638701696556 0.79153261244388262 37 6.4451413154602051 1 14.343918800354004 8.9920154666900629 0 0 0 0 0
45 2.25 2.3000000000000003 336.15300000000002 4544 204679 8130 123 1 219 0.8702483977877995 10 1.0141279734749764 0.74974286574886762 327 0.68781026627768516 12 0.81449390421436652 0.72566351042347355 38 7.8046331405639648 1 14.220967292785645 8.654055480957032 0 0 0 0 0
46 2.3000000000000003 2.3500000000000001 335.53899999999999 4551 209230 8143 128 1 223 0.73315872626023948 10 0.98966065881686904 0.77064401700175555 335 0.8315225556367738 12 0.88917745472631271 0.72258491838443661 39 9.9181594848632812 1 13.934494972229004 7.9075347709655759 0 0 0 0 0
47 2.3500000000000001 2.3999999999999999 331.92200000000003 4522 213752 8157 128 1 229 0.87575844793722579 10 1.0140836474091177 0.81120240656728138 342 0.74869255150377134 12 0.98955808096199593 0.83876124010436737 40 10.983277320861816 1 14.825872421264648 8.9454957675933837 0 0 0 0 0
48 2.3999999999999999 2.4500000000000002 338.58499999999998 4493 218245 8166 128 1 234 0.90659553307440055 10 0.92490995520182251 0.76312105397589225 347 0.57901477467008722 12 0.91070850194966768 0.70852725615070034 41 12.477309226989746 1 14.642257690429688 8.5208577823638922 0 0 0 0 0
49 2.4500000000000002 2.5 337.58100000000002 4459 222704 8176 128 1 238 0.73165066288086067 10 0.95920746490533759 0.80812200404753132 354 0.69045184589757058 12 0.82662086914605226 0.64643033706744324 42 13.729609489440918 1 14.873106956481934 8.7601815795898439 0 0 0 0 0
50 2.5 2.5500000000000003 334.45299999999997 4556 227260 8180 128 1 244 0.94338695589625599 10 1.0365570973313241 0.74275485446819745 362 0.70812618877108247 12 1.1675024067833137 0.8473666152211724 42 5.0508441925048828 1 13.457745552062988 8.5922724246978763 0 0 0 0 0
51 2.5500000000000003 2.6000000000000001 331.70400000000001 4486 231746 8191 128 1 248 0.79427074724854663 10 0.92470665586428202 0.78255068572695097 370 0.79242175411523386 12 0.97145945072474349 0.78140951436509065 43 5.6489968299865723 1 14.753458023071289 9.4078111457824711 0 0 0 0 0
52 2.6000000000000001 2.6499999999999999 332.97500000000002 4514 236260 8200 128 1 254 0.89508532910517646 10 1.0295931536099605 0.85257112443177574 376 0.65199722154746009 12 0.91602179662676264 0.78767361096309496 44 6.7083587646484375 1 14.344318389892578 8.9511970329284676 0 0 0 0 0
53 2.6499999999999999 2.7000000000000002 334.53699999999998 4496 240756 8206 128 1 258 0.64079073118931384 10 1.1218144098943259 0.8866809434149292 385 0.83199802152733082 12 1.0391400280384981 0.79476607856685755 45 8.7179937362670898 1 13.809944152832031 8.0103934526443474 0 0 0 0 0
54 2.7000000000000002 2.75 338.35000000000002 4564 245320 8223 128 1 263 0.58074397132564048 10 1.2417906163242283 0.85309914291942679 394 0.95381425807088915 12 1.07542251188566 0.85237074648133904 46 10.254170417785645 1 14.40656852722168 8.4791359615325934 0 0 0 0 0
55 2.75 2.8000000000000003 332.54899999999998 4461 249781 8233 128 1 270 0.81920577609369616 10 1.1356591615415959 0.87502589159102262 401 0.84714117350443774 12 1.0986827562047119 0.86236669895169316 47 10.819297790527344 1 15.200543403625488 9.4405071067810056 0 0 0 0 0
56 2.8000000000000003 2.8500000000000001 379.25299999999999 4552 254333 8245 128 1 275 0.87135968771253025 10 0.89739309405064682 0.74201668974674972 408 0.83727061439941108 12 0.88045326019377712 0.76652894586067222 48 12.086174011230469 1 14.7620849609375 8.7457498264312736 0 0 0 0 0
57 2.8500000000000001 2.8999999999999999 386.08199999999999 4545 258878 8260 128 1 279 0.74006527635670694 10 1.0112589379507166 0.76490644241495565 415 0.80570297208705111 12 0.94293094360512664 0.78800973783725359 48 4.4462575912475586 1 11.84685230255127 7.5637773227691651 0 0 0 0 0
58 2.8999999999999999 2.9500000000000002 369.81200000000001 4505 263383 8272 128 1 285 0.90633108177119825 10 0.96237542066310233 0.78777220271825099 421 0.70958207652375505 12 0.85079176924555211 0.74381158223495281 49 5.3515167236328125 1 14.258874893188477 9.1037631416320792 0 0 0 0 0
59 2.9500000000000002 3 365.72300000000001 4530 267913 8284 128 1 289 0.82232029838783527 10 0.91418475229737417 0.71809406882514759 432 1.0321752451158859 12 1.0856629953996555 0.8698110643504442 50 6.2429337501525879 1 14.460922241210938 9.11746693611145 0 0 0 0 0
60 3 3.0500000000000003 405.28800000000001 4539 272452 8291 128 1 294 0.82369997255533833 10 0.94723000069563112 0.79228485119751024 437 0.74869340545422325 12 1.0987372509128339 0.8211970966055584 51 7.2131729125976562 1 14.525539398193359 9.0394330120086668 0 0 0 0 0
61 3.0500000000000003 3.1000000000000001 360.697 4528 276980 8307 128 1 299 0.84023696322147479 10 0.97255448777494757 0.77727866630639131 443 0.67079036102907075 12 0.92753246097347219 0.72577539785689582 52 8.9037036895751953 1 14.104124069213867 8.3263161945343018 0 0 0 0 0
62 3.1000000000000001 3.1499999999999999 391.30200000000002 4505 281485 8317 128 1 304 0.83629983620780968 10 1.0564181805895054 0.79754876866680802 451 0.73877665012370086 12 0.92785367567998334 0.79755615319991235 53 9.5256156921386719 1 15.089279174804688 9.3842857360839851 0 0 0 0 0
63 3.1499999999999999 3.2000000000000002 367.33699999999999 4504 285989 8323 128 1 308 0.64289893251112695 10 1.0351887762522058 0.82639408285763205 458 0.67829808026829075 12 0.97384328762245542 0.81663258877081935 54 12.643740653991699 1 13.696800231933594 6.9129508829116819 0 0 0 0 0
64 3.2000000000000002 3.25 365.63600000000002 4502 290491 8331 128 1 314 0.79143680135325301 10 1.0683278015697555 0.80532354932304673 467 0.84673074130629622 12 1.0036771421817861 0.80621894949655115 54 4.6513724327087402 1 12.393378257751465 7.9127112293243407 0 0 0 0 0
65 3.25 3.3000000000000003 385.37900000000002 4498 294989 8334 128 1 320 0.93378985354217825 10 1.0741139299459339 0.8114466828558955 474 0.68598010088946371 12 1.0945438640484761 0.91590543263560975 55 6.5303149223327637 1 13.416091918945312 8.1397841262817376 0 0 0 0 0
66 3.3000000000000003 3.3500000000000001 347.541 4485 299474 8344 128 1 324 0.68945082508058941 10 1.1038678566526523 0.87682453135201144 480 0.57439019406164016 12 1.0000115774773262 0.75912644813189645 56 8.0577173233032227 1 14.106420516967773 8.4878200531005863 0 0 0 0 0
67 3.3500000000000001 3.3999999999999999 354.80900000000003 4569 304043 8354 128 1 330 0.86184814674426691 10 0.93362893562458982 0.78170173463707515 489 0.81638193223122002 12 0.97738658552234237 0.73339301437783855 57 10.298859596252441 1 13.902004241943359 7.78119348526001 0 0 0 0 0
68 3.3999999999999999 3.4500000000000002 342.01499999999999 4559 308602 8360 128 1 334 0.74708087444220872 10 0.86699594367309729 0.74854418458023642 495 0.71643734614591337 12 0.91587868413409668 0.74759715473531108 58 12.928201675415039 1 14.004952430725098 7.3968632984161378 0 0 0 0 0
69 3.4500000000000002 3.5 347.52199999999999 4421 313023 8363 128 1 339 0.75915077233478778 10 0.93460590490734774 0.78170127099652642 505 0.91763108230724533 12 1.033613553854662 0.88189254303790032 58 4.7560205459594727 1 12.672205924987793 8.0907335472106929 0 0 0 0 0
70 3.5 3.5500000000000003 370.30399999999997 4536 317559 8370 128 1 343 0.64753866539864757 10 0.87408567479130472 0.74542042348869852 511 0.7958931191522326 12 0.89946077745407815 0.76917333834114909 59 5.6952457427978516 1 14.291019439697266 9.0701353740692134 0 0 0 0 0
71 3.5500000000000003 3.6000000000000001 349.464 4531 322090 8378 128 1 349 0.87667212817749995 10 0.98844503253449734 0.72553105537469686 519 0.91637966099220358 12 0.95377781339165935 0.74557917980070709 60 6.6336879730224609 1 14.47120189666748 9.0709107494354253 0 0 0 0 0
72 3.6000000000000001 3.6499999999999999 349.39600000000002 4523 326613 8387 128 1 355 0.85239931525853818 10 1.1619567418927799 0.97641187390641049 525 0.81785202272758639 12 0.91979005430019589 0.74619437940791888 61 8.2099943161010742 1 14.088398933410645 8.4394067668914801 0 0 0 0 0
73 3.6499999999999999 3.7000000000000002 377.41800000000001 4508 331121 8389 128 1 359 0.76561578875599923 10 0.85922975205025698 0.72083922695537406 531 0.70243375561030175 12 0.88834208137815118 0.76291666708663886 62 10.354879379272461 1 13.977622985839844 7.8764918899536136 0 0 0 0 0
74 3.7000000000000002 3.75 355.721 4530 335651 8392 128 1 364 0.79434070039847371 10 0.8956165611905198 0.76521217319295365 542 1.0352589230858595 12 1.0775086541219641 0.85968112992669754 62 3.809349536895752 1 10.149839401245117 6.4802971887588505 0 0 0 0 0
75 3.75 3.8000000000000003 355.70299999999997 4479 340130 8401 128 1 369 0.78482802898690973 10 1.0385373651120287 0.80306871643564193 548 0.80084249006735309 12 1.102862311698295 0.88072876955778323 63 5.1172113418579102 1 13.634578704833984 8.7051731491088873 0 0 0 0 0
76 3.8000000000000003 3.8500000000000001 346.75200000000001 4529 344659 8406 128 1 375 0.90314922724408397 10 0.95230251763794249 0.83523899187145811 554 0.67961828322023954 12 0.8961550764135412 0.76866474429981113 64 6.6062602996826172 1 13.846294403076172 8.5257898426055903 0 0 0 0 0
77 3.8500000000000001 3.8999999999999999 337.755 4488 349147 8414 128 1 378 0.66451839676996327 10 0.9267663797823622 0.71244298971009679 562 0.70619387062820227 12 1.0753895266635998 0.83855418378920143 65 8.8066949844360352 1 13.674216270446777 7.8214959955215457 0 0 0 0 0
78 3.8999999999999999 3.9500000000000002 336.39499999999998 4540 353687 8420 128 1 384 0.72790305665350807 10 1.095380031992133 0.8896280839836751 570 0.77732262828865561 12 0.93394884789312205 0.7944449473200621 66 12.198290824890137 1 13.481196403503418 6.6422065019607546 0 0 0 0 0
79 3.9500000000000002 4 337.202 4492 358179 8427 128 1 389 0.73082004911054155 10 1.0586341783509519 0.79076293524659358 577 0.72111103293058032 12 1.0439270125853048 0.81240819466436232 66 4.4875035285949707 1 11.956748962402344 7.6339422512054442 0 0 0 0 0
80 4 4.0499999999999998 344.06400000000002 4455 362634 8432 128 1 394 0.77168239685451634 10 0.8876460167479977 0.75319567229675011 585 0.81842082906010993 12 0.96316066174893766 0.76852486571085621 67 5.7574877738952637 1 13.880718231201172 8.7426741409301751 0 0 0 0 0
81 4.0499999999999998 4.0999999999999996 337.25799999999998 4577 367211 8437 128 1 400 0.9038855045731865 10 1.0397157718410073 0.82149548396796535 591 0.7632118939547925 12 0.8605189755861018 0.70330740901555955 68 6.656585693359375 1 14.521152496337891 9.1098634052276619 0 0 0 0 0
82 4.0999999999999996 4.1500000000000004 333.10500000000002 4494 371705 8440 128 1 405 0.90302254266747273 10 1.0084006769558731 0.79450512864377376 597 0.6706398447019023 12 0.89642185312569944 0.74029802209954421 69 7.3653454780578613 1 14.831979751586914 9.2983042526245114 0 0 0 0 0
83 4.1500000000000004 4.2000000000000002 349.21100000000001 4523 376228 8443 128 1 410 0.98145458931142793 10 1.007587946948391 0.71600048542954897 605 0.76936461062145389 12 0.90285772712385226 0.76712403417298125 70 9.8989152908325195 1 13.63206958770752 7.4916799736022952 0 0 0 0 0
84 4.2000000000000002 4.25 335.94200000000001 4510 380738 8452 128 1 415 0.93657112349149219 10 1.0631501495321705 0.83808702754244246 611 0.7758603815983578 12 0.80752381634099313 0.6422176535805133 71 11.275528907775879 1 14.623571395874023 8.6371061992645259 0 0 0 0 0
85 4.25 4.2999999999999998 341.52300000000002 4545 385283 8460 128 1 419 0.75588991914273307 10 1.050967524871383 0.81380109752088647 618 0.73525702783395852 12 0.9535769096236657 0.79695544479968117 72 13.287500381469727 1 14.394176483154297 8.0080848979949959 0 0 0 0 0
86 4.2999999999999998 4.3500000000000005 358.92700000000002 4525 389808 8463 128 1 425 0.89437143402838126 10 1.0439116863139395 0.81527947163505166 626 0.82956156314050189 12 0.90555416754741114 0.77150017046123542 72 4.8882012367248535 1 13.02439022064209 8.3155915832519529 0 0 0 0 0
87 4.3500000000000005 4.4000000000000004 361.07400000000001 4500 394308 8469 128 1 429 0.79615521549307489 10 0.87666168789967625 0.73215797810812577 634 0.84279838856258527 12 0.99179831630874005 0.8517599491079616 73 6.9154386520385742 1 13.379937171936035 7.9929651308059695 0 0 0 0 0
88 4.4000000000000004 4.4500000000000002 375.47800000000001 4526 398834 8473 128 1 434 0.80970237626758446 10 1.0461387218003928 0.78023875662739295 640 0.75910111429402605 12 0.86276911814016488 0.73151188738721762 74 8.199397087097168 1 14.35445499420166 8.7288385581970207 0 0 0 0 0
89 4.4500000000000002 4.5 343.46499999999997 4482 403316 8478 128 1 439 0.86022450072359224 10 0.91341779944944479 0.74363219266265645 647 0.85349199092690986 12 0.85349199092690986 0.66330665278725776 75 9.1427545547485352 1 14.775369644165039 9.0660426425933842 0 0 0 0 0
90 4.5 4.5499999999999998 351.017 4553 407869 8482 128 1 444 0.79151276256269898 10 1.0900140197638546 0.86167786823035375 653 0.74651190881781682 12 0.93021104976489144 0.75456251432114041 76 10.000044822692871 1 14.918310165405273 9.1512535095214851 0 0 0 0 0
91 4.5499999999999998 4.6000000000000005 344.923 4503 412372 8486 128 1 449 0.81389588997254692 10 0.9176304536938249 0.77149083938517204 658 0.58052315600017113 12 0.87716025561422994 0.70487505150280105 77 11.013401985168457 1 14.866537094116211 8.9967427539825433 0 0 0 0 0
92 4.6000000000000005 4.6500000000000004 352.97800000000001 4457 416829 8492 129 1 454 0.70141883133848248 10 1.1382795517479232 0.90500690388894445 668 0.86505645560556865 12 0.97534838751216724 0.79938355451942311 78 12.832704544067383 1 14.468832015991211 8.1988301467895504 0 0 0 0 0
93 4.6500000000000004 4.7000000000000002 376.67899999999997 4528 421357 8505 129 1 459 0.68534209996961581 10 1.0856324226740897 0.80956725407074914 675 0.7969715785961472 12 0.9683571654919132 0.82416311204502024 78 4.7208919525146484 1 12.57859992980957 8.0309713268280021 0 0 0 0 0
94 4.7000000000000002 4.75 338.5 4471 425828 8509 129 1 464 0.73704865339712389 10 1.0029785519781078 0.74245956126206381 685 1.1126334748316693 12 1.1126334748316693 0.76856520281739604 79 6.8538913726806641 1 13.26085090637207 7.8882603788375851 0 0 0 0 0
95 4.75 4.7999999999999998 343.71300000000002 4512 430340 8515 129 1 470 0.84308500895940275 10 1.0370049287477863 0.84740141810810199 689 0.75252083247812562 12 1.0906018583039354 0.7889561042416372 80 10.00416374206543 1 13.236806869506836 6.8811228752136229 0 0 0 0 0
96 4.7999999999999998 4.8500000000000005 350.95699999999999 4467 434807 8519 129 1 475 0.91627505090691308 10 0.95366895388240602 0.72119017173696309 696 0.77457301798995415 12 0.84275894937726159 0.7349243234268823 80 3.6803276538848877 1 9.8060684204101562 6.2608112430572511 0 0 0 0 0
97 4.8500000000000005 4.9000000000000004 344.25999999999999 4541 439348 8523 129 1 478 0.65698445411025319 10 0.91642176348192761 0.73289681871850831 703 0.75510540650777036 12 0.96504757328146717 0.77603043554748208 81 5.0697460174560547 1 13.508111953735352 8.6244287776947015 0 0 0 0 0
98 4.9000000000000004 4.9500000000000002 337.09300000000002 4490 443838 8525 129 1 484 0.82128830514282603 10 0.92433955082870445 0.78971458649868242 709 0.67364727963153492 12 0.83482653918486949 0.72929490995398683 82 5.9716811180114746 1 14.397121429443359 9.107053527832031 0 0 0 0 0
99 4.9500000000000002 5 337.93299999999999 4534 448372 8531 129 1 489 0.8316498938061887 10 1.0321897178417059 0.78339247129045742 717 0.80844394688724419 12 0.88177738724644628 0.73141161041143987 83 7.4174036979675293 1 14.066961288452148 8.5686860561370857 0 0 0 0 0
100 5 5.0499999999999998 352.99799999999999 4505 452877 8536 129 1 495 0.94022367492558157 10 0.98172138607698789 0.84488933881129769 724 0.75580259236424763 12 0.91523087373434653 0.80887343922822341 84 8.6148576736450195 1 14.490427017211914 8.8144800376892096 0 0 0 0 0
101 5.0499999999999998 5.1000000000000005 352.05799999999999 4517 457394 8542 129 1 500 0.94864353490255515 10 1.027653249483274 0.78531486469604017 730 0.66805256998918328 12 0.91417118929367547 0.73552417462601882 85 10.076686859130859 1 14.443210601806641 8.5527403259277346 0 0 0 0 0
102 5.1000000000000005 5.1500000000000004 373.67599999999999 4511 461905 8545 129 1 504 0.84343593555783947 10 0.93383702588460848 0.73907966391435576 739 0.81451892217891897 12 0.99485559624987696 0.82796633493248295 86 10.896364212036133 1 15.005681991577148 9.1884939765930174 0 0 0 0 0
103 5.1500000000000004 5.2000000000000002 390.69400000000002 4563 466468 8546 129 1 509 0.75648832865177806 10 1.1891560554504428 0.8797318563054507 745 0.6724768123813315 12 0.97535385510788097 0.78927513222454659 87 12.615772247314453 1 14.511590957641602 8.2977311134338372 0 0 0 0 0
104 5.2000000000000002 5.25 365.10700000000003 4481 470949 8549 129 1 514 0.7341113336502566 10 1.0064713881602378 0.81580480536771294 751 0.67271036836884768 12 0.78950379489533706 0.64841749021417394 88 13.248306274414062 1 15.239177703857422 9.3737706851959235 0 0 0 0 0
105 5.25 5.2999999999999998 388.13799999999998 4518 475467 8559 129 1 519 0.71917440115459408 10 1.0315984695676779 0.80843885813440663 759 0.75792717848857083 12 0.88943571950247968 0.78049741280941154 88 4.8737812042236328 1 12.98597240447998 8.2910614967346188 0 0 0 0 0
106 5.2999999999999998 5.3500000000000005 359.94499999999999 4510 479977 8562 129 1 524 0.75216106999488119 10 0.95330240234496122 0.76099279023825206 766 0.68091096120225358 12 1.0363200746522603 0.83300540086310848 89 5.8995885848999023 1 14.223316192626953 8.9844139480590819 0 0 0 0 0
107 5.3500000000000005 5.4000000000000004 365.03100000000001 4480 484457 8566 129 1 529 0.70739238271637572 10 1.0131597298951376 0.8379732643115142 775 0.88671878021896655 12 0.94644972308149133 0.76921614942722172 90 6.5309033393859863 1 14.828411102294922 9.3749771499633781 0 0 0 0 0
108 5.4000000000000004 5.4500000000000002 361.44 4543 489000 8568 129 1 535 0.88201946389698793 10 0.90739305299662409 0.77949433248726607 781 0.72668769617338469 12 0.90550857524614126 0.80708474595223789 91 7.7285909652709961 1 14.36689281463623 8.8142473030090329 0 0 0 0 0
109 5.4500000000000002 5.5 360.12099999999998 4511 493511 8579 129 1 540 0.85176047709371361 10 0.97975770456509459 0.8236081852370668 789 0.83191002301267691 12 0.94011566477852926 0.76069125080108679 92 8.7293357849121094 1 14.6829833984375 9.0092266082763679 0 0 0 0 0
110 5.5 5.5499999999999998 343.76799999999997 4514 498025 8583 129 1 545 0.82192319298961336 10 1.1094801602737299 0.82319074804244186 797 0.91220685944363877 12 0.93063465131295697 0.7853682455082196 93 9.7165412902832031 1 14.788201332092285 9.022631740570068 0 0 0 0 0
111 5.5499999999999998 5.6000000000000005 358.40899999999999 4484 502509 8589 129 1 549 0.71197968598137362 10 0.92338780197314918 0.74376842696090351 801 0.66933169163562156 12 0.89414397470048956 0.67288716202209131 94 10.481972694396973 1 15.024118423461914 9.2421947956085209 0 0 0 0 0
112 5.6000000000000005 5.6500000000000004 367.68799999999999 4554 507063 8599 129 1 555 0.8743174561984941 10 1.0921933712310246 0.79166111218046398 809 0.76261837279071676 12 0.93146409098360994 0.77250777148092942 95 12.12583065032959 1 14.517253875732422 8.3725255966186527 0 0 0 0 0
113 5.6500000000000004 5.7000000000000002 374.41000000000003 4452 511515 8608 129 1 560 0.93993250575121712 10 0.97829184908187017 0.72868976216996562 814 0.64221454399663047 12 0.79998210746090159 0.65974434589403319 96 13.600306510925293 1 14.733035087585449 8.5402191352844241 0 0 0 0 0
114 5.7000000000000002 5.75 357.76100000000002 4518 516033 8611 129 1 564 0.82550473114367506 10 0.92132061946142041 0.74820795230007098 824 0.93126802634749861 12 1.0292102894368205 0.79490848480381471 96 5.0032734870910645 1 13.331002235412598 8.5113500595092777 0 0 0 0 0
115 5.75 5.7999999999999998 346.91699999999997 4579 520612 8616 129 1 568 0.670609926971381 10 1.0004322397560048 0.78827176428028056 830 0.79322297041480605 12 0.91282767647424257 0.78531794382158571 97 7.4959497451782227 1 13.122950553894043 7.5321663522720339 0 0 0 0 0
116 5.7999999999999998 5.8500000000000005 339.52100000000002 4503 525115 8619 129 1 573 0.68792751214150771 10 1.0262671157247858 0.77650582319231831 837 0.77209224712002922 12 0.89311062796796492 0.77767690113534171 98 9.1339950561523438 1 14.182415008544922 8.3782822895050053 0 0 0 0 0
117 5.8500000000000005 5.9000000000000004 336.67500000000001 4495 529610 8623 129 1 577 0.64946198989703896 10 0.78618226266839231 0.6730027083488116 845 0.8380015175563057 12 1.0233031581281811 0.79961255640279805 99 10.69480037689209 1 14.436468124389648 8.4547498416900631 0 0 0 0 0
118 5.9000000000000004 5.9500000000000002 338.89100000000002 4547 534157 8632 129 1 582 0.75767837496173274 10 0.89448329307418362 0.68651296590523703 849 0.5732505868755382 12 0.82165682579680166 0.69454478213144466 100 12.715497970581055 1 14.33668327331543 7.9994435977935794 0 0 0 0 0
119 5.9500000000000002 6 347.69400000000002 4427 538584 8634 129 1 587 0.84483706977087947 11 0.89707884539557436 0.70736082011064061 857 0.73079916290778391 12 0.84061907881342279 0.70888645928527383 100 4.6777715682983398 1 12.463714599609375 7.9576193237304684 0 0 0 0 0
120 6 6.0499999999999998 337.02300000000002 4580 543164 8637 129 1 592 0.80937093090908063 11 1.0850376746990207 0.82876345296362186 864 0.74285520484114087 12 0.87174862981514334 0.7448208129793088 101 5.4366869926452637 1 14.485805511474609 9.2486513805389396 0 0 0 0 0
121 6.0499999999999998 6.1000000000000005 346.577 4510 547674 8639 129 1 596 0.6256182999239227 11 0.9978450173736082 0.81684192884948037 871 0.74791019608607245 12 0.89115201169884495 0.75175210330836606 102 5.8675227165222168 1 15.02073860168457 9.5734620285034175 0 0 0 0 0
122 6.1000000000000005 6.1500000000000004 340.15300000000002 4526 552200 8643 129 1 601 0.58539029238543283 11 1.1788310719313124 0.8334778042079718 880 0.92080650422135113 12 0.92080650422135113 0.80179981037228876 103 6.6970672607421875 1 14.609457969665527 9.1787263298034674 0 0 0 0 0
123 6.1500000000000004 6.2000000000000002 349.767 4483 556683 8647 129 1 606 0.70795888645671468 11 0.79831795178755904 0.67230376557859373 886 0.75496582394163758 12 0.97421706956376664 0.81283652991782429 104 8.0070819854736328 1 14.300948143005371 8.7030459117889407 0 0 0 0 0
124 6.2000000000000002 6.25 340.78100000000001 4514 561197 8650 129 1 610 0.59177724253714437 11 0.93034648787154939 0.7499443656797683 895 0.94371786165661553 12 0.96278222524309276 0.78610213896535297 105 9.0720071792602539 1 14.661035537719727 8.9456887149810793 0 0 0 0 0
125 6.25 6.2999999999999998 337.08800000000002 4480 565677 8652 129 1 615 0.64323901429909058 11 1.0053523650389642 0.7427018685143193 902 0.87363133156621775 12 1.0303003858875583 0.82614495367139607 106 11.282872200012207 1 14.059324264526367 7.8111692619323732 0 0 0 0 0
126 6.2999999999999998 6.3500000000000005 335.74200000000002 4500 570177 8657 129 1 621 0.88460459694665738 11 0.90247476783891656 0.71342093244466842 909 0.78350167773865365 12 0.98576089610924589 0.8459881181588047 107 13.663187980651855 1 14.220792770385742 7.6434074306488036 0 0 0 0 0
127 6.3500000000000005 6.4000000000000004 347.91399999999999 4549 574726 8660 129 1 626 0.86803018963157075 11 0.97671446235777237 0.8100600862175501 918 0.97283981655900542 12 1.03299682142364 0.78552188377605892 107 5.0264067649841309 1 13.39263916015625 8.5507026863098137 0 0 0 0 0
128 6.4000000000000004 6.4500000000000002 338.14999999999998 4456 579182 8665 129 1 631 0.87349610685077184 11 1.0457646136196792 0.78823943727380485 924 0.76662054433411841 12 1.0667142282466631 0.85281267295556296 108 6.4793195724487305 1 13.854571342468262 8.5615667247772222 0 0 0 0 0
129 6.4500000000000002 6.5 337.99599999999998 4531 583713 8670 129 1 635 0.73900949170512731 11 0.98165519886710972 0.76806691117416948 932 0.9352382427005953 12 0.99307014161871898 0.69792766684097396 109 7.3001327514648438 1 14.700657844543457 9.1873673248291023 0 0 0 0 0
130 6.5 6.5499999999999998 342.827 4515 588228 8675 129 1 641 0.88388975773187184 11 1.0372542092956529 0.80894460300961091 941 0.98085085801981586 12 1.0342992690769401 0.92781493723332065 110 8.57171630859375 1 14.417861938476562 8.7410891151428221 0 0 0 0 0
131 6.5499999999999998 6.6000000000000005 341.25700000000001 4464 592692 8678 129 1 646 0.90996354024905823 11 1.0259809968503357 0.76783687333335093 948 0.86406041997912764 12 1.0819474689058355 0.87238321524495988 111 10.342715263366699 1 14.24323844909668 8.2466524505615233 0 0 0 0 0
132 6.6000000000000005 6.6500000000000004 338.07299999999998 4553 597245 8682 129 1 649 0.66151243559839801 11 0.94816512919018869 0.72216542570420783 956 0.91326204434641312 12 0.96973495320794545 0.81615360420725802 112 11.438793182373047 1 14.83531379699707 8.9148454475402836 0 0 0 0 0
133 6.6500000000000004 6.7000000000000002 341.53300000000002 4455 601700 8688 129 1 654 0.68242758776231571 11 0.90702854250971965 0.7729440807710215 960 0.57291360855530449 12 0.93246574156439388 0.76938884137009567 113 13.912711143493652 1 14.193766593933105 7.5507364463806148 0 0 0 0 0
134 6.7000000000000002 6.75 338.57999999999998 4503 606203 8692 129 1 658 0.70842341331016578 11 0.75042740884768822 0.60918384424720706 969 0.79560102979035896 12 0.87533998753170705 0.75250492976032002 113 5.1182031631469727 1 13.637221336364746 8.7068609237670902 0 0 0 0 0
135 6.75 6.7999999999999998 337.26600000000002 4480 610683 8695 129 1 663 0.74996502651001018 11 0.91600928659496061 0.75252325886691418 974 0.58737440894552939 12 0.88688123907038086 0.74669197035025248 114 7.1034283638000488 1 13.471508979797363 8.0345629644393917 0 0 0 0 0
136 6.7999999999999998 6.8500000000000005 339.584 4479 615162 8701 129 1 668 0.72951985897906857 11 0.97635414590797232 0.81389222536787853 984 0.8786136037968193 12 0.97289806979140458 0.79274449482023568 115 9.6602020263671875 1 13.572076797485352 7.4687063980102542 0 0 0 0 0
137 6.8500000000000005 6.9000000000000004 335.45100000000002 4571 619733 8706 129 1 673 0.74068626656266168 11 1.083093987599457 0.78259560373270598 991 0.85227395349860224 12 0.92325733714840041 0.78283397440969493 116 11.49925708770752 1 14.328956604003906 8.1792735385894773 0 0 0 0 0
138 6.9000000000000004 6.9500000000000002 337.733 4537 624270 8708 129 1 677 0.68862032938643047 11 0.84108266293419987 0.68646781076408692 997 0.74132738571285228 12 0.87254408377767823 0.75848952205779252 117 13.742793083190918 1 14.303647041320801 7.7788278198242189 0 0 0 0 0
139 6.9500000000000002 7 344.68900000000002 4531 628801 8715 129 1 682 0.69770829444640958 11 0.9252431609052395 0.78465344414790805 1006 0.92248296999174961 12 0.989828700777862 0.79362285860873893 117 5.055692195892334 1 13.470667839050293 8.6005215740203855 0 0 0 0 0
140 7 7.0499999999999998 339.149 4513 633314 8721 129 1 688 0.84216652870331854 11 1.0317059617913704 0.8093623834163336 1011 0.72150664035851864 12 0.93574354227295053 0.73951400819624113 118 6.1341056823730469 1 14.208836555480957 8.9323332977294925 0 0 0 0 0
141 7.0499999999999998 7.1000000000000005 338.00400000000002 4481 637795 8725 129 1 692 0.73680632998468309 11 0.91917712862297252 0.73923075746639266 1017 0.62396159418885777 12 0.93465506086938599 0.74522149987757436 119 7.6902108192443848 1 14.012474060058594 8.4594031620025643 0 0 0 0 0
142 7.1000000000000005 7.1500000000000004 339.80799999999999 4498 642293 8725 129 1 697 0.64173690857334265 11 1.2358450965484997 0.88777280851930285 1027 0.94201849150689454 12 0.98046300174618217 0.76619395854620231 120 9.7365274429321289 1 13.955649375915527 7.9740759658813474 0 0 0 0 0
143 7.1500000000000004 7.2000000000000002 343.90499999999997 4505 646798 8732 132 1 702 0.66464329523079113 11 0.89996358327172132 0.77097274939773042 1033 0.73275689897646012 12 1.0168475755879887 0.85582469477530421 121 12.018653869628906 1 14.104021072387695 7.7406156158447263 0 0 0 0 0
144 7.2000000000000002 7.25 337.553 4544 651342 8734 132 1 707 0.74430213655864053 11 0.90909259092386407 0.71478585022040175 1040 0.71418490483524788 12 0.95172274116788946 0.77514364528096724 122 14.126030921936035 1 14.411396026611328 7.9136254787445068 0 0 0 0 0
145 7.25 7.2999999999999998 338.89999999999998 4480 655822 8736 132 1 711 0.62211301757273763 11 1.0121521869360381 0.75589209072721619 1048 0.87969154732648125 12 0.91559241505180156 0.70100766031549544 122 5.1966781616210938 1 13.846317291259766 8.8403599452972408 0 0 0 0 0
146 7.2999999999999998 7.3500000000000005 340.86399999999998 4532 660354 8740 132 1 717 0.77865247310170227 11 0.98526146298401407 0.79740170515273445 1054 0.66173816378412209 12 1.0198928199143495 0.86442983616627345 123 6.0183782577514648 1 14.509699821472168 9.1864903640747073 0 0 0 0 0
147 7.3500000000000005 7.4000000000000004 336.47199999999998 4532 664886 8746 132 1 722 0.84048482539167768 11 0.86170723703187146 0.73243461213424765 1061 0.71954346291911786 12 0.79339960559500167 0.69952760054861185 124 7.130561351776123 1 14.359184265136719 8.89890103340149 0 0 0 0 0
148 7.4000000000000004 7.4500000000000002 338.50700000000001 4467 669353 8751 132 1 727 0.84847475328144883 11 0.9566525296559657 0.7857404932711235 1069 0.73555193758074122 12 1.0695654311216969 0.84901598423051883 125 7.5397114753723145 1 15.183110237121582 9.594928255081177 0 0 0 0 0
149 7.4500000000000002 7.5 340.524 4582 673935 8755 132 1 731 0.77472266673096457 11 0.94039427429912725 0.70793769179356902 1077 0.8275104966517669 12 0.91055211879240361 0.77382283746160307 126 9.0238313674926758 1 14.294413566589355 8.5306706619262691 0 0 0 0 0
150 7.5 7.5499999999999998 338.036 4452 678387 8757 132 1 735 0.71308457567578565 11 0.80400055114712377 0.69594445513827963 1083 0.70593303178929212 12 0.96758672830527381 0.76901447164509451 127 10.090365409851074 1 14.754980087280273 8.9440977001190181 0 0 0 0 0
151 7.5499999999999998 7.6000000000000005 336.00700000000001 4529 682916 8758 132 1 740 0.7598652901157511 11 0.9097239169336514 0.74733628944035702 1091 0.77048854076190698 12 0.94586371386638135 0.80095285525896032 128 11.345959663391113 1 14.714916229248047 8.7569200801849369 0 0 0 0 0
152 7.6000000000000005 7.6500000000000004 338.65300000000002 4504 687420 8761 132 1 744 0.68912180454011995 11 0.83109336940660461 0.70495909488153896 1098 0.79988534613629558 12 0.83318826527866108 0.72765289287659285 128 4.1739473342895508 1 11.121294975280762 7.1005347728729244 0 0 0 0 0
153 7.6500000000000004 7.7000000000000002 337.27699999999999 4479 691899 8765 132 1 749 0.66547151501216595 11 1.1193412031446186 0.81706543498569095 1104 0.69566882054077372 12 0.90223371403593944 0.75182658528361546 129 6.0740346908569336 1 13.250330924987793 8.118851528167724 0 0 0 0 0
154 7.7000000000000002 7.75 342.69099999999997 4547 696446 8770 132 1 755 0.87444519996643066 11 1.1340941209641715 0.74549004962520005 1110 0.65230821120647853 12 0.81282603348364513 0.69157715747101123 130 7.7778778076171875 1 13.891585350036621 8.3131379795074469 0 0 0 0 0
155 7.75 7.7999999999999998 338.57799999999997 4494 700940 8773 132 1 760 0.8318852924165272 11 1.0042187902662489 0.83578654402778296 1119 0.86095801251662696 12 1.0150146204892736 0.76640264836274552 131 9.366520881652832 1 14.255481719970703 8.4271905517578123 0 0 0 0 0
156 7.7999999999999998 7.8500000000000005 338.30200000000002 4495 705435 8774 132 1 764 0.76834861059037463 11 0.86631060025048634 0.69782406651784468 1125 0.72380882497611554 12 0.90499916656650936 0.78443102708984536 132 11.71547794342041 1 14.025972366333008 7.6744522666931152 0 0 0 0 0
157 7.8500000000000005 7.9000000000000004 338.80700000000002 4524 709959 8775 132 1 769 0.80707261912406436 11 1.0202437960912312 0.75531276560965022 1133 0.77573015187704308 12 1.0060676572846137 0.81346101178599217 132 4.3098840713500977 1 11.483495712280273 7.3317852401733399 0 0 0 0 0
158 7.9000000000000004 7.9500000000000002 366.52699999999999 4478 714437 8778 132 1 772 0.63218462845635792 11 0.79109150407806272 0.64933549393737122 1141 0.81197014935130851 12 0.92392435541791684 0.82898607445320349 133 5.3764123916625977 1 14.041550636291504 8.944101963043213 0 0 0 0 0
159 7.9500000000000002 8 344.42200000000003 4553 718990 8778 132 1 776 0.54404084597315105 11 0.90967573130887647 0.72218595067778291 1146 0.65694557562270894 12 0.79589206951335412 0.69402004658714589 134 6.7970423698425293 1 13.964065551757812 8.5935287761688226 0 0 0 0 0
160 8 8.0500000000000007 343.12599999999998 4457 723447 8784 132 1 780 0.51738432227146058 11 0.87025461541045279 0.66131143857976282 1156 0.92200645347570143 12 0.94063220717504403 0.8186618608413585 135 8.0438594818115234 1 14.366636276245117 8.7656119060516353 0 0 0 0 0
161 8.0500000000000007 8.0999999999999996 337.21899999999999 4551 727998 8788 132 1 786 0.75230613019731307 11 1.0155069487435477 0.71980035554883715 1162 0.75249146494913988 12 0.93080004900694291 0.8164742325323745 136 11.566391944885254 1 13.304516792297363 6.5125740718841554 0 0 0 0 0
162 8.0999999999999996 8.1500000000000004 348.25299999999999 4525 732523 8788 132 1 791 0.76788673892853754 11 0.9432971742418077 0.77822555008388727 1170 0.80326579035939494 12 0.9059014605912018 0.81459664742648774 137 13.579131126403809 1 14.418817520141602 8.0073227024078371 0 0 0 0 0
163 8.1500000000000004 8.1999999999999993 348.59699999999998 4451 736974 8789 132 1 797 0.88432940982636954 11 1.1161122851901584 0.83709873377330735 1178 0.85393053236341987 12 0.96280396254481526 0.81470515538520583 137 4.9954843521118164 1 13.310246467590332 8.4980982208251952 0 0 0 0 0
164 8.1999999999999993 8.25 344.71800000000002 4590 741564 8793 132 1 801 0.69516396900964161 11 1.0769436548626612 0.82220077771989108 1184 0.73700174386738937 12 0.90357086731221659 0.76441209002790611 138 5.7052106857299805 1 14.605230331420898 9.2973460197448734 0 0 0 0 0
165 8.25 8.3000000000000007 342.91699999999997 4483 746047 8796 132 1 808 0.96829792809864834 11 1.0281740673004636 0.84069940705148016 1190 0.68011287228972028 12 0.89440668814664559 0.70497047107297983 139 7.0153536796569824 1 14.12718391418457 8.7029144191741938 0 0 0 0 0
166 8.3000000000000007 8.3499999999999996 337.10399999999998 4482 750529 8801 132 1 813 0.88360529475741911 11 0.99895115504189147 0.87749939623333162 1199 0.81919381529426305 12 0.99222472939086526 0.83527819003935933 140 7.8013501167297363 1 14.795106887817383 9.2218382263183596 0 0 0 0 0
167 8.3499999999999996 8.4000000000000004 333.56599999999997 4509 755038 8804 132 1 818 0.87870715818707901 11 0.97282383177015519 0.79850011920172048 1206 0.84256241987915581 12 0.86324535834278937 0.73362106430533691 141 9.1200847625732422 1 14.446884155273438 8.6944104003906251 0 0 0 0 0
168 8.4000000000000004 8.4499999999999993 335.70699999999999 4531 759569 8805 132 1 822 0.72589633057987879 11 1.0014059127323212 0.78620861587070268 1212 0.71211844549091163 12 0.94655694426989145 0.77779259716988502 142 11.461067199707031 1 13.998579025268555 7.6823480987548827 0 0 0 0 0
169 8.4499999999999993 8.5 334.66699999999997 4545 764114 8808 132 1 827 0.74976241458503023 11 1.0127876367833879 0.77002262947105227 1220 0.88822588588669971 12 0.88822588588669971 0.69051256583564813 142 4.2162928581237793 1 11.234123229980469 7.1725712203979493 0 0 0 0 0
170 8.5 8.5500000000000007 337.41699999999997 4493 768607 8813 132 1 833 0.95548964540163672 11 1.0559793488373832 0.74870401234144257 1225 0.58793084769976967 12 1.029771526703543 0.83784270143321948 143 5.341982364654541 1 13.951629638671875 8.8855308723449706 0 0 0 0 0
171 8.5500000000000007 8.5999999999999996 336.06599999999997 4538 773145 8815 132 1 837 0.76790365020907114 11 1.0760647418007019 0.82063717874506137 1234 0.75546420615277432 12 0.94136627910387982 0.80710931625246796 144 6.5954146385192871 1 14.102811813354492 8.7590611267089837 0 0 0 0 0
172 8.5999999999999996 8.6500000000000004 337.81400000000002 4454 777599 8817 132 1 843 0.9213583013486295 11 1.0182583605841038 0.80045558152099461 1239 0.58455931948236428 12 0.87205989890255076 0.70974214645998368 145 7.9696826934814453 1 14.234156608581543 8.6394283676147463 0 0 0 0 0
173 8.6500000000000004 8.7000000000000011 337.64299999999997 4534 782133 8820 132 1 847 0.71596617219112224 11 1.0931088559270379 0.83826570397922895 1249 0.8559134829791426 12 1.0329991028566075 0.81243129152561755 146 9.7025632858276367 1 14.187906265258789 8.2843894290924069 0 0 0 0 0
174 8.7000000000000011 8.75 334.72199999999998 4531 786664 8820 132 1 851 0.62094338673595639 11 0.88741918326547697 0.72899649713890613 1257 0.87880603848276917 12 0.96691653438516567 0.84220050393049528 147 11.20329475402832 1 14.529889106750488 8.5142248630523678 0 0 0 0 0
175 8.75 8.8000000000000007 345.13499999999999 4534 791198 8823 132 1 857 0.81608931076461599 11 0.92803402657857137 0.75917992087265906 1262 0.62640114039988126 12 0.91597655528300514 0.79042992835592574 148 13.445552825927734 1 14.276979446411133 7.7800880050659176 0 0 0 0 0
176 8.8000000000000007 8.8499999999999996 337.76499999999999 4469 795667 8826 132 1 862 0.90314492469769903 11 0.97836518826587715 0.70746279514977706 1271 0.8752865068413116 12 0.91100759763975403 0.72656801093832857 148 4.946345329284668 1 13.179312705993652 8.4145030498504632 0 0 0 0 0
177 8.8499999999999996 8.9000000000000004 335.161 4506 800173 8833 132 1 867 0.87490766703073553 11 1.1017727719218884 0.82160659604253594 1278 0.82821977092204868 12 0.93381513862593757 0.80335432870202783 149 6.1802248954772949 1 14.032194137573242 8.7784176158905023 0 0 0 0 0
178 8.9000000000000004 8.9500000000000011 334.25299999999999 4562 804735 8836 132 1 873 1.0032473713590806 11 1.0235143099796713 0.82532031046070486 1285 0.83689384630604369 12 0.88864446452038515 0.74816915419878971 150 7.390749454498291 1 14.299560546875 8.8015412235260015 0 0 0 0 0
179 8.9500000000000011 9 334.22000000000003 4503 809238 8838 132 1 878 0.94768386107205604 11 1.0685104969779786 0.84866059019865825 1291 0.71860362540024358 12 0.88145714964012845 0.76575998465797368 151 9.0952930450439453 1 14.122323036193848 8.312445249557495 0 0 0 0 0
180 9 9.0500000000000007 333.726 4473 813711 8841 132 1 883 0.93612138773353348 11 1.0319758109208268 0.80509801673272174 1299 0.67648681391131238 12 1.1168432679631419 0.90656183023609804 152 9.7223596572875977 1 15.095975875854492 9.3791843795776373 0 0 0 0 0
181 9.0500000000000007 9.0999999999999996 338.95100000000002 4515 818226 8841 132 1 888 0.79435645970507029 11 1.1880659187387383 0.93400289495705668 1309 1.0521020550721301 12 1.0521020550721301 0.70920933177896051 153 11.846384048461914 1 14.182696342468262 7.8971445941925049 0 0 0 0 0
182 9.0999999999999996 9.1500000000000004 340.06099999999998 4518 822744 8843 132 1 893 0.78133490468749078 11 0.96844722817568907 0.80654265270152281 1314 0.69400376522145868 12 1.0782467927217383 0.89506998395916038 154 13.682131767272949 1 14.528186798095703 8.182545471191407 0 0 0 0 0
183 9.1500000000000004 9.2000000000000011 335.74799999999999 4542 827286 8848 132 1 899 0.96443493836878202 11 1.1323249087057998 0.77110575823339089 1322 0.79038817956603158 12 0.87808517169213629 0.76944102703116035 154 5.0333766937255859 1 13.41120719909668 8.5625587272644044 0 0 0 0 0
184 9.2000000000000011 9.25 340.24299999999999 4445 831731 8849 132 1 903 0.86015490447529341 11 0.94533783190492104 0.73816138945711773 1328 0.66002183093019207 12 0.94156914965683791 0.77771573765098723 155 6.3003311157226562 1 14.021640777587891 8.7456726741790778 0 0 0 0 0
185 9.25 9.3000000000000007 333.19200000000001 4543 836274 8853 132 1 909 1.0542248314146494 11 1.0755215541005301 0.76024522609423517 1336 0.7761156513117532 12 1.026901653851461 0.74992810903846985 156 7.041506290435791 1 14.758541107177734 9.2662109470367433 0 0 0 0 0
186 9.3000000000000007 9.3499999999999996 335.69999999999999 4481 840755 8853 132 1 913 0.83401966787899529 11 1.0392524491607946 0.85293109871299233 1341 0.56778062176466892 12 0.8766875076818168 0.74679926015794251 157 9.0956258773803711 1 13.84318733215332 7.9663536167144775 0 0 0 0 0
187 9.3499999999999996 9.4000000000000004 337.75 4530 845285 8855 132 1 918 0.83975337781096737 11 0.92807098023542667 0.78797417332525399 1350 0.76395556920560426 12 1.0184342753530498 0.77875314040498989 158 13.050708770751953 1 13.314350128173828 6.0843351602554323 0 0 0 0 0
188 9.4000000000000004 9.4500000000000011 339.31599999999997 4549 849834 8857 132 1 921 0.55383383721290502 11 0.9458668501452604 0.75926046449714857 1357 0.71875999876096641 12 0.96583717993831864 0.80150176315928046 159 14.701749801635742 1 14.701749801635742 8.3654141998291021 0 0 0 0 0
189 9.4500000000000011 9.5 333.81200000000001 4452 854286 8857 132 1 926 0.59945586920681548 11 0.94958225302467747 0.74848346099306573 1364 0.70284184718510845 12 0.94723983657871991 0.77251632115134117 159 5.408473014831543 1 14.410635948181152 9.2006560039520267 0 0 0 0 0
190 9.5 9.5500000000000007 339.87400000000002 4516 858802 8857 132 1 931 0.61877045866006908 11 1.0832641087069861 0.77452881996191247 1372 0.85906541731393016 12 0.87641966893458412 0.71019834092787038 160 6.0962924957275391 1 14.697545051574707 9.3190359973907473 0 0 0 0 0
191 9.5500000000000007 9.5999999999999996 338.04500000000002 4532 863334 8860 132 1 936 0.76178669197663995 11 0.84190447896999676 0.65205991278002529 1377 0.69033584922927316 12 0.89531721254505692 0.70758855561015632 161 7.1592259407043457 1 14.416905403137207 8.9476614189147945 0 0 0 0 0
192 9.5999999999999996 9.6500000000000004 335.90499999999997 4485 867819 8863 132 1 941 0.70325894061626959 11 1.1829006471810526 0.85159534943427517 1386 0.87217691546224207 12 0.97268696068377059 0.79294418524381216 162 7.7509040832519531 1 14.996384620666504 9.4142195034027107 0 0 0 0 0
193 9.6500000000000004 9.7000000000000011 351.22300000000001 4478 872297 8866 132 1 946 0.75619246061531331 11 0.93228133259708645 0.7412448484846127 1393 0.78359164972278306 12 0.9570808796135778 0.84445919370303557 163 10.796866416931152 1 13.45372200012207 6.9843958520889284 0 0 0 0 0
194 9.7000000000000011 9.75 353.99299999999999 4523 876820 8867 132 1 950 0.73123110175208017 11 0.78252676925326548 0.65963332022414212 1401 0.88864905221782609 12 1.0243724290946596 0.76085454867874902 164 13.87260627746582 1 13.87260627746582 6.9549148082733154 0 0 0 0 0
195 9.75 9.8000000000000007 355.45499999999998 4496 881316 8869 132 1 955 0.81698708399472886 11 1.0180285362251715 0.70874944991296174 1406 0.66541943234309708 12 0.87550924571559019 0.76154535998627537 164 5.1034483909606934 1 13.597909927368164 8.6817617893219001 0 0 0 0 0
196 9.8000000000000007 9.8499999999999996 370.62900000000002 4504 885820 8871 132 1 958 0.60264666561849833 11 0.85334385814395208 0.68839473771237503 1415 0.83983115565921207 12 0.96603571775807284 0.80029954026120709 165 6.2380218505859375 1 14.163417816162109 8.8767365932464593 0 0 0 0 0
197 9.8499999999999996 9.9000000000000004 378.15600000000001 4487 890307 8875 132 1 963 0.70772427789113557 11 0.9447833864327233 0.68962040180999429 1422 0.8394203469009438 12 0.94835379030861022 0.7571634404783838 166 7.515385627746582 1 14.252781867980957 8.7353688526153572 0 0 0 0 0
198 9.9000000000000004 9.9500000000000011 352.89400000000001 4583 894890 8878 132 1 968 0.65375343915004047 11 1.0440056733636975 0.847083653153899 1429 0.75775419193472027 12 0.95033821874580149 0.83760901908568175 167 8.7698125839233398 1 14.458972930908203 8.7580762863159176 0 0 0 0 0
199 9.9500000000000011 10 365.036 4572 899462 8879 132 1 973 0.71928403801476226 11 0.88488431699007852 0.72877321150645147 1437 0.89446593458246548 12 0.93096976648273788 0.72951558462283161 168 11.833455085754395 1 13.611713409423828 6.9668907880783078 0 0 0 0 0
200 10 10.050000000000001 360.52199999999999 4413 903875 8882 132 1 979 0.82017723086225025 11 1.0361432361887073 0.85249333587460407 1443 0.77261464898978705 12 0.916380425044939 0.76928559810186703 168 4.3532857894897461 1 11.599137306213379 7.4056188297271728 0 0 0 0 0
201 10.050000000000001 10.1 337.88299999999998 4558 908433 8885 132 1 982 0.51368015897048602 11 1.0983897307968757 0.77963294497868474 1451 0.79076993756227143 12 1.0624970653010992 0.84689052795906306 169 5.8757061958312988 1 13.610284805297852 8.4927541112899778 0 0 0 0 0
202 10.1 10.15 348.78500000000003 4487 912920 8887 132 1 987 0.55778576981623729 11 1.0368832866139817 0.74998479321939993 1457 0.70069241466201648 12 0.89330153385355171 0.73782846333284358 170 7.931145191192627 1 13.609896659851074 7.9650451707839967 0 0 0 0 0
203 10.15 10.200000000000001 338.27100000000002 4517 917437 8889 132 1 993 0.75299117461355569 11 0.99630493861847924 0.75912103166292355 1466 0.8931065417019276 12 1.0273170148483703 0.78247654087180241 171 9.6883859634399414 1 14.16717529296875 8.2602713966369627 0 0 0 0 0
204 10.200000000000001 10.25 333.64600000000002 4552 921989 8889 132 1 996 0.52935728927988546 11 0.92673108792721559 0.69759548867824828 1471 0.64366051576743677 12 0.92720168151285964 0.7875005176136074 172 12.171379089355469 1 14.000417709350586 7.541751184463501 0 0 0 0 0
205 10.25 10.300000000000001 351.50999999999999 4507 926496 8893 132 1 1002 0.71388302760632116 11 1.0712053262116812 0.76969429512355314 1480 0.86563561946162215 12 0.9377318414368393 0.75321011712279895 173 14.378261566162109 1 14.378261566162109 7.8151121520996094 0 0 0 0 0
206 10.300000000000001 10.35 336.61000000000001 4551 931047 8894 132 1 1008 0.87697177391298231 11 0.98878283048913773 0.79091758914684851 1485 0.67407606258973041 12 0.84849489564193681 0.73019096116404536 173 5.2894682884216309 1 14.093552589416504 8.9982101249694821 0 0 0 0 0
207 10.35 10.4 334.07799999999997 4499 935546 8896 132 1 1013 0.80165958901550205 11 1.0173553581843318 0.86821236311991223 1493 0.78605360970559124 12 0.91471551841734988 0.75400337102810311 174 6.5760941505432129 1 14.061503410339355 8.7261958789825442 0 0 0 0 0
208 10.4 10.450000000000001 337.92000000000002 4498 940044 8896 132 1 1019 0.99262298219999501 11 0.99262298219999501 0.76332077106885976 1502 0.90938867618128383 12 1.0253328468911058 0.85086702277236059 175 8.7955989837646484 1 13.656985282897949 7.8026177787780764 0 0 0 0 0
209 10.450000000000001 10.5 341.709 4512 944556 8899 132 1 1022 0.64456629052868997 11 1.0200983369511312 0.82077823972617669 1508 0.75568987641920038 12 0.8971727030224862 0.80081561202549412 176 10.006401062011719 1 14.632204055786133 8.8012649917602541 0 0 0 0 0
210 10.5 10.550000000000001 348.78399999999999 6620 951176 9258 190 1 1825 81.306392518300854 126 81.306392518300854 47.602385474916517 2685 80.963048429746891 185 80.963048429746891 47.835249993195404 178 16.288455963134766 1 20.706684112548828 13.780554876327514 0 0 0 0 0
211 10.550000000000001 10.6 343.048 6429 957605 9280 205 1 2537 102.27333849952335 126 104.18640397086976 92.257901232280432 3761 104.163410990947 185 105.50327585581186 93.355197657404716 181 22.98006010055542 2 32.164514541625977 23.375083236694337 0 0 0 0 0
212 10.6 10.65 342.755 6486 964091 9283 205 1 3290 113.28850246611096 126 114.29445726909334 108.618423133729 4874 114.70453206655141 185 115.60216344884924 109.888263375772 183 20.327008485794067 2 28.34259033203125 22.626611182689668 0 0 0 0 0
213 10.65 10.700000000000001 341.91899999999998 6509 970600 9291 205 1 4001 111.66079554482111 126 119.88849391634503 114.46864355783612 5936 113.64173142716692 185 121.06880682867927 115.86302982639617 185 19.409307599067688 2 26.54300856590271 20.908559765815735 0 0 0 0 0
214 10.700000000000001 10.75 341.791 6583 977183 9298 219 1 4789 119.9089843507797 126 120.06794393630256 116.91337981814429 7106 121.90791329048776 185 121.90791329048776 118.30268853429848 188 23.511040687561035 2 33.949661254882812 25.939144551753998 0 0 0 0 0
215 10.75 10.800000000000001 355.18000000000001 6447 983630 9301 219 1 5515 117.56571209619916 126 121.29586004832434 117.55802086724178 8178 118.75343879493508 185 122.74250088253537 119.01493042899462 190 20.762192726135254 2 28.395096063613892 22.721443428993226 0 0 0 0 0
216 10.800000000000001 10.85 357.42099999999999 6558 990188 9306 219 1 6262 118.05363131326342 126 121.90772319975353 118.08836033533491 9288 119.26849439466322 185 123.22916630925359 119.49006910746806 193 24.709593296051025 2 34.028264045715332 26.09193688392639 0 0 0 0 0
217 10.85 10.9 382.79300000000001 6470 996658 9309 219 1 6994 116.36529777163551 126 120.78896216740684 117.86198750450495 10373 117.24659807359851 185 122.46448224041913 119.29904777320657 195 20.27182936668396 2 30.956787109375 24.393532752990723 0 0 0 0 0
218 10.9 10.950000000000001 361.34300000000002 6585 1003243 9313 219 1 7755 119.06322152273995 126 121.78251538957868 118.1226163143582 11520 121.63287518475506 185 123.38232586834881 119.65743042899467 198 24.706028938293457 2 36.857058525085449 25.609996187686921 0 0 0 0 0
219 10.950000000000001 11 342.149 6590 1009833 9320 219 1 8509 120.74774648272802 126 122.19001315888904 118.01479041326611 12630 122.09740893389727 185 123.03717560639252 119.54008183164855 200 19.619349002838135 2 32.255598068237305 25.035982327461241 0 0 0 0 0
220 11 11.050000000000001 343.303 6424 1016257 9322 219 1 9227 116.54687421284025 126 121.30263755435035 118.12726953536747 13697 117.86115392736487 185 122.97251054918443 119.54539724071604 203 22.86555290222168 2 35.503499984741211 26.786146142482757 0 0 0 0 0
221 11.050000000000001 11.1 345.762 6465 1022722 9326 219 1 9973 116.91048491947235 126 121.79702171446785 118.05271904597207 14804 118.11383555644267 185 123.54672962910421 119.42551469957507 205 18.405607223510742 2 31.434627056121826 24.415493540763855 0 0 0 0 0
222 11.1 11.15 347.69900000000001 6536 1029258 9331 219 1 10725 118.19506720891074 126 121.56465687827459 118.09329217819938 15935 120.81558380126953 185 123.22087674527555 119.59543905887091 208 25.951529502868652 2 28.112955093383789 22.529285377264024 0 0 0 0 0
223 11.15 11.200000000000001 347.452 6527 1035785 9333 219 1 11481 119.91444887433734 126 121.89966928391229 118.29776166522315 17048 121.43392548432222 185 123.17263241329708 119.71215368982264 211 29.289896488189697 2 35.338315963745117 26.694912457466124 0 0 0 0 0
224 11.200000000000001 11.25 343.12 6422 1042207 9335 219 1 12200 115.9296753292992 126 121.52688489641461 118.07204260205467 18117 117.39618328197582 185 122.8308080312368 119.56506189872124 213 26.173750162124634 2 28.709917306900024 23.085090041160583 0 0 0 0 0
225 11.25 11.300000000000001 341.209 6534 1048741 9337 219 1 12943 115.6997325836666 126 121.88299978347052 118.16413678487139 19222 117.29380526156039 185 123.26847097036001 119.56078959697001 216 29.749602794647217 2 36.081602096557617 26.459785268306732 0 0 0 0 0
226 11.300000000000001 11.35 342.61099999999999 6572 1055313 9339 219 1 13718 120.7230852520655 126 121.65609444512262 118.04255899096292 20368 121.79213582631704 185 123.49481559959618 119.43836577874262 218 25.158966302871704 2 29.842414855957031 24.544880981445313 0 0 0 0 0
227 11.35 11.4 340.62900000000002 6488 1061801 9344 219 1 14450 118.75307815793961 126 121.31852080330016 118.14082710508319 21458 120.00654523694837 185 123.01965063971443 119.60560639994851 221 27.81890344619751 2 35.713125228881836 27.36656960248947 0 0 0 0 0
228 11.4 11.450000000000001 347.01299999999998 6529 1068330 9345 219 1 15197 119.25613772679888 126 121.66697717091394 118.07335975646973 22567 120.43915153709618 185 123.11022652290963 119.46357220788903 223 23.724275231361389 2 29.309252500534058 24.053817656040192 0 0 0 0 0
229 11.450000000000001 11.5 343.52999999999997 6468 1074798 9345 219 1 15911 114.48940809946211 126 121.56952976045154 118.05253534952797 23641 117.00182239429371 185 123.30250710152291 119.51115461277317 225 22.013249099254608 2 27.128024101257324 21.693977818489074 0 0 0 0 0
230 11.5 11.550000000000001 349.30000000000001 6557 1081355 9349 219 1 16695 120.86938046652173 126 120.86938046652173 118.12803184630383 24803 123.06675864554741 185 123.06675864554741 119.61710163755676 228 29.229940414428711 2 34.994590759277344 22.855232444405555 0 0 0 0 0
231 11.550000000000001 11.6 344.74599999999998 6500 1087855 9351 219 1 17417 117.33360435849144 126 121.4917472960457 118.10369174170116 25880 119.86280162914379 185 123.42501150595176 119.60443223777979 230 23.360402822494507 2 31.992178440093994 25.811041021347044 0 0 0 0 0
232 11.6 11.65 345.79599999999999 6501 1094356 9355 219 1 18166 118.0115217178587 126 122.19180546109638 118.21770420982725 26979 119.11755890717377 185 123.50127464500633 119.54860216047955 233 28.390478134155273 2 36.091365814208984 25.020059609413146 0 0 0 0 0
233 11.65 11.700000000000001 339.67899999999997 6461 1100817 9357 219 1 18885 114.06912909613715 126 120.91710553850446 118.03006606329049 28056 115.95699796934386 185 122.96639363056904 119.56147042186836 235 22.956156015396118 2 31.791184902191162 25.380161924362184 0 0 0 0 0
234 11.700000000000001 11.75 349.27199999999999 6572 1107389 9358 219 1 19664 119.48747871035621 126 121.37956128801618 118.28642174130397 29218 121.92530030946473 185 123.2984706981762 119.71277321562894 238 28.439736366271973 2 36.15399169921875 24.571069626808168 0 0 0 0 0
235 11.75 11.800000000000001 343.173 6481 1113870 9359 219 1 20408 119.5539436340332 126 121.24091163514153 118.02941515604654 30317 121.16303929509343 185 123.38035521636138 119.565450003959 240 22.820062160491943 2 31.829166412353516 25.563666634559631 0 0 0 0 0
236 11.800000000000001 11.85 343.46600000000001 6442 1120312 9359 219 1 21135 116.88869076683407 126 121.01168992784288 118.03549367147779 31397 118.32133252942884 185 122.92543301968961 119.57011730297192 242 20.813377022743225 2 27.851556301116943 21.986684653759003 0 0 0 0 0
237 11.85 11.9 341.197 6557 1126869 9359 219 1 21883 117.65791714380659 126 121.20448394048782 117.96857629079668 32498 117.98440213590055 185 122.45102934966216 119.36057316713077 245 29.308156967163086 2 31.7491455078125 21.589881993532181 0 0 0 0 0
238 11.9 11.950000000000001 346.89999999999998 6604 1133473 9362 219 1 22630 118.04740615118118 126 121.4425058516245 118.18579616849385 33633 121.16171784272065 185 122.86735963563662 119.55702559105126 247 23.293751955032349 2 32.498766422271729 25.9544637298584 0 0 0 0 0
239 11.950000000000001 12 344.178 6494 1139967 9364 219 1 23390 120.47459678044395 126 121.46539215814499 118.23189800928509 34741 121.30650816221495 185 122.70631920067039 119.64041048039613 249 21.081175208091736 2 27.861346960067749 22.190526325702667 0 0 0 0 0
240 12 12.050000000000001 343.94499999999999 6473 1146440 9364 219 1 24102 115.43361639598059 126 120.65495693872846 118.00659356495689 35818 118.2013810028901 185 121.96016952927049 119.50659068834459 252 24.168788909912109 2 35.996150016784668 26.943162682056428 0 0 0 0 0
241 12.050000000000001 12.1 340.798 6548 1152988 9367 219 1 24854 116.73155224512494 126 121.44464492797852 118.08005649990506 36915 117.35149816564612 185 122.71976714263091 119.43598171502191 254 20.441128611564636 2 30.088130474090576 23.690515847206115 0 0 0 0 0
242 12.1 12.15 342.76799999999997 6497 1159485 9370 219 1 25603 117.5395872933524 126 121.65779156155057 118.08888371179977 38050 120.55674487964527 185 122.81863052780564 119.52937340731238 256 19.069797873497009 2 26.974527955055237 21.357669844627381 0 0 0 0 0
243 12.15 12.200000000000001 348.69400000000002 6524 1166009 9374 219 1 26360 119.3988032265315 126 120.99696531749908 118.31802194746712 39161 120.98154259759026 185 122.83271641086888 119.68751827508048 258 18.197063520550728 2 26.150869786739349 20.864032125771047 0 0 0 0 0
244 12.200000000000001 12.25 347.447 6521 1172530 9377 219 1 27101 118.91092978583441 126 121.5059700012207 118.10203842163081 40242 118.35612702240815 185 123.07522533519848 119.46409213669234 261 22.110156536102295 2 33.462634086608887 26.125904905796052 0 0 0 0 0
245 12.25 12.300000000000001 342.32499999999999 6483 1179013 9379 219 1 27826 115.76236997331891 126 120.98222102816143 118.19652586679612 41333 116.81475500158362 185 122.76718580916121 119.47193134369719 263 18.877117991447449 2 29.510610580444336 23.200824489593504 0 0 0 0 0
246 12.300000000000001 12.35 340.46300000000002 6558 1185571 9382 219 1 28603 120.91049042959062 126 121.06102546812996 118.2364962562682 42495 122.95787934999208 185 122.95787934999208 119.53969444398621 266 21.111133098602295 2 36.65052604675293 27.788245277404783 0 0 0 0 0
247 12.35 12.4 362.39299999999997 6430 1192001 9384 219 1 29326 117.37966464814686 126 121.34506231641012 118.25751963418629 43578 120.38094560777819 185 122.58294079754803 119.6323072196342 268 18.088343977928162 2 29.388692855834961 22.992662794589997 0 0 0 0 0
248 12.4 12.450000000000001 359.233 6543 1198544 9389 219 1 30084 119.58277717469231 126 121.53828157697406 118.13628187270392 44678 119.81725884514886 185 122.69932366448479 119.47696688595333 270 16.771936118602753 2 26.935620784759521 21.303293436765671 0 0 0 0 0
249 12.450000000000001 12.5 369.95699999999999 6493 1205037 9390 219 1 30798 114.96718875945561 126 120.57116408575149 117.90290144420804 45755 116.68568655477988 185 122.87008634000212 119.53277085587783 274 30.06581974029541 2 33.246715545654297 26.838611112833021 0 0 0 0 0
250 12.5 12.550000000000001 355.62599999999998 6543 1211580 9390 219 1 31571 119.56516901652019 126 120.7323728288923 118.14623297797309 46918 122.78067008353568 185 122.78067008353568 119.69546303743925 276 26.847406506538391 2 29.470476150512695 23.186334257125853 0 0 0 0 0
251 12.550000000000001 12.6 350.36599999999999 6486 1218066 9391 219 1 32302 117.55581289624411 126 121.01049677530925 118.02105553642149 47991 119.22487863076699 185 123.13548419024494 119.52032966077651 278 24.108954429626465 2 29.446743011474609 22.711162215471269 0 0 0 0 0
252 12.6 12.65 347.09500000000003 6578 1224644 9391 219 1 33049 117.99335001385401 126 120.72220793224517 118.13823188176229 49096 119.05884378794077 185 123.08816359236434 119.62381529854434 280 18.91020941734314 2 33.064289093017578 25.146929411888124 0 0 0 0 0
253 12.65 12.700000000000001 343.41399999999999 6403 1231047 9393 219 1 33787 117.23224046495226 126 120.09385414729043 117.89635811578661 50181 116.88519328349345 185 122.76504747545397 119.44926131212389 283 26.699533343315125 2 28.436422824859619 22.288306021690367 0 0 0 0 0
254 12.700000000000001 12.75 343.358 6640 1237687 9395 219 1 34543 119.00102924165272 126 121.16494308956085 118.24881477840363 51335 121.99081057986697 185 123.23159398259344 119.70199775572078 286 29.832422733306885 2 35.192425727844238 26.898336240053176 0 0 0 0 0
255 12.75 12.800000000000001 343.815 6419 1244106 9400 219 1 35294 120.0828229510595 126 120.57028270903088 118.13531562441877 52438 121.58819291398332 185 123.18983339876742 119.64182470290726 288 25.476587295532227 2 29.50195837020874 24.31241723060608 0 0 0 0 0
256 12.800000000000001 12.85 341.32299999999998 6466 1250572 9406 219 1 36013 116.04793221609933 126 120.77879115513393 118.12164263528493 53517 118.61492070378483 185 122.85529368632548 119.59226588068778 290 23.656812131404877 2 27.323119521141052 21.80164247751236 0 0 0 0 0
257 12.85 12.9 342.71499999999997 6607 1257179 9408 219 1 36764 117.20292445591518 126 120.955015818278 118.06284506056046 54615 117.78389360582506 185 122.98584673082506 119.52542173560893 293 28.815016269683838 2 33.030340194702148 24.893202154040338 0 0 0 0 0
258 12.9 12.950000000000001 351.387 6549 1263728 9411 219 1 37514 118.14527844625806 126 120.89217182946584 118.11463448660717 55753 121.26793687150285 185 122.66457371067357 119.57768279946815 295 24.707557201385498 2 29.60614013671875 24.066520018577577 0 0 0 0 0
259 12.950000000000001 13 341.51400000000001 6449 1270177 9413 219 1 38268 119.541992914109 126 121.35492760794503 118.29972309294199 56855 120.78822722563872 185 123.07491488070102 119.61004024856153 297 23.022630512714386 2 26.797207236289978 21.668131881952284 0 0 0 0 0
260 13 13.050000000000001 341.61200000000002 6494 1276671 9416 219 1 38989 115.92248032585023 126 121.15877048552983 118.02786468142557 57929 117.38607004526499 185 122.26981374379751 119.47633666497308 300 27.982815265655518 2 33.501512050628662 25.089246480464936 0 0 0 0 0
261 13.050000000000001 13.1 350.72300000000001 6501 1283172 9418 219 1 39736 116.29154023670014 126 121.05600805131216 118.20602217416916 59036 117.61782568854255 185 123.06571927457243 119.44620486120279 303 32.571392059326172 2 33.900657653808594 25.457156672477723 0 0 0 0 0
262 13.1 13.15 343.66300000000001 6583 1289755 9423 219 1 40502 119.80753853207543 126 120.7181907532707 118.10632164485871 60179 121.75030995961782 185 123.3594638721363 119.47624505532754 305 24.651559352874756 2 35.014883041381836 27.840899791717529 0 0 0 0 0
263 13.15 13.200000000000001 345.49599999999998 6523 1296278 9424 219 1 41237 118.25530297415597 126 121.04971713111514 118.20341280255998 61270 120.04082093109956 185 122.65755066742769 119.63837266004408 307 21.521895051002502 2 28.53191089630127 23.098473045825958 0 0 0 0 0
264 13.200000000000001 13.25 346.17899999999997 6466 1302744 9429 219 1 41984 118.72634590996637 126 121.0995374407087 118.10506076388893 62373 119.79749986803209 185 123.35060321704762 119.48411444504193 310 26.890063762664795 2 36.297788619995117 24.685329802036286 0 0 0 0 0
265 13.25 13.300000000000001 343.19299999999998 6452 1309196 9430 219 1 42703 114.79005183870831 126 121.21628043765114 118.02402491857133 63454 117.04632729195259 185 123.14444180050411 119.58859395125104 312 21.675546407699585 2 31.9163818359375 25.162541756629945 0 0 0 0 0
266 13.300000000000001 13.35 353.81099999999998 6563 1315759 9431 219 1 43480 120.09918297661676 126 120.72363753545852 118.07709234691802 64617 123.14323664484797 185 123.14323664484797 119.69355610780461 315 26.029111385345459 2 35.845406532287598 25.689826312065126 0 0 0 0 0
267 13.35 13.4 356.18799999999999 6487 1322246 9431 219 1 44211 117.96296171158079 126 121.39091098119341 118.14665796673489 65692 119.6602758046743 185 123.36842968914959 119.66444120912294 317 20.620473623275757 2 32.0812087059021 25.354728660583497 0 0 0 0 0
268 13.4 13.450000000000001 342.38900000000001 6456 1328702 9433 219 1 44958 118.29860753861685 126 121.52557239835224 118.23910772293331 66793 119.188348223712 185 122.71760410618138 119.49422811972127 320 25.23383617401123 2 36.899044036865234 25.432612659931184 0 0 0 0 0
269 13.450000000000001 13.5 347.19900000000001 6480 1335182 9435 219 1 45680 114.82214864095052 126 120.57532658652654 118.04496774582634 67869 116.12972094561603 185 122.15158683158256 119.35244528775604 322 19.944933652877808 2 32.733177185058594 25.23619228363037 0 0 0 0 0
270 13.5 13.550000000000001 344.82600000000002 6603 1341785 9438 219 1 46449 118.56313765995087 126 121.60743822370257 118.35976506187802 69028 121.92586150298247 185 122.61450632456187 119.55889640766867 325 23.676686763763428 2 34.622052192687988 26.305440223217012 0 0 0 0 0
271 13.550000000000001 13.6 344.58499999999998 6433 1348218 9438 219 1 47199 119.42309225173224 126 121.54073037041559 118.19621501740953 70115 119.97848952009871 185 123.02428131103515 119.44145470036686 327 19.946753263473511 2 30.484183788299561 23.692763395309449 0 0 0 0 0
272 13.6 13.65 354.69999999999999 6527 1354745 9441 219 1 47932 117.41918067326621 126 120.61807172260588 118.33312774900405 71210 118.73017458529085 185 123.34559536495725 119.61422850325302 330 25.205723285675049 2 36.128101348876953 24.793440766334534 0 0 0 0 0
273 13.65 13.700000000000001 348.75900000000001 6504 1361249 9442 219 1 48684 118.71994811769515 126 121.39537956601097 118.07725438556974 72311 118.3083616102064 185 123.18317104030299 119.44461430730045 332 20.149978876113892 2 32.25613260269165 25.005360994338989 0 0 0 0 0
274 13.700000000000001 13.75 346.74799999999999 6501 1367750 9447 219 1 49419 117.19221799335783 126 121.55807174198212 118.1791481853667 73445 121.32084511421822 185 122.8955766007707 119.61211009504989 335 25.658514022827148 2 33.277291297912598 24.546372039318086 0 0 0 0 0
275 13.75 13.800000000000001 344.06799999999998 6541 1374291 9449 219 1 50181 120.07358278547015 126 121.37693362765842 118.09971169002472 74554 121.63618914629961 185 123.00143787280933 119.57966852631438 337 19.761232137680054 2 33.586452484130859 25.838507304191591 0 0 0 0 0
276 13.800000000000001 13.85 346.738 6471 1380762 9450 219 1 50901 116.39507221040272 126 120.9040902152894 117.92754631526884 75625 117.92047506796347 185 122.36164538409258 119.46244274077544 341 34.800741195678711 2 34.800741195678711 25.110378162860869 0 0 0 0 0
277 13.85 13.9 343.65699999999998 6470 1387232 9453 219 1 51649 117.06742604573567 126 120.97622511121962 118.06448508853003 76722 117.16610107421874 185 122.87448751088735 119.34142670172616 343 28.20107889175415 2 34.111640930175781 26.533890724182129 0 0 0 0 0
278 13.9 13.950000000000001 347.101 6563 1393795 9453 219 1 52394 117.27342157515268 126 121.08050095088898 118.05000359792557 77863 121.1452170707084 185 122.95340638031831 119.41186871997731 345 25.468286156654358 2 27.70354151725769 22.705558183193208 0 0 0 0 0
279 13.950000000000001 14 344.60300000000001 6486 1400281 9453 219 1 53148 118.72755940755208 126 120.66758413163443 118.24287385607521 78966 120.68667771622941 185 122.96701495196368 119.6971891768172 347 23.583957433700562 2 26.972564578056335 21.865547748804094 0 0 0 0 0
280 14 14.050000000000001 342.85700000000003 6457 1406738 9455 219 1 53891 118.73100323147244 126 121.6716045803494 117.93307852972124 80051 118.4263430621173 185 122.71584089124525 119.53508584429774 349 22.333387032151222 2 26.354627966880798 21.238107183575629 0 0 0 0 0
281 14.050000000000001 14.1 345.14999999999998 6491 1413229 9456 219 1 54618 115.89330358353872 126 121.60766843765501 118.20622318933881 81142 116.81111982190932 185 123.39115909885716 119.54504815591348 352 31.402227401733398 2 31.402227401733398 21.021543428748846 0 0 0 0 0
282 14.1 14.15 343.13 6575 1419804 9460 219 1 55395 120.99582871936616 126 120.99582871936616 118.28164030287002 82307 123.25583953857422 185 123.25583953857422 119.56543222375817 354 24.574738740921021 2 33.16400146484375 26.759445157051086 0 0 0 0 0
283 14.15 14.200000000000001 343.01499999999999 6517 1426321 9462 219 1 56119 117.68474815005348 126 121.44545594472734 118.19869645981565 83385 120.17076811919341 185 122.4700806488862 119.594843778868 356 21.805181503295898 2 28.473850250244141 22.741957781314849 0 0 0 0 0
284 14.200000000000001 14.25 343.25400000000002 6448 1432769 9464 219 1 56871 118.98463488382006 126 121.37003084213015 118.07812754434254 84488 119.81934340193465 185 122.90214155042494 119.59114427556219 359 24.818572998046875 2 34.987883567810059 27.01664294719696 0 0 0 0 0
285 14.25 14.300000000000001 344.214 6484 1439253 9468 219 1 57595 115.84211179945204 126 120.95277489556207 118.03182069082114 85566 116.82491888097815 185 123.09479221653294 119.50510025519294 362 28.54958438873291 2 36.29362678527832 26.306174454689025 0 0 0 0 0
286 14.300000000000001 14.35 343.63200000000001 6579 1445832 9470 219 1 58360 118.95889179290288 126 121.58740191989475 118.34283173212927 86719 121.88600340147276 185 122.38186208364125 119.63797952765385 364 23.014689683914185 2 31.913862228393555 25.479732422828675 0 0 0 0 0
287 14.35 14.4 349.20400000000001 6479 1452311 9473 219 1 59097 117.71268136160714 126 120.94574368189252 118.21789655534047 87803 119.42981274579023 185 122.58353518924197 119.62088032655458 366 20.824298977851868 2 27.646172523498535 22.168561770915986 0 0 0 0 0
288 14.4 14.450000000000001 343.80900000000003 6492 1458803 9473 219 1 59843 117.90523141527933 126 120.47816025264679 118.22204809037467 88911 119.56042233028927 185 122.86476432181693 119.65445468799493 369 24.799288749694824 2 33.503875732421875 26.064627492427825 0 0 0 0 0
289 14.450000000000001 14.5 344.74200000000002 6461 1465264 9476 219 1 60582 117.15811072455512 126 120.62783002096509 118.04124137878419 89990 116.77910927437448 185 122.44423473461254 119.40222077323295 371 21.144432067871094 2 29.802557945251465 23.618428969383238 0 0 0 0 0
290 14.5 14.550000000000001 341.31200000000001 6580 1471844 9478 219 1 61331 117.80010223388672 126 120.94151318262494 118.25327186584471 91142 121.69498666299356 185 122.82261641218855 119.67363130476667 374 23.577493190765381 2 35.819478988647461 27.591188361644743 0 0 0 0 0
291 14.550000000000001 14.6 343.12799999999999 6590 1478434 9479 219 1 62092 120.43729661002992 126 120.78772578163752 118.18271886431981 92247 121.47491203514305 185 122.98772211848079 119.67731818369273 377 28.983582496643066 2 34.012544631958008 24.647796287536622 0 0 0 0 0
292 14.6 14.65 347.98000000000002 6371 1484805 9480 219 1 62814 116.87695560758075 126 120.26241496252635 118.12801096235006 93329 118.81393362509237 185 122.74563301705025 119.60741066350161 379 22.300482034683228 2 33.630413055419922 26.616501555442809 0 0 0 0 0
293 14.65 14.700000000000001 346.00799999999998 6509 1491314 9483 219 1 63565 117.9210934109158 126 120.64880377148825 118.17259926084488 94425 117.80608145224082 185 123.18996272731472 119.48427144148543 382 27.717432022094727 2 33.854145050048828 24.637042512893675 0 0 0 0 0
294 14.700000000000001 14.75 345.17500000000001 6543 1497857 9484 219 1 64306 117.44141999502031 126 120.80014013865637 118.0939205993168 95564 121.34960038468644 185 122.78132781982421 119.62690733131203 384 21.156944513320923 2 33.997037887573242 26.495106348991396 0 0 0 0 0
295 14.75 14.800000000000001 352.10199999999998 6522 1504379 9485 219 1 65058 118.61545974489242 126 120.24067463950506 118.20271853007969 96667 120.94336209683804 185 123.01357656942831 119.6454106973184 386 18.445127964019775 2 29.044254779815674 22.684788103103639 0 0 0 0 0
296 14.800000000000001 14.85 346.77699999999999 6484 1510863 9487 219 1 65791 116.84682173956008 126 120.21086356753395 118.10019700549897 97746 118.03464433824693 185 122.30963402825432 119.52835606920395 389 23.823894500732422 2 35.541070938110352 24.674842046499251 0 0 0 0 0
297 14.85 14.9 348.80799999999999 6515 1517378 9489 219 1 66537 117.06442690652514 126 120.69857957628038 118.19724194844567 98845 117.35024158374684 185 122.95469917091164 119.48836991593643 391 19.215129852294922 2 31.892886638641357 24.562837967872621 0 0 0 0 0
298 14.9 14.950000000000001 359.584 6518 1523896 9489 219 1 67293 119.0187749711294 126 120.27845515902081 118.06510676429383 99990 121.5960969667177 185 122.88142828039221 119.58022058517871 395 33.089718341827393 2 37.475237846374512 26.263690054416656 0 0 0 0 0
299 14.950000000000001 15 344.084 6512 1530408 9490 219 1 68031 118.02189545404343 126 120.27657178848509 118.12977999006 101089 120.59380460172086 185 122.4269479700037 119.80309094073318 398 36.348472595214844 2 36.348472595214844 26.773724017143248 0 0 0 0 0
300 15 15.050000000000001 346.971 6513 1536921 9493 219 1 68787 119.71396079895989 126 121.13597106933594 118.32477855258523 102190 119.99906653326912 185 123.09271768105997 119.6158158132192 400 29.277577877044678 2 35.628724098205566 27.000427350997924 0 0 0 0 0
301 15.050000000000001 15.1 344.59199999999998 6504 1543425 9494 219 1 69504 115.33488585456969 126 120.81225785754975 118.14493556431361 103270 117.1695830061629 185 122.49227595973659 119.55801792371597 402 26.361386656761169 2 28.697842597961426 22.887131779193879 0 0 0 0 0
302 15.1 15.15 343.07299999999998 6569 1549994 9496 219 1 70273 119.35562200394888 126 120.17257327125186 118.08280639648439 104427 122.72061874802048 185 122.72061874802048 119.58534397022144 405 29.737228870391846 2 33.695408821105957 26.657799782752992 0 0 0 0 0
303 15.15 15.200000000000001 342.65899999999999 6537 1556531 9497 219 1 71006 117.63595484173487 126 120.15821257091704 118.05171629527261 105508 119.88885048531198 185 122.62172068003062 119.66838880961653 407 26.530477643013 2 29.148393154144287 23.174790511131288 0 0 0 0 0
304 15.200000000000001 15.25 339.733 6510 1563041 9500 219 1 71759 118.92514340839689 126 121.19718230716767 118.24744950430735 106615 119.97514809273385 185 122.35886770712362 119.59021712679476 410 33.264589309692383 2 34.62214183807373 23.332997025251387 0 0 0 0 0
305 15.25 15.300000000000001 348.00999999999999 6415 1569456 9501 219 1 72476 114.69081479027157 126 120.43244479951404 118.00163230653794 107683 116.04949311952333 185 122.29155364165435 119.3459679425214 412 27.519408226013184 2 32.60590648651123 25.687927222251894 0 0 0 0 0
306 15.300000000000001 15.35 342.03800000000001 6587 1576043 9502 219 1 73246 118.72822570800781 126 120.74193869696722 118.22502652607265 108842 121.88623092238967 185 122.54590181917757 119.51870449499178 414 25.71458899974823 2 26.974488019943237 21.786833372116089 0 0 0 0 0
307 15.35 15.4 341.72899999999998 6487 1582530 9506 219 1 73996 119.6507451496427 126 120.60110352531312 118.1342715478322 109928 119.78523914234059 185 122.63547194197371 119.48543684510929 416 24.741912573575974 2 26.133859932422638 20.962978017330169 0 0 0 0 0
308 15.4 15.450000000000001 342.56 6477 1589007 9511 219 1 74731 118.18761226109096 126 119.92408243815105 118.11519567459351 111028 119.05892037056587 185 122.58301680281356 119.63797876388962 418 24.081484720110893 2 25.835355311632156 20.65384942382574 0 0 0 0 0
309 15.450000000000001 15.5 342.94200000000001 6510 1595517 9515 219 1 75470 117.44852913750543 126 120.57322184244792 118.03328157212998 112127 118.45883702458562 185 122.41714741474874 119.40489275133288 420 23.726541291922331 2 25.723324723541737 20.351406183391809 0 0 0 0 0
310 15.5 15.550000000000001 343.23399999999998 6572 1602089 9517 219 1 76213 117.30912556723943 126 120.36518018207853 118.07450206938243 113261 121.47904865161793 185 123.28574053790118 119.60445902396536 423 27.768886089324951 2 33.596087455749512 25.99794504739344 0 0 0 0 0
311 15.550000000000001 15.6 343.38400000000001 6442 1608531 9520 219 1 76972 119.70477416023375 126 119.71805027553013 118.10439503745431 114368 121.59169756915118 185 122.62182068695893 119.56412865633578 426 31.689455032348633 2 35.02226448059082 26.118503341674806 0 0 0 0 0
312 15.6 15.65 342.267 6524 1615055 9521 219 1 77701 117.35494286673409 126 119.87554247417147 118.04067703247073 115439 117.83213814400338 185 122.4868659354545 119.50585729485589 428 26.049988508224487 2 31.142738342285156 25.583260221481325 0 0 0 0 0
313 15.65 15.700000000000001 342.28100000000001 6519 1621574 9523 219 1 78437 116.13058798653739 126 120.16190864926293 118.03752785092307 116544 117.72783260860959 185 122.82770356874208 119.56270150014515 431 28.880062580108643 2 35.969710350036621 27.198130364418031 0 0 0 0 0
314 15.700000000000001 15.75 345.44499999999999 6486 1628060 9524 219 1 79184 116.67302055964394 126 119.51557183644128 118.03438083951434 117675 120.40958074621253 185 122.68442972544078 119.6152279514622 433 25.307206392288208 2 28.87621545791626 23.537243118286131 0 0 0 0 0
315 15.75 15.800000000000001 346.87400000000002 6588 1634648 9524 219 1 79945 119.39901884775313 126 120.0178461226206 118.09479751829117 118782 120.42057664201066 185 122.58306352770006 119.66476769854569 436 27.750536441802979 2 33.911586761474609 27.581017975807189 0 0 0 0 0
316 15.800000000000001 15.85 348.98099999999999 6419 1641067 9525 219 1 80683 118.51864957052564 126 120.24635484483507 118.01443380446661 119863 117.74565858583192 185 122.49951642010663 119.51310424227326 438 24.710711717605591 2 28.134065866470337 23.009534754753112 0 0 0 0 0
317 15.85 15.9 350.81799999999998 6502 1647569 9527 219 1 81418 116.96921460590666 126 120.27060632857065 118.20064064025883 120966 117.42637131149705 185 122.95573779956715 119.55932579411687 440 23.482653915882111 2 26.464748620986938 21.215821723937989 0 0 0 0 0
318 15.9 15.950000000000001 359.58300000000003 6614 1654183 9528 219 1 82178 119.4631844172402 126 119.95647817944723 118.16578654334658 122122 122.90448938318201 185 123.10553576495197 119.5494284470017 443 30.336242198944092 2 34.204015731811523 23.214716339707376 0 0 0 0 0
319 15.950000000000001 16 343.88499999999999 6491 1660674 9529 219 1 82913 117.90515621124752 126 120.08356869409955 118.20914817204556 123208 120.59144353093328 185 122.61150034311656 119.69537746532544 445 25.339117765426636 2 31.06554126739502 24.947325196266174 0 0 0 0 0
320 16 16.050000000000001 357.65800000000002 6498 1667172 9532 219 1 83663 118.80860803997706 126 120.09319444686648 118.15315253363717 124303 119.41077031315984 185 122.53479238974082 119.54726157193566 448 28.171496391296387 2 36.368565559387207 27.195851716995239 0 0 0 0 0
321 16.050000000000001 16.100000000000001 362.31400000000002 6464 1673636 9532 219 1 84387 115.58484746539403 126 120.10532954382518 118.11224624875993 125384 116.70897295152818 185 122.86792701514992 119.53971370635163 450 23.750611782073975 2 29.952294826507568 24.376818885803221 0 0 0 0 0
322 16.100000000000001 16.149999999999999 349.37900000000002 6605 1680241 9533 219 1 85154 119.08134418063693 126 120.24815828838045 118.28435982961504 126543 122.41405350968644 185 122.41405350968644 119.64905154913824 452 21.759863376617432 2 27.495546460151672 21.970907129049301 0 0 0 0 0
323 16.149999999999999 16.199999999999999 344.29500000000002 6503 1686744 9533 219 1 85883 116.58650601099409 126 120.19870031447638 118.18424047803124 127620 119.19531530431799 185 122.87895755252323 119.61907062015018 455 29.563612937927246 2 34.693221092224121 22.274024300575256 0 0 0 0 0
324 16.199999999999999 16.25 345.12400000000002 6430 1693174 9533 219 1 86637 117.98657789684478 126 120.70623755076575 118.29640111650737 128725 119.02332326528189 185 123.07466414168074 119.62971717710752 457 24.262743949890137 2 30.943160533905029 25.248033199310303 0 0 0 0 0
325 16.25 16.300000000000001 346.11700000000002 6525 1699699 9537 219 1 87376 117.19647519550627 126 120.52362623668853 118.08379647027881 129809 116.82361619279192 185 121.95968363993876 119.366952582282 459 21.787763357162476 2 27.874948024749756 22.450323498249055 0 0 0 0 0
326 16.300000000000001 16.350000000000001 347.22899999999998 6535 1706234 9538 219 1 88131 118.72142186240545 126 121.00480924333844 118.33149744064087 130960 121.66486531850454 185 122.66177834175728 119.63940876316379 461 20.37293604016304 2 26.700150787830353 21.400725989341737 0 0 0 0 0
327 16.350000000000001 16.399999999999999 344.80500000000001 6522 1712756 9538 219 1 88883 119.91360485742963 126 120.74984474787637 118.18475695292155 132069 121.93429532437712 185 122.79275314743454 119.62512605326884 464 25.072995185852051 2 33.072864532470703 25.346784531474114 0 0 0 0 0
328 16.399999999999999 16.449999999999999 343.59399999999999 6482 1719238 9542 219 1 89605 116.3008917551192 126 120.57915975177099 118.17986236693363 133140 118.11664020435231 185 122.79744910162849 119.56336995057804 466 21.487972736358643 2 29.623781204223633 23.549298009872437 0 0 0 0 0
329 16.449999999999999 16.5 342.45999999999998 6480 1725718 9543 219 1 90357 117.73293461875311 126 120.90888983105856 117.94728839934818 134245 118.11310940304318 185 123.25404700201911 119.46293217509503 469 29.48271369934082 2 30.078302383422852 22.084937390089035 0 0 0 0 0
330 16.5 16.550000000000001 347.221 6581 1732299 9543 219 1 91098 117.29585671803308 126 120.96979740687779 118.05174800085642 135381 121.27426353660789 185 122.74892058501372 119.6811357636323 471 22.777499198913574 2 34.039066314697266 26.638386259078981 0 0 0 0 0
331 16.550000000000001 16.600000000000001 396.46699999999998 6526 1738825 9544 219 1 91853 118.88990692865281 126 121.01183912489149 118.2630844297863 136486 121.02051824621252 185 122.76629218024176 119.71065170453045 473 20.643501043319702 2 27.818075656890869 22.112725021839143 0 0 0 0 0
332 16.600000000000001 16.649999999999999 363.50700000000001 6492 1745317 9544 219 1 92579 115.95668265933082 126 120.96101427835131 118.1420669543554 137565 118.04450333054001 185 122.15740946176889 119.59498299840979 476 26.148245334625244 2 35.296433448791504 24.550112887620926 0 0 0 0 0
333 16.649999999999999 16.699999999999999 378.86799999999999 6559 1751876 9544 219 1 93326 116.34931406899103 126 120.62461955963619 118.18268700978111 138670 117.99137734078072 185 122.47921823037638 119.51203225130647 478 21.026968240737915 2 31.741512775421143 25.070239348411562 0 0 0 0 0
334 16.699999999999999 16.75 345.32900000000001 6548 1758424 9547 219 1 94086 118.97019237942166 126 120.04918640378922 118.04013948228629 139802 120.94504831674936 185 122.54583171122783 119.4541192412505 480 18.832436084747314 2 28.18062949180603 22.1726642203331 0 0 0 0 0
335 16.75 16.800000000000001 347.15199999999999 6553 1764977 9550 219 1 94829 118.69415543571351 126 120.54325842478919 118.20977257259305 140904 120.37419664537585 185 122.51043948611698 119.70027468872071 483 24.441986083984375 2 35.741133689880371 24.446354647874831 0 0 0 0 0
336 16.800000000000001 16.850000000000001 346.495 6462 1771439 9552 219 1 95579 119.57873946901351 126 120.42537277463883 118.17183030143619 142004 119.79296598692198 185 122.89203128299198 119.49433545334279 485 20.005792140960693 2 31.578757286071777 24.391983780860901 0 0 0 0 0
337 16.850000000000001 16.899999999999999 341.86599999999999 6433 1777872 9553 219 1 96302 116.18477824377635 126 120.53146725609189 118.12201919918969 143083 116.90084900727143 185 122.94489610001848 119.51191996806375 488 26.265449523925781 2 32.728767395019531 23.80272416114807 0 0 0 0 0
338 16.899999999999999 16.949999999999999 344.56 6592 1784464 9554 219 1 97066 119.46872874668666 126 120.27887756105453 118.01859680539089 144241 122.5440364115947 185 122.5440364115947 119.60221880856079 490 20.539833068847656 2 33.196025848388672 25.668560285568237 0 0 0 0 0
339 16.949999999999999 17 342.09500000000003 6494 1790958 9556 219 1 97796 117.29934916420588 126 120.16420879061261 118.02075500609381 145324 119.94605428334829 185 122.78709708548881 119.65315024710992 493 27.257909774780273 2 30.124649047851562 23.348877592086794 0 0 0 0 0
340 17 17.050000000000001 345.34300000000002 6510 1797468 9557 219 1 98544 117.93731689453125 126 120.30626097179595 118.09852958436991 146425 119.35318125131968 185 122.87349094700168 119.61396941808751 495 20.689549207687378 2 34.564637184143066 26.502897505760192 0 0 0 0 0
341 17.050000000000001 17.100000000000001 344.40499999999997 6422 1803890 9558 219 1 99272 115.4454481942313 126 120.55587986537388 118.02257120647127 147503 116.28493000752218 185 122.84927825927734 119.57819230445654 497 18.407253861427307 2 28.621339321136475 22.259552595615386 0 0 0 0 0
342 17.100000000000001 17.150000000000002 343.50299999999999 6572 1810462 9560 219 1 100042 119.37525746179006 126 120.69184076218377 118.33155656965948 148668 122.49270798966691 185 123.07625456114073 119.80001034380939 500 26.174868583679199 2 30.108262062072754 22.309806727170944 0 0 0 0 0
343 17.150000000000002 17.199999999999999 342.012 6525 1816987 9563 219 1 100786 119.30319250197638 126 121.08508482433501 118.1665661948068 149755 120.35663138724662 185 122.49886952993032 119.62828017693604 502 20.159709692001343 2 33.584663391113281 25.955216646194458 0 0 0 0 0
344 17.199999999999999 17.25 342.54300000000001 6492 1823479 9565 219 1 101517 117.12099638439361 126 120.45564415341332 118.19217484126018 150848 118.9137286624393 185 122.51956135517842 119.59066439077016 505 23.045672416687012 2 36.506045341491699 27.142800593376158 0 0 0 0 0
345 17.25 17.300000000000001 342.89499999999998 6466 1829945 9568 219 1 102268 118.21002699836852 126 120.57500584920247 118.12815282670279 151946 118.21787464038746 185 122.2895580394848 119.39159915326094 508 27.903527498245239 2 32.489997863769531 25.190557842254638 0 0 0 0 0
346 17.300000000000001 17.350000000000001 343.14299999999997 6572 1836517 9568 219 1 103008 117.4458744109623 126 120.44585848611499 118.21683564806744 153077 120.93740560170767 185 122.67300254203178 119.57781978792755 510 26.170849442481995 2 27.351000547409058 21.715402871370316 0 0 0 0 0
347 17.350000000000001 17.400000000000002 343.23700000000002 6527 1843044 9571 219 1 103769 120.05789535764664 126 121.06686607239739 118.20764169723265 154189 121.42436308989653 185 122.61784371040963 119.73408866346205 513 29.243789196014404 2 33.581025123596191 26.957686417102813 0 0 0 0 0
348 17.400000000000002 17.449999999999999 344.31799999999998 6446 1849490 9571 219 1 104492 116.6659645201668 126 120.70170472160218 118.12001244923424 155264 118.02205521867081 185 122.23758219126108 119.58459598273203 515 26.663905262947083 2 28.664723873138428 22.554170904159545 0 0 0 0 0
349 17.449999999999999 17.5 341.00900000000001 6503 1855993 9574 219 1 105241 117.42729459490094 126 120.72708420526413 118.13512399098228 156370 118.08268193425359 185 122.72644937876109 119.50752353400154 516 15.814163208007812 2 26.135924339294434 20.741613076925276 0 0 0 0 0
350 17.5 17.550000000000001 346.72000000000003 6535 1862528 9576 219 1 105983 117.10989416213263 126 120.59984164767795 118.09199371580094 157504 121.12408636969489 185 122.97205410519162 119.58347847520982 519 20.198429107666016 2 32.642152309417725 25.659434551000594 0 0 0 0 0
351 17.550000000000001 17.600000000000001 342.25900000000001 6468 1868996 9578 219 1 106737 118.64806232755146 126 120.5864865136525 118.15968104407901 158608 120.74464556719806 185 122.59497466216216 119.72698761481207 521 17.396542072296143 2 29.699134349822998 22.773959162235261 0 0 0 0 0
352 17.600000000000001 17.650000000000002 344.48200000000003 6521 1875517 9580 219 1 107476 117.87678291684105 126 120.4019045148577 118.06515974014525 159693 118.49051946691564 185 122.72520846805057 119.52893750494881 525 29.812267303466797 2 36.319686889648438 27.708010723590849 0 0 0 0 0
353 17.650000000000002 17.699999999999999 341.89100000000002 6434 1881951 9581 219 1 108207 115.82142318241181 126 120.35609472365607 118.06659966120644 160784 116.93107378160632 185 122.62697019834776 119.48982524562528 527 26.558081984519958 2 29.221944808959961 23.221750297546386 0 0 0 0 0
354 17.699999999999999 17.75 341.79300000000001 6679 1888630 9583 219 1 108979 120.24826080080062 126 120.72872718932136 118.15694205995587 161942 122.6187872396933 185 122.6187872396933 119.55813731343036 530 29.194083690643311 2 33.931407928466797 27.390272891521455 0 0 0 0 0
355 17.75 17.800000000000001 343.04000000000002 6388 1895018 9583 219 1 109712 118.36841232057601 126 120.23888784741598 118.21030016944522 163025 119.9388935398411 185 122.5776764740815 119.73424466024866 532 25.907704949378967 2 28.702717304229736 23.253625910282135 0 0 0 0 0
356 17.800000000000001 17.850000000000001 348.01999999999998 6503 1901521 9585 219 1 110454 118.0171640789698 126 120.88246881394159 118.12550453307138 164131 119.81830864983635 185 122.72480460502005 119.68693219159097 534 24.81296044588089 2 26.255773425102234 21.083836916685105 0 0 0 0 0
357 17.850000000000001 17.900000000000002 347.32799999999997 6486 1908007 9585 219 1 111180 115.26005669245644 126 120.68506410386827 117.96770569816471 165211 116.84693995295345 185 123.03067569217167 119.69848789854309 536 24.410223200917244 2 25.564677566289902 20.398721667528154 0 0 0 0 0
358 17.900000000000002 17.949999999999999 341.399 6587 1914594 9587 219 1 111952 119.63146246047248 126 120.28457036094061 118.21181932237414 166369 122.38793800972603 185 122.84129251016152 119.70338988680456 538 23.77483506500721 2 25.754968762397766 20.629061365276574 0 0 0 0 0
359 17.949999999999999 18 346.55700000000002 6483 1921077 9588 219 1 112683 117.50130414205884 126 120.60207590981135 118.14065505012631 167452 119.8267093967747 185 122.50799337851035 119.61676266561972 540 23.138364806771278 2 25.837412692606449 20.630131396129727 0 0 0 0 0
360 18 18.050000000000001 343.83600000000001 6520 1927597 9588 219 1 113430 117.91447176252093 126 120.46361790006122 118.16235862247528 168551 119.05935635953337 185 122.5561884699641 119.57049490521405 543 27.742673873901367 2 34.550234794616699 25.441583420708774 0 0 0 0 0
361 18.050000000000001 18.100000000000001 348.29700000000003 6459 1934056 9589 219 1 114170 117.30369985671271 126 120.46084806654189 118.0649798801967 169637 116.95943603515624 185 122.19886569461308 119.48437527465823 545 23.863293409347534 2 29.256069898605347 23.840717976093291 0 0 0 0 0
362 18.100000000000001 18.150000000000002 343.37900000000002 6505 1940561 9592 219 1 114920 118.13659098791697 126 120.79560410030304 118.22300675649488 170781 121.11779521220438 185 122.78308295172614 119.5587350884515 547 22.064387679100037 2 27.228967547416687 21.780974910259246 0 0 0 0 0
363 18.150000000000002 18.199999999999999 344.214 6548 1947109 9594 219 1 115672 119.35988120427207 126 120.49728478325738 118.15395908900669 171889 121.35546343004381 185 122.25032682676573 119.54846165095148 550 25.851260662078857 2 34.703795433044434 26.25086726784706 0 0 0 0 0
364 18.199999999999999 18.25 348.827 6400 1953509 9596 219 1 116402 117.01864811730763 126 120.65144172547356 118.19089578901017 172969 118.53085925128009 185 122.13822351404139 119.55318957766971 552 22.372134327888489 2 29.051750183105469 23.444446666240694 0 0 0 0 0
365 18.25 18.300000000000001 354.56999999999999 6560 1960069 9598 219 1 117149 117.58060824681841 126 120.16823293292333 118.0150458841475 174067 117.69067939552102 185 122.58930754790435 119.53448571199988 554 20.899461567401886 2 27.150729060173035 21.457995257377625 0 0 0 0 0
366 18.300000000000001 18.350000000000001 344.56 6547 1966616 9600 219 1 117898 118.38931147257487 126 120.8008658393981 118.08822123572938 175205 121.09518684181008 185 122.26544172957136 119.65642643614072 557 25.266694068908691 2 33.440205574035645 25.676292030215265 0 0 0 0 0
367 18.350000000000001 18.400000000000002 342.83499999999998 6461 1973077 9603 219 1 118647 119.01073165166946 126 120.80243034968301 118.27364000229612 176314 121.2869887068465 185 122.53598698796452 119.70197861377613 559 21.40807032585144 2 29.776148319244385 23.820173573493957 0 0 0 0 0
368 18.400000000000002 18.449999999999999 348.15899999999999 6497 1979574 9604 219 1 119377 116.70999121287512 126 120.1287111554827 118.15080412001835 177390 118.00530020224082 185 122.43764611321527 119.57328834822374 562 23.615098476409912 2 37.294631958007812 27.81496833086014 0 0 0 0 0
369 18.449999999999999 18.5 347.55799999999999 6528 1986102 9606 219 1 120123 116.89946540953621 126 120.58082314143105 118.22508805895608 178495 117.87976131954709 185 122.51842395679371 119.58372327814874 564 20.00872814655304 2 30.024121761322021 23.570428881645203 0 0 0 0 0
370 18.5 18.550000000000001 345.31700000000001 6611 1992713 9608 219 1 120883 119.43737974621001 126 120.57592422243148 118.12227841937354 179629 120.95967658790383 185 122.46598638586096 119.54535133485538 567 24.740655899047852 2 36.908711433410645 25.315237731933593 0 0 0 0 0
371 18.550000000000001 18.600000000000001 344.91800000000001 6528 1999241 9609 219 1 121619 117.98645358615451 126 120.5382330758231 118.26184053087992 180730 120.32496366758605 185 122.35474251412056 119.65539180198874 569 19.423572778701782 2 32.739165782928467 25.264094238281249 0 0 0 0 0
372 18.600000000000001 18.650000000000002 343.48899999999998 6529 2005770 9609 219 1 122368 118.74889743138873 126 120.85922901214116 118.13402390979586 181831 119.84434567013302 185 122.4403108339052 119.50283570985535 572 26.963450968265533 2 28.562623262405396 22.535263773202896 0 0 0 0 0
373 18.650000000000002 18.699999999999999 342.29300000000001 6395 2012165 9614 219 1 123094 115.75312054346479 126 120.49532178848509 118.20399630955286 182913 117.24493832974821 185 122.44874659357845 119.54645266971073 575 29.226652145385742 2 34.298198699951172 27.759349436759948 0 0 0 0 0
374 18.699999999999999 18.75 343.09300000000002 6601 2018766 9617 219 1 123865 119.88283133128333 126 120.70134565565321 118.29237780253092 184067 122.46130952577333 185 122.54264575855152 119.59234934131518 577 25.731331944465637 2 28.723690986633301 23.460491366386414 0 0 0 0 0
375 18.75 18.800000000000001 343.84699999999998 6463 2025229 9617 219 1 124599 118.12121382213775 126 120.34578420245458 118.25197800772531 185145 119.43173654917125 185 122.59539559854043 119.5398980185019 580 28.328449726104736 2 34.595488548278809 27.428767776489259 0 0 0 0 0
376 18.800000000000001 18.850000000000001 344.90899999999999 6515 2031744 9619 219 1 125343 118.00888430883013 126 120.29243511623807 118.20642915150471 186259 120.29552991712416 185 122.15474408123944 119.57722462174701 582 24.249221324920654 2 29.664753675460815 24.038573117256163 0 0 0 0 0
377 18.850000000000001 18.900000000000002 344.25299999999999 6420 2038164 9619 219 1 126069 115.26932489304315 126 120.20134190150669 117.95033315870496 187331 116.69856072503167 185 122.28331719475824 119.45299158787084 584 22.474753022193909 2 27.160539150238037 21.75678876042366 0 0 0 0 0
378 18.900000000000002 18.949999999999999 352.57299999999998 6585 2044749 9621 219 1 126836 118.85098563300238 126 120.18949199858166 118.20004599556087 188486 121.92651532147381 185 122.52519494134026 119.68898798019822 586 21.389819040894508 2 26.220684975385666 21.074119229018688 0 0 0 0 0
379 18.949999999999999 19 349.53800000000001 6518 2051267 9623 219 1 127584 119.40453701927548 126 120.75498804970393 118.18210570683556 189568 119.24259775522593 185 122.26149077544341 119.63012052711279 588 21.32150636613369 2 25.432857543230057 20.067629623413087 0 0 0 0 0
380 19 19.050000000000001 344.36799999999999 6495 2057762 9625 219 1 128316 117.32622310093471 126 120.52732873341394 118.24805886768161 190679 119.63893585205078 185 122.51384838207348 119.7156976227632 590 21.296378292143345 2 25.383254908025265 20.024879801869393 0 0 0 0 0
381 19.050000000000001 19.100000000000001 343.93000000000001 6491 2064253 9627 219 1 129066 118.28465379987445 126 120.48693296644423 118.09871935889838 191773 118.37150639714422 185 122.20917296538482 119.52504582090636 593 24.93722939491272 2 32.248145580291748 26.395434250831602 0 0 0 0 0
382 19.100000000000001 19.150000000000002 345.97500000000002 6551 2070804 9628 219 1 129812 118.5821416340177 126 120.66343271164666 118.11815787421332 192902 120.77913298735747 185 122.67524447054477 119.67039899918838 595 22.03588855266571 2 28.374614238739014 22.872427139282227 0 0 0 0 0
383 19.150000000000002 19.199999999999999 348.36900000000003 6530 2077334 9629 219 1 130563 119.70500407143244 126 120.35177466982887 118.09465907384478 194011 121.05745408341691 185 122.79477576178473 119.61632307887722 598 25.684759140014648 2 34.233065605163574 26.387492088079451 0 0 0 0 0
384 19.199999999999999 19.25 352.42099999999999 6459 2083793 9630 219 1 131289 116.8197874644446 126 120.26856691875155 118.09453745281883 195089 118.05615626154719 185 122.38358657424514 119.51190610648491 600 21.086909532546997 2 30.929565906524658 24.5520285654068 0 0 0 0 0
385 19.25 19.300000000000001 345.19900000000001 6466 2090259 9631 219 1 132036 117.2124611385285 126 120.2741461859809 118.18264911227757 196197 118.3043194745038 185 122.74846278010187 119.53807022507128 602 19.078657627105713 2 27.869737863540649 21.988231614828109 0 0 0 0 0
386 19.300000000000001 19.350000000000001 348.14600000000002 6544 2096803 9631 219 1 132782 117.43129088386657 126 120.53995980156793 118.19602984473816 197323 120.55978306950749 185 122.37091559332771 119.49672002349028 605 25.450283050537109 2 34.354284286499023 23.691882064342497 0 0 0 0 0
387 19.350000000000001 19.400000000000002 350.173 6582 2103385 9631 219 1 133535 118.63945824759347 126 120.7579584273081 118.3276638236878 198428 120.33688222524282 185 122.61397333918391 119.68011699284733 607 20.459680557250977 2 32.026072025299072 24.940861897468565 0 0 0 0 0
388 19.400000000000002 19.449999999999999 345.68799999999999 6459 2109844 9632 219 1 134281 118.88709228757828 126 120.41006542387463 118.16751387702094 199510 117.77234686774176 185 122.41872360641892 119.51192953573693 609 18.404001712799072 2 28.0467689037323 22.03518714427948 0 0 0 0 0
389 19.449999999999999 19.5 347.55700000000002 6433 2116277 9635 219 1 135010 116.32965118166 126 120.48601774185423 118.24621849302261 200610 117.16665088550465 185 122.69796761177682 119.51855424045871 612 24.20305871963501 2 35.391754150390625 24.258741458654402 0 0 0 0 0
390 19.5 19.550000000000001 346.70800000000003 6611 2122888 9637 219 1 135777 119.82009475950211 126 120.16412190028599 118.29035443381653 201762 122.26372849747942 185 122.37119647876636 119.49423750841295 614 19.565734386444092 2 31.800495624542236 24.591112484931944 0 0 0 0 0
391 19.550000000000001 19.600000000000001 344.5 6456 2129344 9637 219 1 136512 118.15761632767935 126 120.20958406963045 118.31255733792743 202847 119.90671770250475 185 122.13481131888724 119.63079580935913 617 24.364950180053711 2 36.348235130310059 25.248611981868745 0 0 0 0 0
392 19.600000000000001 19.650000000000002 343.95100000000002 6610 2135954 9638 219 1 137263 119.18134108043853 126 120.9856818668426 118.19280575585746 203950 119.68241511164484 185 122.47377076020112 119.46528828801337 619 19.493876695632935 2 31.946980476379395 24.82253046989441 0 0 0 0 0
393 19.650000000000002 19.699999999999999 345.61000000000001 6412 2142366 9639 219 1 137981 115.04068780323816 126 120.52896342201838 118.06762076847137 205028 116.75120795997414 185 122.93183284450221 119.44251073723875 622 25.387532234191895 2 32.925848007202148 24.165077624320983 0 0 0 0 0
394 19.699999999999999 19.75 345.09399999999999 6551 2148917 9640 219 1 138749 118.85248898702955 126 120.63758904593331 118.13092682005866 206184 122.20656317633552 185 122.77220421868401 119.57196434309677 624 20.001473903656006 2 32.872250080108643 25.332377505302428 0 0 0 0 0
395 19.75 19.800000000000001 344.94799999999998 6460 2155377 9641 219 1 139481 117.01947590661428 126 120.15918556092278 118.00519991920109 207264 119.3393943992821 185 122.78424909437025 119.59532886072107 626 17.680125832557678 2 28.364346265792847 22.298215327262877 0 0 0 0 0
396 19.800000000000001 19.850000000000001 350.745 6556 2161933 9643 219 1 140229 117.61546228802393 126 120.49154487488762 118.14008985004726 208370 119.27431417929159 185 123.02657771754909 119.63197803559177 630 31.238597869873047 2 34.483689308166504 26.576653875112534 0 0 0 0 0
397 19.850000000000001 19.900000000000002 364.17200000000003 6452 2168385 9643 219 1 140967 116.76172795371404 126 120.38610294886998 117.98806204780702 209450 116.6824179572028 185 122.12132110595704 119.32279961415882 632 26.890642881393433 2 30.62003231048584 24.304629440307618 0 0 0 0 0
398 19.900000000000002 19.949999999999999 372.11099999999999 6624 2175009 9645 219 1 141720 118.23032706124442 126 120.42151720561678 118.06982411218068 210599 121.33344330658784 185 122.63042491191142 119.61152019851272 634 24.687328577041626 2 27.219214916229248 22.181356663703919 0 0 0 0 0
399 19.949999999999999 20 361.90800000000002 6511 2181520 9646 219 1 142481 120.80565522209046 126 120.80565522209046 118.24396757095577 211704 121.21761458113387 185 122.69882181528452 119.57411153762405 637 27.242265701293945 2 33.638430118560791 27.47052898645401 0 0 0 0 0
400 20 20.050000000000001 352.54399999999998 6483 2188003 9646 219 1 143209 117.97255858163984 126 120.30754888625373 118.36039626711892 212785 118.49640234869879 185 122.50518002896696 119.55893608464423 640 30.31581974029541 2 35.575940132141113 26.9570823097229 0 0 0 0 0
401 20.050000000000001 20.100000000000001 356.048 6487 2194490 9648 219 1 143952 117.65576171875 126 120.15817121475462 118.25012579539467 213886 118.08299647150812 185 122.56157168826542 119.43629067168369 642 24.274389505386353 2 31.914467334747314 25.981220850944521 0 0 0 0 0
402 20.100000000000001 20.150000000000002 350.13799999999998 6523 2201013 9651 219 1 144697 117.64128034076994 126 120.63548805600121 118.26828281342031 215018 120.89526635247307 185 122.55190569903399 119.59411260656408 645 27.821051597595215 2 34.667166709899902 26.488684883117674 0 0 0 0 0
403 20.150000000000002 20.199999999999999 345.82100000000003 6560 2207573 9653 219 1 145452 119.28816834707109 126 120.44586853753952 118.21077226426864 216128 121.20406518884607 185 123.17572268924198 119.69425678562476 647 22.498922348022461 2 31.785473823547363 25.269082341194153 0 0 0 0 0
404 20.199999999999999 20.25 340.28500000000003 6414 2213987 9654 219 1 146174 115.73388254074823 126 120.09692128499348 118.12201885405042 217202 117.73836471970017 185 122.57845710548195 119.53924959089949 650 24.815240383148193 2 36.738398551940918 27.706763863563538 0 0 0 0 0
405 20.25 20.300000000000001 342.03199999999998 6502 2220489 9659 219 1 146924 116.56993181743319 126 120.57050141834077 118.2198806217739 218301 117.0421069995777 185 122.64008277686867 119.50010633643896 652 21.002135038375854 2 29.815360546112061 23.775105831623076 0 0 0 0 0
406 20.300000000000001 20.350000000000001 344.99799999999999 6584 2227073 9660 219 1 147686 119.3631230308896 126 120.49960236322312 118.18700585743736 219438 120.58736613505596 185 122.29608925484322 119.40896869721286 654 19.747541964054108 2 26.755269765853882 21.242096054553986 0 0 0 0 0
407 20.350000000000001 20.400000000000002 346.358 6569 2233642 9661 219 1 148423 118.14539464314778 126 120.70045979817708 118.18969839186897 220545 120.64993879988387 185 122.15778387946051 119.6137057808541 656 19.285999268293381 2 25.748434603214264 20.456942034959795 0 0 0 0 0
408 20.400000000000002 20.449999999999999 340.74700000000001 6445 2240087 9661 219 1 149173 119.02621847485739 126 120.70991001431904 118.17555357070198 221644 119.92049115155194 185 122.61313253866659 119.53296848606418 659 27.514032363891602 2 31.021984100341797 21.853970876485111 0 0 0 0 0
409 20.449999999999999 20.5 344.02800000000002 6507 2246594 9663 219 1 149901 116.4138925945948 126 120.65336536225819 118.14182481069415 222719 116.74429708944784 185 122.2921562401024 119.36073142221812 661 21.529412269592285 2 32.882313251495361 25.924975566864013 0 0 0 0 0
