0 0 0.050000000000000003 29.289999999999999 1303 1303 1301 110 1 1 0.1450708025977725 1 0.15715332636757504 0.015105166056799511 3 0.25386411821520005 3 0.28056323077227618 0.072990264377078506 0 0 0 0 0 0 0 0 0 0
1 0.050000000000000003 0.10000000000000001 32.445 4080 5383 4088 122 1 6 0.50646036390274285 5 0.57103242571391755 0.43586288936554424 8 0.45037776843921556 5 0.45947599668760558 0.345985352799699 1 4.1895847320556641 1 9.9006595611572266 5.8521689319610593 0 0 0 0 0
2 0.10000000000000001 0.14999999999999999 34.292000000000002 3677 9060 4487 140 1 10 0.5657413119361514 5 0.68428299162122941 0.57623050894056049 15 0.62771671656015759 6 0.73736316577808281 0.58118516339482473 2 6.5571060180664062 1 12.942922592163086 7.6560734605789182 0 0 0 0 0
3 0.14999999999999999 0.20000000000000001 32.851999999999997 3744 12804 4563 165 1 15 0.71854960729205419 5 0.8105010986328125 0.64236544272256269 20 0.61111195796244855 6 0.66696025487538935 0.55697987618317479 3 8.2983722686767578 1 13.958087921142578 8.2760873031616207 0 0 0 0 0
4 0.20000000000000001 0.25 30.294 3785 16589 4576 196 1 18 0.56415349718124153 5 0.71717957844809876 0.62904787888602609 26 0.63925705471554317 6 0.74774516337626684 0.62078411692541979 4 10.099799156188965 1 14.189685821533203 8.2165277576446538 0 0 0 0 0
5 0.25 0.29999999999999999 34.006999999999998 3662 20251 4581 196 1 23 0.66146637901427252 5 0.87520576658703031 0.69730782296922456 32 0.68822085406329181 6 0.68822085406329181 0.60017288478645114 5 12.15229606628418 1 14.26085090637207 7.9679587650299073 0 0 0 0 0
6 0.29999999999999999 0.35000000000000003 31.484999999999999 3813 24064 4585 212 1 28 0.81205109187534874 5 0.91558501833961126 0.64456690235743452 37 0.59742202758789065 6 0.74799513945708407 0.63043448213628817 5 4.4705824851989746 1 11.911664962768555 7.6051568031311039 0 0 0 0 0
7 0.35000000000000003 0.40000000000000002 35.155999999999999 3680 27744 4587 243 1 31 0.64688089915684288 5 0.7959714162917364 0.6397145565729293 43 0.6458333041216876 6 0.75016352937028219 0.60071986811869849 6 5.3604645729064941 1 14.282718658447266 9.1189864063262931 0 0 0 0 0
8 0.40000000000000002 0.45000000000000001 36.293999999999997 3739 31483 4592 243 1 35 0.59269267793685676 5 0.88419336742824983 0.68856885993291461 48 0.56890917082090631 6 0.71264558869439198 0.61669805885005646 7 6.5105271339416504 1 14.202533721923828 8.8613967514038094 0 0 0 0 0
9 0.45000000000000001 0.5 35.152000000000001 3628 35111 4595 243 1 39 0.57448788673158679 5 0.82343020514836385 0.6529440942643181 54 0.60099768251986119 6 0.76128008558943461 0.6168799316045398 8 7.8286886215209961 1 14.264797210693359 8.6949758625030515 0 0 0 0 0
10 0.5 0.55000000000000004 31.215 3881 38992 4596 250 1 44 0.67439017220148967 5 0.91033140061393614 0.69474413190569206 59 0.52684692820987189 6 0.72925754237819362 0.61395226012049509 9 9.5166263580322266 1 14.197135925292969 8.3288849449157709 0 0 0 0 0
11 0.55000000000000004 0.59999999999999998 26.234999999999999 3673 42665 4597 250 1 49 0.83915307786729598 5 0.92740753718784874 0.63052996113186788 66 0.66557617187499996 6 0.72101001739501958 0.6194101912524248 10 11.289108276367188 1 14.35126781463623 8.245183887481689 0 0 0 0 0
12 0.59999999999999998 0.65000000000000002 26.523 3752 46417 4598 268 1 52 0.64743647121247794 5 0.82253672584654791 0.66599633489336285 71 0.58898948463233747 6 0.75687664135082344 0.616363986865894 11 13.477121353149414 1 14.310500144958496 7.8337906742095944 0 0 0 0 0
13 0.65000000000000002 0.70000000000000007 26.120999999999999 3710 50127 4599 268 1 57 0.77421145212082632 5 0.82208600876823301 0.6681392078551035 77 0.64402842650542391 6 0.65847489382769608 0.5941582325084791 11 4.9579582214355469 1 13.210256576538086 8.4342588996887216 0 0 0 0 0
14 0.70000000000000007 0.75 26.739999999999998 3703 53830 4602 307 1 60 0.62079479580833796 5 0.75888104665847056 0.62807808331080839 83 0.65962615915246914 6 0.81639459455335461 0.63320641249579368 12 5.9305591583251953 1 14.297974586486816 9.0370951652526852 0 0 0 0 0
15 0.75 0.80000000000000004 27.175999999999998 3733 57563 4605 307 1 64 0.57673184833829361 5 0.89850467348855634 0.67854461155240486 90 0.81649678204510667 6 0.84981864722999367 0.60144947358724221 13 7.0982556343078613 1 14.294126510620117 8.8439418411254884 0 0 0 0 0
16 0.80000000000000004 0.84999999999999998 26.184000000000001 3712 61275 4605 307 1 68 0.56413810215299087 5 0.88981478554861881 0.64738895726582357 95 0.72141996332117031 6 0.80032905372413432 0.63466968814746738 14 8.616358757019043 1 14.205970764160156 8.4970277976989745 0 0 0 0 0
17 0.84999999999999998 0.90000000000000002 26.988 3839 65114 4605 307 1 72 0.49464684440976098 5 0.99609612661694724 0.70371933013673826 101 0.77859981124465527 6 0.81037505897315776 0.59203857607454868 15 10.216779708862305 1 14.354037284851074 8.4155298805236818 0 0 0 0 0
18 0.90000000000000002 0.95000000000000007 26.390000000000001 3694 68808 4605 307 1 77 0.6177929545205737 5 0.9033890830145942 0.67173191456567682 105 0.55253422969096411 6 0.84029184289880698 0.65624486851047836 16 12.195332527160645 1 14.31135368347168 8.0411682891845704 0 0 0 0 0
19 0.95000000000000007 1 27.376999999999999 3613 72421 4605 307 1 81 0.61195419326661127 5 0.73442941998678546 0.64070124913775717 111 0.635391919677322 6 0.67468234912769209 0.56661662019265668 16 4.4864153861999512 1 11.953848838806152 7.6320903491973873 0 0 0 0 0
20 1 1.05 30.411000000000001 3711 76132 4605 308 1 85 0.57328953061785015 5 0.83246659475659568 0.67320000376020162 117 0.60987395209235118 6 0.83161011773186766 0.67391221487199937 17 5.3662891387939453 1 14.298237800598145 9.1288947582244866 0 0 0 0 0
21 1.05 1.1000000000000001 26.649000000000001 3795 79927 4605 308 1 90 0.72889472946288092 5 0.76044037985423252 0.63959636105431439 122 0.57045356131888725 6 0.72080859880189641 0.5795679659972317 18 6.4228005409240723 1 14.294204711914062 8.95401427268982 0 0 0 0 0
22 1.1000000000000001 1.1500000000000001 27.102 3784 83711 4605 308 1 94 0.67853900364467079 5 0.87161497842697866 0.68477454806131055 129 0.68675113368678742 6 0.80610683544262041 0.64161823378382477 19 7.6888236999511719 1 14.292965888977051 8.7465949916839598 0 0 0 0 0
23 1.1500000000000001 1.2 27.260999999999999 3737 87448 4605 308 1 99 0.81871148518153603 5 0.88689955454024061 0.65487523941766657 134 0.61823236104604362 6 0.7255023260374327 0.60837635233595566 20 9.2049474716186523 1 14.292586326599121 8.4989860534667976 0 0 0 0 0
24 1.2 1.25 25.931000000000001 3634 91082 4605 308 1 102 0.62855907848903114 5 0.84099870257907439 0.66444787335774269 139 0.53514867988792625 6 0.81447561624887832 0.62279609878643116 21 11.174448013305664 1 14.205506324768066 8.050128440856934 0 0 0 0 0
25 1.25 1.3 27.501999999999999 3917 94999 4605 340 1 107 0.730505421048119 5 0.85725601892622694 0.69272051266261525 146 0.68824586352786499 6 0.77599506893673453 0.60518524840071397 22 13.434941291809082 1 14.265710830688477 7.7620341777801514 0 0 0 0 0
26 1.3 1.3500000000000001 27.495000000000001 3594 98593 4605 340 1 111 0.72742345219566706 5 0.82016762476118787 0.63797190083397748 151 0.59461515014236033 6 0.80264644107303107 0.63323804195507161 22 4.9424409866333008 1 13.168911933898926 8.4078628826141362 0 0 0 0 0
27 1.3500000000000001 1.4000000000000001 26.044 3623 102216 4605 340 1 116 0.8496699333190918 5 0.88434559201437335 0.67262269481780024 156 0.54498204153937257 6 0.72822939125267239 0.58967890332196204 23 5.9248495101928711 1 14.284212112426758 9.02738356590271 0 0 0 0 0
28 1.4000000000000001 1.45 27.004999999999999 3867 106083 4605 340 1 119 0.68363767956930499 5 0.83499686680142837 0.64056808320302794 163 0.67225159825505432 6 0.77846829440142662 0.63075549958203281 24 6.9987988471984863 1 14.378564834594727 8.9367511749267585 0 0 0 0 0
29 1.45 1.5 26.167999999999999 3624 109707 4606 340 1 123 0.64343053197103839 5 0.87633350917271202 0.67472706877996058 169 0.70082338951729439 6 0.74013689401987437 0.62036154466061977 25 8.3443098068237305 1 14.318887710571289 8.6679001331329353 0 0 0 0 0
30 1.5 1.55 25.948 3762 113469 4607 340 1 127 0.59525271067543639 5 0.85319307115342879 0.68261836044372071 174 0.64456660296465895 6 0.7230654690716718 0.59623656365678102 26 10.116697311401367 1 14.213428497314453 8.2452763843536374 0 0 0 0 0
31 1.55 1.6000000000000001 25.902000000000001 3865 117334 4607 340 1 131 0.58739053256927976 5 0.80235168668958878 0.64270452559940405 181 0.76316075711636933 6 0.86046133299131655 0.63934450355735994 27 12.158512115478516 1 14.268144607543945 7.9785333251953121 0 0 0 0 0
32 1.6000000000000001 1.6500000000000001 32.353000000000002 3664 120998 4608 340 1 135 0.53938987520005965 5 0.90020586952330572 0.68244294242253389 185 0.58985764529253981 6 0.74804916897335572 0.60400828985265775 27 4.4728689193725586 1 11.917757987976074 7.6090467071533201 0 0 0 0 0
33 1.6500000000000001 1.7 27.166 3677 124675 4608 389 1 140 0.68116952502538286 5 0.86163913257538327 0.65328412880973208 193 0.83903177622202285 6 0.83903177622202285 0.61817400942621992 28 5.4363703727722168 1 14.198144912719727 9.0460997486114501 0 0 0 0 0
34 1.7 1.75 27.648 3719 128394 4608 389 1 144 0.62869716825939359 5 0.95685276152595644 0.68687001652187774 196 0.53514519768792235 6 0.82241784173089105 0.62518218787940771 29 6.5384526252746582 1 14.263448715209961 8.9089004611969003 0 0 0 0 0
35 1.75 1.8 27.006 3816 132210 4608 389 1 149 0.76915391286214196 5 0.93944660065666075 0.65459396528819258 203 0.68673992672482054 6 0.72310001656815814 0.6066727169139966 30 7.9487285614013672 1 14.196728706359863 8.6037800598144525 0 0 0 0 0
36 1.8 1.8500000000000001 27.003 3701 135911 4608 389 1 152 0.60908325134761754 5 0.75392364320300875 0.63466578998262912 208 0.59422758978766366 6 0.7550044085528399 0.63213078158610569 31 9.5607843399047852 1 14.263015747070312 8.4040079498291007 0 0 0 0 0
37 1.8500000000000001 1.9000000000000001 27.007999999999999 3668 139579 4608 389 1 156 0.56111869357881095 5 0.85621630199371823 0.68240723927815783 214 0.63218214705183695 6 0.77214893650364236 0.61107230872076901 32 11.462682723999023 1 14.283381462097168 8.1170554828643802 0 0 0 0 0
38 1.9000000000000001 1.95 26.004999999999999 3766 143345 4608 389 1 160 0.55537693462674576 5 0.74921351765829425 0.64060525954715786 219 0.54030595212369348 6 0.78622250943570526 0.63150097991324761 33 13.729336738586426 1 14.289640426635742 7.7559357738494876 0 0 0 0 0
39 1.95 2 26.007000000000001 3712 147057 4609 389 1 165 0.66241759345645002 5 0.8374540616595556 0.68767698182000059 226 0.70492220182676568 6 0.76363307849780937 0.59378102627316021 33 5.0507426261901855 1 13.457477569580078 8.5921011066436765 0 0 0 0 0
40 2 2.0499999999999998 31.728000000000002 3797 150854 4609 389 1 169 0.65338174123612658 5 0.79588584294394837 0.64386641714307979 231 0.60537351917576143 6 0.78475677387134446 0.63909701233941152 34 6.0476508140563965 1 14.291563987731934 9.0130277538299559 0 0 0 0 0
41 2.0499999999999998 2.1000000000000001 27.728000000000002 3536 154390 4609 389 1 173 0.61124378158932635 5 0.84797445176139707 0.6766386454445974 237 0.6736211931383288 6 0.68738625500653239 0.58108108618452725 35 7.3419780731201172 1 14.205198287963867 8.7185727977752681 0 0 0 0 0
42 2.1000000000000001 2.1499999999999999 28.353000000000002 3786 158176 4609 389 1 177 0.57063758184039404 5 0.86848833447410945 0.67512214017292804 242 0.56254614752692145 6 0.77252720497749949 0.65050849698040936 36 8.8273258209228516 1 14.265616416931152 8.5294511890411382 0 0 0 0 0
43 2.1499999999999999 2.2000000000000002 26.324000000000002 3672 161848 4609 389 1 181 0.58009294858054505 5 0.81855839017837762 0.62555948999192967 248 0.62363888121939992 6 0.70315083813022927 0.58816469715736996 37 10.730152130126953 1 14.197381973266602 8.1161389160156254 0 0 0 0 0
44 2.2000000000000002 2.25 27.149000000000001 3776 165624 4609 389 1 185 0.54512092423817471 5 1.0038414606972346 0.66954422004639169 254 0.63118562956114077 6 0.75128162487133132 0.64117703422340189 38 12.905889511108398 1 14.263214111328125 7.8459436702728276 0 0 0 0 0
45 2.25 2.3000000000000003 30.558 3736 169360 4609 389 1 190 0.6765131042117164 5 0.92448270888555617 0.66356806596120177 260 0.68887694461925608 6 0.73147471659892316 0.59153221501530828 38 4.7478137016296387 1 12.650336265563965 8.0767711353301994 0 0 0 0 0
46 2.3000000000000003 2.3500000000000001 26.344000000000001 4003 173363 4609 389 1 194 0.62115158353533062 5 0.85323370827568901 0.68973044433290998 266 0.6929752272528571 6 0.78132733267706789 0.64459112370980765 39 5.6922249794006348 1 14.283444404602051 9.0649989509582518 0 0 0 0 0
47 2.3500000000000001 2.3999999999999999 26.437999999999999 3594 176957 4609 389 1 199 0.74304714657011484 5 0.82119403566632954 0.67297013161674368 271 0.63749257165032469 6 0.76321715019844671 0.59547015442719309 40 6.8177971839904785 1 14.28965950012207 8.8856459045410148 0 0 0 0 0
48 2.3999999999999999 2.4500000000000002 26.923999999999999 3852 180809 4609 389 1 202 0.58083009341406444 5 0.79337157900371247 0.6367907973698208 278 0.78683703396771409 6 0.85237037555591477 0.60890062216165908 41 8.163477897644043 1 14.291570663452148 8.6677330493926998 0 0 0 0 0
49 2.4500000000000002 2.5 26.492000000000001 3636 184445 4609 389 1 207 0.67107464775206549 5 0.82156869343348915 0.7043056090672809 283 0.69943137555509005 6 0.77125662984074772 0.62707505991652179 42 9.9106340408325195 1 14.205201148986816 8.2702572154998784 0 0 0 0 0
50 2.5 2.5500000000000003 26.605 3747 188192 4609 472 1 212 0.81316946423242964 5 0.95426317245241199 0.65297210254366445 287 0.54755329054755131 6 0.69381590920525626 0.58279678566391402 43 11.915642738342285 1 14.265616416931152 8.0149690818786627 0 0 0 0 0
51 2.5500000000000003 2.6000000000000001 26.550999999999998 3723 191915 4609 472 1 216 0.7918956771729484 5 0.87518002494933111 0.65598250949193537 294 0.66040510229162264 6 0.80662056690937767 0.64502959893200851 44 14.284181594848633 1 14.284181594848633 7.6550667667388916 0 0 0 0 0
52 2.6000000000000001 2.6499999999999999 26.553000000000001 3726 195641 4609 472 1 219 0.62081392227657262 5 0.8380110225980244 0.64556724578615221 298 0.48214149990597288 6 0.77917643366633238 0.60891935132000874 44 5.2548604011535645 1 14.001336097717285 8.9393358802795415 0 0 0 0 0
53 2.6499999999999999 2.7000000000000002 28.486000000000001 3657 199298 4609 472 1 223 0.58677266892932711 5 0.85283672241937547 0.66862266237773593 306 0.73702570425497516 6 0.76375615145709064 0.61252084007778684 45 6.2937226295471191 1 14.289888381958008 8.9714932346343996 0 0 0 0 0
54 2.7000000000000002 2.75 27.422000000000001 3664 202962 4609 472 1 228 0.68777535453675287 5 0.84005062920706608 0.69365482458992589 310 0.53658925907031907 6 0.72243162619101031 0.63087116906449614 46 7.5358767509460449 1 14.291641235351562 8.770226621627808 0 0 0 0 0
55 2.75 2.8000000000000003 30.466999999999999 3629 206591 4609 472 1 233 0.85194242568243117 5 0.90462357657296322 0.63111991087595609 316 0.59266057916589687 6 0.75341922656909843 0.5931360571062243 47 9.0224208831787109 1 14.292180061340332 8.5282715511322014 0 0 0 0 0
56 2.8000000000000003 2.8500000000000001 26.625 3826 210417 4609 472 1 236 0.65519273848760695 5 0.83507283528645837 0.67097940142192558 322 0.60994657310279643 6 0.80862134469522007 0.6315348601985622 48 10.801923751831055 1 14.29234504699707 8.2382334709167484 0 0 0 0 0
57 2.8500000000000001 2.8999999999999999 26.003 3627 214044 4609 472 1 240 0.61779402172754683 5 0.90339051352606881 0.67194677905430877 327 0.5613791182234481 6 0.72806939820985539 0.5886238976555902 49 13.113266944885254 1 14.205432891845703 7.7116913414001464 0 0 0 0 0
58 2.8999999999999999 2.9500000000000002 27.007000000000001 3792 217836 4609 472 1 244 0.5985770339057559 5 0.79468805070907356 0.65394618306841157 333 0.58130441356349638 6 0.81385092864165431 0.62892182405574926 49 4.8241033554077148 1 12.853607177734375 8.2065515995025642 0 0 0 0 0
59 2.9500000000000002 3 28.009 3722 221558 4609 472 1 249 0.73589475571163121 5 0.8155545658535428 0.657701711957417 339 0.62684167913488442 6 0.70319013080081427 0.60356517451518277 50 5.7999987602233887 1 14.265687942504883 9.0338306331634524 0 0 0 0 0
60 3 3.0500000000000003 26.007000000000001 3657 225215 4609 472 1 251 0.424475802315606 5 0.78906971310812335 0.62577565783546107 345 0.65157406523421002 6 0.78354279801652238 0.62416267884744181 51 7.0502252578735352 1 14.197404861450195 8.7622349643707267 0 0 0 0 0
61 3.0500000000000003 3.1000000000000001 26.007999999999999 3817 229032 4609 472 1 256 0.50799338779752212 5 0.98286135234530014 0.71096565579611148 351 0.68962069073238885 6 0.74705717499191693 0.61098110920674076 52 8.3632278442382812 1 14.351352691650391 8.7000843811035153 0 0 0 0 0
62 3.1000000000000001 3.1499999999999999 27.007000000000001 3807 232839 4609 472 1 261 0.63572966863238622 5 0.865497835098751 0.66718757538568407 357 0.72828641324429899 6 0.83772876327102253 0.61036825649158399 53 9.9841184616088867 1 14.310527801513672 8.3952646636962882 0 0 0 0 0
63 3.1499999999999999 3.2000000000000002 27.006 3862 236701 4609 472 1 265 0.61435509106469532 5 0.86281628835768931 0.65608228569939031 362 0.64501523971557617 6 0.78782335745321741 0.6229817544060785 54 11.942679405212402 1 14.297982215881348 8.0609581279754643 0 0 0 0 0
64 3.2000000000000002 3.25 26.009 3649 240350 4610 472 1 269 0.58631759976583819 5 0.89235273996988929 0.66267872711968823 367 0.58971866014841445 6 0.7267579800373799 0.5952859490368817 55 14.29412841796875 1 14.29412841796875 7.6719879245758058 0 0 0 0 0
65 3.25 3.3000000000000003 27.007000000000001 3573 243923 4611 472 1 273 0.57313606852576848 5 0.80092849428691559 0.64797087805611753 374 0.70740928134402714 6 0.79760176168905728 0.64023899003621698 55 5.2585186958312988 1 14.011085510253906 8.9455591201782223 0 0 0 0 0
66 3.3000000000000003 3.3500000000000001 27.009 3588 247511 4611 472 1 278 0.68942136613149496 5 0.81636084450615776 0.67852451135241798 379 0.65210764859173753 6 0.6934016408147039 0.5952909369339815 56 6.3831562995910645 1 14.205970764160156 8.8865708446502687 0 0 0 0 0
67 3.3500000000000001 3.3999999999999999 27.007999999999999 3888 251399 4611 472 1 282 0.69946912735227551 5 0.82083454586210702 0.62497311947837719 384 0.57007457114554738 6 0.81710459219442833 0.62175599294095441 57 7.6742372512817383 1 14.265853881835938 8.72178406715393 0 0 0 0 0
68 3.3999999999999999 3.4500000000000002 27.004000000000001 3690 255089 4611 472 1 285 0.50371862593151273 5 0.97304189772832961 0.66999018684266087 389 0.49812724654738966 6 0.75967054109315613 0.61177072117779696 58 9.3283929824829102 1 14.197452545166016 8.3623294544219977 0 0 0 0 0
69 3.4500000000000002 3.5 26.007999999999999 3808 258897 4611 472 1 291 0.77074720745994929 5 0.84105454550849068 0.68801369205353746 396 0.64413526895883921 6 0.78674854587864229 0.61220378187540414 59 11.219861030578613 1 14.263236999511719 8.1273832130432133 0 0 0 0 0
70 3.5 3.5500000000000003 26.006 3812 262709 4611 472 1 295 0.75552555492946083 5 0.80224464053199407 0.64999074254717149 401 0.56508302688598633 6 0.74024094246529248 0.61880485008858366 60 13.640007972717285 1 14.196666717529297 7.6039736175537112 0 0 0 0 0
71 3.5500000000000003 3.6000000000000001 26.773 3736 266445 4611 472 1 300 0.88302862833416651 5 0.90086697018335737 0.6674184690959869 407 0.62277910129444014 6 0.71302217019570835 0.59152750456010972 60 5.0178799629211426 1 13.369917869567871 8.5361964702606201 0 0 0 0 0
72 3.6000000000000001 3.6499999999999999 29.614000000000001 3570 270015 4611 472 1 303 0.72132934085906497 5 0.86554349414885989 0.63627833714560866 412 0.51983886924949851 6 0.77756604890565617 0.64245476312895067 61 6.0355615615844727 1 14.262994766235352 8.9924629688262936 0 0 0 0 0
73 3.6499999999999999 3.7000000000000002 31.303000000000001 3750 273765 4611 472 1 307 0.65468237892029779 5 0.89628083365304134 0.7009034335424027 418 0.578492935283764 6 0.73332816974536796 0.59057905521908327 62 7.2362008094787598 1 14.283376693725586 8.8113228988647467 0 0 0 0 0
74 3.7000000000000002 3.75 26.565999999999999 3808 277573 4611 472 1 312 0.78785356642707949 5 0.82000646893940277 0.66180679646749363 424 0.60793118863492401 6 0.71486649126619906 0.61950372296410616 63 8.7884159088134766 1 14.202731132507324 8.4632556438446045 0 0 0 0 0
75 3.75 3.8000000000000003 26.213000000000001 3653 281226 4611 472 1 315 0.61684651223440023 5 0.81522401930793886 0.64549332179720453 429 0.53175457877081789 6 0.79328448321368239 0.61595789919672794 64 10.567667961120605 1 14.264858245849609 8.2384792232513426 0 0 0 0 0
76 3.8000000000000003 3.8500000000000001 26.41 3826 285052 4611 472 1 319 0.56155196447221056 5 0.89638127221001518 0.68966411416492757 437 0.80248702023480389 6 0.80248702023480389 0.59683061455391562 65 12.846116065979004 1 14.19715404510498 7.7442584323883059 0 0 0 0 0
77 3.8500000000000001 3.8999999999999999 27.218 3617 288669 4611 472 1 323 0.54677388781592962 5 0.84147337504795616 0.6495515018796163 442 0.69701721346056145 6 0.79410105524836361 0.64495907603083424 65 4.7258238792419434 1 12.59174633026123 8.0393633937835691 0 0 0 0 0
78 3.8999999999999999 3.9500000000000002 26.629000000000001 3631 292300 4611 472 1 328 0.64456525681510801 5 0.9425375802176339 0.6968341872805639 446 0.54523008836282261 6 0.68321536038372965 0.58270670161376126 66 5.6841378211975098 1 14.263145446777344 9.0512389373779296 0 0 0 0 0
79 3.9500000000000002 4 27.119 3886 296186 4611 472 1 333 0.79522396269298734 5 0.89661250038752482 0.64449361672477112 454 0.76795941945668811 6 0.86587180060309332 0.64435522638784848 67 6.9102487564086914 1 14.196638107299805 8.786109828948975 0 0 0 0 0
80 4 4.0499999999999998 26.457000000000001 3798 299984 4611 472 1 336 0.61414088143242729 5 0.79649767043098574 0.65546892521873357 458 0.59598710343644423 6 0.75275281442178266 0.60269078834636791 68 8.3117341995239258 1 14.26298713684082 8.6124841690063469 0 0 0 0 0
81 4.0499999999999998 4.0999999999999996 26.890999999999998 3704 303688 4611 472 1 341 0.72920520721919957 5 0.8583711745247008 0.67973326599787187 464 0.63300325548326652 6 0.75860456518224773 0.61200129965189332 69 9.9651727676391602 1 14.28337574005127 8.3630391025543211 0 0 0 0 0
82 4.0999999999999996 4.1500000000000004 26.067 3593 307281 4611 472 1 344 0.57747515799507265 5 0.77950977522229392 0.62640841521914026 470 0.66332512159605284 6 0.78060018178578972 0.61862892975678319 70 11.935709953308105 1 14.289637565612793 8.0491005516052248 0 0 0 0 0
83 4.1500000000000004 4.2000000000000002 25.968 3747 311028 4611 472 1 349 0.69406379972185406 5 0.82031911516946454 0.67822410893818685 476 0.70499038696289062 6 0.78514881907282652 0.60739855057484393 71 14.291563034057617 1 14.291563034057617 7.6676249122619629 0 0 0 0 0
84 4.2000000000000002 4.25 30.524999999999999 3706 314734 4611 472 1 353 0.67340277868603904 5 0.79024544216337655 0.65537574707515645 480 0.52410939964088232 6 0.71537375063509556 0.61151061635404036 71 5.2575745582580566 1 14.008571624755859 8.9439535903930665 0 0 0 0 0
85 4.25 4.2999999999999998 28.317 3766 318500 4611 472 1 357 0.63206203400142613 5 0.90528136964828254 0.67584941099560469 487 0.66839008331298833 6 0.72405831620499894 0.61391401280583568 72 6.3828091621398926 1 14.205198287963867 8.8859805774688727 0 0 0 0 0
86 4.2999999999999998 4.3500000000000005 31.995999999999999 3768 322268 4611 472 1 362 0.75979796666947619 5 0.9172018066285148 0.6671879588989984 491 0.46984944472441803 6 0.76291715261098503 0.62899431372977599 73 7.6741089820861816 1 14.265616416931152 8.7215657234191895 0 0 0 0 0
87 4.3500000000000005 4.4000000000000004 29.664000000000001 3650 325918 4611 472 1 365 0.61142219059051028 5 0.74475296716841444 0.62308763322376071 497 0.52216276220373203 6 0.73896991884386221 0.59685663787738685 74 9.1995372772216797 1 14.284181594848633 8.4897781467437738 0 0 0 0 0
88 4.4000000000000004 4.4500000000000002 27.984999999999999 3662 329580 4611 472 1 369 0.55486936417836996 5 0.92974985213506789 0.69090992110116145 503 0.53288004591658311 6 0.80159669824548674 0.63803810104163905 75 11.018241882324219 1 14.289888381958008 8.1994211292266854 0 0 0 0 0
89 4.4500000000000002 4.5 26.867999999999999 3772 333352 4611 472 1 374 0.69674052889384919 5 0.86943956405397449 0.65319357266501787 509 0.58171049581991663 6 0.7585705318966427 0.60030476268562094 76 13.377476692199707 1 14.204693794250488 7.6642792987823487 0 0 0 0 0
90 4.5 4.5499999999999998 26.847999999999999 3663 337015 4611 472 1 377 0.50020110039483934 5 0.8613715701633029 0.67077120394933787 515 0.61375840419047589 6 0.70074262361268735 0.61692004974468306 76 4.921299934387207 1 13.112585067749023 8.3718985557556156 0 0 0 0 0
91 4.5499999999999998 4.6000000000000005 27.870999999999999 3857 340872 4611 472 1 382 0.63905536560785203 5 0.78504402296883724 0.65618044308253698 521 0.64739490199733429 6 0.71496738743137667 0.61534725792343548 77 6.0000309944152832 1 14.179032325744629 8.9320202636718751 0 0 0 0 0
92 4.6000000000000005 4.6500000000000004 27.425000000000001 3713 344585 4611 472 1 385 0.45432980855305988 5 0.86162751818460126 0.65907511400798002 527 0.68997919752791126 6 0.73264510953748552 0.60648867733414102 78 7.2231321334838867 1 14.257575988769531 8.7890876960754394 0 0 0 0 0
93 4.6500000000000004 4.7000000000000002 27.452000000000002 3815 348400 4611 472 1 391 0.70790904665750165 5 0.96964050474621 0.70132905112372501 533 0.70448387764595655 6 0.77430102374102616 0.63428851003904574 79 8.6622962951660156 1 14.281711578369141 8.5751778888702397 0 0 0 0 0
94 4.7000000000000002 4.75 26.527000000000001 3669 352069 4611 472 1 396 0.86146972292945501 5 0.91474001748221256 0.64162068079388335 539 0.76145751540725293 6 0.76145751540725293 0.59224274965234713 80 10.233678817749023 1 14.377780914306641 8.4442786312103273 0 0 0 0 0
95 4.75 4.7999999999999998 26.706 3827 355896 4611 472 1 400 0.83363318821740529 5 0.88518215361095609 0.66247981798081168 544 0.65066748180904899 6 0.82716041771141258 0.65022635851679633 81 12.201549530029297 1 14.318649291992188 8.0517444038391108 0 0 0 0 0
96 4.7999999999999998 4.8500000000000005 27.856999999999999 3740 359636 4611 472 1 404 0.80482563896784709 5 0.88946983549329972 0.66344114401983845 549 0.60705138670431602 6 0.67089551848334239 0.58372192032272774 82 14.389358520507812 1 14.389358520507812 7.833992166519165 0 0 0 0 0
97 4.8500000000000005 4.9000000000000004 27.48 3936 363572 4611 472 1 407 0.62501256428067642 5 0.78888904480707078 0.65421156580485984 556 0.71610501779092328 6 0.80740614195127747 0.64878990928546787 82 5.293550968170166 1 14.104430198669434 9.005155715942383 0 0 0 0 0
98 4.9000000000000004 4.9500000000000002 26.588000000000001 3375 366947 4611 472 1 412 0.73421305701846173 5 0.87901253927321665 0.68553867362794418 560 0.55994093869183514 6 0.7019252055400127 0.58704006628088035 83 6.3079547882080078 1 14.32220458984375 8.9957060146331784 0 0 0 0 0
99 4.9500000000000002 5 27.571999999999999 3818 370765 4611 472 1 417 0.90749618742201066 5 0.94453178133283344 0.62209477553291925 567 0.68639942890888939 6 0.77700583483721763 0.63155853011157082 84 7.6465721130371094 1 14.214427947998047 8.6747217655181892 0 0 0 0 0
100 5 5.0499999999999998 25.616 3757 374522 4611 547 1 420 0.68580246728564065 5 0.88952655640859457 0.695674807836139 571 0.51181213404681236 6 0.76651948464883335 0.60527969976373619 85 9.1894035339355469 1 14.268452644348145 8.4725445556640633 0 0 0 0 0
101 5.0499999999999998 5.1000000000000005 26.469999999999999 3570 378092 4611 547 1 424 0.65325538695804652 5 0.91778939867776532 0.66714346847836925 577 0.53872062580005542 6 0.83647528983451225 0.62200828248101314 86 11.168731689453125 1 14.198238372802734 8.0404020595550545 0 0 0 0 0
102 5.1000000000000005 5.1500000000000004 29.411000000000001 3894 381986 4611 547 1 428 0.63185657773699078 5 0.85291699000767296 0.65610626152583551 583 0.57597805487143028 6 0.75025549708185968 0.61176248225650276 87 13.432839393615723 1 14.263479232788086 7.7584575557708737 0 0 0 0 0
103 5.1500000000000004 5.2000000000000002 27.102 3706 385692 4611 547 1 433 0.77033708209083196 5 0.8017751300145709 0.65655046584114218 589 0.60684306170489333 6 0.74166272910865583 0.61809122794383276 87 4.9416680335998535 1 13.166851043701172 8.4065470981597894 0 0 0 0 0
104 5.2000000000000002 5.25 29.558 3877 389569 4611 547 1 436 0.60585647916036944 5 0.80059300528632271 0.63903189318520681 593 0.430965281821586 6 0.81731727187697956 0.60655729149483362 88 5.9245638847351074 1 14.283526420593262 9.0268988513946535 0 0 0 0 0
105 5.25 5.2999999999999998 25.202000000000002 3389 392958 4611 547 1 440 0.5326091978285048 5 0.88059539643545004 0.70743797975873179 600 0.57893663225947201 6 0.70711474547515041 0.61026009105991663 89 7.0960497856140137 1 14.289685249328613 8.840189981460572 0 0 0 0 0
106 5.2999999999999998 5.3500000000000005 27.498000000000001 3708 396666 4611 547 1 445 0.66501870231022908 5 0.84540435246058876 0.66256096355498784 605 0.48867446023064692 6 0.78973411353858747 0.62990308831189135 90 8.4966392517089844 1 14.29157829284668 8.6133701992034908 0 0 0 0 0
107 5.3500000000000005 5.4000000000000004 26.326000000000001 3978 400644 4611 547 1 449 0.64659801362052793 5 0.88517238980247859 0.65315782668098576 613 0.76022823952339791 6 0.76022823952339791 0.59601744409509594 91 10.172739028930664 1 14.292160034179688 8.3406074523925788 0 0 0 0 0
108 5.4000000000000004 5.4500000000000002 27.286999999999999 3442 404086 4611 547 1 453 0.59555678140549428 5 0.98190691357567195 0.68545321154215955 618 0.65446218542150547 6 0.7451747133925154 0.64525246468105835 92 12.17912769317627 1 14.292339324951172 8.0136058807373054 0 0 0 0 0
109 5.4500000000000002 5.5 27.007000000000001 3852 407938 4611 547 1 457 0.58128249077569871 5 0.88468947486271932 0.64905272241622702 623 0.58489770631532412 6 0.77912143243325727 0.6094116498070794 92 4.4804515838623047 1 11.93796443939209 7.6219473743438719 0 0 0 0 0
110 5.5 5.5499999999999998 28.792000000000002 3906 411844 4611 547 1 462 0.69570081196134048 5 0.92050242802453419 0.68037274171435635 630 0.73380523372340845 6 0.76375235222481397 0.60933324398865574 93 5.4391598701477051 1 14.205430030822754 9.0508456802368169 0 0 0 0 0
111 5.5499999999999998 5.6000000000000005 26.600999999999999 3449 415293 4611 547 1 467 0.8676981471833729 5 0.93996615636916392 0.62336769558134497 635 0.63803019652495518 6 0.82748049658698009 0.63536097475000342 94 6.5394797325134277 1 14.265687942504883 8.9106469917297364 0 0 0 0 0
112 5.6000000000000005 5.6500000000000004 26.640999999999998 3677 418970 4611 547 1 470 0.67966730254037044 5 0.85349741436186288 0.66234733339339968 640 0.61360784285777326 6 0.67026273495442157 0.56471939541842497 95 7.8393378257751465 1 14.284204483032227 8.7130942153930668 0 0 0 0 0
113 5.6500000000000004 5.7000000000000002 26.817 3938 422908 4611 547 1 474 0.63026298795427593 5 0.83980005128043034 0.68383265381767633 647 0.7134069855148728 6 0.77282451938938446 0.65795224191047053 96 9.3891305923461914 1 14.28989315032959 8.4656533432006835 0 0 0 0 0
114 5.7000000000000002 5.75 25.454000000000001 3516 426424 4611 547 1 478 0.6201176075708299 5 0.8622310199434795 0.6449650041640751 651 0.5617553852699898 6 0.69928057387068465 0.58257253760260508 97 11.242205619812012 1 14.291641235351562 8.1653937721252436 0 0 0 0 0
115 5.75 5.7999999999999998 26.550999999999998 3871 430295 4611 547 1 482 0.58430073753235834 5 0.8902848864358569 0.67038055760519855 658 0.69503583650331235 6 0.82650407842687657 0.6248044969971116 98 13.648227691650391 1 14.205222129821777 7.6179574489593502 0 0 0 0 0
116 5.7999999999999998 5.8500000000000005 30.555 3955 434250 4611 547 1 486 0.57438095032222691 5 0.86458036634657121 0.64474157817780042 663 0.63371384337141712 6 0.7112693580421241 0.60125133158709565 98 5.0209050178527832 1 13.377974510192871 8.541341762542725 0 0 0 0 0
117 5.8500000000000005 5.9000000000000004 26.594000000000001 3473 437723 4611 547 1 491 0.672509511311849 5 0.89184194140964079 0.69650024134015298 667 0.47926955738583127 6 0.71090070750262291 0.58533740483103569 99 6.0366725921630859 1 14.265625 8.9943537902832027 0 0 0 0 0
118 5.9000000000000004 5.9500000000000002 26.494 3974 441697 4611 547 1 496 0.80123936940753271 5 0.85078522515675381 0.66620399951934817 673 0.49494895419558965 6 0.77898489462362752 0.63312543265884003 100 7.2366132736206055 1 14.284184455871582 8.8120199203491207 0 0 0 0 0
119 5.9500000000000002 6 27.495999999999999 3590 445287 4611 547 1 500 0.80365226003858781 5 0.85334730526757618 0.63253186142633833 679 0.53515296240110655 6 0.74672679385623419 0.60884521752434817 101 8.6672582626342773 1 14.289888381958008 8.5836144447326657 0 0 0 0 0
120 6 6.0499999999999998 32.796999999999997 3860 449147 4611 547 1 503 0.59163039071219303 5 0.86291335877918063 0.68609933890993646 685 0.56388416032533384 6 0.75293238227431836 0.62020371965459875 102 10.377864837646484 1 14.291641235351562 8.3064445209503166 0 0 0 0 0
121 6.0499999999999998 6.1000000000000005 29.140999999999998 3508 452655 4611 547 1 508 0.72872612211439347 5 0.78640563147408626 0.65792137335217193 690 0.490941960102803 6 0.72874663069441514 0.61275574715073056 103 12.42502498626709 1 14.292180061340332 7.9732419872283939 0 0 0 0 0
122 6.1000000000000005 6.1500000000000004 26.309999999999999 3629 456284 4611 547 1 512 0.66076870570107116 5 0.84692532675606869 0.70220078649975004 697 0.63563930923874312 6 0.70694342561670254 0.61350134413951163 103 4.5709137916564941 1 12.178993225097656 7.7758358573913577 0 0 0 0 0
123 6.1500000000000004 6.2000000000000002 26.431999999999999 3711 459995 4611 547 1 517 0.80342418428451301 5 0.92415771787128753 0.6524171113967896 703 0.64339908909153298 6 0.72386147782609267 0.64096608527930998 104 5.472440242767334 1 14.29234504699707 9.1074596309661864 0 0 0 0 0
124 6.2000000000000002 6.25 26.091999999999999 3801 463796 4611 547 1 520 0.62108641957479815 5 0.83837886083693736 0.65671106573135118 708 0.6010537559921677 6 0.69137636648642053 0.58246374774623566 105 6.6434054374694824 1 14.205432891845703 8.8407029151916507 0 0 0 0 0
125 6.25 6.2999999999999998 26.405000000000001 3858 467654 4611 547 1 525 0.72869573320661274 5 0.96415892101469491 0.68711399328140965 715 0.70496300620001717 6 0.73543800663303682 0.65388293431256272 106 7.9873371124267578 1 14.265687942504883 8.6694615554809573 0 0 0 0 0
126 6.2999999999999998 6.3500000000000005 26.634 3687 471341 4611 547 1 529 0.73089746823386537 5 0.85771606082008001 0.63274083046686092 719 0.55208153466920595 6 0.71601105380702668 0.58379020028500928 107 9.7090597152709961 1 14.197404861450195 8.295438919067383 0 0 0 0 0
127 6.3500000000000005 6.4000000000000004 26.277999999999999 3898 475239 4611 547 1 534 0.86122098044743611 5 0.86122098044743611 0.66462613991328656 726 0.66986159762820685 6 0.77800391429179427 0.64015045349017996 108 11.677740097045898 1 14.263222694396973 8.0509401416778559 0 0 0 0 0
128 6.4000000000000004 6.4500000000000002 26.959 3617 478856 4611 547 1 537 0.69270168788849362 5 0.84416767150636707 0.64303029726422023 731 0.61230776374404494 6 0.71854978767601219 0.59752067019488375 109 14.196660995483398 1 14.196660995483398 7.5061829566955565 0 0 0 0 0
129 6.4500000000000002 6.5 27.472000000000001 3821 482677 4611 547 1 540 0.48583870842343285 5 0.90458813924638048 0.68099187487647639 737 0.62876756513440935 6 0.85068611969818941 0.6323528024054863 109 5.2226624488830566 1 13.915548324584961 8.8845616149902344 0 0 0 0 0
130 6.5 6.5499999999999998 26.239999999999998 3644 486321 4611 547 1 545 0.60147128029475139 5 0.97202202630421475 0.67917079039982398 743 0.69015498805690456 6 0.69015498805690456 0.58787297944764849 110 6.2818775177001953 1 14.262994766235352 8.9513443851470953 0 0 0 0 0
131 6.5499999999999998 6.6000000000000005 27.109999999999999 3661 489982 4611 547 1 549 0.59923566333831302 5 0.78267830894106916 0.63713397063906219 749 0.69901978776261608 6 0.82030726767875051 0.63987211902721519 111 7.5315160751342773 1 14.283376693725586 8.7628122329711911 0 0 0 0 0
132 6.6000000000000005 6.6500000000000004 26.103000000000002 3638 493620 4611 547 1 553 0.55308684848603751 5 0.82433154091002447 0.68060951929243785 753 0.53264917682957003 6 0.76294411066416146 0.59714486859295812 112 9.0208168029785156 1 14.289638519287109 8.5255427837371833 0 0 0 0 0
133 6.6500000000000004 6.7000000000000002 26.183 3718 497338 4611 547 1 558 0.69977149509248282 5 0.82428789138793945 0.64842805703481043 760 0.69364652118167358 6 0.75675252192729225 0.59736387925534618 113 10.801331520080566 1 14.291563034057617 8.2372288513183598 0 0 0 0 0
134 6.7000000000000002 6.75 26.186 3720 501058 4611 547 1 562 0.65951049895513625 5 0.85534319045051699 0.67478050837441073 764 0.49447874378513645 6 0.76028586722709035 0.62961518602113486 114 13.113051414489746 1 14.205198287963867 7.7113210582733158 0 0 0 0 0
135 6.75 6.7999999999999998 27.238 3740 504798 4611 547 1 566 0.63785742956494529 5 0.77908074666583349 0.65635793632931172 769 0.44071864308537662 6 0.80304159215978677 0.59376474870217799 114 4.8240232467651367 1 12.853395462036133 8.2064167594909669 0 0 0 0 0
136 6.7999999999999998 6.8500000000000005 26.411999999999999 3765 508563 4611 547 1 569 0.46401943479265484 5 0.80842845402066665 0.64829589752923866 776 0.57507899516337624 6 0.79274078059840847 0.62373542553669692 115 5.7999677658081055 1 14.265616416931152 9.0337791347503664 0 0 0 0 0
137 6.8500000000000005 6.9000000000000004 27.654 3896 512459 4611 547 1 574 0.56074438397846527 5 0.90705950298006577 0.69788988529689722 781 0.49020966194771431 6 0.73130678743929478 0.62456393141359901 116 6.9528617858886719 1 14.284181594848633 8.8585996913909906 0 0 0 0 0
138 6.9000000000000004 6.9500000000000002 29.367999999999999 3418 515877 4611 547 1 578 0.55855056217738563 5 0.80058687073843815 0.6370926141738894 788 0.66129151937123887 6 0.71977568188229124 0.58737986948683463 117 8.2131633758544922 1 14.378557205200195 8.7522590255737303 0 0 0 0 0
139 6.9500000000000002 7 26.100999999999999 3799 519676 4611 547 1 583 0.67303866431826642 5 0.82205120722452796 0.6803037276343693 794 0.65107606423867714 6 0.78566523887015682 0.65876225587484027 118 9.7921352386474609 1 14.318885803222656 8.4367644309997551 0 0 0 0 0
140 7 7.0499999999999998 27.09 3830 523506 4611 547 1 587 0.66588546359349809 5 0.8133142713516478 0.64200258868081239 798 0.5103235966450459 6 0.66411181269465269 0.57178204082798301 119 11.872054100036621 1 14.213427543640137 7.9408115196228026 0 0 0 0 0
141 7.0499999999999998 7.1000000000000005 27.039999999999999 3746 527252 4611 547 1 592 0.79647285597664974 5 0.88993902055044027 0.66436492299276706 805 0.61327318758577909 6 0.81745252867002749 0.65483312851673847 120 14.268144607543945 1 14.268144607543945 7.627787265777588 0 0 0 0 0
142 7.1000000000000005 7.1500000000000004 26.009 3873 531125 4611 547 1 597 0.92386878482879153 5 0.94253215335664298 0.66752463242364313 810 0.56198983192443852 6 0.70028244224754543 0.59131271439629651 120 5.248960018157959 1 13.985616683959961 8.9292982769012443 0 0 0 0 0
143 7.1500000000000004 7.2000000000000002 30.341000000000001 3656 534781 4611 547 1 599 0.6107370020851256 5 0.90557496509854751 0.62747142844729953 817 0.67787370424012883 6 0.8078959800101615 0.64202771179096108 121 6.2915487289428711 1 14.28495979309082 8.9677995586395269 0 0 0 0 0
144 7.2000000000000002 7.25 29.605 3612 538393 4611 547 1 603 0.54941163744245258 5 0.97548655858115541 0.6956348802172948 822 0.62869459100671721 6 0.71839295722342822 0.58922946465981973 122 7.4317007064819336 1 14.37879753112793 8.871208295822143 0 0 0 0 0
145 7.25 7.2999999999999998 26.062999999999999 3703 542096 4611 547 1 608 0.66543926511492046 5 0.82675103535727845 0.67877959047045022 828 0.64103850287360109 6 0.83138210193530937 0.63642769068640626 123 8.8603353500366211 1 14.31895923614502 8.5856028556823727 0 0 0 0 0
146 7.2999999999999998 7.3500000000000005 25.972999999999999 3852 545948 4611 547 1 612 0.62377658344450448 5 0.83707440845550052 0.67616816543397462 833 0.57959207715214911 6 0.68540755864736191 0.60137445168881798 124 10.594127655029297 1 14.300573348999023 8.2834887409210207 0 0 0 0 0
147 7.3500000000000005 7.4000000000000004 25.943999999999999 3823 549771 4611 547 1 617 0.75004818325950984 5 0.91611084105476503 0.66863769046843979 840 0.73378636643693251 6 0.76373275035136456 0.6040991733396377 125 12.678461074829102 1 14.294923782348633 7.9364398765563964 0 0 0 0 0
148 7.4000000000000004 7.4500000000000002 24.969000000000001 3766 553537 4611 547 1 620 0.59905583517892025 5 0.73519623468792628 0.62567805388617115 845 0.65601792464385167 6 0.7192564268369932 0.61753382492065434 125 4.6641464233398438 1 12.427411079406738 7.934441347122192 0 0 0 0 0
149 7.4500000000000002 7.5 30.053999999999998 3610 557147 4611 547 1 625 0.70083070936657132 5 0.83198895530095174 0.69289033465915262 850 0.58546838116001443 6 0.71379319526053764 0.61038688736992919 126 5.6614465713500977 1 14.206209182739258 9.0126388835906983 0 0 0 0 0
150 7.5 7.5499999999999998 28.167999999999999 3599 560746 4611 547 1 629 0.68326328671167769 5 0.79934418012225439 0.65231306038205572 856 0.62745971679687496 6 0.74920751726305168 0.6070758154070055 127 6.8064751625061035 1 14.265927314758301 8.8663844490051265 0 0 0 0 0
151 7.5499999999999998 7.6000000000000005 26.131 3790 564536 4611 547 1 633 0.64447951316833496 5 0.80307081010606551 0.67331792982797778 861 0.54636060740496661 6 0.78649144043793551 0.62083125946972839 128 8.2735567092895508 1 14.197476387023926 8.5475399303436284 0 0 0 0 0
152 7.6000000000000005 7.6500000000000004 26.364999999999998 3729 568265 4611 547 1 637 0.61734534823705278 5 0.92097085619729657 0.66178438822428409 866 0.49072592194015913 6 0.70337181091308598 0.59562070354255459 129 9.9511308670043945 1 14.26324462890625 8.3391471099853511 0 0 0 0 0
153 7.6500000000000004 7.7000000000000002 27.297999999999998 3854 572119 4611 547 1 641 0.58971825100126718 5 0.81211730412074501 0.66227236679622115 873 0.61653307064159502 6 0.81830666516278239 0.63220332271988322 130 11.930543899536133 1 14.283453941345215 8.0403133678436287 0 0 0 0 0
154 7.7000000000000002 7.75 27.007000000000001 3868 575987 4611 547 1 646 0.6955543094211154 5 0.88804442541939876 0.68886962315392875 878 0.57127891102352657 6 0.73987078280062291 0.58534361661447076 131 14.289663314819336 1 14.289663314819336 7.6643919467926027 0 0 0 0 0
155 7.75 7.7999999999999998 26.116 3450 579437 4611 547 1 651 0.87087715996636283 5 0.92472918071444077 0.62007528335329076 884 0.56449710227347705 6 0.78982339291959192 0.65536278624147981 131 5.2568745613098145 1 14.006709098815918 8.9427637767791754 0 0 0 0 0
156 7.7999999999999998 7.8500000000000005 26.367999999999999 3691 583128 4611 547 1 654 0.68390580586024696 5 0.85363265446254188 0.66129849903167259 890 0.62976076538498338 6 0.73430004119873049 0.58403536706357384 132 6.2944631576538086 1 14.291570663452148 8.9727538490295409 0 0 0 0 0
157 7.8500000000000005 7.9000000000000004 25.981000000000002 3608 586736 4611 547 1 659 0.81884141195388072 5 0.81884141195388072 0.66005997657775883 896 0.61977810730805272 6 0.80380879994985222 0.65853172866718179 133 7.6416106224060059 1 14.205201148986816 8.6662790870666502 0 0 0 0 0
158 7.9000000000000004 7.9500000000000002 29.984000000000002 3816 590552 4611 547 1 661 0.46904252824329196 5 0.82113969136798193 0.66377305416833821 900 0.47513166633812159 6 0.72412613791388436 0.57563717058542596 134 9.1875753402709961 1 14.265616416931152 8.4694374275207522 0 0 0 0 0
159 7.9500000000000002 8 26.481999999999999 3775 594327 4611 547 1 666 0.5744748645358615 5 0.90790737242925734 0.68926939873468296 908 0.69687962918668178 6 0.85117064295588318 0.64532685199943751 135 11.168057441711426 1 14.197381973266602 8.0392570686340328 0 0 0 0 0
160 8 8.0500000000000007 26.25 3675 598002 4611 547 1 670 0.57910122568645173 5 0.90224078344920322 0.63034046074700756 912 0.5266704288688866 6 0.81776492660110056 0.60094515336526411 136 13.432588577270508 1 14.263214111328125 7.7580351161956784 0 0 0 0 0
161 8.0500000000000007 8.0999999999999996 27.096 3845 601847 4611 547 1 674 0.50306573746696348 5 0.91664533766489176 0.71019835555364219 918 0.58495358003152387 6 0.7067253886042415 0.59094628898517487 136 4.9415755271911621 1 13.166605949401855 8.4063902568817142 0 0 0 0 0
162 8.0999999999999996 8.1500000000000004 26.283000000000001 3597 605444 4611 547 1 679 0.6362685400342184 5 0.84186578175378224 0.66177553653717036 924 0.60777042878640664 6 0.77262754182557802 0.62605912520434392 137 6.0074892044067383 1 14.196659088134766 8.9447083187103278 0 0 0 0 0
163 8.1500000000000004 8.1999999999999993 27.486000000000001 3872 609316 4611 547 1 683 0.62363377071562265 5 0.79279381131368976 0.64742953224787625 929 0.53616314578700708 6 0.74516764202633423 0.61143408138687572 138 7.2258791923522949 1 14.262992858886719 8.7937575531005852 0 0 0 0 0
164 8.1999999999999993 8.25 27.071999999999999 3566 612882 4611 547 1 688 0.76747913209218832 5 0.80814178406246129 0.65123900867643802 936 0.69767767674214132 6 0.71177169567829857 0.59685185169529265 139 8.6633052825927734 1 14.283376693725586 8.5768959426879885 0 0 0 0 0
165 8.25 8.3000000000000007 25.773 3718 616600 4611 547 1 691 0.5964333670479911 5 0.85159721828642343 0.64553165844508587 941 0.59861824963543864 6 0.75664788838979358 0.6386126505877523 140 10.52164363861084 1 14.202731132507324 8.1601830101013189 0 0 0 0 0
166 8.3000000000000007 8.3499999999999996 28.044 3733 620333 4611 547 1 696 0.68333497123112752 5 0.8557321533324227 0.70761519265553319 947 0.67259986980541331 6 0.67259986980541331 0.5754042833689097 141 12.651795387268066 1 14.264858245849609 7.8910770702362063 0 0 0 0 0
167 8.3499999999999996 8.4000000000000004 27.192 3895 624228 4611 547 1 701 0.82864184606642954 5 0.93429103730216856 0.649792038902404 952 0.56691370525875606 6 0.85731837813918654 0.64517333494650364 141 4.6543369293212891 1 12.401272773742676 7.9177525711059573 0 0 0 0 0
168 8.4000000000000004 8.4499999999999993 26.593 3685 627913 4611 547 1 704 0.64610106604439876 5 0.81223363724965902 0.65691196388668505 957 0.53643339389079325 6 0.74377067411268083 0.57071696299475572 142 5.5797104835510254 1 14.28394889831543 9.0838491439819329 0 0 0 0 0
169 8.4499999999999993 8.5 25.994 3595 631508 4611 547 1 709 0.75195576652647955 5 0.86495500140719939 0.68885111596849213 964 0.63064028250204551 6 0.86859179316340263 0.66348864209974123 143 6.5911850929260254 1 14.378482818603516 8.9986067008972164 0 0 0 0 0
170 8.5 8.5500000000000007 26.247 3758 635266 4611 547 1 713 0.74987635158357169 5 0.79624608963254895 0.63697937367454405 969 0.58794169812589081 6 0.75146457311269399 0.58281355922286571 144 7.9681262969970703 1 14.231378555297852 8.6367815971374515 0 0 0 0 0
171 8.5500000000000007 8.5999999999999996 27.225999999999999 3831 639097 4611 547 1 717 0.71477034735301181 5 0.87302241249689982 0.66967672423710889 975 0.58015491897995408 6 0.82128545400258657 0.65635778563731417 145 9.5679225921630859 1 14.273661613464355 8.4161479663848873 0 0 0 0 0
172 8.5999999999999996 8.6500000000000004 26.503 3926 643023 4611 547 1 721 0.71271527002728174 5 0.85777026887923957 0.63695521740686334 980 0.5324794163575044 6 0.67691396249307167 0.58774080869313838 146 11.465309143066406 1 14.286653518676758 8.1215225219726559 0 0 0 0 0
173 8.6500000000000004 8.7000000000000011 26.873999999999999 3572 646595 4611 547 1 724 0.49962323052542551 5 0.95919814942375059 0.68715889802054719 987 0.64050969819764836 6 0.78746774003312392 0.64980304413872803 147 13.922467231750488 1 14.203719139099121 7.5673316192626956 0 0 0 0 0
174 8.7000000000000011 8.75 27.475999999999999 3705 650300 4611 547 1 729 0.60607395474872894 5 0.90415591285342267 0.68826102044847259 992 0.58769288965173672 6 0.70073740417892871 0.59283088477882184 147 5.1217918395996094 1 13.646783828735352 8.7129652595520017 0 0 0 0 0
175 8.75 8.8000000000000007 31.177 3689 653989 4611 547 1 733 0.59731337759229874 5 0.77545894895281109 0.64359395950559584 998 0.62209753088048991 6 0.75005049834380277 0.61458682814159915 148 6.1584248542785645 1 14.265163421630859 8.9737018585205082 0 0 0 0 0
176 8.8000000000000007 8.8499999999999996 28.004000000000001 3745 657734 4611 547 1 737 0.55168757362971232 5 0.89156796440245611 0.68009175535232302 1003 0.54981482351148447 6 0.74406050862492745 0.61210279379664256 149 7.4861025810241699 1 14.197247505187988 8.6855541706085209 0 0 0 0 0
177 8.8499999999999996 8.9000000000000004 26.007999999999999 3478 661212 4611 547 1 742 0.693062979077536 5 0.8808597950708299 0.65368443239302854 1009 0.57912481024458606 6 0.7332208040598277 0.61963066201596662 150 9.0041074752807617 1 14.263172149658203 8.4971205711364739 0 0 0 0 0
178 8.9000000000000004 8.9500000000000011 27.010000000000002 3793 665005 4611 547 1 746 0.64345016933622812 5 0.90401354290190195 0.68403918160332577 1014 0.5362899509636132 6 0.75345923449542074 0.58294838375658631 151 10.795184135437012 1 14.283430099487305 8.2267721366882327 0 0 0 0 0
179 8.9500000000000011 9 26.004999999999999 3818 668823 4611 547 1 751 0.78957112630208337 5 0.94528811318533756 0.64898628613305465 1021 0.65593382345663531 6 0.74741969237456451 0.63830519531868601 152 12.752425193786621 1 14.378318786621094 8.062264518737793 0 0 0 0 0
180 9 9.0500000000000007 26.007999999999999 3899 672722 4611 547 1 754 0.62880543678525891 5 0.77393658955891931 0.63535395569271524 1026 0.61818522375983165 6 0.69700183868408205 0.57791289079511488 152 4.6913552284240723 1 12.499910354614258 7.9807285022735597 0 0 0 0 0
181 9.0500000000000007 9.0999999999999996 26.007000000000001 3491 676213 4611 547 1 758 0.56959942408970421 5 0.8990668115161714 0.6935366035643078 1032 0.62551720851176495 6 0.7785447919690931 0.64138966704703682 153 5.5933289527893066 1 14.318811416625977 9.1070163345336912 0 0 0 0 0
182 9.0999999999999996 9.1500000000000004 28.007999999999999 3764 679977 4611 547 1 762 0.56698466104174416 5 0.74574943194313659 0.63750934850601948 1037 0.59130457156413307 6 0.74290204434781459 0.57441210661707698 154 6.6878800392150879 1 14.300528526306152 8.916359357833862 0 0 0 0 0
183 9.1500000000000004 9.2000000000000011 30.004000000000001 3784 683761 4611 547 1 767 0.68122166679019025 5 0.87199047633579796 0.68055233213636623 1043 0.58309543197219438 6 0.83323755006532407 0.65677590916607842 155 8.0037002563476562 1 14.294910430908203 8.697295007705689 0 0 0 0 0
184 9.2000000000000011 9.25 26.009 3886 687647 4611 547 1 771 0.67196064903622577 5 0.74263136727469303 0.64408930725521496 1050 0.77847609391083583 6 0.77847609391083583 0.56332324463612315 156 9.7150793075561523 1 14.206207275390625 8.3056793308258055 0 0 0 0 0
185 9.25 9.3000000000000007 30.006 3563 691210 4611 547 1 775 0.63922447250002912 5 0.88691379153539263 0.66733060806516631 1055 0.63742807749155406 6 0.85498578612868847 0.68018274853680605 157 11.519445419311523 1 14.354111671447754 8.2136168098449716 0 0 0 0 0
186 9.3000000000000007 9.3499999999999996 27.007000000000001 3753 694963 4611 547 1 779 0.60382150468372164 5 0.79171628043765119 0.66997081173790851 1060 0.60037653252885148 6 0.70077896891413505 0.57722269679404592 158 13.942383766174316 1 14.224038124084473 7.6012120628356934 0 0 0 0 0
187 9.3499999999999996 9.4000000000000004 27.007999999999999 3725 698688 4611 547 1 783 0.62392321843949572 5 0.86554208634391661 0.61501932083614275 1067 0.70671053705988707 6 0.81834030280242098 0.65148251371125898 158 5.1291193962097168 1 13.666306495666504 8.7254305934906 0 0 0 0 0
188 9.4000000000000004 9.4500000000000011 27.006 3761 702449 4611 547 1 787 0.57593325963096009 5 1.0096358798799061 0.68243242445446184 1072 0.64442397452689504 6 0.69970571414844407 0.60220630225619731 159 6.0764832496643066 1 14.359701156616211 9.0620778369903565 0 0 0 0 0
189 9.4500000000000011 9.5 26.003 3439 705888 4611 547 1 792 0.69658831944541322 5 0.92211165503850057 0.6741981868138387 1077 0.57031409804885447 6 0.73465798996590281 0.6139116963824709 160 7.2512588500976562 1 14.313093185424805 8.836933517456055 0 0 0 0 0
190 9.5 9.5500000000000007 27.010000000000002 3919 709807 4611 547 1 796 0.64559544457329643 5 0.84525020538814488 0.6854053482176764 1084 0.71187817599322345 6 0.71187817599322345 0.61660349634531397 161 8.7939567565917969 1 14.211684226989746 8.4726800537109384 0 0 0 0 0
191 9.5500000000000007 9.5999999999999996 27.004000000000001 3926 713733 4611 547 1 801 0.77291549955095562 5 0.87145973387218656 0.6675997097530062 1088 0.52878872897173912 6 0.77323957133937526 0.61369704362508426 162 10.569707870483398 1 14.267610549926758 8.2419472694396969 0 0 0 0 0
192 9.5999999999999996 9.6500000000000004 26.004000000000001 3573 717306 4611 547 1 804 0.60156532696315224 5 0.77102121474250918 0.64583296276274182 1095 0.67491165882832294 6 0.77336981232101853 0.61209002966494186 163 12.669479370117188 1 14.284796714782715 7.9211584854125974 0 0 0 0 0
193 9.6500000000000004 9.7000000000000011 26.007000000000001 3937 721243 4611 547 1 809 0.69475935375879683 5 0.8485808826628185 0.70138571996537447 1100 0.58775955535270075 6 0.71771952397114525 0.62682402260239045 163 4.6608424186706543 1 12.418606758117676 7.9288205909729008 0 0 0 0 0
194 9.7000000000000011 9.75 26.006 3636 724879 4611 547 1 814 0.83966559455508283 5 0.98535661848764566 0.65018879004887187 1106 0.64359870601344749 6 0.78770917944006014 0.59336592312116876 164 5.5055222511291504 1 14.378747940063477 9.1637387561798089 0 0 0 0 0
195 9.75 9.8000000000000007 27.010000000000002 3886 728765 4611 547 1 818 0.82193598671564982 5 0.87276163555326913 0.65247363968501015 1111 0.55322753287650439 6 0.76561300432359847 0.63001095694464604 165 6.6555771827697754 1 14.231456756591797 8.8614076709747316 0 0 0 0 0
196 9.8000000000000007 9.8499999999999996 27.003 3296 732061 4611 547 1 821 0.63250808867197184 5 0.83689016766018343 0.66373054534669873 1118 0.73916280591810068 6 0.75409487646979256 0.57267448394362996 166 7.9918169975280762 1 14.273685455322266 8.6770795249938963 0 0 0 0 0
197 9.8499999999999996 9.9000000000000004 27.007999999999999 3991 736052 4611 547 1 825 0.60550266977340461 5 0.81720542907714844 0.66165700639997216 1123 0.63073511381407044 6 0.78928120587323158 0.64788754138431026 167 9.5766382217407227 1 14.286663055419922 8.4309738922119148 0 0 0 0 0
198 9.9000000000000004 9.9500000000000011 26.006 3575 739627 4611 547 1 830 0.70951968147641131 5 0.85466190368410144 0.69067052561139297 1128 0.60801564422813625 6 0.67494205526403483 0.5630335248740943 168 11.629024505615234 1 14.20372200012207 7.9680677890777591 0 0 0 0 0
199 9.9500000000000011 10 27.007999999999999 3794 743421 4611 547 1 835 0.87806004569644025 5 0.93235622890411862 0.62679016991267122 1135 0.70255559972814607 6 0.81505044473184118 0.66315886922784739 169 13.982695579528809 1 14.265164375305176 7.6697878265380863 0 0 0 0 0
200 10 10.050000000000001 27.004000000000001 3721 747142 4611 547 1 837 0.51947260659838479 5 0.86067329891144284 0.67247401933821405 1140 0.66269948031451253 6 0.73014509613449508 0.57999933049485475 169 5.1439499855041504 1 13.705820083618164 8.750658836364746 0 0 0 0 0
201 10.050000000000001 10.1 26.007000000000001 3832 750974 4611 571 1 842 0.63944899089752683 5 0.86316570403083925 0.67487026275150352 1146 0.65097697489970441 6 0.82126316379856423 0.66025428233275563 170 6.2529187202453613 1 14.197247505187988 8.9020823669433593 0 0 0 0 0
202 10.1 10.15 26.006 3809 754783 4611 571 1 846 0.62749232186211479 5 0.77320191216847256 0.64675819540780699 1152 0.71145903870866101 6 0.71145903870866101 0.58876927695403225 171 7.5208635330200195 1 14.263172149658203 8.7446889686584477 0 0 0 0 0
203 10.15 10.200000000000001 27.009 3444 758227 4611 571 1 850 0.59959661392938524 5 0.84359350658598398 0.66253837835221063 1157 0.59967125299814583 6 0.79344284985516522 0.65121412545281476 172 9.0168962478637695 1 14.283430099487305 8.5188752555847174 0 0 0 0 0
204 10.200000000000001 10.25 31.006 3836 762063 4611 571 1 853 0.43832904573470827 5 0.83128235075208878 0.63585092544555666 1163 0.6597175520819587 6 0.68664110802315381 0.58920074205140816 173 10.79988956451416 1 14.289654731750488 8.2347749805450441 0 0 0 0 0
205 10.25 10.300000000000001 26.004999999999999 3808 765871 4611 571 1 858 0.52072225298200336 5 1.0278417193700398 0.71207877431597044 1169 0.6795076370239258 6 0.76614272143389728 0.62905565558253096 174 13.112519264221191 1 14.204622268676758 7.7104177856445313 0 0 0 0 0
206 10.300000000000001 10.35 26.006 3529 769400 4611 571 1 863 0.65366291621374706 5 0.87792668645344085 0.6620350959565906 1174 0.60849686699944572 6 0.75435540998304207 0.61084352348946214 174 4.823826789855957 1 12.852873802185059 8.2060824203491212 0 0 0 0 0
207 10.35 10.4 28.006 3843 773243 4611 571 1 867 0.63212931345379542 5 0.82578461510794499 0.65623969940912152 1179 0.54469748058834588 6 0.75329418955622496 0.60370404310484194 175 5.8812131881713867 1 14.179010391235352 8.953151626586914 0 0 0 0 0
208 10.4 10.450000000000001 28.009 3862 777105 4611 571 1 871 0.60000153950282509 5 0.85999970965915251 0.66672834858061758 1186 0.67873566601727464 6 0.7321102438746272 0.62405438710547789 176 7.080101490020752 1 14.257570266723633 8.8130603408813482 0 0 0 0 0
209 10.450000000000001 10.5 27.004000000000001 3702 780807 4611 571 1 875 0.59000751707288956 5 0.82559427382454043 0.64481512614658887 1190 0.49491261147164012 6 0.78397809105950433 0.61442331814121554 177 8.60968017578125 1 14.19495964050293 8.4856664466857907 0 0 0 0 0
210 10.5 10.550000000000001 26.006 3365 784172 4611 571 1 880 0.70527524039858869 5 0.83759642404223245 0.67953196820758643 1198 0.78132591247558592 6 0.84640028670027445 0.581305910961048 178 10.356681823730469 1 14.262472152709961 8.2704109859466559 0 0 0 0 0
211 10.550000000000001 10.6 28.006 3855 788027 4611 571 1 884 0.70828974436199854 5 0.83118565120394272 0.63193627781338169 1202 0.5591050843934755 6 0.78551323864911049 0.65243856600168582 179 12.591108322143555 1 14.19643497467041 7.7878406333923342 0 0 0 0 0
212 10.6 10.65 27.559999999999999 3637 791664 4611 571 1 888 0.67570265134175622 5 0.94604183378673734 0.66718301432473337 1207 0.54738214080398151 6 0.68965547922495252 0.55214658128893046 179 4.6320104598999023 1 12.341787338256836 7.8797730541229249 0 0 0 0 0
213 10.65 10.700000000000001 27.643000000000001 3771 795435 4611 571 1 893 0.78056306687612387 5 0.82806243972172811 0.68983547460465189 1214 0.63578453063964846 6 0.91707021352407092 0.66923528307837388 180 5.5714969635009766 1 14.262922286987305 9.0698765563964852 0 0 0 0 0
214 10.700000000000001 10.75 26.504999999999999 3947 799382 4611 571 1 897 0.76368465120830231 5 0.80786596025739399 0.65163099886879094 1220 0.7069638187820847 6 0.72124543705502075 0.57817865467071539 181 6.679847240447998 1 14.283354759216309 8.9026957416534422 0 0 0 0 0
215 10.75 10.800000000000001 27.091000000000001 3772 803154 4611 571 1 901 0.7129043019007123 5 0.80379725259447854 0.68519500422099267 1226 0.71600152093010982 6 0.82411501085436023 0.63970093907536696 182 8.0007429122924805 1 14.289632797241211 8.6922677612304682 0 0 0 0 0
216 10.800000000000001 10.85 26.526 3453 806607 4611 571 1 905 0.70604830318027068 5 0.82854133938986163 0.64170831672729012 1232 0.76074147868800812 6 0.7949608725470465 0.60435455250095704 183 9.7139883041381836 1 14.204615592956543 8.3038272476196298 0 0 0 0 0
217 10.85 10.9 25.440999999999999 3726 810333 4611 571 1 909 0.65135841521005777 5 0.92500376322912792 0.68906548242720334 1236 0.5586969324060389 6 0.76127560074264944 0.63246329420966074 184 11.843305587768555 1 14.179009437561035 7.891905107498169 0 0 0 0 0
218 10.9 10.950000000000001 26.568999999999999 3925 814258 4611 571 1 914 0.78234876905168804 5 0.79873501308380612 0.66396598558577258 1243 0.72074422063054266 6 0.72074422063054266 0.5963243808746338 185 14.257569313049316 1 14.257569313049316 7.6097960281372075 0 0 0 0 0
219 10.950000000000001 11 25.818000000000001 3689 817947 4611 571 1 917 0.60824531979031038 5 0.77323126036023337 0.64855874076722164 1248 0.6162805686125884 6 0.79927278982626426 0.64396296418679744 185 5.2450685501098633 1 13.975250244140625 8.9226795959472653 0 0 0 0 0
220 11 11.050000000000001 25.504999999999999 3790 821737 4611 571 1 921 0.56541369453309076 5 0.83892830591353162 0.67732543506319576 1254 0.66482216087547508 6 0.67402468758660394 0.60059076775731268 186 6.3782086372375488 1 14.19495964050293 8.8781541824340824 0 0 0 0 0
221 11.050000000000001 11.1 26.792000000000002 3827 825564 4611 571 1 926 0.69608390898931594 5 0.7855825689103868 0.66428295930226644 1260 0.68560754930650869 6 0.74548124880404087 0.62807039567586542 187 7.566957950592041 1 14.3505859375 8.8230999469757077 0 0 0 0 0
222 11.1 11.15 26.811 3533 829097 4611 571 1 930 0.63823280637226409 5 0.95213124108692959 0.69219527100759837 1265 0.60548826681601031 6 0.70787320008149013 0.6198612629916217 188 9.1601171493530273 1 14.22297477722168 8.4227201557159432 0 0 0 0 0
223 11.15 11.200000000000001 26.600999999999999 3728 832825 4611 571 1 935 0.77112188793364023 5 1.0000910531906855 0.6620862049526639 1270 0.54038839469084865 6 0.7798503257132865 0.60499149665317031 189 10.852577209472656 1 14.359367370605469 8.3244057178497322 0 0 0 0 0
224 11.200000000000001 11.25 26.876000000000001 3769 836594 4611 571 1 938 0.61395433592417881 5 0.79625578532143249 0.63179171955774693 1277 0.67663522153287325 6 0.7643023336255873 0.62186781849732264 190 12.950928688049316 1 14.312990188598633 7.922560586929321 0 0 0 0 0
225 11.25 11.300000000000001 26.849 3567 840161 4611 571 1 943 0.72534241752019002 5 0.81782123020717079 0.68337283671848359 1281 0.49469354474866711 6 0.73267344655217348 0.61256072469659761 190 4.7643828392028809 1 12.694482803344727 8.1049570655822762 0 0 0 0 0
226 11.300000000000001 11.35 26.638000000000002 4046 844207 4611 571 1 946 0.57411923862638925 5 0.77529163209218832 0.6259066162412128 1288 0.639199684761666 6 0.75853177147942619 0.61369072115099121 191 5.7780265808105469 1 14.211650848388672 8.9964555072784425 0 0 0 0 0
227 11.35 11.4 26.436 3712 847919 4611 571 1 951 0.67957165127708796 5 0.85187997515239411 0.68924944877624517 1293 0.55603355974764435 6 0.73116760253906254 0.62287773555033921 192 6.9447884559631348 1 14.267599105834961 8.8448675823211662 0 0 0 0 0
228 11.4 11.450000000000001 26.547000000000001 3485 851404 4611 571 1 955 0.67184691202072866 5 0.76253995062812929 0.64256849167838936 1300 0.71086401037267732 6 0.77006977184398751 0.60346929648115843 193 8.4409942626953125 1 14.197980880737305 8.5187081336975101 0 0 0 0 0
229 11.450000000000001 11.5 26.609999999999999 3761 855165 4611 571 1 958 0.46778040840512231 5 0.92334103962731739 0.67822324268401601 1304 0.51300378747888509 6 0.76324438662142369 0.62832070860991607 194 10.152265548706055 1 14.263399124145508 8.3057827568054208 0 0 0 0 0
230 11.5 11.550000000000001 27.558 3841 859006 4611 571 1 963 0.5728650471520802 5 0.98304020412384518 0.6896134617971994 1312 0.79720381659430428 6 0.82973831795357367 0.5834971706287283 195 12.171598434448242 1 14.283502578735352 8.0007946491241455 0 0 0 0 0
231 11.550000000000001 11.6 26.571000000000002 3568 862574 4611 571 1 967 0.57331847009204684 5 0.77389888536362417 0.63447181981707379 1317 0.68013971689585095 6 0.84294602677628805 0.65643787909842799 195 4.4776825904846191 1 11.930584907531738 7.6172356986999512 0 0 0 0 0
232 11.6 11.65 28.882999999999999 3633 866207 4611 571 1 971 0.54470439184279673 5 0.93157957470606245 0.66324963365282341 1322 0.65173583546200309 6 0.73483010369378166 0.56866125916145938 196 5.3630771636962891 1 14.289678573608398 9.1234303092956548 0 0 0 0 0
233 11.65 11.700000000000001 29.527000000000001 3848 870055 4611 571 1 976 0.6880073623051719 5 0.84546528165302581 0.65177604894789443 1329 0.75100186064436625 6 0.82365315411541917 0.65847993763073054 197 6.4216217994689941 1 14.291576385498047 8.952006530761718 0 0 0 0 0
234 11.700000000000001 11.75 29.617999999999999 3705 873760 4611 571 1 979 0.48237918293665327 5 0.91482254815480069 0.67976941774761879 1333 0.59739537239074703 6 0.73613101598378772 0.58450797975385504 198 7.7959823608398438 1 14.205202102661133 8.6393372917175295 0 0 0 0 0
235 11.75 11.800000000000001 26.632000000000001 3844 877604 4611 571 1 984 0.60529488608950666 5 0.83356828538198324 0.67196012905665814 1338 0.49587019585274361 6 0.7647184578148094 0.64105382244007014 199 9.3731775283813477 1 14.265617370605469 8.4385190868377684 0 0 0 0 0
236 11.800000000000001 11.85 26.007000000000001 3627 881231 4611 571 1 988 0.61030026844569618 5 0.74998545268225292 0.62996515501113159 1345 0.65158624391298037 6 0.75071424278053078 0.60259254625681291 200 11.393667221069336 1 14.197381973266602 7.9996481513977047 0 0 0 0 0
237 11.85 11.9 26.486999999999998 3719 884950 4611 571 1 993 0.70071679069882342 5 0.83666099063933841 0.70413544927324567 1350 0.57511807261286552 6 0.75961712373269574 0.61624655367877046 201 13.703945159912109 1 14.263214111328125 7.7127444934844966 0 0 0 0 0
238 11.9 11.950000000000001 25.111999999999998 3732 888682 4611 571 1 998 0.85282710241892978 5 0.87005533490862164 0.64305654427361858 1357 0.72978243698944911 6 0.7494511011484507 0.60363372805311877 201 5.0414018630981445 1 13.432588577270508 8.5762105178833004 0 0 0 0 0
239 11.950000000000001 12 26.582999999999998 3783 892465 4611 571 1 1002 0.80948954536801287 5 0.9126968535165938 0.6778263095068553 1361 0.54441499065708465 6 0.72033164307877828 0.61595240103231885 202 6.0442123413085938 1 14.283444404602051 9.0071818542480475 0 0 0 0 0
240 12 12.050000000000001 26.550999999999998 3706 896171 4611 571 1 1006 0.8114570852309938 5 0.93339777749682229 0.63297276027618887 1367 0.57627635131011135 6 0.83547874914633258 0.6171047909453109 203 7.2393860816955566 1 14.28965950012207 8.8167381000518805 0 0 0 0 0
241 12.050000000000001 12.1 28.152999999999999 4014 900185 4611 571 1 1010 0.78670922158256407 5 0.93679276723710314 0.65942187566605825 1373 0.61632387187029869 6 0.73631893879658472 0.60900018789961541 204 8.668278694152832 1 14.291570663452148 8.5853501605987557 0 0 0 0 0
242 12.1 12.15 25.298999999999999 3540 903725 4611 571 1 1014 0.72818311812385683 5 0.84315495263962514 0.69286354284437879 1379 0.65232826954609635 6 0.780978671924488 0.61300303691142333 205 10.378240585327148 1 14.292158126831055 8.3070831298828125 0 0 0 0 0
243 12.15 12.200000000000001 27.219000000000001 3612 907337 4611 571 1 1017 0.56958105072142584 5 0.7902053575667124 0.63321186451684863 1383 0.47159953503995328 6 0.71775626105231205 0.61135992431640629 206 12.425162315368652 1 14.292339324951172 7.9734780502319333 0 0 0 0 0
244 12.200000000000001 12.25 27.469999999999999 3815 911152 4611 571 1 1021 0.52171017253209673 5 0.84760604585920063 0.6823144653108385 1391 0.74693727235536322 6 0.82549331252639357 0.59227119229290937 206 4.5709624290466309 1 12.17912769317627 7.7759208965301516 0 0 0 0 0
245 12.25 12.300000000000001 27.106000000000002 3672 914824 4611 571 1 1026 0.63489789811391684 5 0.82341814041137695 0.68159117350502629 1396 0.6412297016865498 6 0.81047317917282513 0.64519449373193671 207 5.5490379333496094 1 14.205430030822754 9.0316715145111086 0 0 0 0 0
246 12.300000000000001 12.35 26.585000000000001 3794 918618 4611 571 1 1030 0.59400461590479292 5 0.88615059474157909 0.67540635646335656 1402 0.72030007517015615 6 0.76484092763952305 0.57036623800123065 208 6.6715860366821289 1 14.265687942504883 8.8886405944824212 0 0 0 0 0
247 12.35 12.4 27.007999999999999 3722 922340 4611 571 1 1035 0.72084071144225104 5 0.93487989334833055 0.66807883588094541 1408 0.70065143430555188 6 0.84468806498759497 0.66810144109983693 209 8.1096887588500977 1 14.197404861450195 8.576231155395508 0 0 0 0 0
248 12.4 12.450000000000001 26.007000000000001 3623 925963 4611 571 1 1039 0.74464378659687347 5 0.74464378659687347 0.61135479472932364 1413 0.66332505973609723 6 0.747896873628771 0.57749485871598516 210 9.6200017929077148 1 14.351352691650391 8.5047410011291511 0 0 0 0 0
249 12.450000000000001 12.5 26.009 3749 929712 4611 571 1 1042 0.52054462735615081 5 0.87557023669046063 0.69805624878595751 1419 0.65977407919394004 6 0.75793834376979519 0.65216417621921829 211 11.484468460083008 1 14.310527801513672 8.1541149520874026 0 0 0 0 0
250 12.5 12.550000000000001 26.006 3840 933552 4611 571 1 1047 0.65046250630938818 5 0.85601086086697054 0.66502786409287229 1425 0.7220620503296723 6 0.73664868200147471 0.58698136587400696 212 13.737350463867188 1 14.297982215881348 7.7695711040496827 0 0 0 0 0
251 12.550000000000001 12.6 27.006 3886 937438 4611 571 1 1051 0.61495339302789598 5 0.84686929460555793 0.67007588061075385 1430 0.62327341389011692 6 0.74595639512345602 0.63834452853331691 212 5.0536913871765137 1 13.465332984924316 8.5971166419982907 0 0 0 0 0
252 12.6 12.65 27.007999999999999 3630 941068 4611 571 1 1055 0.60502998791043716 5 0.85003528897724456 0.64474524558536583 1435 0.56452400104419609 6 0.70586866945833771 0.59870435297166968 213 6.0487356185913086 1 14.29412841796875 9.0148735523223884 0 0 0 0 0
253 12.65 12.700000000000001 26.007000000000001 3542 944610 4611 571 1 1059 0.57959342381310841 5 0.7516920528714619 0.66010375870598692 1441 0.58724186613753038 6 0.73174839535275016 0.62615713952038732 214 7.342376708984375 1 14.205970764160156 8.7192517089843751 0 0 0 0 0
254 12.700000000000001 12.75 27.009 3829 948439 4611 571 1 1064 0.69000347076900426 5 0.8432153444441538 0.68434119625697065 1447 0.61765991159387534 6 0.72483057331394507 0.61853364501128327 215 8.8274736404418945 1 14.265853881835938 8.5297020626068107 0 0 0 0 0
255 12.75 12.800000000000001 27.007000000000001 3696 952135 4611 571 1 1069 0.85925357303922134 5 0.94962203313433935 0.62608751501355864 1452 0.56206670580683527 6 0.70653222187145337 0.59557960154559142 216 10.730205535888672 1 14.197452545166016 8.1162306785583489 0 0 0 0 0
256 12.800000000000001 12.85 26.003 3776 955911 4611 571 1 1072 0.69791024450271844 5 0.86065072861928793 0.63592584859757206 1459 0.70569428624333563 6 0.78990071013167096 0.61456055322853309 217 12.905911445617676 1 14.263236999511719 7.8459781265258792 0 0 0 0 0
257 12.85 12.9 28.006 3645 959556 4611 571 1 1075 0.49104423371572342 5 0.88849578206501312 0.68099480999840623 1463 0.51267666687836522 6 0.72626910080780849 0.62352638167303975 217 4.7478213310241699 1 12.650357246398926 8.0767840576171874 0 0 0 0 0
258 12.9 12.950000000000001 27.010000000000002 3632 963188 4611 571 1 1079 0.45494445164998371 5 0.88315898653060676 0.67066065371982631 1470 0.69809951782226565 6 0.72658948125065981 0.57318181258278944 218 5.7719354629516602 1 14.196666717529297 8.9860923194885256 0 0 0 0 0
259 12.950000000000001 13 31.004999999999999 3983 967171 4611 571 1 1084 0.56514637053958949 5 0.90826173055739634 0.68454727309090746 1475 0.58837522558263833 6 0.80894949629500101 0.64917117830224924 219 6.9425482749938965 1 14.262994766235352 8.8410562896728511 0 0 0 0 0
260 13 13.050000000000001 25.463000000000001 3501 970672 4611 571 1 1089 0.74241533355107381 5 0.76461834756154867 0.6181485160191853 1480 0.55863651069434916 6 0.68890663739797231 0.56998279001906116 220 8.3236122131347656 1 14.283376693725586 8.6326964855194088 0 0 0 0 0
261 13.050000000000001 13.1 29.84 3477 974149 4611 571 1 1093 0.66079936708722797 5 0.88486784980410627 0.71572323087662004 1487 0.6682932905248693 6 0.77253017425537107 0.64819281907983739 221 9.9695453643798828 1 14.289638519287109 8.3704726982116693 0 0 0 0 0
262 13.1 13.15 26.324999999999999 3941 978090 4611 571 1 1098 0.78674117345658556 5 0.86616423016502742 0.66896430969238285 1493 0.72454255464914685 6 0.76934574745796824 0.59295987240043846 222 11.773567199707031 1 14.380265235900879 8.2139563941955558 0 0 0 0 0
263 13.15 13.200000000000001 27.024000000000001 4000 982090 4611 571 1 1102 0.76891527100214885 5 0.86694949770730634 0.65256893740759947 1498 0.62563877105712895 6 0.75701138264424095 0.63845853542637199 223 14.035868644714355 1 14.319412231445312 7.7602457714080808 0 0 0 0 0
264 13.200000000000001 13.25 27.035 3538 985628 4611 571 1 1106 0.75917264771839932 5 0.75917264771839932 0.64456624205150315 1505 0.79334712415128139 6 0.84240497125161662 0.59071976839529494 223 5.1635093688964844 1 13.757940292358398 8.7839347743988032 0 0 0 0 0
265 13.25 13.300000000000001 26.408999999999999 3832 989460 4611 571 1 1109 0.57138049034845262 5 0.88655841918218703 0.66211117471967429 1510 0.70651632772909634 6 0.81268717276083458 0.6265059104867885 224 6.089134693145752 1 14.389598846435547 9.0835995960235589 0 0 0 0 0
266 13.300000000000001 13.35 25.821999999999999 3635 993095 4611 571 1 1114 0.66195587884812124 5 0.8415107499985468 0.70397817142426022 1515 0.64812225135597024 6 0.70698808206094277 0.59835258378209299 225 7.2559127807617188 1 14.32227897644043 8.8448517513275142 0 0 0 0 0
267 13.35 13.4 25.050999999999998 3904 996999 4611 571 1 1119 0.80797635941278367 5 1.0068004244849795 0.6490856054094104 1521 0.68155485874897725 6 0.79839417225605736 0.61554915801898857 226 8.7956695556640625 1 14.214448928833008 8.4755917263031009 0 0 0 0 0
268 13.4 13.450000000000001 27.384 3567 1000566 4611 571 1 1122 0.63605120825389072 5 0.79197736013503306 0.64640227181570864 1526 0.59967755498112862 6 0.75927090258211705 0.62160176900915187 227 10.570338249206543 1 14.268461227416992 8.2430196952819816 0 0 0 0 0
269 13.450000000000001 13.5 26.356000000000002 3692 1004258 4611 571 1 1127 0.74907669188484316 5 0.86985657707093256 0.68175184931073884 1531 0.53445802508173768 6 0.72382331281094936 0.60510996934529904 228 12.847100257873535 1 14.198240280151367 7.745930109024048 0 0 0 0 0
270 13.5 13.550000000000001 27.027000000000001 3809 1008067 4611 571 1 1131 0.74511045879787874 5 0.7755189660995726 0.63884746929955849 1538 0.67208201434161208 6 0.70707866565601241 0.62050430042679239 228 4.7261862754821777 1 12.592710494995117 8.0399787425994873 0 0 0 0 0
271 13.550000000000001 13.6 27.132999999999999 3615 1011682 4611 571 1 1135 0.71159002516004777 5 0.80492127130902003 0.66810707349625853 1542 0.47922774907704946 6 0.75913211203910214 0.62336460247555303 229 5.6061429977416992 1 14.351613998413086 9.1288148880004876 0 0 0 0 0
272 13.6 13.65 26.914999999999999 3767 1015449 4611 571 1 1138 0.550461799379379 5 0.84084152796911815 0.63571296775151809 1549 0.65510391029151716 6 0.74629539541296053 0.5826333549344862 230 6.6925926208496094 1 14.31060791015625 8.9243776321411126 0 0 0 0 0
273 13.65 13.700000000000001 26.533999999999999 3824 1019273 4611 571 1 1142 0.48769212525988381 5 0.95052395169697113 0.69706475303286597 1554 0.54068866162686735 6 0.74984545321077911 0.65381541844960789 231 8.0054311752319336 1 14.298006057739258 8.7002435016632074 0 0 0 0 0
274 13.700000000000001 13.75 26.494 3614 1022887 4611 571 1 1147 0.59977924256097703 5 0.96928764524913968 0.68268083731333407 1560 0.63263353141578471 6 0.69701675208839209 0.55762005684826821 232 9.4502334594726562 1 14.382888793945312 8.5695978069305419 0 0 0 0 0
275 13.75 13.800000000000001 30.809999999999999 3785 1026672 4611 571 1 1151 0.59255214342995299 5 0.84190046976483057 0.64207572286091152 1566 0.61643656137827285 6 0.78742680420746669 0.66468413017891537 233 11.422014236450195 1 14.232704162597656 8.0478707122802735 0 0 0 0 0
276 13.800000000000001 13.85 26.521999999999998 3545 1030217 4611 571 1 1155 0.55554547385563924 5 0.86259927446880036 0.67155853006574839 1571 0.58260885831472031 6 0.67607686068560624 0.57403106091473555 234 13.714374542236328 1 14.274068832397461 7.7304855346679684 0 0 0 0 0
277 13.85 13.9 29.797999999999998 3701 1033918 4611 571 1 1160 0.69219101042974562 5 0.78044316882178899 0.65836710808769094 1578 0.6864980079032279 6 0.74382811365900814 0.65390284718693892 234 5.0452384948730469 1 13.442811965942383 8.5827375030517583 0 0 0 0 0
278 13.9 13.950000000000001 30.748000000000001 4114 1038032 4611 571 1 1164 0.65028875971597333 5 0.83449459075927734 0.6764053057867383 1584 0.75174815461442279 6 0.75174815461442279 0.58404877487388829 235 6.1302590370178223 1 14.199928283691406 8.9257909488677978 0 0 0 0 0
279 13.950000000000001 14 26.899999999999999 3505 1041537 4611 571 1 1169 0.79898618516467868 5 0.8198852841816251 0.64643538172282877 1589 0.64657113358781149 6 0.75875822531210413 0.64466925621032733 236 7.3723669052124023 1 14.263996124267578 8.770270318984986 0 0 0 0 0
280 14 14.050000000000001 27.100999999999999 3711 1045248 4611 571 1 1171 0.47866103762672063 5 0.81130795251755483 0.634593055361793 1595 0.69589750186817068 6 0.73899847623464221 0.59981379130079926 237 8.9622669219970703 1 14.196893692016602 8.4259424495697015 0 0 0 0 0
281 14.050000000000001 14.1 26.916 3785 1049033 4611 571 1 1176 0.57186351503644672 5 0.92088364797925193 0.70137724339015906 1601 0.71552276611328125 6 0.790774933067528 0.62921890477876408 238 10.779792785644531 1 14.263064384460449 8.2005872535705571 0 0 0 0 0
282 14.1 14.15 26.515000000000001 3824 1052857 4611 571 1 1181 0.72495467322213314 5 0.78593914092533168 0.64208549749283561 1607 0.75471941200462545 6 0.81757776930525494 0.60984253563752044 239 12.924153327941895 1 14.283397674560547 7.8770108509063723 0 0 0 0 0
283 14.15 14.200000000000001 26.459 3565 1056422 4611 571 1 1185 0.68313401085989811 5 0.82637085990300252 0.67632457672603519 1611 0.58244760616405589 6 0.73977496688430378 0.60298728002084279 239 4.7545328140258789 1 12.668237686157227 8.0882007217407228 0 0 0 0 0
284 14.200000000000001 14.25 26.869 3589 1060011 4611 571 1 1190 0.83779300205291263 5 0.83779300205291263 0.64053322103288446 1618 0.73366303830533419 6 0.73366303830533419 0.60704830721262348 240 5.6946988105773926 1 14.289646148681641 9.0692043399810789 0 0 0 0 0
285 14.25 14.300000000000001 25.515000000000001 3878 1063889 4611 571 1 1193 0.64426534894912957 5 0.91521982919602163 0.66778942395770369 1622 0.53556812131727061 6 0.78429049930057015 0.62855302684371539 241 6.7251701354980469 1 14.380268096923828 8.97979736328125 0 0 0 0 0
286 14.300000000000001 14.35 26.521000000000001 3843 1067732 4611 571 1 1198 0.75666196005684994 5 0.82175309317452572 0.68237442236098045 1628 0.59664090646279822 6 0.70778316291602883 0.58818446703214911 242 8.0174169540405273 1 14.319412231445312 8.7206320095062253 0 0 0 0 0
287 14.35 14.4 26.667000000000002 3759 1071491 4611 571 1 1201 0.61036284007723374 5 0.81496367378840373 0.62103151646871435 1634 0.60415987066320476 6 0.7969797598349081 0.64120453478838935 243 9.5860557556152344 1 14.300712585449219 8.4469949340820314 0 0 0 0 0
288 14.4 14.450000000000001 25.542000000000002 3614 1075105 4611 571 1 1205 0.55063229515438983 5 0.92741598401750835 0.69405601387932192 1640 0.67187484019511456 6 0.68544760008116024 0.58160852285333564 244 11.632488250732422 1 14.207952499389648 7.973961477279663 0 0 0 0 0
289 14.450000000000001 14.5 26.494 3647 1078752 4611 571 1 1210 0.66758064239744153 5 0.85822081944299122 0.6778679780354574 1644 0.45818359529649888 6 0.83486480712890621 0.6439938563785037 245 13.983967781066895 1 14.266462326049805 7.6719552516937259 0 0 0 0 0
290 14.5 14.550000000000001 25.562000000000001 3664 1082416 4611 571 1 1214 0.62983362258426723 5 0.88621199320233057 0.6722915127163841 1651 0.6323220459190575 6 0.70960474529781858 0.58435371507180689 245 5.144416332244873 1 13.707066535949707 8.7514543151855477 0 0 0 0 0
291 14.550000000000001 14.6 27.574999999999999 3836 1086252 4611 571 1 1219 0.75586754178243976 5 0.94186885773189488 0.66887300710829489 1656 0.51067198160532357 6 0.7977751499897725 0.66097813897519497 246 6.1667461395263672 1 14.284442901611328 8.987859659194946 0 0 0 0 0
292 14.6 14.65 28.638000000000002 3886 1090138 4611 571 1 1222 0.60820281694805811 5 0.80473119871956966 0.62238354993244949 1664 0.81208528441351813 6 0.81208528441351813 0.56645544057279029 247 7.4891629219055176 1 14.203052520751953 8.6907613468170162 0 0 0 0 0
293 14.65 14.700000000000001 30.009 3797 1093935 4611 571 1 1227 0.70316633345588808 5 0.84757214500790545 0.69963375901419045 1669 0.6714283917401288 6 0.79600491652617589 0.67979546309806205 248 9.0052375793457031 1 14.264957427978516 8.499037504196167 0 0 0 0 0
294 14.700000000000001 14.75 28.388999999999999 3478 1097413 4611 571 1 1232 0.85049571688213044 5 0.88141083338904003 0.64778976152813617 1674 0.63230751656197215 6 0.67286540366507863 0.57927140387973286 249 10.795599937438965 1 14.283979415893555 8.2274792575836173 0 0 0 0 0
295 14.75 14.800000000000001 25.725000000000001 3835 1101248 4611 571 1 1235 0.66637997778635172 5 0.83365477455986869 0.65847127717638754 1681 0.73662436459515546 6 0.78065370611242346 0.65347950327074211 250 12.752578735351562 1 14.378491401672363 8.0625251007080081 0 0 0 0 0
296 14.800000000000001 14.85 26.271999999999998 3866 1105114 4611 571 1 1239 0.63358927529955666 5 0.81179241907028921 0.66738463114178392 1686 0.67941974949192352 6 0.78374787536827295 0.59717497578182721 250 4.6914138793945312 1 12.50006103515625 7.9808253479003906 0 0 0 0 0
297 14.85 14.9 27.978999999999999 3473 1108587 4611 571 1 1243 0.61325515641106498 5 0.79233052238585455 0.6550522042834569 1691 0.58909956184593404 6 0.74889231501398856 0.62996040774680495 251 5.5933489799499512 1 14.318866729736328 9.1070523643493644 0 0 0 0 0
298 14.9 14.950000000000001 26.712 3899 1112486 4611 571 1 1248 0.71740586417061947 5 0.95272475954086067 0.69053814358181431 1698 0.74637649381482918 6 0.80853998081104173 0.60104724716495828 252 6.7814240455627441 1 14.213420867919922 8.8237679767608643 0 0 0 0 0
299 14.950000000000001 15 29.805 3551 1116037 4611 571 1 1252 0.71860643417116199 5 0.8432924179803758 0.633732071679736 1703 0.65645082061355176 6 0.74296384759851408 0.62956989131102703 253 8.2643413543701172 1 14.181662559509277 8.5318625545501714 0 0 0 0 0
300 15 15.050000000000001 26.651 4013 1120050 4611 571 1 1255 0.52617330778212779 5 0.84758280193994917 0.6667058188574656 1709 0.71314718143360034 6 0.74225125699429895 0.59251723619409535 254 10.087279319763184 1 14.172096252441406 8.195229988098145 0 0 0 0 0
301 15.050000000000001 15.1 26.463000000000001 3377 1123427 4611 571 1 1260 0.64275861921764554 5 0.79926938859243246 0.67822748479389006 1714 0.64302684036461077 6 0.72701458802094332 0.60996201734285105 255 12.147690773010254 1 14.25544548034668 7.960124444961548 0 0 0 0 0
302 15.1 15.15 25.922999999999998 3838 1127265 4611 619 1 1263 0.47559878182789633 5 0.79997010458083384 0.64168441303192636 1719 0.56786614495354726 6 0.74310239585670268 0.6149520667308086 255 4.4688878059387207 1 11.907150268554688 7.6022750186920165 0 0 0 0 0
303 15.15 15.200000000000001 27.233000000000001 3775 1131040 4611 619 1 1268 0.58758094575670028 5 0.94280926386515296 0.68278471386621864 1724 0.49038623861364417 6 0.7638153024621912 0.61724815123790022 256 5.4349074363708496 1 14.194319725036621 9.0436107921600346 0 0 0 0 0
304 15.200000000000001 15.25 26.533000000000001 3830 1134870 4611 619 1 1272 0.58820420219784686 5 0.84591587762984022 0.63430374327160066 1731 0.63295657699172558 6 0.71260321333601673 0.61560722905236309 257 6.5379147529602051 1 14.262275695800781 8.9079855442047116 0 0 0 0 0
305 15.25 15.300000000000001 25.515999999999998 3610 1138480 4611 619 1 1276 0.51689018521990093 5 0.94183502500019378 0.70552396865118139 1736 0.55037314956252636 6 0.80657774951006911 0.62230084883200154 258 7.8387646675109863 1 14.28315544128418 8.7121161460876468 0 0 0 0 0
306 15.300000000000001 15.35 26.134 3718 1142198 4611 619 1 1281 0.64797135004921569 5 0.89233917660183382 0.66387611003149116 1742 0.62403007198024441 6 0.69168416744953876 0.57572572162989 259 9.2601099014282227 1 14.378232955932617 8.5928224849700925 0 0 0 0 0
307 15.35 15.4 26.777000000000001 3868 1146066 4611 619 1 1285 0.63769483187841991 5 0.8106689453125 0.64509477494254941 1748 0.61498596088306323 6 0.79756086194837417 0.65760258757101508 260 11.040525436401367 1 14.318788528442383 8.2373287200927727 0 0 0 0 0
308 15.4 15.450000000000001 25.867999999999999 3441 1149507 4611 619 1 1290 0.77425673651316806 5 0.78989775218660874 0.65844987914675757 1755 0.78756078771642735 6 0.80347054971230991 0.58590177213823469 261 13.385674476623535 1 14.213397979736328 7.6782237911224369 0 0 0 0 0
309 15.450000000000001 15.5 27.478999999999999 3833 1153340 4611 619 1 1294 0.76719203827873106 5 0.85772984368460514 0.64191496432773643 1759 0.56434299365894214 6 0.77196604754473708 0.65342546246502853 261 4.9243178367614746 1 13.120620727539062 8.3770301723480216 0 0 0 0 0
310 15.5 15.550000000000001 25.902999999999999 3792 1157132 4611 619 1 1298 0.70294705648270861 5 0.86536087308611187 0.69852534422798773 1766 0.73762757327105544 6 0.73762757327105544 0.58519910358738247 262 5.8368668556213379 1 14.356367111206055 9.0965483379364009 0 0 0 0 0
311 15.550000000000001 15.6 26.524999999999999 3651 1160783 4611 619 1 1303 0.84808606950063559 5 0.97553113150218174 0.64995836946699337 1771 0.61747132120905701 6 0.81699462581325222 0.65949926247467883 263 7.0637879371643066 1 14.224717140197754 8.7853075504302982 0 0 0 0 0
312 15.6 15.65 27.803000000000001 3717 1164500 4611 619 1 1306 0.66775527076115682 5 0.8312928563072568 0.65472411223820293 1777 0.69401998391022557 6 0.70804010984059929 0.5728628003919447 264 8.3682155609130859 1 14.359914779663086 8.7085715007781985 0 0 0 0 0
313 15.65 15.700000000000001 26.753 3721 1168221 4611 619 1 1310 0.61164565313430064 5 0.8671699100070529 0.69047102141001881 1783 0.6773455568262049 6 0.79164311177021751 0.6651568035177281 265 9.9859533309936523 1 14.31315803527832 8.3983863353729244 0 0 0 0 0
314 15.700000000000001 15.75 27.103999999999999 3933 1172154 4611 619 1 1314 0.59436910493033268 5 0.77085510889689124 0.65202503999074291 1788 0.63796681842288461 6 0.67741647411037131 0.57952679002607188 266 11.943356513977051 1 14.298791885375977 8.0621068096160897 0 0 0 0 0
315 15.75 15.800000000000001 27.521000000000001 3578 1175732 4611 619 1 1319 0.70175207985772026 5 0.91012323470342726 0.68733804778447238 1794 0.64967811172072953 6 0.7822005967836122 0.63705397623938487 267 14.294378280639648 1 14.294378280639648 7.6724115943908693 0 0 0 0 0
316 15.800000000000001 15.85 26.390999999999998 3839 1179571 4611 619 1 1323 0.70452147438412616 5 0.8103925538441491 0.63217879393744103 1800 0.69438209791441219 6 0.75221512510969835 0.60439011096954343 267 5.2586092948913574 1 14.011330604553223 8.9457143783569339 0 0 0 0 0
317 15.85 15.9 27.303000000000001 3432 1183003 4611 619 1 1326 0.50153404947311164 5 0.84261511999463279 0.67715492884318063 1805 0.60547767845360012 6 0.80894689302186706 0.62855880510484841 268 6.3831901550292969 1 14.206045150756836 8.8866279888153077 0 0 0 0 0
318 15.9 15.950000000000001 26.048999999999999 3844 1186847 4611 619 1 1331 0.60275341972472174 5 0.91736735994853669 0.69344026224953781 1811 0.66164532223263306 6 0.75838010375564158 0.59304071158331806 269 7.5687880516052246 1 14.354061126708984 8.8262164402008061 0 0 0 0 0
319 15.950000000000001 16 26.509 3786 1190633 4611 619 1 1335 0.59112624895004995 5 0.79793683309403673 0.64643205112881152 1816 0.55898770512761298 6 0.78534834578230572 0.64217503065676307 270 9.0345287322998047 1 14.311358451843262 8.5488679981231694 0 0 0 0 0
320 16 16.050000000000001 27.181999999999999 3584 1194217 4611 619 1 1339 0.55480273186214391 5 0.91471482837010942 0.67088218537587962 1821 0.50818652591189828 6 0.76101067517254806 0.59083537429087873 271 10.658208847045898 1 14.387076377868652 8.3925032329559333 0 0 0 0 0
321 16.050000000000001 16.100000000000001 26.491 3666 1197883 4611 619 1 1344 0.68779912827506895 5 0.88628180443294469 0.66197994777134495 1828 0.64321532893825217 6 0.84252538938780086 0.6230735792469333 272 12.702034950256348 1 14.321503639221191 7.9765433788299562 0 0 0 0 0
322 16.100000000000001 16.149999999999999 27.527000000000001 3906 1201789 4611 619 1 1348 0.64067117373148597 5 0.90010926837012883 0.6815789337763708 1834 0.66641486142132733 6 0.72502865404696082 0.62568023599160694 272 4.6728205680847168 1 12.450517654418945 7.9491939640045164 0 0 0 0 0
323 16.149999999999999 16.199999999999999 26.5 3934 1205723 4611 619 1 1353 0.78511731586759048 5 0.93995601411849738 0.65064426179916124 1839 0.60533129588977708 6 0.78105432665025865 0.60101524688102104 273 5.6646394729614258 1 14.214216232299805 9.0180685710906978 0 0 0 0 0
324 16.199999999999999 16.25 26.417999999999999 3486 1209209 4611 619 1 1356 0.64526840997120694 5 0.76957094858563135 0.61464565852331743 1846 0.73560805965114284 6 0.82939575298412427 0.62777830175451332 274 6.8076491355895996 1 14.268389701843262 8.8683817100524909 0 0 0 0 0
325 16.25 16.300000000000001 30.957000000000001 3849 1213058 4611 619 1 1360 0.58335433687482563 5 0.91039478968060206 0.69621771691337453 1850 0.54706171396616343 6 0.72104204538706185 0.61909959231196221 275 8.2739896774291992 1 14.19821834564209 8.5482756614685051 0 0 0 0 0
326 16.300000000000001 16.350000000000001 25.452000000000002 3550 1216608 4611 619 1 1365 0.73214085139925522 5 0.83246265895782956 0.64634719205281088 1857 0.6936277286426441 6 0.78206304601720866 0.61165138115753992 276 9.8145103454589844 1 14.351606369018555 8.474830532073975 0 0 0 0 0
327 16.350000000000001 16.399999999999999 26.588999999999999 3807 1220415 4611 619 1 1369 0.68757804234822595 5 0.84460751972501236 0.67903938929239915 1862 0.59903415731481602 6 0.77346436784074113 0.63419134640049313 277 11.716532707214355 1 14.310605049133301 8.1169340324401862 0 0 0 0 0
328 16.399999999999999 16.449999999999999 27.446000000000002 3703 1224118 4611 619 1 1373 0.6850122194441538 5 0.73146682693844745 0.63746095036703443 1869 0.76028630540177633 6 0.8002584354297535 0.59711159273096037 278 14.014885902404785 1 14.298005104064941 7.7245524215698245 0 0 0 0 0
329 16.449999999999999 16.5 29.896000000000001 3857 1227975 4611 619 1 1376 0.4873630205790202 5 0.89774515515282038 0.67186992531731038 1874 0.6669169039339633 6 0.74523163357296507 0.63297936279709255 278 5.155789852142334 1 13.737372398376465 8.7708024692535407 0 0 0 0 0
330 16.5 16.550000000000001 27.553999999999998 3470 1231445 4611 619 1 1381 0.5961467652093797 5 0.87839082687620129 0.68595120528387665 1880 0.71186576018462311 6 0.83538218317805113 0.60414770966607179 279 6.1709303855895996 1 14.294134140014648 8.9949772167205815 0 0 0 0 0
331 16.550000000000001 16.600000000000001 25.553000000000001 3868 1235313 4611 619 1 1385 0.60315265352763825 5 0.78185959467812194 0.62798456911056766 1885 0.61900078799273517 6 0.72808499722867404 0.63247989041096442 280 7.3873295783996582 1 14.292946815490723 8.7957242870330816 0 0 0 0 0
332 16.600000000000001 16.649999999999999 27.209 3974 1239287 4611 619 1 1390 0.72807528480650885 5 0.86284594308762319 0.66997316201527923 1892 0.79662409601984796 6 0.8291349359460779 0.58090371224686921 281 8.8440132141113281 1 14.292579650878906 8.5578348064422602 0 0 0 0 0
333 16.649999999999999 16.699999999999999 26.391999999999999 3500 1242787 4611 619 1 1394 0.68372094441973974 5 0.84282882629878941 0.67883297170911505 1896 0.58676566304387268 6 0.79041676392426363 0.64019929004359899 282 10.736289978027344 1 14.205504417419434 8.1265817546844481 0 0 0 0 0
334 16.699999999999999 16.75 30.978999999999999 3740 1246527 4611 619 1 1398 0.63337179592677528 5 0.87725456177242223 0.68476809403252981 1902 0.6468992491026182 6 0.67079241469099715 0.589114287067104 283 12.908148765563965 1 14.26570987701416 7.8497850513458252 0 0 0 0 0
335 16.75 16.800000000000001 27.004999999999999 3954 1250481 4611 619 1 1403 0.74889481256878565 5 0.87758768929375541 0.67927911713009792 1907 0.53651300894247522 6 0.84933482505179736 0.6498265559222246 283 4.7486438751220703 1 12.65255069732666 8.0781850719451906 0 0 0 0 0
336 16.800000000000001 16.850000000000001 26.007999999999999 3537 1254018 4611 619 1 1407 0.76327558547731433 5 0.77869475077068995 0.62068321803259474 1913 0.5951432795137972 6 0.74390380962474922 0.59060264234285087 284 5.7722396850585938 1 14.197410583496094 8.986608190536499 0 0 0 0 0
337 16.850000000000001 16.899999999999999 27.004999999999999 3806 1257824 4611 619 1 1411 0.70303595255291651 5 0.87603666668846492 0.69455995733775788 1919 0.59548505319131384 6 0.80610461879420925 0.64831028440836302 285 6.8472342491149902 1 14.351354598999023 8.9357214069366453 0 0 0 0 0
338 16.899999999999999 16.949999999999999 27.007000000000001 3665 1261489 4611 619 1 1416 0.84337920234316877 5 0.9897145922221835 0.65470632530394068 1925 0.65248290397025444 6 0.70331772469185494 0.59221883165514155 286 8.1743059158325195 1 14.310529708862305 8.6861554431915291 0 0 0 0 0
339 16.949999999999999 17 27.006 3592 1265081 4611 619 1 1420 0.81959807305108934 5 0.82667919189210926 0.65846478780110673 1931 0.66192779798765444 6 0.746321474539267 0.63929778570742213 287 9.914616584777832 1 14.210908889770508 8.277032804489135 0 0 0 0 0
340 17 17.050000000000001 26.004999999999999 3900 1268981 4611 619 1 1424 0.79441517875308088 5 0.82683587452721974 0.65985252070048506 1936 0.60142213976061021 6 0.72003301414283549 0.60044305793659103 288 11.917111396789551 1 14.267372131347656 8.0174621009826659 0 0 0 0 0
341 17.050000000000001 17.100000000000001 26.009 3773 1272754 4611 619 1 1427 0.61556650343395414 5 0.83410929876660544 0.65325677485693068 1943 0.74604515642733182 6 0.77649183531065247 0.61357500895938344 288 4.3840618133544922 1 11.681137084960938 7.4579733180999757 0 0 0 0 0
342 17.100000000000001 17.150000000000002 26.007000000000001 3489 1276243 4611 619 1 1432 0.71373672333974691 5 0.89481043437170604 0.6964589550381618 1948 0.65663937749089418 6 0.77057338920799456 0.62905526550396074 289 5.3286352157592773 1 14.197911262512207 9.0648393249511727 0 0 0 0 0
343 17.150000000000002 17.199999999999999 26.006 3802 1280045 4611 619 1 1436 0.70704884756179087 5 0.80961687602694077 0.64154193227253276 1952 0.49677522246902056 6 0.71204251212042735 0.59070322797105146 290 6.4089508056640625 1 14.263378143310547 8.9304521560668952 0 0 0 0 0
344 17.199999999999999 17.25 33.006 3887 1283932 4611 619 1 1440 0.67956838910541839 5 0.8098417161002992 0.66212725722600541 1960 0.72279346569164382 6 0.8482059530309729 0.64109908140027838 291 7.79132080078125 1 14.196708679199219 8.6314070129394533 0 0 0 0 0
345 17.25 17.300000000000001 28.010000000000002 3790 1287722 4611 619 1 1444 0.63244522942437065 5 0.80399532923622741 0.68157417191399461 1964 0.54481847092912006 6 0.7654413300591546 0.60863363358781153 292 9.371464729309082 1 14.263008117675781 8.4356029701232913 0 0 0 0 0
346 17.300000000000001 17.350000000000001 26.003 3603 1291325 4611 619 1 1448 0.61422139879256965 5 0.86008217221214656 0.65296281186361194 1971 0.69189306723104937 6 0.73074805800979203 0.61114789947303572 293 11.393034934997559 1 14.196596145629883 7.998575344085693 0 0 0 0 0
347 17.350000000000001 17.400000000000002 26.007000000000001 3785 1295110 4611 619 1 1452 0.57306410774352057 5 0.87887058560810394 0.67566777062794514 1976 0.6044336821581866 6 0.78522684251939934 0.62712821761981874 294 13.703713417053223 1 14.262972831726074 7.7123493289947511 0 0 0 0 0
348 17.400000000000002 17.449999999999999 26.007000000000001 3576 1298686 4611 619 1 1457 0.7445776651776026 5 0.79534498093620176 0.6238465311413719 1982 0.65014752052925728 6 0.76295515524374469 0.60339034505792588 294 5.0413155555725098 1 13.432361602783203 8.5760647392272951 0 0 0 0 0
349 17.449999999999999 17.5 27.009 3883 1302569 4611 619 1 1460 0.51251584007626483 5 0.88225245854211232 0.70593948439946241 1988 0.68423320151664113 6 0.79617319364805483 0.61490260196376489 295 6.1288175582885742 1 14.196584701538086 8.9233357334136958 0 0 0 0 0
350 17.5 17.550000000000001 27.004000000000001 3656 1306225 4611 619 1 1465 0.63806564088851692 5 0.87869774349152097 0.66935228052593432 1994 0.72819096333271749 6 0.7579089912208351 0.6051289477992704 296 7.4752101898193359 1 14.176591873168945 8.6670251941680903 0 0 0 0 0
351 17.550000000000001 17.600000000000001 26.006 3760 1309985 4611 619 1 1469 0.61814019415113663 5 0.88599842313736199 0.65464749820648693 1997 0.43069362382631043 6 0.7390731296023807 0.61885660764333361 297 9.0001049041748047 1 14.256826400756836 8.4903056144714348 0 0 0 0 0
352 17.600000000000001 17.650000000000002 26.009 3653 1313638 4611 619 1 1474 0.75665755498976939 5 0.81756386681208537 0.65651402730790409 2004 0.60210152703362541 6 0.73711574915293099 0.58705712743707605 298 10.94487476348877 1 14.194735527038574 8.0746116065978999 0 0 0 0 0
353 17.650000000000002 17.699999999999999 26.010000000000002 3729 1317367 4611 619 1 1477 0.59979114456782268 5 0.84180542022462879 0.63149358280121337 2010 0.59239274617787951 6 0.86851848911594698 0.65826055323111055 299 12.984885215759277 1 14.350515365600586 7.9803224658966068 0 0 0 0 0
354 17.699999999999999 17.75 30.006 3597 1320964 4611 619 1 1482 0.71013147868807358 5 0.87300662388877259 0.68441021775442445 2016 0.65304979375890782 6 0.70744040076797077 0.58859603108586478 299 4.7768735885620117 1 12.727766990661621 8.1262078285217285 0 0 0 0 0
355 17.75 17.800000000000001 26.007999999999999 3796 1324760 4611 619 1 1487 0.84727951836964444 5 0.86439569412715855 0.6578696365205069 2022 0.64721335075997022 6 0.8515776092941697 0.65442691988558399 300 5.7029166221618652 1 14.310270309448242 9.0831859111785889 0 0 0 0 0
356 17.800000000000001 17.850000000000001 26.010000000000002 3675 1328435 4611 619 1 1491 0.83562603450956796 5 0.8791573463924347 0.64645801067352293 2027 0.59380664438814734 6 0.72527704754391231 0.59341488583023483 301 6.7281942367553711 1 14.38673210144043 8.9849405956268313 0 0 0 0 0
357 17.850000000000001 17.900000000000002 26.006 3849 1332284 4611 619 1 1494 0.61899197290814112 5 0.83470956106034533 0.69066552964467864 2033 0.59413674844277875 6 0.78814027631604988 0.6483217267732363 302 8.0185298919677734 1 14.321399688720703 8.7225247478485102 0 0 0 0 0
358 17.900000000000002 17.949999999999999 27.010000000000002 3806 1336090 4611 619 1 1498 0.59877298370240228 5 0.77734968397352433 0.65493807974315832 2039 0.64634521458600014 6 0.74347396025786527 0.59696043862523263 303 9.7205333709716797 1 14.214183807373047 8.3149591922760013 0 0 0 0 0
359 17.949999999999999 18 27.004999999999999 3737 1339827 4611 619 1 1503 0.70343626870049369 5 0.84216605292426217 0.69003063171628909 2045 0.65912728438506252 6 0.81345424652099607 0.63599385725485302 304 11.681960105895996 1 14.268377304077148 8.0581202125549325 0 0 0 0 0
360 18 18.050000000000001 27.007999999999999 3597 1343424 4611 619 1 1508 0.86887654804048087 5 0.86930062278868658 0.62985939661661783 2050 0.60142823038874449 6 0.72004024144765488 0.5976644701055579 305 14.002167701721191 1 14.285030364990234 7.7029150485992428 0 0 0 0 0
361 18.050000000000001 18.100000000000001 27.004999999999999 3880 1347304 4611 619 1 1511 0.66392616241697278 5 0.8516716427273221 0.67909827800024103 2056 0.63124786325403159 6 0.75574087194494299 0.61912612585119309 305 5.1511116027832031 1 13.724905967712402 8.7628439807891851 0 0 0 0 0
362 18.100000000000001 18.150000000000002 27.003 3679 1350983 4611 619 1 1515 0.61986254888867576 5 0.84680067546783933 0.67854512487139029 2062 0.66152006613241665 6 0.77630095095247831 0.61867801983292037 306 6.0845742225646973 1 14.37882137298584 9.0758416557312014 0 0 0 0 0
363 18.150000000000002 18.199999999999999 26.010999999999999 3584 1354567 4611 619 1 1519 0.60697800772530697 5 0.83588610376630512 0.64767685519324403 2067 0.60635349428331531 6 0.65822726069269955 0.59515726001842606 307 7.3555617332458496 1 14.231479644775391 8.7416804313659675 0 0 0 0 0
364 18.199999999999999 18.25 26.004999999999999 3939 1358506 4611 619 1 1523 0.56783870288303917 5 0.83034167214045451 0.67366988991934151 2074 0.7368322913711135 6 0.76923715230580925 0.62757826418490037 308 8.8323259353637695 1 14.273693084716797 8.5379538059234612 0 0 0 0 0
365 18.25 18.300000000000001 26.009 3469 1361975 4612 619 1 1528 0.69990102828495082 5 0.83199467734685018 0.66290474778129915 2078 0.562309726508888 6 0.72224204604690134 0.60521562434531551 309 10.583822250366211 1 14.286664962768555 8.2659595012664795 0 0 0 0 0
366 18.300000000000001 18.350000000000001 26.006 3651 1365626 4612 619 1 1532 0.64898857237800722 5 0.89374002577766543 0.68532578339652406 2085 0.71273262436325491 6 0.73573846043767155 0.60783295012809146 310 12.674671173095703 1 14.290651321411133 7.9299915409088131 0 0 0 0 0
367 18.350000000000001 18.400000000000002 26.009 3764 1369390 4612 619 1 1537 0.78272881583561971 5 1.0151444389706565 0.66124346619560592 2090 0.6381941241187018 6 0.81929957415606525 0.61433606655533235 310 4.662752628326416 1 12.42369556427002 7.9320686531066897 0 0 0 0 0
368 18.400000000000002 18.449999999999999 27.007000000000001 3887 1373277 4612 619 1 1540 0.64471356830899673 5 0.76722976139613563 0.61283026589287637 2095 0.5609589808696025 6 0.70347956708959636 0.61700594631401262 311 5.5062246322631836 1 14.380582809448242 9.1649336624145512 0 0 0 0 0
369 18.449999999999999 18.5 27.001999999999999 3809 1377086 4612 619 1 1545 0.75566416695004412 5 0.82002066052149214 0.6838059501799324 2101 0.59731199419176262 6 0.77304424079688816 0.61265784743025498 312 6.564150333404541 1 14.319507598876953 8.9526164913177482 0 0 0 0 0
370 18.5 18.550000000000001 27.006 3618 1380704 4612 619 1 1549 0.7414610499427432 5 0.8279644686078268 0.64898222476717038 2108 0.72149575207684491 6 0.81348412487957933 0.63381054269945292 313 7.8484172821044922 1 14.300743103027344 8.7285357284545899 0 0 0 0 0
371 18.550000000000001 18.600000000000001 26.009 3635 1384339 4612 619 1 1552 0.53826015714615105 5 0.81616889105902779 0.67736624808538526 2112 0.52674006642522042 6 0.73561392603693787 0.62524696953232228 314 9.3924722671508789 1 14.294977188110352 8.471335945129395 0 0 0 0 0
372 18.600000000000001 18.650000000000002 26.867000000000001 3831 1388170 4612 619 1 1556 0.5221241088140578 5 0.8184740694742354 0.65089594871278789 2120 0.78675774239205021 6 0.85228444692250849 0.60743857775507737 315 11.243432998657227 1 14.293205261230469 8.1674852085113532 0 0 0 0 0
373 18.650000000000002 18.699999999999999 26.108000000000001 3683 1391853 4612 619 1 1560 0.48577204204740976 5 0.82232148306710384 0.67091040921589695 2124 0.57273548487070447 6 0.77311199549082166 0.64432161949776312 316 13.460320472717285 1 14.292659759521484 7.8052073955535892 0 0 0 0 0
374 18.699999999999999 18.75 25.946000000000002 3552 1395405 4612 619 1 1565 0.59375955188085161 5 0.89993909048655674 0.6867395886163864 2130 0.63940809095228035 6 0.75035230275746934 0.58264045163747435 316 4.9517760276794434 1 13.193788528442383 8.4237439727783201 0 0 0 0 0
375 18.75 18.800000000000001 27.016999999999999 3961 1399366 4612 619 1 1569 0.610067677876306 5 0.76004340913560653 0.61877513037787546 2136 0.63599080266179264 6 0.76370984670278186 0.65203182895763501 317 6.0112423896789551 1 14.205527305603027 8.9510927200317383 0 0 0 0 0
376 18.800000000000001 18.850000000000001 25.853000000000002 3713 1403079 4612 619 1 1573 0.58052205282544334 5 0.84784105845860069 0.66417185526045541 2141 0.59315752080968909 6 0.73399223765811406 0.58294685518419409 318 7.2272562980651855 1 14.265718460083008 8.7961040306091309 0 0 0 0 0
377 18.850000000000001 18.900000000000002 25.957999999999998 3700 1406779 4612 619 1 1577 0.54151414689563571 5 0.83342267596532427 0.67353976385934022 2147 0.59976702767449452 6 0.78717344644907361 0.6421048857972429 319 8.7851247787475586 1 14.197413444519043 8.4576576328277593 0 0 0 0 0
378 18.900000000000002 18.949999999999999 27.277999999999999 3576 1410355 4612 619 1 1581 0.50417273006741958 5 0.84803233827863422 0.67188981109195267 2153 0.65620635651253367 6 0.73987058175576703 0.59277174099071617 320 10.421225547790527 1 14.351354598999023 8.3802079772949227 0 0 0 0 0
379 18.949999999999999 19 26.314 3780 1414135 4612 619 1 1587 0.78062656190660262 5 0.8126369430905297 0.67868241317688482 2158 0.55295990608833934 6 0.77687964052767366 0.64275794000883346 321 12.440977096557617 1 14.310529708862305 8.0003786087036133 0 0 0 0 0
380 19 19.050000000000001 27.259 3962 1418097 4612 619 1 1590 0.62935995677160839 5 0.76516912097022649 0.62594953711070722 2164 0.61704604947889174 6 0.72411020124280778 0.58520111202549296 321 4.5767807960510254 1 12.194629669189453 7.7858190059661867 0 0 0 0 0
381 19.050000000000001 19.100000000000001 28.699999999999999 3579 1421676 4612 619 1 1595 0.71265008714463973 5 0.89527915772937594 0.71119080119662814 2170 0.62506812843116555 6 0.76345993248192034 0.64070647427842442 322 5.4745984077453613 1 14.297982215881348 9.1111315536499031 0 0 0 0 0
382 19.100000000000001 19.150000000000002 26.071000000000002 3932 1425608 4612 619 1 1600 0.85342384520031156 5 0.98167101542154944 0.65428018115815678 2176 0.68442831554928341 6 0.68442831554928341 0.5898799353419123 323 6.5525164604187012 1 14.29412841796875 8.9328252315521244 0 0 0 0 0
383 19.150000000000002 19.199999999999999 26.960999999999999 3691 1429299 4612 619 1 1604 0.83673204316033256 5 0.96247084178621811 0.65144621304103301 2182 0.70877623429169523 6 0.76462566272632493 0.62454337300481011 324 7.9539017677307129 1 14.205970764160156 8.6125819587707522 0 0 0 0 0
384 19.199999999999999 19.25 26.899999999999999 3564 1432863 4612 619 1 1608 0.82647836019122412 5 0.84317431374201701 0.64507214568910143 2188 0.74702027552836647 6 0.80177570033717804 0.61078570788615461 325 9.562687873840332 1 14.265853881835938 8.4072454738616944 0 0 0 0 0
385 19.25 19.300000000000001 26.634 3603 1436466 4612 619 1 1611 0.64315317169068353 5 0.90498189320639955 0.65768866644965263 2193 0.66155472317257447 6 0.74590088096824847 0.62515425511953016 326 11.623892784118652 1 14.197452545166016 7.9593371582031249 0 0 0 0 0
386 19.300000000000001 19.350000000000001 26.832999999999998 3952 1440418 4612 619 1 1615 0.5785090961153545 5 0.84535131757221527 0.69892048396761464 2199 0.69722647280306427 6 0.71864010321127403 0.61333237233033056 327 13.980806350708008 1 14.263236999511719 7.6665760231018067 0 0 0 0 0
387 19.350000000000001 19.400000000000002 27.733000000000001 3629 1444047 4612 619 1 1620 0.72960839195856975 5 0.82263111689734081 0.64405749722132599 2204 0.62647118955045134 6 0.71317376574954472 0.61059058851809123 327 5.1432533264160156 1 13.703968048095703 8.7494754600524907 0 0 0 0 0
388 19.400000000000002 19.449999999999999 28 3764 1447811 4612 619 1 1623 0.53396139826093403 5 0.7914444227067251 0.66988768418629974 2210 0.63504340197588949 6 0.7452303035839184 0.64016178935282919 328 6.2526626586914062 1 14.196666717529297 8.9016469669342033 0 0 0 0 0
389 19.449999999999999 19.5 26.620000000000001 3800 1451611 4612 619 1 1628 0.64359466613285121 5 0.94111837659563335 0.6851101918447583 2215 0.5704120545773893 6 0.69748639544925173 0.60452766815391745 329 7.5207724571228027 1 14.262994766235352 8.7445310974121089 0 0 0 0 0
390 19.5 19.550000000000001 26.306999999999999 3819 1455430 4612 619 1 1632 0.63171311030312194 5 0.8008991120353578 0.64668381918044315 2222 0.69146339828903614 6 0.7490533313235721 0.63691177275374111 330 9.0168619155883789 1 14.283376693725586 8.5188181304931643 0 0 0 0 0
391 19.550000000000001 19.600000000000001 30.766999999999999 3769 1459199 4612 619 1 1637 0.76540538999769425 5 0.80086263020833337 0.66129099293360638 2226 0.51263983185226858 6 0.73478163899602111 0.60947374704721813 331 10.79987907409668 1 14.289638519287109 8.2347540664672856 0 0 0 0 0
392 19.600000000000001 19.650000000000002 26.384 3393 1462592 4612 619 1 1640 0.61878025720989893 5 0.7974946688091944 0.62135438578469415 2233 0.66038415238663961 6 0.81051641928183071 0.61048486884864583 332 12.931541442871094 1 14.291563034057617 7.889580249786377 0 0 0 0 0
393 19.650000000000002 19.699999999999999 27.390000000000001 3763 1466355 4612 619 1 1644 0.54652083109295557 5 0.86572921086871435 0.70646001232994904 2238 0.57171373625059385 6 0.71664555008346975 0.62832714637550124 332 4.7572503089904785 1 12.675479888916016 8.0928242111206057 0 0 0 0 0
394 19.699999999999999 19.75 25.789999999999999 3694 1470049 4612 619 1 1649 0.67559246789841421 5 0.93037702166844927 0.66586552816724009 2244 0.64301620689598293 6 0.72499873187090902 0.57805671668697023 333 5.7754049301147461 1 14.205198287963867 8.991993598937988 0 0 0 0 0
395 19.75 19.800000000000001 26.436 3983 1474032 4612 619 1 1653 0.66369681509714273 5 0.794589258375622 0.64669781351846356 2250 0.65263575992068734 6 0.80079862233754751 0.63912488947687929 334 6.9438209533691406 1 14.265616416931152 8.8432243824005123 0 0 0 0 0
396 19.800000000000001 19.850000000000001 26.288 3625 1477657 4612 619 1 1657 0.63039322504921569 5 0.79880830219813759 0.66789237453824002 2255 0.60635013709197172 6 0.72593285070883262 0.58636482723339189 335 8.4406366348266602 1 14.197381973266602 8.5181023788452155 0 0 0 0 0
397 19.850000000000001 19.900000000000002 27.698 3740 1481397 4612 619 1 1661 0.62276767170618452 5 0.78541731455969432 0.64247028373536597 2260 0.50929850243233343 6 0.7714878855524836 0.63662481215193456 336 10.152133941650391 1 14.263214111328125 8.3055587482452395 0 0 0 0 0
398 19.900000000000002 19.949999999999999 26.597999999999999 3787 1485184 4612 619 1 1666 0.73647119885399226 5 0.81392651512509295 0.68108055584014382 2267 0.68377977835165493 6 0.78653392791748045 0.58401433418892523 337 12.341982841491699 1 14.196659088134766 7.8319753837585449 0 0 0 0 0
399 19.949999999999999 20 25.547999999999998 3605 1488789 4612 619 1 1671 0.91127463749476845 5 0.91127463749476845 0.62058950620984266 2273 0.67674263103588206 6 0.82454866976351349 0.65561557050653407 337 4.5403637886047363 1 12.09759521484375 7.7238659572601316 0 0 0 0 0
400 20 20.050000000000001 34.764000000000003 5801 1494590 5000 619 1 2479 82.366009091574043 126 82.366009091574043 47.611027855948798 3450 80.888206729373422 185 80.888206729373422 47.831185085399731 339 11.711326599121094 1 18.551605224609375 12.900506763458251 0 0 0 0 0
401 20.050000000000001 20.100000000000001 35.713999999999999 5940 1500530 5030 619 1 3185 102.21165599520245 126 105.25097813681951 92.415648709251784 4532 104.5551615534602 185 106.23052945523649 93.541908966064497 341 14.34937572479248 1 22.730472564697266 17.388240737915041 0 0 0 0 0
402 20.100000000000001 20.150000000000002 33.904000000000003 5470 1506000 5035 619 1 3940 113.42260288056873 126 115.9639637053959 108.74205478607664 5652 115.62946633003854 185 116.38423519650021 110.11715087478227 344 24.704343795776367 1 25.203403472900391 19.748237571716309 0 0 0 0 0
403 20.150000000000002 20.199999999999999 32.677999999999997 5840 1511840 5035 647 1 4640 109.99712898617699 126 121.54363656422449 114.50246489873012 6700 112.78470966236011 185 121.49938280260241 116.11371611476588 346 24.486822128295898 1 25.486148834228516 20.215358657836916 0 0 0 0 0
404 20.199999999999999 20.25 35.014000000000003 5852 1517692 5036 647 1 5449 121.40328047010634 126 121.40328047010634 117.12022334507532 7880 121.81704134554477 185 122.05408820074958 118.62525688460062 348 23.987638473510742 1 25.671066284179688 20.494206829071047 0 0 0 0 0
405 20.25 20.300000000000001 33.701999999999998 5716 1523408 5036 647 1 6173 118.63928592015826 126 123.3755845569429 117.65708950829885 8956 118.87671653128959 185 123.56297199146168 119.23534927450646 350 23.326412200927734 1 25.779670715332031 20.654632339477541 0 0 0 0 0
406 20.300000000000001 20.350000000000001 37.57 5690 1529098 5037 647 1 6907 116.99771063668388 126 123.92115335615854 118.13313650222051 10070 119.57069075300886 185 124.07874397071632 119.74536173392633 353 32.308456420898438 2 33.626989364624023 21.107473697662353 0 0 0 0 0
407 20.350000000000001 20.400000000000002 38.311 5553 1534651 5037 647 1 7651 117.23749069940476 126 122.51759610857282 117.85785206991528 11161 117.9097459535341 185 123.13975331074482 119.5903439413535 355 25.713385105133057 2 32.441507816314697 26.529341983795167 0 0 0 0 0
408 20.400000000000002 20.449999999999999 34.682000000000002 5697 1540348 5037 647 1 8412 119.77551747882177 126 123.90338994586278 118.28091822427412 12300 121.15188256341058 185 124.34647101324958 119.92530425365553 357 23.287196040153503 2 27.84028172492981 22.402011966705324 0 0 0 0 0
409 20.449999999999999 20.5 34.552 5893 1546241 5037 647 1 9173 122.3877444797092 126 123.90237826392764 118.20743502541194 13431 123.57169300801046 185 124.42034619305585 119.87455485988305 359 22.120839267969131 2 26.475791752338409 21.154728102684022 0 0 0 0 0
410 20.5 20.550000000000001 32.646999999999998 5467 1551708 5037 647 1 9873 115.27637112329877 126 123.0710310557532 118.15162636893137 14488 118.00266274117135 185 123.26187616296717 119.78381089906438 361 21.524696469306946 2 25.769740849733353 20.590193472206593 0 0 0 0 0
411 20.550000000000001 20.600000000000001 33.633000000000003 5907 1557615 5038 647 1 10631 117.41537748064313 126 123.72700076633029 118.1997788383847 15603 118.80314289814717 185 124.25472911113017 119.74804189816037 363 20.940992347896099 2 25.846548289060593 20.577883861958981 0 0 0 0 0
412 20.600000000000001 20.650000000000002 33.551000000000002 5642 1563257 5038 647 1 11376 117.59186826433454 126 123.96167440263052 118.07922448900008 16720 119.69456667513461 185 124.29722834406672 119.87420398361617 365 20.565752459689975 2 25.626505430787802 20.371500893756746 0 0 0 0 0
413 20.650000000000002 20.699999999999999 33.709000000000003 5685 1568942 5038 647 1 12140 120.53462213183207 126 123.84073003133138 118.35642378307524 17854 122.27512635926942 185 124.19926287676837 120.03976126181115 367 20.330358143895864 2 25.443922366946936 20.233051460944115 0 0 0 0 0
414 20.699999999999999 20.75 33.473999999999997 5921 1574863 5038 647 1 12860 116.81164514450799 126 123.31599759298658 117.97158172849626 18916 117.31366878200221 185 124.41848808494774 119.72281460736251 369 20.243761151563376 2 25.266016314737499 20.085736585957928 0 0 0 0 0
415 20.75 20.800000000000001 33.636000000000003 5590 1580453 5039 647 1 13594 115.07560542273143 126 123.86261943029979 118.22663772825209 20025 117.25429918443834 185 124.32770220782305 119.95063095917573 371 20.211901626084 2 25.200568126048893 20.031540788658894 0 0 0 0 0
416 20.800000000000001 20.850000000000001 34.076000000000001 5644 1586097 5039 647 1 14388 123.07988066900344 126 123.84971636817569 118.10720489623056 21187 123.07241891397013 185 124.07184163686391 119.86144784298456 373 20.042849392892094 2 25.479455641412642 20.16736564612307 0 0 0 0 0
417 20.850000000000001 20.900000000000002 33.591000000000001 5779 1591876 5039 647 1 15104 118.35000979711138 126 123.31434062170604 118.33348763359918 22278 120.84034815607845 185 124.48865034773543 120.15573199792809 375 19.637480347126257 2 25.666923733282601 20.401326102942402 0 0 0 0 0
418 20.900000000000002 20.949999999999999 33.658999999999999 5841 1597717 5040 647 1 15860 120.22573791988312 126 123.83020401000977 118.14293072170682 23391 121.29433973157728 185 124.4834257796004 119.87482063912056 378 25.102392673492432 2 33.884682655334473 24.589547123771482 0 0 0 0 0
419 20.949999999999999 21 37.091999999999999 5567 1603284 5040 647 1 16560 113.17833067878844 126 123.95352923680865 118.08824611724373 24446 115.46792751002955 185 124.36456166860219 119.82236087860935 380 20.784578561782837 2 30.867945671081543 24.274783964157105 0 0 0 0 0
420 21 21.050000000000001 33.173000000000002 5597 1608881 5040 647 1 17368 123.20812201121497 126 123.20812201121497 118.32409618438236 25628 123.45954527983794 185 123.45954527983794 119.87177207163221 382 18.967435777187347 2 27.612111806869507 21.799029197692871 0 0 0 0 0
421 21.050000000000001 21.100000000000001 33.490000000000002 5661 1614542 5040 647 1 18068 116.09749869694785 126 123.86428554474361 118.15083311413959 26700 119.44078381512617 185 124.44992820121146 119.8705625131968 384 18.298950552940369 2 26.063644111156464 20.661826424002648 0 0 0 0 0
422 21.100000000000001 21.150000000000002 34.679000000000002 5832 1620374 5040 647 1 18827 118.27598626273019 126 123.97519169156513 118.31937812441871 27819 120.44884239402977 185 124.35919770936708 119.97492199624554 386 17.913484953343868 2 25.675920888781548 20.381620807647707 0 0 0 0 0
423 21.150000000000002 21.199999999999999 33.542999999999999 5633 1626007 5040 647 1 19548 114.75425901867095 126 123.12864073496016 117.93103853134876 28876 115.00262042896168 185 123.30519941175307 119.66217676523569 388 17.687045760452747 2 25.473895482718945 20.224180627912283 0 0 0 0 0
424 21.199999999999999 21.25 36.252000000000002 6220 1632227 5040 647 1 20332 120.91239020937965 126 123.95347250075568 118.34764757307747 30049 121.91394117200697 185 124.2820283219621 119.96832868998762 390 17.249939234927297 2 25.733883684501052 20.432748816758394 0 0 0 0 0
425 21.25 21.300000000000001 33.762 5482 1637709 5040 647 1 21081 121.64047259376163 126 123.94456027802967 118.16802671523322 31161 122.23512309306376 185 124.21225862245302 119.8981966866158 392 17.007820099126548 2 25.509051283821464 20.239704364994541 0 0 0 0 0
426 21.300000000000001 21.350000000000001 33.905000000000001 5647 1643356 5040 647 1 21791 115.98475059630378 126 124.17888913835797 118.29773357330804 32239 118.77183685302734 185 124.10626344423036 119.96927368576458 395 26.412245750427246 2 26.945807456970215 20.689305852376854 0 0 0 0 0
427 21.350000000000001 21.400000000000002 34.030000000000001 5727 1649083 5040 647 1 22549 118.22706597948832 126 123.48424045623295 118.09745517064655 33349 119.0949571764147 185 124.4304096118824 119.68006195563241 397 20.167329549789429 2 34.282234191894531 26.182680263519288 0 0 0 0 0
428 21.400000000000002 21.449999999999999 34.091000000000001 5819 1654902 5040 647 1 23297 118.74568721226284 126 123.94988729083349 118.21666882227341 34470 120.39140711603937 185 124.1899545205606 119.9056192717681 399 17.663013219833374 2 28.893534660339355 22.479363265037538 0 0 0 0 0
429 21.449999999999999 21.5 34.408999999999999 5472 1660374 5040 647 1 24060 121.5731437319801 126 124.07000326731848 118.3117957959856 35603 122.96702468459671 185 124.46835549844278 119.93649873805691 401 16.538883149623871 2 26.87109637260437 21.11293035507202 0 0 0 0 0
430 21.5 21.550000000000001 34.189999999999998 5784 1666158 5040 647 1 24756 113.99322933620877 126 122.56424967447917 117.98052844819568 36656 116.99327004922402 185 123.2996089626003 119.75202090784022 404 25.827170610427856 2 26.112050831317902 20.80428214430809 0 0 0 0 0
431 21.550000000000001 21.600000000000001 33.710000000000001 5886 1672044 5040 647 1 25514 116.13859164525591 126 123.96619911799355 118.19344113425599 37774 118.03364113472604 185 124.45372429925042 119.83482307640281 406 24.899888828396797 2 25.916071534156799 20.918047440499066 0 0 0 0 0
432 21.600000000000001 21.650000000000002 32.311 5588 1677632 5040 647 1 26286 120.67275571066236 126 123.98867682805137 118.05066962590294 38898 119.81272661363757 185 124.30976863551784 119.7521202227618 408 23.954968569800258 2 25.950107937678695 20.935502345599232 0 0 0 0 0
433 21.650000000000002 21.699999999999999 33.905000000000001 5771 1683403 5040 647 1 27023 119.21091588338216 126 123.10755829584031 118.43136001586915 40023 121.38563059213999 185 123.70993503879856 120.06435442620355 410 23.204634931869805 2 25.958158101886511 20.74286234172061 0 0 0 0 0
434 21.699999999999999 21.75 32.829000000000001 5613 1689016 5040 647 1 27768 119.39421868702722 126 123.92958407931857 118.07245720878481 41120 120.21275354333827 185 124.24794146563556 119.75574643356735 413 26.830302238464355 2 33.875391006469727 26.410465114200488 0 0 0 0 0
435 21.75 21.800000000000001 33.018999999999998 5708 1694724 5040 647 1 28480 114.17025508577862 126 124.04295421781994 118.18773620242162 42193 116.38785866402291 185 124.35089061840161 119.78673614914349 415 23.527652025222778 2 28.619532585144043 23.269738824367522 0 0 0 0 0
436 21.800000000000001 21.850000000000001 34.198 6121 1700845 5041 647 1 29285 123.8278325398763 126 123.8278325398763 118.21641011192688 43369 123.80166522876637 185 123.80166522876637 119.79517606250658 417 21.940913796424866 2 26.985243082046509 21.570924944877625 0 0 0 0 0
437 21.850000000000001 21.900000000000002 34.369999999999997 5606 1706451 5041 647 1 29988 117.10268026684957 126 123.13616174364847 118.24539276607454 44444 120.01184609902872 185 124.45235381255279 119.96822679261906 419 21.357179567217827 2 25.833035171031952 20.577910822629928 0 0 0 0 0
438 21.900000000000002 21.949999999999999 34.511000000000003 5753 1712204 5041 647 1 30747 119.36380695161365 126 124.10358677213154 118.23756194947258 45562 121.01841129612278 185 124.59674835205078 119.86829503734688 421 20.879364818334579 2 25.722448542714119 20.473046938478948 0 0 0 0 0
439 21.949999999999999 22 33.209000000000003 5566 1717770 5041 647 1 31445 112.11566174219526 126 124.07568795340401 117.96952347528369 46611 114.6899501903637 185 124.37135554133235 119.67075749165302 423 20.543080868199468 2 25.598253719508648 20.332930809296666 0 0 0 0 0
440 22 22.050000000000001 33.414999999999999 6014 1723784 5041 647 1 32253 122.06967459784613 126 123.38015389820886 118.39911864144462 47793 122.67826921617663 185 124.69832767795872 119.87503621776688 425 20.069259932264686 2 25.740433434024453 20.469097295273095 0 0 0 0 0
441 22.050000000000001 22.100000000000001 32.968000000000004 5533 1729317 5041 647 1 32978 118.97217335776678 126 124.00241688319615 118.14596114991211 48870 119.30203366666227 185 124.30010841988228 119.77498294232342 428 25.622403144836426 2 33.901762962341309 24.502204636456444 0 0 0 0 0
442 22.100000000000001 22.150000000000002 33.606000000000002 5655 1734972 5041 647 1 33712 117.09336308070591 126 124.21383975801014 118.36798687889461 49981 119.49029140987912 185 124.44131770778347 119.92168954715211 430 21.447238922119141 2 30.463119983673096 24.133551163673403 0 0 0 0 0
443 22.150000000000002 22.199999999999999 33.414000000000001 5766 1740738 5041 647 1 34458 117.51965029277498 126 122.53420826745412 117.99062453012615 51073 117.91530023523279 185 123.38523369866448 119.61331114815381 432 19.673249483108521 2 27.460175037384033 21.756314485073091 0 0 0 0 0
444 22.199999999999999 22.25 34.128 5560 1746298 5041 647 1 35219 119.93580046154204 126 124.00242081899492 118.40154150947691 52213 121.19946548874314 185 124.43071755074166 119.99176794433592 434 19.020635634660721 2 26.007754802703857 20.646115581393243 0 0 0 0 0
445 22.25 22.300000000000001 36.182000000000002 5786 1752084 5041 647 1 35980 122.44930400545636 126 124.15103373451838 118.30516085670108 53341 123.28333261850717 185 124.458162668589 119.88280816155509 437 25.969905853271484 2 35.055698394775391 23.119991363584994 0 0 0 0 0
446 22.300000000000001 22.350000000000001 37.648000000000003 5642 1757726 5041 647 1 36677 114.85458592006138 126 123.11492368910048 118.15391465444414 54402 118.06490037247941 185 123.44078468116554 119.86909065617745 439 21.103716373443604 2 31.592549800872803 24.817688703536987 0 0 0 0 0
447 22.350000000000001 22.400000000000002 33.859000000000002 5870 1763596 5041 647 1 37437 117.37978901938787 126 124.09887761918326 118.13484685504254 55516 118.71422543912321 185 124.41518364983637 119.78954033928947 441 18.9453045129776 2 27.884060621261597 22.136902420520784 0 0 0 0 0
448 22.400000000000002 22.449999999999999 33.386000000000003 5756 1769352 5041 647 1 38182 117.60411840771872 126 124.11472205510215 118.03183793325272 56631 119.53774851206187 185 124.52532373376795 119.72518629661764 443 18.066633671522141 2 26.370916247367859 20.869914215803146 0 0 0 0 0
449 22.449999999999999 22.5 34.814 5583 1774935 5041 647 1 38944 120.23653436085534 126 124.01470674787249 118.34616206698944 57765 122.24528660129856 185 124.1688229535077 119.91399986390812 445 17.523651078343391 2 25.924326628446579 20.537570860385895 0 0 0 0 0
450 22.5 22.550000000000001 32.371000000000002 5610 1780545 5041 647 1 39666 116.81016498141818 126 123.32897634354849 117.99536231631323 58828 117.45274922138935 185 124.50368804931641 119.6636577849517 447 17.323898423463106 2 25.442744567990303 20.197762186378242 0 0 0 0 0
451 22.550000000000001 22.600000000000001 33.064999999999998 5752 1786297 5042 647 1 40401 115.19217239864288 126 123.9975122118753 118.26849528600297 59935 117.19295955348659 185 124.59568576297245 119.9328374452333 449 17.116349849849939 2 25.534587142989039 20.205486063621937 0 0 0 0 0
452 22.600000000000001 22.650000000000002 34.652000000000001 5943 1792240 5042 647 1 41196 123.33908141605438 126 123.94551322573707 118.12472296457436 61092 122.5366696331952 185 124.2794083466401 119.79058891832503 451 16.827257683500648 2 25.610438543371856 20.286203222535551 0 0 0 0 0
453 22.650000000000002 22.699999999999999 33.267000000000003 5620 1797860 5042 647 1 41909 118.13584082467216 126 123.25410237388006 118.32594938853434 62185 120.69204678922087 185 124.71274884198164 119.98836215704841 454 20.301738739013672 2 35.648635864257812 26.560145943807438 0 0 0 0 0
454 22.699999999999999 22.75 32.843000000000004 5880 1803740 5042 647 1 42664 119.78340421404157 126 123.91800241621713 118.21009076315261 63299 121.34829192290435 185 124.58849685256546 119.78269211970149 457 27.2865149974823 2 29.4063560962677 23.084838898181914 0 0 0 0 0
455 22.75 22.800000000000001 33.014000000000003 5801 1809541 5042 647 1 43366 112.98355720156715 126 124.07484448145307 118.16061307271322 64354 115.55210575413059 185 124.33709778656831 119.79243708595074 459 25.436753988265991 2 26.785109877586365 21.831336976289748 0 0 0 0 0
456 22.800000000000001 22.850000000000001 34.244 5700 1815241 5042 647 1 44174 123.04557521759517 126 123.04557521759517 118.29219039553688 65536 123.50396147032042 185 123.50396147032042 119.91113710970494 461 24.152471765875816 2 26.28285950422287 21.271483872234821 0 0 0 0 0
457 22.850000000000001 22.900000000000002 34.756 5494 1820735 5042 647 1 44876 116.25683284941174 126 124.01896164909242 118.14961998470248 66604 119.10184218947951 185 124.38820054337785 119.81766834320894 464 27.638420104980469 2 34.360276222229004 26.548794056773186 0 0 0 0 0
458 22.900000000000002 22.949999999999999 33.936 5888 1826623 5042 647 1 45633 118.08312176901197 126 123.95841580345517 118.35060486929758 67724 120.31939569421716 185 124.20500789333035 119.87562407457509 466 24.100833892822266 2 28.801510095596313 23.502325248718261 0 0 0 0 0
459 22.949999999999999 23 33.677999999999997 5626 1832249 5042 647 1 46357 114.98566073463077 126 123.05209701780289 117.98719016544405 68782 114.95457792539854 185 123.371710370038 119.68969173699458 468 22.420160114765167 2 27.054918169975281 21.663921061754227 0 0 0 0 0
460 23 23.050000000000001 37.655000000000001 5846 1838095 5042 647 1 47141 121.05859181237599 126 124.02175939650763 118.43199750869994 69956 121.91376247921505 185 124.11691622347445 120.02904984015382 471 26.257234573364258 2 35.505129814147949 26.201169039607048 0 0 0 0 0
461 23.050000000000001 23.100000000000001 40.061999999999998 5667 1843762 5042 647 1 47888 121.46671101403615 126 123.92411919245644 118.16734007941352 71067 122.20022719099715 185 124.25812415045661 119.82446029333165 473 22.945072293281555 2 28.967328310012817 23.279154889583587 0 0 0 0 0
462 23.100000000000001 23.150000000000002 38.011000000000003 5550 1849312 5042 647 1 48598 115.85302667769174 126 124.04286987062484 118.25611507960728 72145 118.77112616461676 185 124.10780379836623 119.93543019640124 475 21.562845766544342 2 26.562201619148254 21.368454360961913 0 0 0 0 0
463 23.150000000000002 23.199999999999999 38.009 5775 1855087 5042 647 1 49358 118.38590858096168 126 123.34692939879402 118.12724425179618 73256 119.14649270547403 185 124.09631937387827 119.7364441388104 477 20.697170749306679 2 26.197506427764893 20.857052011191843 0 0 0 0 0
464 23.199999999999999 23.25 36.006999999999998 5739 1860826 5042 647 1 50104 118.63139991154746 126 124.10515927511548 118.16961503770619 74377 120.44019416602882 185 124.4619986044394 119.90834203854121 479 19.971729949116707 2 25.901934877038002 20.718211162090302 0 0 0 0 0
465 23.25 23.300000000000001 36.725999999999999 5567 1866393 5042 647 1 50867 121.51587440854027 126 123.85031691051665 118.25534533788284 75513 123.29568353601404 185 124.36686822014886 119.98374165880359 481 19.46015540137887 2 25.748310208320618 20.50647195443511 0 0 0 0 0
466 23.300000000000001 23.350000000000001 36.808 5720 1872113 5042 647 1 51562 113.75030735560826 126 122.40998059227353 118.00560019962373 76566 117.33928206160262 185 123.62456784634976 119.73484008129225 483 18.942241939716041 2 25.833290321752429 20.512758505586536 0 0 0 0 0
467 23.350000000000001 23.400000000000002 36.816000000000003 5867 1877980 5042 647 1 52323 116.29756285652282 126 123.86452072385758 118.27174336024694 77680 117.98728608827334 185 124.28339146794499 119.79084802823452 485 18.376024425029755 2 25.817346662748605 20.560570251923053 0 0 0 0 0
468 23.400000000000002 23.449999999999999 34.738 5768 1883748 5042 647 1 53094 120.60171466403537 126 123.92822138468425 118.11965980045377 78806 119.95485604775918 185 124.35239311424462 119.78173044070681 487 18.081381174735725 2 25.559673226438463 20.291705153882504 0 0 0 0 0
469 23.449999999999999 23.5 36.798999999999999 5860 1889608 5042 647 1 53832 119.289855775379 126 123.18971972995334 118.44160335480221 79932 121.58141710436021 185 123.69311308989654 120.11933915586729 489 17.972989057132509 2 25.308594446163625 20.107311435863377 0 0 0 0 0
470 23.5 23.550000000000001 34.075000000000003 5614 1895222 5042 647 1 54576 119.31082831488715 126 123.68870217459542 118.07443911597841 81027 120.18091273952174 185 124.33082526954445 119.76488947028079 491 17.933107186414418 2 25.216230584774166 20.039476503781916 0 0 0 0 0
471 23.550000000000001 23.600000000000001 36.880000000000003 5689 1900911 5042 647 1 55288 114.10316673157708 126 123.81368855067662 118.17159661308169 82100 116.30458658579234 185 124.38669771761508 119.83765532210063 493 17.557493921660352 2 25.674044464016333 20.371876706264157 0 0 0 0 0
472 23.600000000000001 23.650000000000002 36.871000000000002 5752 1906663 5042 647 1 56094 123.9282943483383 126 123.9282943483383 118.20926037258572 83276 123.69556237298089 185 123.69556237298089 119.81777936780774 496 25.902064323425293 2 29.204492568969727 21.738595809840991 0 0 0 0 0
473 23.650000000000002 23.699999999999999 40.335999999999999 5605 1912268 5042 647 1 56798 117.30587677728562 126 123.22817308940584 118.30241256592764 84351 119.92754941373258 185 124.46373888995197 119.94663894323401 498 19.850831747055054 2 33.811280250549316 25.990926599502565 0 0 0 0 0
474 23.699999999999999 23.75 37.122999999999998 5711 1917979 5042 647 1 57556 119.37568476843455 126 123.81617179749504 118.26824365646124 85471 121.21266062968486 185 124.45765834499049 119.80874081420902 500 17.420317769050598 2 28.595468282699585 22.406290981769562 0 0 0 0 0
475 23.75 23.800000000000001 35.545999999999999 5691 1923670 5042 647 1 58254 112.12806386796255 126 123.92920569768027 117.96900462074888 86521 114.98566354287637 185 123.91606016416807 119.67841323440136 503 25.834077745676041 2 26.976032495498657 21.670096057653428 0 0 0 0 0
476 23.800000000000001 23.850000000000001 35.793999999999997 5780 1929450 5042 647 1 59062 122.06839927794441 126 123.23779230269174 118.41265964084198 87702 122.77478353139516 185 124.34093133050042 119.96414317033096 505 24.785874158143997 2 26.20929291844368 21.037759088575839 0 0 0 0 0
477 23.850000000000001 23.900000000000002 43.603999999999999 5671 1935121 5042 647 1 59786 118.83693592132084 126 124.15943285018679 118.11985739208403 88779 119.31903434959618 185 124.25943273595861 119.85370301447686 507 24.400263760238886 2 25.547583296895027 20.3817744243145 0 0 0 0 0
478 23.900000000000002 23.949999999999999 50.374000000000002 5923 1941044 5042 647 1 60520 116.99333318074544 126 124.10868690127418 118.33312852405366 89892 119.66572401716903 185 124.50498830434438 119.98105241765208 509 24.25840531103313 2 25.304154831916094 20.140452245101333 0 0 0 0 0
479 23.949999999999999 24 36.658000000000001 5562 1946606 5042 647 1 61266 117.43439084007626 126 122.49862973652189 117.97599912492058 90983 117.96035585145692 185 123.21773001181113 119.63428134567674 511 24.206213321536779 2 25.214595961384475 20.05166929539293 0 0 0 0 0
480 24 24.050000000000001 34.265999999999998 5635 1952241 5042 647 1 62027 119.90529935322111 126 123.92721593947638 118.34732915000308 92122 121.16906053697741 185 124.47483652475718 119.95836801724825 514 28.608152866363525 2 33.76007080078125 25.641929253833368 0 0 0 0 0
481 24.050000000000001 24.100000000000001 33.874000000000002 5869 1958110 5042 647 1 62787 122.3045544700017 126 123.9903070359003 118.25953943525045 93251 123.35264430690457 185 124.42849352037584 119.89219306244721 516 25.319163203239441 2 28.325356721878052 23.256211271286009 0 0 0 0 0
482 24.100000000000001 24.150000000000002 32.683 5678 1963788 5042 647 1 63485 114.85750616164435 126 123.12145826551649 118.1664452640594 94309 117.77706092628273 185 123.59267644108952 119.89835755631729 518 23.706493198871613 2 26.872609376907349 21.596605292558671 0 0 0 0 0
483 24.150000000000002 24.199999999999999 33.524999999999999 5933 1969721 5042 647 1 64246 117.47432430206783 126 123.93837998405336 118.2028729829334 95424 118.61872249293971 185 124.57965624010241 119.70722832509631 520 23.113217875361443 2 25.791600346565247 20.587359211444856 0 0 0 0 0
484 24.199999999999999 24.25 33.146999999999998 5591 1975312 5042 647 1 64993 117.8758931841169 126 123.98650014968146 118.17382388644748 96542 119.71464629302153 185 124.39172173577386 119.77982400182775 522 22.609985165297985 2 25.706899017095566 20.498218502998352 0 0 0 0 0
485 24.25 24.300000000000001 34.302999999999997 5828 1981140 5042 647 1 65755 120.38018562680199 126 124.00389250497969 118.47300751337929 97677 122.38665342588682 185 124.20384917388091 120.05728555050413 524 21.975083634257317 2 25.787997953593731 20.628576973825695 0 0 0 0 0
486 24.300000000000001 24.350000000000001 32.384 5408 1986548 5042 647 1 66476 116.74862610347687 126 123.30597656492203 118.03977744087342 98738 117.26323258683489 185 124.52338516647751 119.77502707569018 526 21.638144918717444 2 25.541875636205077 20.333586695287377 0 0 0 0 0
487 24.350000000000001 24.400000000000002 34.560000000000002 5977 1992525 5042 647 1 67213 115.38684857080854 126 123.92670368012928 118.33229359460255 99845 117.00927293107317 185 124.73505236651447 119.9270650898701 529 26.851647853851318 2 32.796675205230713 24.83846319722943 0 0 0 0 0
488 24.400000000000002 24.449999999999999 33.268000000000001 5670 1998195 5042 647 1 68006 123.14466942681207 126 123.91514302813817 118.19247211395748 101007 122.81888139054583 185 123.94444076950485 119.86987466513146 531 22.740165710449219 2 29.792854309082031 24.070511012077333 0 0 0 0 0
489 24.449999999999999 24.5 37.145000000000003 5768 2003963 5042 647 1 68720 118.10932371351454 126 123.22069337632921 118.31845777602422 102102 121.04382472682643 185 124.24013317211254 120.13570540474562 533 20.877525091171265 2 27.434503197669983 21.844081456661225 0 0 0 0 0
490 24.5 24.550000000000001 33.353999999999999 5727 2009690 5042 647 1 69477 120.16521811106848 126 123.91049024793837 118.12328871832952 103213 121.30209985681482 185 124.15973551982158 119.85237081661742 535 20.19229331612587 2 25.998310089111328 20.678401357531548 0 0 0 0 0
491 24.550000000000001 24.600000000000001 37.036000000000001 5647 2015337 5042 647 1 70177 113.12272607712518 126 123.89892880878752 118.08337955535404 104269 115.57877019933753 185 124.15492599074905 119.82841399651605 537 19.785995461046696 2 25.66105130314827 20.402247808724642 0 0 0 0 0
492 24.600000000000001 24.650000000000002 33.743000000000002 6011 2021348 5042 647 1 70985 123.13597803267221 126 123.13597803267221 118.34046910967145 105450 123.47265942547773 185 123.47265942547773 119.86041897335571 539 19.391828685998917 2 25.657905537635088 20.39023729801178 0 0 0 0 0
493 24.650000000000002 24.699999999999999 32.857999999999997 5530 2026878 5042 647 1 71686 116.13436623225137 126 123.94494949825226 118.20163723536903 106519 119.12133813806483 185 124.34174276815878 119.87548462326464 541 18.917109810747206 2 25.777347024530172 20.469998417906464 0 0 0 0 0
494 24.699999999999999 24.75 33.097000000000001 5846 2032724 5042 647 1 72444 118.15901414174883 126 124.01207951136998 118.31295311821833 107641 120.41630009831609 185 124.32848341658308 120.0152026903307 543 18.59723367029801 2 25.610762570984662 20.31669879861176 0 0 0 0 0
495 24.75 24.800000000000001 31.817 5345 2038069 5042 647 1 73166 114.82997210063631 126 123.05057652791341 117.89900280422633 108699 115.03597185289537 185 123.44689999142209 119.70504804209115 545 18.162758850143291 2 25.74817714234814 20.430143783858512 0 0 0 0 0
496 24.800000000000001 24.850000000000001 33.445 5975 2044044 5042 647 1 73950 120.93424200633216 126 124.03244060940213 118.40097087315151 109871 121.84011799580342 185 124.21242572681324 119.9663267541834 547 17.641974613477942 2 25.79758127045352 20.515594803408021 0 0 0 0 0
497 24.850000000000001 24.900000000000002 36.220999999999997 5678 2049722 5042 647 1 74697 121.33699550325909 126 124.11131946624272 118.17265198117211 110983 122.23321368243244 185 124.39095096072636 119.82700142937738 549 17.367430562386289 2 25.54769008862786 20.271812854472664 0 0 0 0 0
498 24.900000000000002 24.949999999999999 34.286000000000001 5634 2055356 5042 647 1 75410 116.17647970290412 126 124.0528447590177 118.28365204584028 112061 118.79388749406145 185 124.02273143046611 119.94555410106761 551 17.266430968134955 2 25.304189479138586 20.099995039845382 0 0 0 0 0
499 24.949999999999999 25 33.875999999999998 5670 2061026 5042 647 1 76168 118.40055156889416 126 123.35568164643787 118.11551599532842 113170 118.98557920713682 185 124.34524074245144 119.70207271514067 553 17.22927398639149 2 25.21461075246043 20.036787588347433 0 0 0 0 0
500 25 25.050000000000001 33.445 5746 2066772 5042 647 1 76915 118.75486706930494 126 124.11895642961774 118.22060527498759 114291 120.33507892505543 185 124.44033256736961 119.85309888520115 555 16.868806538542231 2 25.673672512035409 20.356879024742575 0 0 0 0 0
501 25.050000000000001 25.100000000000001 37.716000000000001 5818 2072590 5042 647 1 77677 121.43089336819119 126 124.08884012131463 118.30298528277686 115426 123.14356875032992 185 124.53926968961149 119.92216309336068 557 16.527680429855991 2 25.662645165418326 20.337729687049649 0 0 0 0 0
502 25.100000000000001 25.150000000000002 32.539000000000001 5638 2078228 5042 647 1 78373 113.82929756527855 126 122.64454227023654 118.00199290684287 116480 117.2267311714791 185 123.46998002335832 119.80377907830321 559 15.997457363184708 2 25.853074067176749 20.524943609848844 0 0 0 0 0
503 25.150000000000002 25.199999999999999 32.701000000000001 6108 2084336 5042 674 1 79134 116.37637989104741 126 123.95178440638951 118.27191402132549 117595 117.87928343076963 185 124.55920867919922 119.89445256661082 563 31.080226421356201 2 35.242423057556152 25.06754837293127 0 0 0 0 0
504 25.199999999999999 25.25 33.063000000000002 5315 2089651 5042 674 1 79904 120.52249363490513 126 124.0055913773794 118.11739225357302 118718 119.56500314248575 185 124.59519137820682 119.73644706932275 565 26.832376003265381 2 30.464796543121338 24.205514202117921 0 0 0 0 0
505 25.25 25.300000000000001 35.018999999999998 5936 2095587 5042 674 1 80642 119.2183004106794 126 123.11524430532305 118.43401386684837 119845 121.40446109256229 185 123.63770054997624 120.01667365244272 567 24.850523173809052 2 27.181690812110901 21.962103705406189 0 0 0 0 0
506 25.300000000000001 25.350000000000001 34.006999999999998 5712 2101299 5042 674 1 81386 119.24798583984375 126 124.09322774977912 118.06581285264754 120946 120.59899889971759 185 124.35045450571421 119.82442671822211 569 24.121436208486557 2 25.905301451683044 20.72181613624096 0 0 0 0 0
507 25.350000000000001 25.400000000000002 36.813000000000002 5479 2106778 5042 674 1 82099 114.15077221582807 126 124.04208174205962 118.22097917950339 122016 116.32277316531619 185 124.42066720498575 119.90924477901976 572 30.327284336090088 2 32.853155136108398 23.85599352747202 0 0 0 0 0
508 25.400000000000002 25.449999999999999 32.737000000000002 5956 2112734 5042 674 1 82906 124.06160687643384 126 124.06160687643384 118.28313702901207 123193 123.76609229010505 185 123.76609229010505 119.87406526390285 574 25.658640146255493 2 29.827106952667236 24.622114138603209 0 0 0 0 0
509 25.449999999999999 25.5 36.654000000000003 5815 2118549 5042 674 1 83609 117.22113448854476 126 123.34780556815011 118.35956319173175 124266 119.81231359533362 185 124.52911809972815 119.91433620061103 576 23.546393573284149 2 27.447615504264832 22.091195999383928 0 0 0 0 0
510 25.5 25.550000000000001 33.817999999999998 5660 2124209 5042 674 1 84366 119.11105582827614 126 124.032227289109 118.2876066698347 125388 121.31706670812659 185 124.32701193319785 119.80750299649625 579 30.756353378295898 2 36.092912673950195 22.861894377470016 0 0 0 0 0
511 25.550000000000001 25.600000000000001 33.183 5554 2129763 5042 674 1 85065 112.0216416252984 126 123.97621845063709 117.97110480293395 126435 114.78914390770164 185 124.037670197358 119.65201526291304 581 24.868592500686646 2 31.792122364044189 25.829084987640382 0 0 0 0 0
512 25.600000000000001 25.650000000000002 38.881999999999998 5844 2135607 5042 674 1 85873 122.03734558347672 126 123.28849731929718 118.33804155864412 127616 122.59534454345703 185 124.25869346824852 119.947231796677 583 22.434218406677246 2 27.958966732025146 22.410113298892973 0 0 0 0 0
513 25.650000000000002 25.699999999999999 32.508000000000003 5453 2141060 5042 674 1 86597 118.85674461485847 126 123.83056931268601 118.06950159950864 128692 119.10160827636719 185 124.10918810045396 119.78320367431641 585 21.538665980100632 2 26.191247701644897 20.886633444428444 0 0 0 0 0
514 25.699999999999999 25.75 34.646000000000001 5855 2146915 5042 674 1 87332 117.16460376315646 126 123.80553399948846 118.34190655662898 129807 119.73712743810705 185 124.25105652680269 119.91131781088342 588 29.315183639526367 2 35.09664249420166 22.300989748537539 0 0 0 0 0
515 25.75 25.800000000000001 33.576999999999998 5657 2152572 5042 674 1 88078 117.59396283588713 126 122.50560033889045 117.98758142743795 130898 118.03738568280194 185 123.05830123488967 119.62871076346731 590 23.646447896957397 2 31.617883682250977 25.612240114212035 0 0 0 0 0
516 25.800000000000001 25.850000000000001 34.789999999999999 5880 2158452 5042 674 1 88837 119.79820100087969 126 123.93233823019361 118.29388055468365 132036 121.08991088867188 185 124.33080770131704 120.00488388556406 592 21.056710124015808 2 28.133292675018311 22.563927955627442 0 0 0 0 0
517 25.850000000000001 25.900000000000002 34.25 5621 2164073 5042 674 1 89597 122.18793669201079 126 123.889710259816 118.26896374778141 133164 123.14935620282148 185 124.33156808389199 119.90698638998498 594 19.619446218013763 2 26.799070477485657 21.422940298318863 0 0 0 0 0
518 25.900000000000002 25.949999999999999 33.387 5662 2169735 5042 674 1 90297 115.00103687104725 126 123.11324413239009 118.22635006374783 134224 117.83268597577069 185 123.53023380588841 119.85824099236567 596 19.000838562846184 2 25.963705211877823 20.612442610263823 0 0 0 0 0
519 25.949999999999999 26 34.463000000000001 5916 2175651 5042 674 1 91055 117.21931233481756 126 123.93202603052534 118.1212542555067 135341 118.84267099741344 185 124.40281306086359 119.75679892297693 598 18.397580966353416 2 25.847637258470058 20.597244809940456 0 0 0 0 0
520 26 26.050000000000001 33.597999999999999 5766 2181417 5042 674 1 91803 117.8510256570483 126 123.93028144230918 118.10470377967471 136457 119.64519937876109 185 124.44889217067409 119.85408024308488 600 17.949770292267203 2 25.727931585162878 20.443346818983557 0 0 0 0 0
521 26.050000000000001 26.100000000000001 34.700000000000003 5605 2187022 5042 674 1 92565 120.38643319266183 126 124.00715619041806 118.44220331585595 137591 122.22959800926415 185 124.26201378074852 120.03591258198504 602 17.346587275154889 2 25.878068680875003 20.597166202366353 0 0 0 0 0
522 26.100000000000001 26.150000000000002 33.790999999999997 5693 2192715 5042 674 1 93285 116.60163522145105 126 123.31135111006479 118.03275826711503 138654 117.37548951844911 185 124.36696084512246 119.72461535232129 605 21.317598819732666 2 34.006537437438965 26.068569250199943 0 0 0 0 0
523 26.150000000000002 26.199999999999999 34.030000000000001 5628 2198343 5042 674 1 94021 115.15424274262928 126 123.95008819822282 118.25832670544824 139763 117.3685729568069 185 124.41941326244458 119.89870072730814 607 18.293115854263306 2 29.579285144805908 22.994349706172944 0 0 0 0 0
524 26.199999999999999 26.25 34.189 5872 2204215 5042 674 1 94816 123.28391895596943 126 123.90218946668837 118.14178437853617 140921 122.78737846580711 185 124.21043556831978 119.82434962669575 609 17.051652252674103 2 26.787332653999329 21.229089238643645 0 0 0 0 0
525 26.25 26.300000000000001 34.646999999999998 5575 2209790 5042 674 1 95531 118.3004509456574 126 123.20003218877883 118.42582757495698 142012 120.68017404917124 185 124.31628801500474 120.0321104612608 611 16.313974127173424 2 26.283706963062286 20.730326112508774 0 0 0 0 0
526 26.300000000000001 26.350000000000001 34.029000000000003 5926 2215716 5042 674 1 96286 119.98740102374364 126 123.92220318506635 118.1710961877732 143127 121.49228325921136 185 124.50345269280511 119.73648865983296 614 25.623115800321102 2 25.921949073672295 20.78362815529108 0 0 0 0 0
527 26.350000000000001 26.400000000000002 47.381999999999998 5630 2221346 5042 674 1 96987 113.07955545092386 126 123.69542772807772 118.10880528646798 144180 115.53915739317198 185 124.43216540362384 119.73159472243857 616 24.824814282357693 2 25.837934207171202 20.790342025719582 0 0 0 0 0
528 26.400000000000002 26.449999999999999 37.715000000000003 5748 2227094 5042 674 1 97795 123.13390998234824 126 123.13390998234824 118.29977676028295 145360 123.33076468802787 185 123.34536046208562 119.85357275967986 618 24.414585836231709 2 25.572163034230471 20.406141009274869 0 0 0 0 0
529 26.449999999999999 26.5 41.426000000000002 5757 2232851 5042 674 1 98496 116.13978031703404 126 123.94600180974082 118.19422987922789 146431 119.23185453672667 185 124.43436485496727 119.84180574406804 621 29.102441787719727 2 34.94863224029541 25.358862030999735 0 0 0 0 0
530 26.5 26.550000000000001 44.238 5544 2238395 5042 674 1 99255 118.26842111254496 126 123.99162116883294 118.36872686355835 147548 120.10338369833457 185 124.42667364172033 119.89387587016337 623 25.38901674747467 2 29.022330760955811 23.676413323879242 0 0 0 0 0
531 26.550000000000001 26.600000000000001 42.052999999999997 5897 2244292 5042 674 1 99977 114.83544322422573 126 123.2167368692065 118.00190272013347 148609 115.16461878596125 185 123.45983115531303 119.59220963349215 625 24.022924542427063 2 26.582430720329285 21.352473368644713 0 0 0 0 0
532 26.600000000000001 26.650000000000002 38.872999999999998 5659 2249951 5042 674 1 100761 120.95793545435346 126 124.03458537752667 118.38293035719131 149782 122.02989980336783 185 124.53854873244826 120.01391083176071 627 23.229628503322601 2 26.003711849451065 20.78538965702057 0 0 0 0 0
533 26.650000000000002 26.699999999999999 37.009 5687 2255638 5042 674 1 101508 121.36568578084309 126 123.97892924717495 118.1677046494257 150892 122.21572352228938 185 124.35638691670187 119.81598992754962 629 22.478932201862335 2 25.856927163898945 20.743214984834193 0 0 0 0 0
534 26.699999999999999 26.75 39.009999999999998 5774 2261412 5042 674 1 102220 116.0739136347695 126 123.9449085659451 118.25486995757574 151971 118.93200316558013 185 123.94208229683541 119.89960610137115 631 21.926871478557587 2 25.731419671326876 20.546560826674103 0 0 0 0 0
535 26.75 26.800000000000001 38.003999999999998 5933 2267345 5042 674 1 102977 118.1404890635657 126 123.25061204698351 118.11271185012092 153081 119.194295481089 185 124.15122994087838 119.74028375244143 633 21.352017696015537 2 25.82283852621913 20.569124563429504 0 0 0 0 0
536 26.800000000000001 26.850000000000001 38.012999999999998 5549 2272894 5042 674 1 103727 118.92543907771035 126 123.84896063426184 118.27045262896827 154203 120.53883073136613 185 124.47039374274176 119.96612277469117 635 20.716959333047271 2 25.814918939955533 20.628727231435477 0 0 0 0 0
537 26.850000000000001 26.900000000000002 37.914000000000001 5695 2278589 5042 674 1 104489 121.51542136782692 126 124.03489012945266 118.38817250932965 155337 123.15771752434807 185 124.66290060507285 120.00176934319573 637 20.385983317508362 2 25.558200586820021 20.327678375544494 0 0 0 0 0
538 26.900000000000002 26.949999999999999 40.731999999999999 5647 2284236 5042 674 1 105186 113.95843832833427 126 122.38859128195142 118.1165549529545 156390 117.1137195896458 185 123.58858386890309 119.82156443003063 639 20.26422282832209 2 25.30805680854246 20.120547404485986 0 0 0 0 0
539 26.949999999999999 27 39.256 5864 2290100 5042 674 1 105945 116.24982785421705 126 123.92775229802207 118.20759757995603 157505 117.8613730353278 185 124.37208346805058 119.80029906401768 641 20.219430668454152 2 25.216031338262837 20.044348086097742 0 0 0 0 0
540 27 27.050000000000001 38.655000000000001 5576 2295676 5042 674 1 106716 120.6038935222323 126 123.92785117739723 118.07024305797759 158629 119.70156901591533 185 124.30217210924303 119.69161979551575 643 19.795976012290339 2 25.673996982011886 20.419230357250491 0 0 0 0 0
541 27.050000000000001 27.100000000000001 39.478999999999999 5844 2301520 5042 674 1 107454 119.28347887311664 126 123.18308270166791 118.45007394094314 159755 121.41052072885874 185 123.62443860028242 120.03777023067987 645 19.546663607608934 2 25.472726274747401 20.246827236188256 0 0 0 0 0
542 27.100000000000001 27.150000000000002 32.939 5774 2307294 5042 674 1 108197 119.08315319485135 126 123.83386266799201 118.13480172777935 160853 120.36636847418708 185 124.39450642353779 119.73641398084489 648 23.42449951171875 2 35.099676132202148 26.1608168283779 0 0 0 0 0
543 27.150000000000002 27.199999999999999 36.578000000000003 5664 2312958 5042 674 1 108911 114.16856959509471 126 124.04328367445204 118.19889854431155 161924 116.25281392690297 185 124.56272512899862 119.85630439387147 650 20.400635004043579 2 29.079016923904419 22.993719398975372 0 0 0 0 0
544 27.199999999999999 27.25 34.465000000000003 5618 2318576 5042 674 1 109717 124.02073269798642 126 124.02073269798642 118.18249413626535 163102 123.85464638374947 185 123.85464638374947 119.82524123733108 652 19.288222670555115 2 26.603291273117065 21.101326858997346 0 0 0 0 0
545 27.25 27.300000000000001 34.447000000000003 5852 2324428 5042 674 1 110418 117.05002442617266 126 123.33805308266291 118.17104125613255 164177 120.00979997789537 185 124.4944667919262 120.02270645966402 654 18.878990709781647 2 25.692522644996643 20.405157929360868 0 0 0 0 0
546 27.300000000000001 27.350000000000001 33.402999999999999 5639 2330067 5042 674 1 111177 119.35263830517965 126 123.91691153390067 118.19648744007898 165297 121.17647626722182 185 124.34273463068781 119.92599557165197 657 22.542343139648438 2 35.182167053222656 26.373157826960085 0 0 0 0 0
547 27.350000000000001 27.400000000000002 33.555999999999997 5608 2335675 5042 674 1 111874 111.97139176868257 126 123.9297484746055 117.94256761217872 166346 114.78724946717958 185 124.25383284285262 119.73091891397009 659 19.474544644355774 2 29.109978437423706 23.037225127220154 0 0 0 0 0
548 27.400000000000002 27.449999999999999 34.338999999999999 5812 2341487 5042 674 1 112682 121.97929848564996 126 123.40143900068979 118.34576172964915 167530 122.9329010834565 185 124.46466138685072 119.93548849899703 661 17.907529413700104 2 27.173029899597168 21.551404082775115 0 0 0 0 0
549 27.449999999999999 27.5 37.645000000000003 5778 2347265 5042 674 1 113408 119.04737732902406 126 124.07699257986886 118.14076004512725 168607 119.54083478772962 185 124.43138151426574 119.79065593245221 663 17.118323564529419 2 26.104061961174011 20.781342581510543 0 0 0 0 0
550 27.5 27.550000000000001 34.054000000000002 5913 2353178 5042 674 1 114142 117.13805613442072 126 124.10313688005719 118.39819241841633 169718 119.67977501121727 185 124.20123159047719 119.97051624112515 665 16.541342183947563 2 26.022090151906013 20.571231656074524 0 0 0 0 0
551 27.550000000000001 27.600000000000001 33.545000000000002 5566 2358744 5042 674 1 114887 117.41469495258634 126 122.48157900855655 117.98004951234847 170807 117.73541676289327 185 123.34541345544764 119.65467295136324 668 25.903137983754277 2 25.903137983754277 20.731501430682837 0 0 0 0 0
552 27.600000000000001 27.650000000000002 33.067 5813 2364557 5042 674 1 115648 119.88260008796813 126 124.06276914808485 118.35030230446468 171946 120.99553857751795 185 124.49508926804002 119.90746474394928 670 25.434948935173452 2 25.611707577481866 20.463520810026676 0 0 0 0 0
553 27.650000000000002 27.699999999999999 33.664000000000001 5639 2370196 5042 674 1 116409 122.42689598931207 126 124.11891586061508 118.27467438228543 173075 123.21923155913481 185 124.28854089685389 119.85248433705924 673 33.86993408203125 2 33.86993408203125 21.649081387072801 0 0 0 0 0
554 27.699999999999999 27.75 33.801000000000002 5596 2375792 5042 718 1 117108 115.14590224008711 126 123.09001862056671 118.16077547466939 174138 118.18991282695049 185 123.26555014945366 119.89807821902717 675 28.169724225997925 2 33.199264526367188 25.643398814201355 0 0 0 0 0
555 27.75 27.800000000000001 34.814 5671 2381463 5042 718 1 117867 117.44066232348246 126 124.06575345236158 118.20426161145406 175251 118.72268812849715 185 124.32030198380754 119.79681973349079 677 25.761663913726807 2 27.611927032470703 22.384061229228973 0 0 0 0 0
556 27.800000000000001 27.850000000000001 33.906999999999996 5962 2387425 5042 718 1 118614 117.87758739410884 126 124.13373680720254 118.13882060217482 176367 119.57096726701066 185 124.26886386355838 119.80878426216745 679 24.272003591060638 2 26.492112994194031 21.474820413589477 0 0 0 0 0
557 27.850000000000001 27.900000000000002 33.808 5795 2393220 5042 718 1 119376 120.40387308029901 126 124.18887474423363 118.45123358469159 177501 122.18769382786107 185 124.1100666767842 120.00390783608931 681 23.431028053164482 2 25.89529113471508 20.832596650719644 0 0 0 0 0
558 27.900000000000002 27.949999999999999 33.286000000000001 5561 2398781 5042 718 1 120096 116.62280903165302 126 123.49252319335938 118.02906215728274 178564 117.27591383650496 185 124.32213955441037 119.78171257472678 683 22.726901821792126 2 25.924237042665482 20.697111175060272 0 0 0 0 0
559 27.949999999999999 28 33.710000000000001 5666 2404447 5042 718 1 120832 115.19662233382937 126 124.1433583819677 118.23733171614384 179675 117.41294283480258 185 124.48922193372572 119.97240634402714 685 22.467866631224751 2 25.442712783813477 20.256453206539152 0 0 0 0 0
560 28 28.050000000000001 34.384 5938 2410385 5042 718 1 121624 122.89845711844308 126 124.13865613180494 118.08917114863321 180831 122.60433432089316 185 124.13889131288271 119.83328135887352 687 22.198695925064385 2 25.534577463753521 20.266488723251967 0 0 0 0 0
561 28.050000000000001 28.100000000000001 33.853000000000002 5512 2415897 5042 718 1 122340 118.16013209025066 126 123.45081638154529 118.3418580021934 181923 120.63660067996463 185 124.35093684840847 120.00213787594363 689 21.823775328928605 2 25.610437975497916 20.371183021888136 0 0 0 0 0
562 28.100000000000001 28.150000000000002 33.947000000000003 5877 2421774 5042 718 1 123096 120.04437867421953 126 124.11374997335767 118.13449681963245 183038 121.414842347841 185 124.43164532635663 119.77001804083746 691 21.314091035514139 2 25.747973951511085 20.504602751629427 0 0 0 0 0
563 28.150000000000002 28.199999999999999 33.600000000000001 5494 2427268 5042 718 1 123798 113.31124883984762 126 124.08951780531142 118.09456115964856 184094 115.72906271444785 185 124.40753017116238 119.79123797607421 693 20.703010498225922 2 25.797533809556626 20.604993062339489 0 0 0 0 0
564 28.199999999999999 28.25 34.078000000000003 5908 2433176 5042 718 1 124606 123.28753008161273 126 123.28753008161273 118.37707250685922 185274 123.46131014437289 185 123.46131014437289 119.9123406924686 695 20.128096396598266 2 25.863752443285193 20.56918882987986 0 0 0 0 0
565 28.25 28.300000000000001 33.566000000000003 5636 2438812 5042 718 1 125306 116.15463238670712 126 124.09784201970176 118.17288534860758 186345 119.34699760643211 185 124.44607741897171 119.8570541851972 698 23.966336727142334 2 35.246433258056641 26.200013756596164 0 0 0 0 0
566 28.300000000000001 28.350000000000001 33.780000000000001 5844 2444656 5042 718 1 126064 118.13563101632255 126 124.00581480964782 118.356168485369 187463 120.31704513962204 185 124.20616941709777 119.90444735882738 700 20.689837574958801 2 29.134098052978516 23.243843104839325 0 0 0 0 0
567 28.350000000000001 28.400000000000002 33.203000000000003 5502 2450158 5042 718 1 126787 114.90272231329055 126 123.12242102244544 117.96255808754573 188522 115.11954110635294 185 123.3093641126478 119.63215304400472 702 19.161288678646088 2 27.18226683139801 21.513314434289931 0 0 0 0 0
568 28.400000000000002 28.449999999999999 33.494 5844 2456002 5042 718 1 127571 120.97963793315584 126 124.09611450679718 118.42805223737444 189694 121.87985914075696 185 124.28605631235483 120.0097183994602 704 18.230723738670349 2 26.228833973407745 20.921291096508504 0 0 0 0 0
569 28.449999999999999 28.5 34.447000000000003 5790 2461792 5042 718 1 128319 121.55629348754883 126 124.00699470156715 118.15921327863421 190805 122.22009566023543 185 124.2577447014886 119.77122490547798 706 17.803755827248096 2 25.749689280986786 20.42271592333913 0 0 0 0 0
570 28.5 28.550000000000001 33.402000000000001 5525 2467317 5042 718 1 129028 115.77704123845176 126 124.12412268017965 118.26130146571572 191881 118.59893493652343 185 124.03857327023069 119.90935827636719 709 25.752656936645508 2 31.454362869262695 22.130323260650037 0 0 0 0 0
571 28.550000000000001 28.600000000000001 33.671999999999997 5786 2473103 5042 718 1 129788 118.36553428286598 126 123.43227568126861 118.07218736921037 192995 119.26248041101404 185 124.35007485054635 119.77546072965056 711 20.570913553237915 2 32.288944244384766 25.130095424652101 0 0 0 0 0
572 28.600000000000001 28.650000000000002 32.798999999999999 5779 2478882 5042 718 1 130536 118.87673538450211 126 124.09069218711248 118.22401339213052 194113 120.24439928209459 185 124.56478609652133 119.89269203557194 713 18.310855984687805 2 28.14542293548584 22.237531590461732 0 0 0 0 0
573 28.650000000000002 28.699999999999999 34.808 5525 2484407 5042 718 1 131297 121.34926520453558 126 124.01792332482717 118.34572380308119 195249 123.1525371242214 185 124.54841918945313 119.93161747700461 715 17.058183789253235 2 26.803711652755737 21.24019284725189 0 0 0 0 0
574 28.699999999999999 28.75 33.625 5819 2490226 5042 718 1 131995 113.93797986469572 126 122.70357658749535 118.13103906298446 196302 117.12453757621147 185 123.58078085409629 119.80572544984562 717 16.316377609968185 2 26.289981603622437 20.734414802789686 0 0 0 0 0
575 28.75 28.800000000000001 34.695 5963 2496189 5042 718 1 132755 116.3253403920976 126 123.8860711597261 118.27131365700376 197420 118.13074951171875 185 124.46104942527977 119.86864162878089 719 16.043484341353178 2 25.577262088656425 20.270178356617688 0 0 0 0 0
576 28.800000000000001 28.850000000000001 33.805999999999997 5512 2501701 5042 718 1 133525 120.51220793951126 126 123.98358905126177 118.07704439920094 198546 120.02978136217271 185 124.433750008248 119.84958535601639 722 24.901579856872559 2 27.520501136779785 21.230190689340233 0 0 0 0 0
577 28.850000000000001 28.900000000000002 34.950000000000003 5888 2507589 5042 718 1 134263 119.24732698713031 126 123.14545525444879 118.39509412250825 199672 121.6526308626742 185 123.65803672171928 120.12301404056035 724 19.201799631118774 2 33.825835227966309 25.642972402572632 0 0 0 0 0
578 28.900000000000002 28.949999999999999 33.475000000000001 5699 2513288 5042 718 1 135006 119.15097602965339 126 124.13081541515533 118.03186301337345 200765 120.11744355897646 185 124.42531993969067 119.68201443151528 727 26.685493230819702 2 28.72223949432373 22.590889682769774 0 0 0 0 0
579 28.949999999999999 29 34.012 5695 2518983 5042 718 1 135718 113.97376523699079 126 124.1375727577815 118.14144873603942 201840 116.41996901228622 185 124.41499266753326 119.87680287129173 729 25.215644925832748 2 26.413203001022339 21.455201119184494 0 0 0 0 0
580 29 29.050000000000001 34.326999999999998 5817 2524800 5042 718 1 136525 124.04510510157026 126 124.04510510157026 118.12423122345457 203016 123.71801823796453 185 123.71801823796453 119.90977969607789 731 24.370001286268234 2 25.876958340406418 20.837210601568223 0 0 0 0 0
581 29.050000000000001 29.100000000000001 33.302999999999997 5433 2530233 5042 718 1 137226 117.04495917426215 126 123.36363638015021 118.20018553597583 204094 120.21503757786107 185 124.47452936945734 120.00857120823215 733 23.648054677993059 2 25.912893459200859 20.714755605980756 0 0 0 0 0
582 29.100000000000001 29.150000000000002 34.500999999999998 5808 2536041 5042 718 1 137985 119.25897216796875 126 124.04087865920295 118.28420542156887 205211 121.11829277244775 185 124.59624728640995 119.86246671686946 735 23.091717744246125 2 25.752425026148558 20.55078561771661 0 0 0 0 0
583 29.150000000000002 29.199999999999999 33.369999999999997 5676 2541717 5042 718 1 138685 112.23227140638564 126 124.03995895385742 118.06774687146384 206259 114.69052317851299 185 124.04921924487965 119.66096938427076 738 32.211147308349609 2 34.202970504760742 20.971456620637326 0 0 0 0 0
584 29.199999999999999 29.25 34.313000000000002 5855 2547572 5042 718 1 139493 122.12411305261037 126 123.33281962076823 118.46067031497047 207442 122.73849561536635 185 124.48060179014463 119.92408559438346 740 26.241908073425293 2 31.573324203491211 25.909747471809386 0 0 0 0 0
585 29.25 29.300000000000001 34.683999999999997 5610 2553182 5042 718 1 140217 118.87320025005037 126 124.20475314912342 118.13911211407375 208520 119.43582413132127 185 124.46620161726668 119.81025940353805 742 23.587091565132141 2 27.846489667892456 22.628361008167268 0 0 0 0 0
586 29.300000000000001 29.350000000000001 34.253999999999998 5862 2559044 5042 718 1 140951 117.00958300393725 126 124.12925138927642 118.35294379703583 209631 119.57263707341374 185 124.41951438285209 119.97262144099054 744 22.064104914665222 2 26.689253568649292 21.507806265950205 0 0 0 0 0
587 29.350000000000001 29.400000000000002 33.463000000000001 5765 2564809 5042 718 1 141698 117.5795420086573 126 122.66755579388331 118.00711303832036 210723 118.0132258647197 185 123.46038554423563 119.59788729445997 746 21.139434590935707 2 26.246153235435486 20.915457450151443 0 0 0 0 0
588 29.400000000000002 29.449999999999999 33.649999999999999 5739 2570548 5042 718 1 142457 119.77794398958721 126 124.06951214018322 118.29965905446856 211862 121.21383786588102 185 124.42449707856049 119.96638108537005 748 20.384070359170437 2 25.913230672478676 20.74783388197422 0 0 0 0 0
589 29.449999999999999 29.5 35.405000000000001 5719 2576267 5042 718 1 143218 122.3563368661063 126 124.04620754908002 118.24091688246953 212992 123.47332425504118 185 124.43838777284364 119.92515631680875 750 19.856546528637409 2 25.752546790987253 20.522264441326261 0 0 0 0 0
590 29.5 29.550000000000001 34.536999999999999 5506 2581773 5042 718 1 143915 114.74023891630627 126 123.16129520961216 118.17507979741167 214049 117.84874807821738 185 123.35339912208352 119.83875507251643 752 19.32609876152128 2 25.835912710055709 20.525161044169216 0 0 0 0 0
591 29.550000000000001 29.600000000000001 34.731000000000002 5909 2587682 5042 718 1 144677 117.50866323804098 126 124.13528321281312 118.21150818597705 215163 118.60383255417283 185 124.55111187084302 119.68483442481785 754 19.130955421831459 2 25.410218376666307 20.193193326657639 0 0 0 0 0
592 29.600000000000001 29.650000000000002 33.731000000000002 5805 2593487 5042 718 1 145423 117.8028095790318 126 124.19013480534629 118.12144619411889 216282 119.76425735886032 185 124.35048069309543 119.82407370902398 756 19.059169428888708 2 25.253614844288677 20.071071137450634 0 0 0 0 0
593 29.650000000000002 29.699999999999999 33.506999999999998 5806 2599293 5042 718 1 146185 120.39032333616227 126 124.0112051585364 118.39061583624947 217416 122.33374406969224 185 124.2590673910605 120.05067669182857 758 18.884590403584298 2 25.491531083767768 20.172835662460422 0 0 0 0 0
594 29.699999999999999 29.75 33.329000000000001 5356 2604649 5042 718 1 146905 116.59988233778212 126 123.31790203518338 118.03834491548083 218479 117.47393996779984 185 124.37075987119933 119.73025495044607 760 18.497172772214981 2 25.674393733061152 20.383550902788702 0 0 0 0 0
595 29.75 29.800000000000001 33.898000000000003 5814 2610463 5042 718 1 147641 115.15421900673518 126 124.10935943845719 118.25661333962094 219584 117.06627523061391 185 124.33558898100982 119.86302248403192 762 18.212293744134513 2 25.587315056349325 20.282039129337207 0 0 0 0 0
596 29.800000000000001 29.850000000000001 33.781999999999996 5819 2616282 5042 718 1 148436 123.33811193799215 126 124.09789336673798 118.08810701400515 220742 122.60286613670556 185 124.02603108174092 119.70773923719258 765 25.279735565185547 2 33.448365211486816 23.003001114053696 0 0 0 0 0
597 29.850000000000001 29.900000000000002 34.661000000000001 5759 2622041 5042 718 1 149149 118.13536683339922 126 123.41030544704861 118.32545849512493 221833 120.53361445246516 185 124.13542950604413 119.99453652871627 767 20.396938800811768 2 31.877806186676025 24.834131698608399 0 0 0 0 0
598 29.900000000000002 29.949999999999999 34.267000000000003 5830 2627871 5042 718 1 149906 120.13261153205993 126 124.08073364742218 118.18135392688569 222952 121.68852159654772 185 124.42719540982633 119.82953952521248 769 18.600659847259521 2 27.632905960083008 21.77837769985199 0 0 0 0 0
599 29.949999999999999 30 33.347000000000001 5435 2633306 5042 718 1 150606 113.07803029862662 126 124.16351929921953 118.09534775627985 224004 115.56859720590953 185 124.46006395494615 119.78862349556586 771 17.803067177534103 2 26.071296691894531 20.789643082618714 0 0 0 0 0
600 30 30.050000000000001 35.112000000000002 5901 2639207 5042 718 1 151414 123.15000842866444 126 123.15000842866444 118.28232895139665 225185 123.48074963543866 185 123.48074963543866 119.84233770999396 773 17.211309030652046 2 26.009540945291519 20.585865119993688 0 0 0 0 0
601 30.050000000000001 30.100000000000001 33.93 5838 2645045 5042 718 1 152114 116.06768889654251 126 124.13188661847796 118.12281103467186 226254 119.12356480778874 185 124.34278506717166 119.88129048610379 775 16.653678715229034 2 25.85827848315239 20.552072519809009 0 0 0 0 0
602 30.100000000000001 30.150000000000002 34.890999999999998 5520 2650565 5042 718 1 152872 118.08417171902127 126 124.10105908106244 118.32103695945133 227375 120.38228673161687 185 124.48523984342008 119.94297462669574 778 22.130295753479004 2 35.05601692199707 24.577964168339967 0 0 0 0 0
603 30.150000000000002 30.199999999999999 33.487000000000002 5737 2656302 5042 718 1 153595 114.89474039229135 126 123.10647377135261 117.91951367211719 228434 115.15842689307961 185 123.45542243751319 119.65824720557958 780 17.98348069190979 2 31.592747211456299 24.105491127967834 0 0 0 0 0
604 30.199999999999999 30.25 34.545999999999999 5733 2662035 5042 718 1 154378 120.87767840188647 126 124.08844563317678 118.36236345442508 229607 122.00874646161054 185 124.41863139384502 120.02872213745118 783 26.23730057477951 2 27.528043746948242 21.828443871736525 0 0 0 0 0
605 30.25 30.300000000000001 33.212000000000003 5690 2667725 5042 718 1 155127 121.59611511230469 126 123.90708662971618 118.17757549951945 230718 122.26307954530458 185 124.42677270012933 119.85627226546006 785 25.557874649763107 2 25.814383953809738 20.672642393112184 0 0 0 0 0
606 30.300000000000001 30.350000000000001 32.905999999999999 5647 2673372 5042 718 1 155837 115.94847300695994 126 124.13959030877976 118.28973323034856 231796 118.80273425128009 185 124.13907124287374 119.96636233520506 787 24.800819210708141 2 25.812959499657154 20.749513832181691 0 0 0 0 0
607 30.350000000000001 30.400000000000002 33.543999999999997 5835 2679207 5042 718 1 156596 118.3717157878573 126 123.44537286909799 118.07706001645043 232904 118.85166522876636 185 124.24205458357527 119.73530204401789 789 24.40575810149312 2 25.557015158236027 20.391126078963278 0 0 0 0 0
608 30.400000000000002 30.449999999999999 32.649999999999999 5753 2684960 5042 718 1 157343 118.7481926812066 126 124.09816463409908 118.19866445632213 234025 120.21600898536477 185 124.63403959532042 119.83840272315769 791 23.773188856430352 2 25.753188617527485 20.626264298167079 0 0 0 0 0
609 30.449999999999999 30.5 33.759999999999998 5734 2690694 5042 718 1 158105 121.41788936796642 126 124.08061187986344 118.30925218733529 235162 123.2253101245777 185 124.51346592258763 119.93956982174439 793 23.24752039834857 2 25.69248365284875 20.520425740331412 0 0 0 0 0
610 30.5 30.550000000000001 32.799999999999997 5589 2696283 5042 718 1 158802 113.94083555917891 126 122.78704646277049 118.03742197551425 236216 117.35040633742874 185 123.44546075769372 119.76226362816064 795 22.659390477696434 2 25.798745200736448 20.582266799057834 0 0 0 0 0
611 30.550000000000001 30.600000000000001 33.634999999999998 5879 2702162 5042 718 1 159562 116.30567253960504 126 124.0426636347695 118.2936127048069 237330 117.95821223903347 185 124.50053925385346 119.83064412379906 798 28.21262264251709 2 33.344626426696777 24.502111919547897 0 0 0 0 0
612 30.600000000000001 30.650000000000002 34.584000000000003 5584 2707746 5042 718 1 160333 120.61696116129558 126 123.9459714132642 118.11259322030205 238453 119.63011602453284 185 124.45431774242505 119.75012544456686 800 24.485952138900757 2 29.194185972213745 23.689530348777772 0 0 0 0 0
613 30.650000000000002 30.699999999999999 35.121000000000002 5870 2713616 5042 718 1 161071 119.30310888139029 126 123.03994696480888 118.44357693505667 239580 121.47290748389992 185 123.59746489653716 120.01337212227484 802 22.941107749938965 2 26.645659685134888 21.529448055028915 0 0 0 0 0
614 30.699999999999999 30.75 33.607999999999997 5829 2719445 5042 718 1 161815 119.27621750604538 126 124.01398437742203 118.12182675074013 240679 120.57217576310441 185 124.45961431554846 119.70253062727649 804 21.993519872426987 2 26.2294602394104 20.938142134547235 0 0 0 0 0
615 30.75 30.800000000000001 33.185000000000002 5532 2724977 5042 718 1 162528 114.15329899863592 126 123.88807357303681 118.24642770313083 241751 116.49821039148279 185 124.28863434662691 119.92521595970358 806 21.212784953415394 2 25.909352585673332 20.772954326272011 0 0 0 0 0
616 30.800000000000001 30.850000000000001 33.581000000000003 5556 2730533 5042 718 1 163334 123.98650190565321 126 123.98650190565321 118.20126544649642 242927 123.78601783546242 185 123.78601783546242 119.91991814278262 808 20.826247069984674 2 25.61548076570034 20.382685481086373 0 0 0 0 0
617 30.850000000000001 30.900000000000002 35.247999999999998 5843 2736376 5042 718 1 164036 117.11584636143276 126 123.29737854003906 118.23071532113214 244000 119.80656783645217 185 124.43629463814401 119.9397501245447 810 20.684047721326351 2 25.32912664860487 20.14077993215993 0 0 0 0 0
618 30.900000000000002 30.949999999999999 37.009999999999998 5528 2741904 5042 718 1 164793 119.063414255778 126 123.97136518690321 118.23053491501581 245121 121.21184073783256 185 124.4364476796743 119.79788472438503 812 20.631736246868968 2 25.223784266039729 20.051790514886378 0 0 0 0 0
619 30.949999999999999 31 34.008000000000003 5670 2747574 5042 718 1 165493 112.09088709997752 126 123.89039333282955 118.01411208258733 246171 114.98301255509661 185 123.90867420918232 119.68022660951353 814 20.451989901717752 2 25.48474239395 20.177962688282133 0 0 0 0 0
620 31 31.050000000000001 34.011000000000003 6082 2753656 5042 718 1 166301 122.07267185998342 126 123.1966185191321 118.37162331959557 247352 122.77003738815721 185 124.22928099761138 119.96621619229707 816 20.035753925621975 2 25.670201351284049 20.412095477429684 0 0 0 0 0
621 31.050000000000001 31.100000000000001 37.009 5469 2759125 5042 718 1 167025 118.90825877113947 126 124.02177199106367 118.0534745364719 248428 119.27360885207717 185 124.39995335759343 119.78586958436711 819 24.809714317321777 2 32.826468944549561 25.273613898903132 0 0 0 0 0
622 31.100000000000001 31.150000000000002 35.012 5919 2765044 5042 718 1 167758 116.96766438559881 126 123.91161394876147 118.27042336963471 249540 119.49947229333826 185 124.33961932208086 119.99256648543074 821 21.000102758407593 2 29.810925483703613 23.771648330688478 0 0 0 0 0
623 31.150000000000002 31.199999999999999 33.011000000000003 5702 2770746 5042 718 1 168504 117.39709739079551 126 122.30616760253906 117.98750771174353 250635 118.1267399555928 185 123.34547560408309 119.73739270761847 823 19.133073389530182 2 27.441420793533325 21.848425531387328 0 0 0 0 0
624 31.199999999999999 31.25 33.009999999999998 5826 2776572 5042 718 1 169265 119.91179311843146 126 123.89397478860522 118.30397806197878 251774 121.29384625409101 185 124.52888208337733 119.9995522873337 825 18.220343440771103 2 26.204794764518738 20.90363266170025 0 0 0 0 0
625 31.25 31.300000000000001 33.009999999999998 5626 2782198 5042 718 1 170024 122.23051392085968 126 123.73025966825939 118.1805406782362 252901 123.27625918001742 185 124.33736337197793 119.87514305073505 827 17.58020107448101 2 26.06065545976162 20.633767850250006 0 0 0 0 0
626 31.300000000000001 31.350000000000001 33.009999999999998 5608 2787806 5042 718 1 170722 114.86707941691081 126 122.96812977866522 118.08366440909249 253960 117.93925500818202 185 123.33364385656408 119.77026475236225 829 17.344703175127506 2 25.492898643016815 20.233149118050932 0 0 0 0 0
627 31.350000000000001 31.400000000000002 33.008000000000003 5697 2793503 5042 718 1 171482 117.35831191047789 126 123.79006382775685 118.1684773605589 255075 118.7906184428447 185 124.30873285242029 119.69762455708276 832 22.139845848083496 2 33.028764724731445 25.252653394155203 0 0 0 0 0
628 31.400000000000002 31.449999999999999 34.008000000000003 5760 2799263 5042 718 1 172229 117.81869882250589 126 123.73678849235414 118.1155921621171 256191 119.65777427054741 185 124.23331368936074 119.79009599592878 834 18.675305366516113 2 29.933621406555176 23.430012967586517 0 0 0 0 0
629 31.449999999999999 31.5 34.009999999999998 5945 2805208 5042 718 1 172991 120.38992079477461 126 123.85045805431548 118.40674530513702 257326 122.39850830902924 185 124.21594353753167 119.98924321355049 836 17.192250609397888 2 27.140138983726501 21.468269528150557 0 0 0 0 0
630 31.5 31.550000000000001 34.008000000000003 5535 2810743 5042 718 1 173712 116.72691133287218 126 123.15424371144128 118.07091371929833 258386 117.22770827009872 185 124.43489144814981 119.71382549966343 839 26.142597585916519 2 26.418792724609375 21.138858011364938 0 0 0 0 0
631 31.550000000000001 31.600000000000001 34.006999999999998 5760 2816503 5042 718 1 174448 115.24783143543061 126 123.9023923117017 118.28969650268554 259494 117.10545204781197 185 124.48446564545503 119.90478269257419 841 25.015919417142868 2 26.077259197831154 21.115439980030061 0 0 0 0 0
632 31.600000000000001 31.650000000000002 35.006999999999998 5782 2822285 5042 718 1 175242 123.22540355864025 126 123.84033402942475 118.13364174494666 260655 122.88476962527713 185 124.09042374894426 119.79175563090557 843 24.296527426689863 2 25.798939410597086 20.712219176366926 0 0 0 0 0
633 31.650000000000002 31.699999999999999 34.009 5777 2828062 5042 718 1 175957 118.28442043728299 126 123.1426756117079 118.38376601567346 261745 120.63887436325486 185 124.51878497149494 120.06131105330185 845 23.621026354841888 2 25.864622013643384 20.668777399230748 0 0 0 0 0
634 31.699999999999999 31.75 34.009999999999998 5850 2833912 5042 718 1 176711 119.82621625869993 126 123.90980475289481 118.1560736156645 262858 121.13492035736908 185 124.30248755377693 119.83318469898124 848 29.030754566192627 2 32.732081890106201 24.644187877709047 0 0 0 0 0
635 31.75 31.800000000000001 33.006 5325 2839237 5042 718 1 177414 113.23090168786428 126 123.69512648809524 118.1168489898197 263915 115.55894886738545 185 124.3355198215794 119.79063329913166 850 24.786928653717041 2 29.753675937652588 24.201536402702331 0 0 0 0 0
636 31.800000000000001 31.850000000000001 34.009999999999998 5875 2845112 5042 718 1 178222 123.24437955826048 126 123.24437955826048 118.34024638584678 265098 123.62992582578917 185 123.62992582578917 119.90131153415989 852 23.051830112934113 2 26.851487040519714 21.717804179191589 0 0 0 0 0
637 31.850000000000001 31.900000000000002 33.008000000000003 5698 2850810 5042 718 1 178922 116.11993250771174 126 123.89799759879945 118.16451785859603 266168 119.39168808395799 185 124.61510752085093 119.87163575126031 854 22.308055728673935 2 25.983375728130341 20.736351265907288 0 0 0 0 0
638 31.900000000000002 31.949999999999999 33.011000000000003 5667 2856477 5042 718 1 179679 117.97870091029576 126 123.84523028419132 118.31844945877319 267283 120.02384936358477 185 124.67487990920608 119.91464244863155 856 21.593573711812496 2 25.852198526263237 20.707358627766371 0 0 0 0 0
639 31.949999999999999 32 33.009999999999998 5693 2862170 5042 718 1 180403 114.88713788229322 126 123.11476395622132 117.98135113670713 268344 115.03320407351931 185 123.35872765618402 119.64357297247808 859 30.205118179321289 2 32.72081184387207 21.474282936155795 0 0 0 0 0
640 32 32.049999999999997 34.009 5866 2868036 5042 718 1 181187 121.00136293683734 126 123.77305821010044 118.39111461215549 269518 122.02105424210832 185 124.51297413594014 120.00067050005939 861 23.719150543212891 2 32.729201316833496 26.421326646804811 0 0 0 0 0
641 32.049999999999997 32.100000000000001 33.006999999999998 5775 2873811 5042 718 1 181934 121.38736258612738 126 123.86318957616412 118.18923909263003 270632 122.56963472108583 185 124.31831384607264 119.88928087554108 863 20.838754773139954 2 28.558806180953979 22.851686115264894 0 0 0 0 0
642 32.100000000000001 32.149999999999999 33.012 5590 2879401 5042 718 1 182645 115.88033839634487 126 124.0756951589433 118.3092469315302 271707 118.76670029098923 185 124.22121338715425 119.98121335251268 865 19.539264172315598 2 26.6241495013237 21.286534810662271 0 0 0 0 0
643 32.149999999999999 32.200000000000003 34.006999999999998 5741 2885142 5042 718 1 183404 118.29311364794535 126 123.37786326332697 118.08742334275018 272817 119.13091624491923 185 124.43802325274493 119.6393754495157 867 18.595655545592308 2 26.221224397420883 20.934199917912483 0 0 0 0 0
644 32.200000000000003 32.25 34.008000000000003 5785 2890927 5042 718 1 184151 118.7055301363506 126 124.02611977713448 118.16308394780233 273937 120.34544335442621 185 124.45766836630331 119.8786187760637 869 18.162178575992584 2 25.746831998229027 20.429156365394594 0 0 0 0 0
645 32.25 32.299999999999997 34.005000000000003 5803 2896730 5042 718 1 184913 121.36815897623698 126 123.87973906501891 118.31624978443929 275071 123.03643967912004 185 124.53917273444098 119.93037856313349 871 18.00271830521524 2 25.377448979765177 20.157880722023545 0 0 0 0 0
646 32.299999999999997 32.350000000000001 33.008000000000003 5688 2902418 5042 718 1 185610 113.80155987209744 126 122.39707644023592 118.12607470315599 276124 117.04288981669657 185 123.47353598104941 119.77161932043131 873 17.804508658125997 2 25.519724309444427 20.196233412474395 0 0 0 0 0
647 32.350000000000001 32.399999999999999 34.006999999999998 5871 2908289 5042 718 1 186371 116.35711482214549 126 124.06817275758773 118.26352591378348 277238 117.74129886111697 185 124.54746724721548 119.74094402581291 876 23.196817398071289 2 33.920339584350586 24.661436540521681 0 0 0 0 0
648 32.399999999999999 32.450000000000003 34.006999999999998 5739 2914028 5042 718 1 187141 120.58122259473043 126 123.87988462902251 118.04017559233166 278363 119.65595575281091 185 124.26807733484216 119.72600769042967 878 19.276879787445068 2 30.474390029907227 23.880880126953127 0 0 0 0 0
649 32.450000000000003 32.5 34.009999999999998 5508 2919536 5042 718 1 187878 119.18273356604197 126 123.07822593810066 118.36863960266115 279490 121.47335291682063 185 123.46923638421136 120.03851428305137 880 17.542374849319458 2 27.69546377658844 21.717224495410917 0 0 0 0 0
650 32.5 32.549999999999997 33.009 5726 2925262 5042 718 1 188623 119.32746723720005 126 123.8926247490777 118.11064191303554 280587 120.30287760141734 185 124.34486904659786 119.75337002233555 882 16.571083039045334 2 26.421446740627289 20.961615365743636 0 0 0 0 0
651 32.549999999999997 32.600000000000001 34.009 5520 2930782 5042 718 1 189335 114.09432208348834 126 123.96879716903445 118.19682546706424 281658 116.20993953395534 185 124.40775905299832 119.83589197767105 885 25.521662123501301 2 26.143614321947098 21.138628197163342 0 0 0 0 0
652 32.600000000000001 32.649999999999999 34.003999999999998 6075 2936857 5042 718 1 190141 123.93616049630302 126 123.93616049630302 118.19271572900197 282836 123.85222172092747 185 123.85222172092747 119.78519371073956 888 33.760757446289062 2 34.442769050598145 21.843019154369831 0 0 0 0 0
653 32.649999999999999 32.700000000000003 33.009 5458 2942315 5042 718 1 190844 117.17406590779622 126 123.24037467108832 118.2819671606639 283908 119.80526131294869 185 124.51141134726035 119.89848187008415 890 28.010656118392944 2 33.092249870300293 25.692798023223876 0 0 0 0 0
654 32.700000000000003 32.75 34.009999999999998 5574 2947889 5042 718 1 191602 119.25552059355236 126 124.00435511271159 118.25671290564156 285029 121.10012714282887 185 124.37617290599925 119.9071911282926 892 25.895305991172791 2 27.456008434295654 22.09426349401474 0 0 0 0 0
655 32.75 32.799999999999997 34.006 5913 2953802 5042 718 1 192301 112.15376681373233 126 123.95137550717308 117.98332108149454 286079 114.80401957743877 185 124.17005903914168 119.74683578161292 894 24.924952447414398 2 25.942158073186874 20.960686527490616 0 0 0 0 0
656 32.799999999999997 32.850000000000001 34.238 5917 2959719 5042 718 1 193109 122.09963740999737 126 123.34078761509487 118.40717965504481 287260 122.6138879724451 185 124.48884854703336 119.94360158724398 896 24.148822009563446 2 25.953239917755127 20.76839995622635 0 0 0 0 0
657 32.850000000000001 32.899999999999999 39.887 5701 2965420 5042 718 1 193833 118.89451804993645 126 124.03265193152049 118.09377566382999 288337 119.18755851951805 185 124.21247521477777 119.82457696780644 898 23.385709352791309 2 25.84520660340786 20.755508166253566 0 0 0 0 0
658 32.899999999999999 32.950000000000003 41.390000000000001 5672 2971092 5042 718 1 194567 117.06465179201156 126 123.86418091304718 118.31952944558763 289452 119.70119022678685 185 124.21960391482791 120.03199110536318 900 22.995215065777302 2 25.576571837067604 20.386608132421969 0 0 0 0 0
659 32.950000000000003 33 39.451999999999998 5778 2976870 5042 718 1 195313 117.47741039215572 126 122.56023086063446 118.00401612175834 290544 118.00522712501319 185 123.13628626643001 119.73307811097843 903 31.813630104064941 2 34.463293075561523 21.269475850295276 0 0 0 0 0
660 33 33.049999999999997 33.424999999999997 5658 2982528 5042 718 1 196075 120.05126607985724 126 123.80470893496559 118.40413785056462 291684 121.28042235503325 185 124.29600924930057 120.00064871958136 905 25.810691118240356 2 31.65677547454834 25.943114190101625 0 0 0 0 0
661 33.049999999999997 33.100000000000001 34.555999999999997 5664 2988192 5042 718 1 196834 122.2164557320731 126 123.92387238759844 118.3325411200145 292810 123.1540800764754 185 124.22037365887616 119.87470629717853 907 23.152556777000427 2 27.908170700073242 22.631643295288086 0 0 0 0 0
662 33.100000000000001 33.149999999999999 33.268999999999998 5735 2993927 5042 718 1 197533 114.91476737128363 126 123.18011759197901 118.18126380920414 293871 117.96400183600349 185 123.44738563331398 119.84101940753011 909 21.904252082109451 2 26.379962682723999 21.235866215229034 0 0 0 0 0
663 33.149999999999999 33.200000000000003 33.654000000000003 5665 2999592 5042 718 1 198293 117.42097164335705 126 124.00039037068684 118.15365449330162 294986 118.73827291952597 185 124.10569874531514 119.77394807640277 911 21.080626726150513 2 26.127729892730713 20.815418210923671 0 0 0 0 0
664 33.200000000000003 33.25 33.502000000000002 5727 3005319 5042 718 1 199039 117.7572380550324 126 123.97800506107392 118.07974562993122 296103 119.71048699456293 185 124.29265008874842 119.79419302615601 913 20.362435862421989 2 25.885727159678936 20.711031661778687 0 0 0 0 0
665 33.25 33.299999999999997 34.32 5874 3011193 5042 718 1 199801 120.3390383039202 126 123.96106586759052 118.3962721785288 297238 122.4292848741686 185 124.24734183646537 120.01096201221368 915 20.002805603668094 2 25.601151201874018 20.356050393991172 0 0 0 0 0
666 33.299999999999997 33.350000000000001 34.042000000000002 5538 3016731 5042 718 1 200522 116.67128329806857 126 123.26387241908482 118.07561192709305 298300 117.44750011547191 185 124.35053698565508 119.74291091259107 917 19.870505014434457 2 25.323858680203557 20.130986175462603 0 0 0 0 0
667 33.350000000000001 33.399999999999999 33.011000000000003 5826 3022557 5042 718 1 201259 115.31810778663272 126 123.99666898212736 118.32377797323558 299407 117.19008351918814 185 124.47830740438926 119.93048820949247 920 23.928458690643311 2 33.829068183898926 25.982490253066644 0 0 0 0 0
668 33.399999999999999 33.450000000000003 33.011000000000003 5537 3028094 5042 718 1 202052 123.12643378121513 126 123.8941643124535 118.14247057717947 300564 122.56298349741343 185 124.30002412538271 119.76168989356788 922 21.160455346107483 2 28.350736856460571 22.740415966510774 0 0 0 0 0
669 33.450000000000003 33.5 35.008000000000003 5895 3033989 5042 718 1 202767 118.20921913025872 126 123.20281885540675 118.36023420061387 301657 120.75340163772171 185 124.63150717245566 119.95367005054369 924 19.805782914161682 2 26.88232433795929 21.341174796819686 0 0 0 0 0
670 33.5 33.549999999999997 33.006 5855 3039844 5042 718 1 203523 120.0327401539636 126 123.83354102240668 118.19461567348907 302771 121.41705281025655 185 124.44769435573268 119.77535874567806 926 18.924147665500641 2 26.116263926029205 20.872841535508634 0 0 0 0 0
671 33.549999999999997 33.600000000000001 33.009 5671 3045515 5042 718 1 204223 112.97252824571397 126 124.05287454998683 118.10092204018243 303826 115.58498663000158 185 124.37812005120355 119.82795805400123 928 18.36937353014946 2 25.808000542223454 20.549251546114682 0 0 0 0 0
672 33.600000000000001 33.649999999999999 33.006999999999998 5440 3050955 5042 718 1 205031 123.09741852775453 126 123.09741852775453 118.22994363451762 305006 123.33556374214791 185 123.40916941874735 119.89419404973211 930 17.854755472391844 2 25.870228663086891 20.509484243467451 0 0 0 0 0
673 33.649999999999999 33.700000000000003 33.012 5939 3056894 5042 718 1 205731 116.03702339293464 126 123.92393463376969 118.10110448080395 306076 119.13371433567356 185 124.43208787247941 119.83561048105598 932 17.445709017105401 2 25.736405074596405 20.404972029719502 0 0 0 0 0
674 33.700000000000003 33.75 35.009 5767 3062661 5042 718 1 206489 118.04660464090014 126 123.91602101401678 118.32786935352142 307196 120.28774455302471 185 124.29420260867558 119.93851545344172 935 23.084896087646484 2 34.43860912322998 24.417013641968371 0 0 0 0 0
675 33.75 33.799999999999997 34.834000000000003 5611 3068272 5042 718 1 207212 114.799622126988 126 123.17985728430369 117.97649117484926 308254 114.91392908869562 185 123.42763539907095 119.69860115669867 937 19.154379844665527 2 30.788736820220947 23.891338710784911 0 0 0 0 0
676 33.799999999999997 33.850000000000001 32.899999999999999 5672 3073944 5042 718 1 207996 120.92340245322576 126 123.9970569307842 118.38165488591268 309427 121.81971835574588 185 124.62237350876266 119.97380516093486 939 17.497306287288666 2 27.582383155822754 21.640559792518616 0 0 0 0 0
677 33.850000000000001 33.899999999999999 33.813000000000002 5812 3079756 5042 718 1 208745 121.68320604354616 126 123.96431502084883 118.13662047492136 310541 122.42018115069415 185 124.49029644115551 119.8379163100784 941 16.554503321647644 2 26.379001379013062 20.933407243490219 0 0 0 0 0
678 33.899999999999999 33.950000000000003 33.881999999999998 5733 3085489 5042 718 1 209453 115.77131646776957 126 123.9575930398608 118.2338864196293 311616 118.65498166470914 185 124.20948779131915 119.94385486994562 944 25.832921206951141 2 26.127362579107285 20.814060265123842 0 0 0 0 0
679 33.950000000000003 34 34.365000000000002 5657 3091146 5042 718 1 210212 118.2244034418984 126 123.35517834860181 118.04751351977148 312727 119.02091262404983 185 124.30605588345914 119.74578640417153 946 25.094165556132793 2 25.885647155344486 20.731395047307014 0 0 0 0 0
680 34 34.049999999999997 33.665999999999997 5850 3096996 5042 718 1 210960 118.77025301494295 126 123.96083292885432 118.18971058557904 313850 120.45668718492662 185 124.29897052661792 119.98389954932958 948 24.32531915884465 2 25.829511277377605 20.76118932897225 0 0 0 0 0
681 34.049999999999997 34.100000000000001 34.411999999999999 5632 3102628 5042 718 1 211722 121.41157713390533 126 123.91865957350959 118.33734225076347 314986 123.31278422587627 185 124.38431425352354 119.98313940264727 951 32.535449981689453 2 34.547328948974609 21.871699493862689 0 0 0 0 0
682 34.100000000000001 34.149999999999999 34.043999999999997 5517 3108145 5042 718 1 212419 113.88027130611358 126 122.4497206551688 118.09113314189607 316034 116.83874775654562 185 123.53554044156461 119.70677718538849 953 26.763933420181274 2 31.891205787658691 25.713990130424499 0 0 0 0 0
683 34.149999999999999 34.200000000000003 35.866999999999997 6012 3114157 5042 718 1 213179 116.28044830806671 126 123.98662785121373 118.25862428089931 317153 118.00275478878537 185 124.41710654593803 119.82052738169079 955 24.528733730316162 2 27.485820293426514 22.212927830219268 0 0 0 0 0
684 34.200000000000003 34.25 34.856999999999999 5560 3119717 5042 718 1 213951 120.7512073214092 126 123.93014223613436 118.11344269525436 318278 119.89768367458034 185 124.39067440548459 119.74553874165304 957 23.238318681716919 2 26.342763245105743 21.277557001113891 0 0 0 0 0
685 34.25 34.300000000000004 34.268999999999998 5749 3125466 5042 718 1 214689 119.355712890625 126 123.25826457190135 118.52440539526559 319404 121.59673094878326 185 123.70905184359164 120.04757689769845 959 22.482126384973526 2 25.860598519444466 20.748651469647886 0 0 0 0 0
686 34.300000000000004 34.350000000000001 33.722999999999999 5783 3131249 5042 718 1 215432 119.12699932522244 126 124.06094287690662 118.1629069955008 320498 120.15754357415277 185 124.26134148675042 119.69507954447978 961 21.824675571173429 2 25.902772955596447 20.650903499349951 0 0 0 0 0
687 34.350000000000001 34.399999999999999 33.307000000000002 5696 3136945 5042 718 1 216146 114.17474807254852 126 124.06176182580373 118.23619113982673 321571 116.31406414959882 185 124.50098996549039 119.80513665936445 963 21.150674678385258 2 25.833490503951907 20.667288912087677 0 0 0 0 0
688 34.399999999999999 34.450000000000003 34.423000000000002 6054 3142999 5042 718 1 216952 124.00336565290179 126 124.00336565290179 118.2058048793248 322749 123.89355093466268 185 123.89355093466268 119.84736276327598 965 20.388203906826675 2 25.918484798632562 20.75486611114815 0 0 0 0 0
689 34.450000000000003 34.5 34.289999999999999 5395 3148394 5042 718 1 217655 117.22736570570204 126 123.3050174410381 118.29573371887209 323824 120.0410465962178 185 124.5389447598844 120.03028704751503 968 24.303054809570312 2 35.643206596374512 26.124166353568434 0 0 0 0 0
690 34.5 34.550000000000004 33.43 5634 3154028 5042 718 1 218413 119.30417851039341 126 123.9021596151685 118.26130845811629 324943 121.15197263150601 185 124.73970209070154 119.87308165514149 970 20.813711762428284 2 29.404319286346436 23.454569385051727 0 0 0 0 0
691 34.550000000000004 34.600000000000001 33.006999999999998 5829 3159857 5042 718 1 219111 112.04635438464936 126 124.00745864141555 117.97910548497759 325990 114.6305666949298 185 124.20350939776446 119.64556390050939 972 19.206859230995178 2 27.285731434822083 21.590836100578308 0 0 0 0 0
692 34.600000000000001 34.649999999999999 34.009 5892 3165749 5042 718 1 219919 122.04782177153088 126 123.31799467783125 118.35213640243288 327173 122.73373169770112 185 124.53117135537637 119.86944356804928 974 18.247487261891365 2 26.267666637897491 20.949807806909085 0 0 0 0 0
693 34.649999999999999 34.700000000000003 34.009999999999998 5425 3171174 5042 718 1 220644 118.97588530040923 126 123.99197611733088 118.1206499687074 328251 119.45855180895006 185 124.4705763120909 119.78304210188583 976 17.809922732412815 2 25.764264792203903 20.433208065181972 0 0 0 0 0
694 34.700000000000003 34.75 34.006 5923 3177097 5042 718 1 221378 117.0984149509006 126 123.90654542711046 118.3666589391799 329361 119.55121332117029 185 124.61295289735536 119.90822439327754 978 17.512174885720015 2 25.607775952666998 20.294783799462021 0 0 0 0 0
695 34.75 34.800000000000004 35.011000000000003 5686 3182783 5042 718 1 222123 117.33607821994357 126 122.52684517512246 118.01863679916141 330451 117.84033005173141 185 123.44957155794711 119.53163263516809 980 17.319677253253758 2 25.432565681636333 20.190579512771219 0 0 0 0 0
696 34.800000000000004 34.850000000000001 34.484999999999999 5805 3188588 5042 718 1 222884 119.83860548715742 126 123.98724946521577 118.31602396647135 331589 120.99831225420978 185 124.38569669981261 119.90047834406676 982 16.902061854489148 2 25.724284156225622 20.413451328137889 0 0 0 0 0
697 34.850000000000001 34.899999999999999 34.241 5667 3194255 5042 718 1 223645 122.43215881832062 126 124.11079812428308 118.22590766301231 332719 123.34211491765203 185 124.40551106220967 119.84167978730073 984 16.539912685984746 2 25.681641030823812 20.358540945355781 0 0 0 0 0
698 34.899999999999999 34.950000000000003 33.969999999999999 5669 3199924 5042 718 1 224342 114.85833594912575 126 123.11898591783311 118.13322573828322 333779 118.03176253035262 185 123.32042500263935 119.85198622832426 987 25.902616197767202 2 25.902616197767202 20.730611475764309 0 0 0 0 0
699 34.950000000000003 35 33.768999999999998 5836 3205760 5042 718 1 225103 117.49799026004852 126 124.10240070403569 118.18026416475814 334893 118.7276163462046 185 124.28278936437658 119.74347500445396 989 25.119802662200527 2 25.928773544408614 20.775011275878352 0 0 0 0 0
700 35 35.050000000000004 34.488 5707 3211467 5042 718 1 225849 117.79269851200165 126 124.03167627728175 118.12088961525571 336009 119.58965115933805 185 124.17276153564453 119.79516636369033 991 24.334743055529543 2 25.839519932087569 20.777231044847429 0 0 0 0 0
701 35.050000000000004 35.100000000000001 34.637 5760 3217227 5042 718 1 226611 120.35976101103283 126 124.14296238006108 118.41086299593486 337143 122.20432887721707 185 124.12703783189929 120.00593568544132 994 32.36848258972168 2 34.370036125183105 22.046332150709421 0 0 0 0 0
702 35.100000000000001 35.149999999999999 33.005000000000003 5482 3222709 5042 718 1 227332 116.74436587379093 126 123.45130115085178 118.02377355908588 338203 117.03722567171664 185 124.23979764371305 119.71016535248629 996 26.887137651443481 2 31.727543830871582 25.426711316108705 0 0 0 0 0
703 35.149999999999999 35.200000000000003 34.009999999999998 5801 3228510 5042 718 1 228068 115.24242564610073 126 124.07901176573738 118.3123303985596 339313 117.19233930433118 185 124.34226940258129 119.84639301856787 998 24.574054598808289 2 27.566771030426025 22.290030193328857 0 0 0 0 0
704 35.200000000000003 35.25 34.012 5737 3234247 5042 718 1 228862 123.20122001284645 126 124.12897388518803 118.15223261515298 340471 122.68680151862067 185 124.10870951059702 119.74944750399203 1000 23.254990428686142 2 26.373142242431641 21.305919445157052 0 0 0 0 0
705 35.25 35.300000000000004 35.008000000000003 5775 3240022 5042 718 1 229576 118.1288338313027 126 123.43327755398221 118.35512926010861 341562 120.63420979267842 185 124.4317710670265 119.97804231468407 1002 22.662136197090149 2 25.803850173950195 20.586939408779145 0 0 0 0 0
706 35.300000000000004 35.350000000000001 41.167000000000002 5807 3245829 5042 718 1 230333 120.07184673490978 126 124.06437519618443 118.2350458659823 342677 121.39040906751478 185 124.33065395870725 119.7918409489812 1004 21.994262993335724 2 25.810507774353027 20.661211418434977 0 0 0 0 0
707 35.350000000000001 35.399999999999999 36.975999999999999 5522 3251351 5042 718 1 231034 113.14870004805307 126 123.91768531193809 118.12395299033514 343732 115.58129623000686 185 124.48071346798459 119.80523425128011 1006 21.478140527382493 2 25.713998217135668 20.510983185321091 0 0 0 0 0
708 35.399999999999999 35.450000000000003 37.392000000000003 5804 3257155 5042 718 1 231841 123.05338311573816 126 123.05338311573816 118.28922643267917 344914 123.60527962349556 185 123.60527962349556 119.83972876966318 1008 20.923873057123274 2 25.812058612704277 20.548750781984999 0 0 0 0 0
709 35.450000000000003 35.5 34.552999999999997 5626 3262781 5042 718 1 232542 116.11634184822204 126 124.03201626974439 118.13771006629581 345981 119.08050627837309 185 124.48779602050782 119.83099227080474 1011 25.788105964660645 2 33.168179512023926 25.184244301104918 0 0 0 0 0
710 35.5 35.550000000000004 34.872 5699 3268480 5042 718 1 233300 118.15220139518617 126 124.00573821294876 118.30185283358139 347102 120.30231587177998 185 124.63612126530828 119.97951946279164 1013 22.251551508903503 2 29.39089298248291 23.501305675506593 0 0 0 0 0
711 35.550000000000004 35.600000000000001 34.496000000000002 5677 3274157 5042 718 1 234023 114.94369125366211 126 123.00133768717448 117.93840254526289 348160 114.91100608207084 185 123.43600694811022 119.71592066501924 1015 20.793193817138672 2 26.718022227287292 21.443819589614868 0 0 0 0 0
712 35.600000000000001 35.649999999999999 36.948 6171 3280328 5042 718 1 234807 121.03771427699498 126 123.97832373967246 118.41111580621634 349335 122.00574530524176 185 124.50082888216586 120.002953951449 1018 25.704636573791504 2 32.676991939544678 25.137507675886155 0 0 0 0 0
713 35.649999999999999 35.700000000000003 33.798999999999999 5551 3285879 5042 718 1 235554 121.48357893928649 126 123.91207958403088 118.12997023809527 350445 122.2204043001742 185 124.36169091301996 119.78744286614491 1020 21.569178104400635 2 30.120642185211182 24.094244198799132 0 0 0 0 0
714 35.700000000000003 35.75 33.734999999999999 5609 3291488 5042 718 1 236264 115.90727300492544 126 123.9346308026995 118.21910772898842 351523 118.79003926869986 185 124.01864562163482 119.93668075973925 1022 19.718100607395172 2 27.560008883476257 21.832623757123947 0 0 0 0 0
715 35.75 35.800000000000004 33.490000000000002 5727 3297215 5042 718 1 237022 118.19654494997054 126 123.33268059624567 118.05096593099927 352631 118.8535891558673 185 124.33972246324694 119.7208296723237 1024 18.661452203989029 2 26.370603024959564 21.046122843623163 0 0 0 0 0
716 35.800000000000004 35.850000000000001 34.323999999999998 5581 3302796 5042 718 1 237771 118.85644440423874 126 123.91929202609592 118.23552713787747 353752 120.23771820068359 185 124.32676032813819 119.81881573156411 1026 18.046838350594044 2 25.867064237594604 20.608478715717794 0 0 0 0 0
717 35.850000000000001 35.899999999999999 33.590000000000003 5570 3308366 5042 718 1 238533 121.4598154945979 126 123.97449329921177 118.37491672818628 354887 123.05795490161793 185 124.34272980561127 119.91053350252722 1029 24.705728530883789 2 34.022936820983887 23.407480013370513 0 0 0 0 0
718 35.899999999999999 35.950000000000003 35.090000000000003 5885 3314251 5042 718 1 239229 113.75705446515765 126 122.65449869065057 118.10214990646119 355943 117.36115071064717 185 123.2724496377481 119.80215562562682 1031 19.966039657592773 2 31.812677383422852 24.692453336715698 0 0 0 0 0
719 35.950000000000003 36 33.537999999999997 5968 3320219 5042 718 1 239990 116.31946733262804 126 123.86996078491211 118.25673559642975 357056 117.87074481861012 185 124.40045937203072 119.81976899265597 1033 18.007022738456726 2 27.966682195663452 21.939497878551482 0 0 0 0 0
720 36 36.050000000000004 32.573 5778 3325997 5042 718 1 240761 120.64359949505518 126 123.96254718114459 118.09987762814478 358179 119.60917366646432 185 124.63694948763461 119.68426327267206 1035 17.154922366142273 2 26.194086968898773 20.843607154488563 0 0 0 0 0
721 36.050000000000004 36.100000000000001 33.405000000000001 5511 3331508 5042 718 1 241498 119.21825427100772 126 123.1151961674766 118.39522875467938 359306 121.50145255423881 185 123.46819016740129 119.96437856890705 1037 16.554803773760796 2 26.056556433439255 20.594131580591203 0 0 0 0 0
722 36.100000000000001 36.149999999999999 33.802999999999997 5615 3337123 5042 718 1 242242 119.21943258860755 126 123.93615547059075 118.0940360647535 360404 120.45592985410948 185 124.37149027231577 119.73776957908839 1039 16.007436022162437 2 25.869198694825172 20.541916734576226 0 0 0 0 0
723 36.149999999999999 36.200000000000003 34.691000000000003 5822 3342945 5042 718 1 242955 114.13472408718533 126 124.01251087491474 118.20859821743437 361476 116.41483014080976 185 124.29919623297614 119.89267892538534 1042 25.314308229833841 2 25.825690850615501 20.785885721184314 0 0 0 0 0
724 36.200000000000003 36.25 35.877000000000002 5953 3348898 5042 718 1 243761 123.96716768779451 126 123.96716768779451 118.20201733059353 362651 123.66816670185811 185 123.66816670185811 119.84593834954342 1044 24.903377291280776 2 25.564733262173831 20.406834714291616 0 0 0 0 0
725 36.25 36.300000000000004 33.847000000000001 5693 3354591 5042 718 1 244463 117.10866564796085 126 123.27811734638517 118.21868290250262 363726 119.92264725968644 185 124.43485635293497 119.92436874389651 1047 28.543097496032715 2 33.827563285827637 26.396553271003068 0 0 0 0 0
726 36.300000000000004 36.350000000000001 34.575000000000003 5498 3360089 5042 718 1 245220 119.08683879791744 126 123.97196167234391 118.20023441133046 364843 120.76882600526552 185 124.37104916959196 119.91897454916467 1049 26.091181874275208 2 27.977906942367554 22.427478013038634 0 0 0 0 0
727 36.350000000000001 36.399999999999999 34.728999999999999 5624 3365713 5042 718 1 245919 111.99868296063136 126 123.95708011445545 117.96985836937318 365898 114.97721454517261 185 124.22949128022066 119.78790807445631 1051 24.997008860111237 2 26.045452058315277 21.08326730132103 0 0 0 0 0
728 36.399999999999999 36.450000000000003 34.734999999999999 5887 3371600 5042 718 1 246727 121.99757439749581 126 123.26687573629712 118.35468719966828 367080 122.8541996311497 185 124.43581180057011 119.98526139295423 1053 24.175331518054008 2 25.999646931886673 20.813493691086769 0 0 0 0 0
729 36.450000000000003 36.5 33.311999999999998 5608 3377208 5042 718 1 247452 118.91216126699297 126 123.93338412330264 118.13399199591744 368156 119.34749875455289 185 124.2620532886402 119.7960399994721 1055 23.395460233092308 2 25.855981856584549 20.772094326615335 0 0 0 0 0
730 36.5 36.550000000000004 33.914999999999999 5747 3382955 5042 718 1 248185 116.88867078508649 126 124.01104379078699 118.3524935089596 369266 119.43204601390941 185 124.48637196308857 119.91625835191883 1057 22.99879914149642 2 25.583105314522982 20.392707755751907 0 0 0 0 0
731 36.550000000000004 36.600000000000001 33.435000000000002 5720 3388675 5042 718 1 248931 117.26617649623326 126 122.37683141799201 118.03891783214749 370361 118.156135600322 185 123.20621098698797 119.64153579876874 1059 22.567891565151513 2 25.628652608022094 20.426611053422093 0 0 0 0 0
732 36.600000000000001 36.649999999999999 34.029000000000003 5830 3394505 5042 718 1 249692 119.80104767330108 126 124.07623951018803 118.28400319538419 371499 121.23681801460884 185 124.56322116336307 119.97700602186045 1062 27.03957986831665 2 33.941192626953125 25.572881043953821 0 0 0 0 0
733 36.649999999999999 36.700000000000003 33.555 5520 3400025 5042 718 1 250452 122.25693287925115 126 123.94115326896546 118.20347337026443 372629 123.54186269399283 185 124.50728718525654 119.88005091734185 1064 23.604640960693359 2 28.765538215637207 23.400708069801329 0 0 0 0 0
734 36.700000000000003 36.75 33.524999999999999 5775 3405800 5042 718 1 251150 114.79772101508246 126 123.22356493510897 118.17848762754411 373686 117.88045971844647 185 123.49851857778188 119.87521489983639 1066 22.070563614368439 2 26.701744198799133 21.518789563179016 0 0 0 0 0
735 36.75 36.800000000000004 36.798999999999999 5952 3411752 5042 718 1 251911 117.46135039556594 126 124.04345648629325 118.15652817862376 374800 118.53499731115393 185 124.54648218928156 119.78437854086386 1068 21.141808867454529 2 26.250935971736908 20.919498261809348 0 0 0 0 0
736 36.800000000000004 36.850000000000001 33.316000000000003 5659 3417411 5042 718 1 252657 117.78800243801541 126 124.0154305109902 118.08926358904158 375916 119.43636012721706 185 124.53505261395429 119.75622982293206 1070 20.384944252669811 2 25.914342977106571 20.749321865141393 0 0 0 0 0
737 36.850000000000001 36.899999999999999 35.901000000000003 5835 3423246 5042 718 1 253419 120.35383702838232 126 124.13679667881557 118.41207873268735 377052 122.32902419631546 185 124.25425212963208 119.94693657787425 1072 19.856866912916303 2 25.752963062375784 20.522810136564075 0 0 0 0 0
738 36.899999999999999 36.950000000000003 33.295000000000002 5491 3428737 5042 718 1 254140 116.73745957631914 126 123.44303948538644 118.02474631173274 378114 117.43742774757179 185 124.59130781019056 119.65362067557669 1074 19.178048774600029 2 25.887656453996897 20.672052462324501 0 0 0 0 0
739 36.950000000000003 37 33.281999999999996 5829 3434566 5042 718 1 254876 115.26772816975911 126 124.08797533549959 118.28044147552008 379218 116.97552527350348 185 124.64145771748311 119.8086112077043 1077 24.462820053100586 2 33.688424110412598 24.76790682830848 0 0 0 0 0
740 37 37.050000000000004 33.566000000000003 5825 3440391 5042 718 1 255669 123.07201536874922 126 124.16169980972532 118.14646944802904 380376 122.52338355811867 185 124.045824494233 119.69658268861514 1079 20.181044578552246 2 30.746498584747314 24.239095625877379 0 0 0 0 0
741 37.050000000000004 37.100000000000001 33.252000000000002 5538 3445929 5042 718 1 256385 118.2774913727291 126 123.46378465682741 118.39749676780093 381471 120.8878994091137 185 124.48565735688081 119.99752427714577 1081 18.521236002445221 2 27.445218324661255 21.643267117738723 0 0 0 0 0
742 37.100000000000001 37.149999999999999 34.469000000000001 5943 3451872 5042 718 1 257141 120.14312677534799 126 124.21646372477214 118.15292153373598 382582 121.32634982547245 185 124.5168362179318 119.67399045377164 1083 17.910628914833069 2 26.002249777317047 20.60452512025833 0 0 0 0 0
743 37.149999999999999 37.200000000000003 33.006999999999998 5509 3457381 5042 718 1 257840 112.96653208656916 126 124.04542789761982 118.05741474817671 383635 115.42410501016153 185 124.31626677641998 119.68122196589292 1085 17.549221336841583 2 25.661949381232262 20.357806661128997 0 0 0 0 0
744 37.200000000000003 37.25 35.011000000000003 5843 3463224 5042 718 1 258648 123.07156559777638 126 123.07156559777638 118.24960290333581 384817 123.44952936945735 185 123.44952936945735 119.83830122499212 1087 17.117919486016035 2 25.779853716492653 20.427000823467971 0 0 0 0 0
745 37.25 37.300000000000004 34.008000000000003 5620 3468844 5042 718 1 259349 116.1202626304021 126 124.05277827429393 118.15182973104807 385886 119.15839113802524 185 124.34347092912004 119.81590174989438 1089 16.827841862104833 2 25.611324539408088 20.287190393581987 0 0 0 0 0
746 37.300000000000004 37.350000000000001 34.005000000000003 5855 3474699 5042 718 1 260106 117.95436538211884 126 124.14628479972718 118.34286917913531 387006 120.35257337415541 185 124.35839068438555 119.89876325452651 1092 24.911148071289062 2 29.824058532714844 21.997257611956446 0 0 0 0 0
747 37.350000000000001 37.399999999999999 34.009999999999998 5669 3480368 5042 718 1 260830 114.84419547186957 126 123.22316602676634 117.99977169824022 388064 115.0640556541649 185 123.25121505324906 119.61415284770241 1094 19.61510443687439 2 32.896547794342041 25.243261604309083 0 0 0 0 0
748 37.399999999999999 37.450000000000003 33.792000000000002 5771 3486139 5042 718 1 261613 120.82639924306719 126 124.19703583490281 118.36309010581367 389237 121.97870895798142 185 124.34307213860589 119.965029827221 1096 17.459857583045959 2 28.373470067977905 22.133765945434572 0 0 0 0 0
749 37.450000000000003 37.5 33.027999999999999 5512 3491651 5042 718 1 262362 121.59073741852291 126 124.02662949335007 118.1321315135653 390350 122.42250733246675 185 124.17706063760293 119.88491122271566 1098 16.540726631879807 2 26.343732714653015 20.909971395730974 0 0 0 0 0
750 37.5 37.550000000000004 34.008000000000003 5723 3497374 5042 718 1 263073 116.12883140927269 126 123.99785704839798 118.26457880655926 391424 118.53764314393739 185 124.19854637352196 119.95421763404634 1101 25.82785065472126 2 26.113858014345169 20.805438888072967 0 0 0 0 0
751 37.550000000000004 37.600000000000001 33.008000000000003 5887 3503261 5042 718 1 263832 118.40962322174556 126 123.28840237572079 118.21809059627476 392536 119.08540538066143 185 124.41582431277713 119.67387488287847 1103 24.900134097784758 2 25.916327487677336 20.918469836041332 0 0 0 0 0
752 37.600000000000001 37.649999999999999 33.009 5671 3508932 5042 718 1 264580 118.85816913180881 126 124.0980712648422 118.2860445428273 393658 120.49085944923195 185 124.49893299824483 119.90581049738702 1106 29.388660907745361 2 35.449705123901367 25.556210569888353 0 0 0 0 0
753 37.649999999999999 37.700000000000003 34.009999999999998 5949 3514881 5042 718 1 265342 121.49204235985165 126 123.99903530544705 118.3447189004081 394790 122.9106095185151 185 124.30160427609006 119.98270496595229 1108 25.313338279724121 2 29.210386991500854 24.034703550338744 0 0 0 0 0
754 37.700000000000003 37.75 34.005000000000003 5497 3520378 5042 718 1 266038 113.84316671462287 126 122.37747573852539 118.04880119202632 395847 117.27905327049461 185 123.4241946246173 119.8456659397435 1110 23.41936057806015 2 27.211474180221558 21.875096368789674 0 0 0 0 0
755 37.75 37.800000000000004 34.011000000000003 5812 3526190 5042 718 1 266799 116.38380607726081 126 123.95740224444677 118.27829258025641 396963 118.00775905299831 185 124.49003118566564 119.92716617728571 1112 22.443268656730652 2 26.239797711372375 20.966364657878877 0 0 0 0 0
756 37.800000000000004 37.850000000000001 34.006999999999998 5729 3531919 5042 718 1 267569 120.52993193126861 126 124.17200215657552 118.11737936110727 398087 119.74360071130701 185 124.35282139133763 119.7949333875502 1115 26.622706413269043 2 34.166016578674316 25.862212557792663 0 0 0 0 0
757 37.850000000000001 37.899999999999999 34.008000000000003 5536 3537455 5042 718 1 268307 119.24381510416667 126 123.14180010841007 118.41611712864467 399214 121.52881251154719 185 123.54707064241977 120.07037811196817 1117 23.451277494430542 2 28.474690198898315 23.139815979003906 0 0 0 0 0
758 37.899999999999999 37.950000000000003 33.003999999999998 5934 3543389 5042 718 1 269050 119.12224760509673 126 124.1220194498698 118.05682900565009 400311 120.36504528973553 185 124.29918501570418 119.7467285378946 1119 21.912816524505615 2 26.929782867431641 21.523127003908158 0 0 0 0 0
759 37.950000000000003 38 34.009999999999998 5412 3548801 5042 718 1 269765 114.3273808918302 126 124.07641613672651 118.23910615103586 401382 116.25230110787057 185 124.35534185461096 119.85550114152237 1122 30.435720443725586 2 31.677824020385742 21.562041458189487 0 0 0 0 0
760 38 38.050000000000004 34.009 5885 3554686 5042 718 1 270571 124.06270478263734 126 124.06270478263734 118.29816809639102 402559 123.73318770125105 185 123.73318770125105 119.83687228970915 1124 23.803983449935913 2 32.903486728668213 26.56564118862152 0 0 0 0 0
761 38.050000000000004 38.100000000000001 34.377000000000002 5679 3560365 5042 718 1 271273 117.14755909026616 126 123.36132443140424 118.27476195199147 403635 119.97858948578705 185 124.4806625366211 120.04146509036505 1126 21.021131753921509 2 28.625536918640137 22.755123775005341 0 0 0 0 0
762 38.100000000000001 38.149999999999999 33.667000000000002 5761 3566126 5042 718 1 272031 119.25775037493024 126 124.15533477541 118.22826237633113 404755 121.09114293278874 185 124.38620378648912 119.97957898196658 1128 19.846211522817612 2 26.436469554901123 21.163212619423867 0 0 0 0 0
763 38.149999999999999 38.200000000000003 33.548000000000002 5616 3571742 5042 718 1 272730 112.16567163618784 126 124.12512642996651 117.9737414962526 405805 114.79099277805638 185 124.15106968235325 119.7508383063239 1131 28.223723411560059 2 30.574390411376953 21.705983973145486 0 0 0 0 0
764 38.200000000000003 38.25 34.106999999999999 5886 3577628 5042 718 1 273538 122.11119570050921 126 123.43036348857576 118.40752214825345 406988 122.85150344436234 185 124.4723833651156 119.9116728589857 1133 22.166172027587891 2 33.008292198181152 25.997174396514893 0 0 0 0 0
765 38.25 38.300000000000004 33.506999999999998 5514 3583142 5042 718 1 274262 118.88313329787482 126 124.04675625997876 118.11648994082502 408064 119.33292718835779 185 124.35780742748364 119.80779637847073 1135 19.704400181770325 2 28.415403604507446 22.437234296798707 0 0 0 0 0
766 38.300000000000004 38.350000000000001 34.652000000000001 5979 3589121 5042 718 1 274995 116.88525408790225 126 124.16008909921797 118.3271378241645 409173 119.23655102704022 185 124.61308416418127 119.98727005334806 1137 18.430520564317703 2 26.691641688346863 21.261178897619246 0 0 0 0 0
767 38.350000000000001 38.399999999999999 37.521999999999998 5654 3594775 5042 718 1 275741 117.32743732512944 126 122.47687488132053 117.9748844824897 410268 117.86081163561022 185 123.5149326221363 119.74036943095436 1139 17.657520428299904 2 26.247064828872681 20.765299198031425 0 0 0 0 0
768 38.399999999999999 38.450000000000003 34.414999999999999 5585 3600360 5042 718 1 276502 119.84555786375016 126 124.14047985985165 118.30058688572475 411406 121.00176346237595 185 124.60154489053262 119.91733846221101 1141 17.026351526379585 2 25.913448475301266 20.624884963929652 0 0 0 0 0
769 38.450000000000003 38.5 34.087000000000003 6092 3606452 5042 718 1 277263 122.43471593705435 126 124.11446392725385 118.23025854443748 412536 123.28631488696949 185 124.25538915685705 119.90034009531382 1143 16.58564074523747 2 25.752632852643728 20.436323152109981 0 0 0 0 0
770 38.5 38.550000000000004 33.771999999999998 5366 3611818 5042 718 1 277960 114.85344490172371 126 123.11368760608491 118.1406000954764 413598 118.08395352750212 185 123.47051738017313 119.96128970419393 1145 16.142539609223604 2 25.835967252030969 20.438686429336666 0 0 0 0 0
771 38.550000000000004 38.600000000000001 34.729999999999997 5733 3617551 5042 718 1 278721 117.47594554840572 126 124.09178409879169 118.19724734230645 414713 118.82505192112278 185 124.11043977479677 119.80678967202674 1149 30.280532360076904 2 33.923949241638184 26.002913080491126 0 0 0 0 0
772 38.600000000000001 38.649999999999999 38.862000000000002 5875 3623426 5042 718 1 279468 117.88847896030971 126 123.99487044319274 118.16296872941277 415828 119.58056071513408 185 124.26548338194151 119.79252155613256 1151 26.5381840467453 2 29.680938720703125 23.70505075931549 0 0 0 0 0
773 38.649999999999999 38.700000000000003 39.587000000000003 5731 3629157 5042 718 1 280230 120.40012559436616 126 124.1849742465549 118.46572669861808 416961 122.11863155880489 185 124.14880564921611 119.97367117062132 1153 24.742296934127808 2 26.992220282554626 21.777993807792665 0 0 0 0 0
774 38.700000000000003 38.75 36.264000000000003 5573 3634730 5042 718 1 280950 116.62408168732173 126 123.48926513914078 118.02409128098257 418026 117.435214851998 185 124.35731114567938 119.77184116507864 1155 24.081622272729874 2 25.835600584745407 20.654087458252906 0 0 0 0 0
775 38.75 38.800000000000004 34.173000000000002 5725 3640455 5042 718 1 281687 115.31740279424758 126 124.13562344747876 118.27774451361762 419132 117.13317895837733 185 124.39120648358319 119.86655330183703 1158 27.567267417907715 2 32.912765026092529 26.549085776209832 0 0 0 0 0
776 38.800000000000004 38.850000000000001 33.405000000000001 5849 3646304 5042 718 1 282480 123.09649252513098 126 124.18663182334295 118.17141520545597 420290 122.62268058158256 185 124.14846162538271 119.75435793242585 1160 24.643286347389221 2 28.013648509979248 22.894840128421784 0 0 0 0 0
777 38.850000000000001 38.899999999999999 34.079999999999998 5646 3651950 5042 718 1 283195 118.17385180034334 126 123.48777710445343 118.36560673062765 421382 120.66859737086941 185 124.58298814103411 119.9886232901908 1162 23.45784991979599 2 26.419551014900208 21.173624103069304 0 0 0 0 0
778 38.899999999999999 38.950000000000003 34.573999999999998 5732 3657682 5042 718 1 283951 120.01456699674091 126 124.12124197823661 118.17759331233918 422498 121.48825873297613 185 124.22239285030881 119.83712048174888 1164 22.562892690300941 2 25.953504309058189 20.88604227900505 0 0 0 0 0
779 38.950000000000003 39 33.180999999999997 5878 3663560 5042 718 1 284651 112.97563001844618 126 124.21365634978764 118.07985930548776 423552 115.57952946843328 185 124.36074338345914 119.79575031094937 1166 22.128191098570824 2 25.642255991697311 20.430366956144571 0 0 0 0 0
780 39 39.050000000000004 33.439999999999998 5462 3669022 5042 718 1 285459 123.10444701664032 126 123.10444701664032 118.22605610317656 424734 123.59860435692039 185 123.59860435692039 119.84458747575087 1168 21.968273639678955 2 25.338976874947548 20.158323270343246 0 0 0 0 0
781 39.050000000000004 39.100000000000001 34.950000000000003 5802 3674824 5042 718 1 286159 116.05650916932122 126 124.09317894587441 118.08877127995569 425802 119.21358741554054 185 124.49986246469858 119.80073601140202 1170 21.909443520009518 2 25.227405535057187 20.058242463096978 0 0 0 0 0
782 39.100000000000001 39.149999999999999 34.252000000000002 5768 3680592 5042 718 1 286918 118.22509226723322 126 124.09622089446538 118.32918316069103 426920 120.16047107593434 185 124.59462457605311 119.92738149282091 1173 27.333081245422363 2 32.723635673522949 24.630414725411683 0 0 0 0 0
783 39.149999999999999 39.200000000000003 33.634 5683 3686275 5042 718 1 287640 114.82284951588464 126 123.19909819345625 117.97147449311757 427978 114.84217244741079 185 123.4581342130094 119.64363644904063 1175 23.3408522605896 2 29.748553276062012 23.952441101074218 0 0 0 0 0
784 39.200000000000003 39.25 33.713999999999999 5749 3692024 5042 718 1 288424 120.94766102139911 126 124.17652699304006 118.3806341140989 429154 122.08150490425729 185 124.5587875366211 119.96791106435415 1177 21.448612451553345 2 27.191991329193115 21.873381885290147 0 0 0 0 0
785 39.25 39.300000000000004 36.320999999999998 5718 3697742 5042 718 1 289171 121.38742113870288 126 124.14752942039853 118.13601446484762 430264 122.34680489205026 185 124.69597353548617 119.73730633132521 1179 20.248170495033264 2 26.438650012016296 21.188478182554245 0 0 0 0 0
786 39.300000000000004 39.350000000000001 33.271999999999998 5622 3703364 5042 718 1 289881 115.79661741710845 126 124.14532924833752 118.23346152653772 431339 118.6578249132311 185 124.21475743474187 119.86839462445232 1181 19.470174491405487 2 26.150197044014931 20.770247959941624 0 0 0 0 0
787 39.350000000000001 39.399999999999999 33.381999999999998 5816 3709180 5042 718 1 290641 118.40856903318375 126 123.45908155895415 118.04896275353812 432450 119.10689915837469 185 124.53919619998416 119.66347122439819 1183 18.800685577094555 2 25.890948630869389 20.662812045589089 0 0 0 0 0
788 39.399999999999999 39.450000000000003 33.335999999999999 5796 3714976 5042 718 1 291390 119.04532175215463 126 124.12891521151104 118.25844348846923 433572 120.49542058996252 185 124.4268529531118 119.92257414121885 1185 18.466311291791499 2 25.604311633855104 20.331044157780706 0 0 0 0 0
789 39.450000000000003 39.5 35.432000000000002 5735 3720711 5042 718 1 292152 121.63126367235941 126 124.14478332277328 118.39217296176486 434709 123.41462781751478 185 124.37901891759924 120.02876524229305 1188 26.721818923950195 2 30.737405776977539 21.826773471869529 0 0 0 0 0
790 39.5 39.550000000000004 35.296999999999997 5584 3726295 5042 718 1 292847 113.82958820887974 126 122.60762132917132 118.04134920150514 435760 117.20892251504434 185 123.7337149955131 119.76544367114916 1190 21.012088298797607 2 32.671492576599121 25.65282588005066 0 0 0 0 0
791 39.550000000000004 39.600000000000001 36.140999999999998 5938 3732233 5042 718 1 293607 116.27269084869869 126 124.11250977289109 118.21612771412678 436872 117.65216600572741 185 124.47644706932275 119.77735041685364 1192 18.607223153114319 2 28.536711692810059 22.380897383689881 0 0 0 0 0
792 39.600000000000001 39.649999999999999 33.951000000000001 5677 3737910 5042 718 1 294378 120.60733770945716 126 124.08922165159196 118.08946762932666 437998 119.62826929865656 185 124.35011209023965 119.77328244513431 1194 17.588456273078918 2 26.403786540031433 21.00861440062523 0 0 0 0 0
793 39.649999999999999 39.700000000000003 34.832000000000001 5760 3743670 5042 718 1 295117 119.40502130417596 126 123.14601837642608 118.49188270205542 439127 121.6116111961571 185 123.41314928209459 120.09043837511211 1196 16.921234026551247 2 26.136852592229843 20.66057201206684 0 0 0 0 0
794 39.700000000000003 39.75 33.198999999999998 5616 3749286 5042 718 1 295861 119.36097511412605 126 124.11059364439949 118.1388097878108 440224 120.4533819662558 185 124.4777387051969 119.74124499594198 1198 16.342575252056122 2 25.887847125530243 20.572889951094986 0 0 0 0 0
795 39.75 39.800000000000004 33.545999999999999 5590 3754876 5042 718 1 296574 114.25599991329132 126 124.14859626406715 118.22866336761962 441295 116.32008778340108 185 124.20621709050359 119.87584643637169 1201 25.437594931572676 2 25.951467284932733 20.995618567951023 0 0 0 0 0
796 39.800000000000004 39.850000000000001 34.359999999999999 5902 3760778 5042 718 1 297381 124.18044492933485 126 124.18044492933485 118.26966221885077 442470 123.55442484262828 185 123.55442484262828 119.86474884198162 1203 24.64001386705786 2 25.958999278023839 20.789631166215987 0 0 0 0 0
797 39.850000000000001 39.899999999999999 34.423000000000002 5711 3766489 5042 718 1 298083 117.23690795898438 126 123.47638823494079 118.30287058512377 443546 119.87837714117927 185 124.2112085703257 119.96369704127957 1206 28.58251953125 2 33.715195655822754 26.096788002960384 0 0 0 0 0
798 39.899999999999999 39.950000000000003 33.448 5677 3772166 5042 718 1 298840 119.19736874292768 126 123.92924021160792 118.21777020166792 444667 121.19922423491607 185 124.1465351414036 119.88146898754226 1208 25.494362473487854 2 28.308843851089478 23.057377955913545 0 0 0 0 0
799 39.950000000000003 40 33.395000000000003 5655 3777821 5042 718 1 299538 111.98007680499364 126 124.09292093912761 117.93897712223115 445716 114.85919548240868 185 124.00143663561022 119.68220998568144 1210 24.173661828041077 2 26.319960236549377 21.307535243034362 0 0 0 0 0
800 40 40.050000000000004 25.977 3797 3781618 5042 718 1 299539 41.260364532470703 126 109.76272334749737 70.17362380012635 445722 42.738050697945262 185 112.58483156771273 72.051008093344194 1210 8.8929988890886307 2 23.694992303848267 15.128375941216946 0 0 0 0 0
801 40.050000000000004 40.100000000000001 29.228999999999999 3580 3785198 5042 718 1 299544 15.522359976692805 126 40.443354712592232 26.275145843596679 445727 16.073099321932407 185 41.891781018231363 26.939745261630495 1211 7.2171550169587135 2 18.109932973980904 11.659142313152552 0 0 0 0 0
802 40.100000000000001 40.149999999999999 27.172999999999998 3859 3789057 5042 718 1 299549 6.1556130780114069 126 15.214996852572002 10.067047167278472 445732 6.2379041362453149 185 15.75483090168721 10.277717285413996 1212 7.285251896828413 2 15.57787448912859 9.9325816796347492 0 0 0 0 0
803 40.149999999999999 40.200000000000003 29.233000000000001 3743 3792800 5042 718 1 299554 2.7603958372085815 126 6.0337237895481168 4.1550307746349811 445739 2.8044708657909085 185 6.1143854089685385 4.1559718671618286 1213 8.2234620051458478 2 14.687412453815341 9.07114323919639 0 0 0 0 0
804 40.200000000000003 40.25 27.806000000000001 3583 3796383 5042 718 1 299558 1.4727187194521465 126 2.7057363267928833 1.9097647332009822 445744 1.3821662909275776 185 2.7489386197682975 1.9486702989694231 1214 9.7959217177703977 2 14.324426499661058 8.4432099054846912 0 0 0 0 0
805 40.25 40.300000000000004 25.495999999999999 3718 3800101 5042 718 1 299562 0.94740026219496654 126 1.5441075993908777 1.1550036340100427 445748 0.74613077092815094 185 1.3547975781801584 1.0621289868000394 1215 11.709696278208867 2 14.302252933499403 8.1053000548528509 0 0 0 0 0
806 40.300000000000004 40.350000000000001 26.196000000000002 3715 3803816 5042 718 1 299567 0.90022151804869133 126 0.99922310915731249 0.84035939811004523 445756 0.78736118919946052 185 0.9485194940824766 0.82404528241141406 1216 14.208417589368764 2 14.208417589368764 7.526182450114284 0 0 0 0 0
807 40.350000000000001 40.399999999999999 27.097999999999999 3767 3807583 5042 718 1 299570 0.67157978709373212 126 0.88239595246693447 0.70255352218709322 445760 0.55084047597405073 185 0.78953575514055585 0.66659599077178 1216 5.2269861186214257 2 13.927072568214498 8.8919189869074042 0 0 0 0 0
808 40.399999999999999 40.450000000000003 26.321999999999999 3669 3811252 5042 718 1 299574 0.60640154018377268 126 0.84919459940422148 0.69944930515592074 445767 0.66693425675401008 185 0.86936073478411979 0.64182007808127506 1217 6.283468279070803 2 14.266605932585662 8.9540496731585879 0 0 0 0 0
809 40.450000000000003 40.5 26.199999999999999 3812 3815064 5042 718 1 299579 0.72904650634893819 126 0.78976661370076717 0.67222825058321989 445772 0.58155246083247103 185 0.69855179233929598 0.62507130486754758 1218 7.5321037855246686 2 14.284486283431761 8.7638089219429087 0 0 0 0 0
810 40.5 40.550000000000004 27.021000000000001 3680 3818744 5042 718 1 299583 0.66685672943565311 126 0.882337948360983 0.69649065583648651 445778 0.62140692426269317 185 0.8014243455553377 0.60919132313609259 1219 8.8972709310464779 2 14.378650088394352 8.6484369095705915 0 0 0 0 0
811 40.550000000000004 40.600000000000001 26.651 3911 3822655 5042 718 1 299588 0.79982684652361691 126 0.99664548711411449 0.66200593138731723 445783 0.54490295250371501 185 0.7317867023071174 0.61628202352655193 1220 10.607715568332878 2 14.318915696280783 8.3066049253493741 0 0 0 0 0
812 40.600000000000001 40.649999999999999 26.036999999999999 3363 3826018 5042 718 1 299592 0.80165852030340978 126 0.81785308300251403 0.63310727730197092 445790 0.70226780438695002 185 0.76075756588677024 0.60096032302976876 1221 12.683458763811473 2 14.300559656572318 7.9449428158873188 0 0 0 0 0
813 40.649999999999999 40.700000000000003 26.265000000000001 3884 3829902 5042 718 1 299596 0.75207916218670789 126 0.81471757336718531 0.68400586897058058 445794 0.50505904766406107 185 0.75530909610868158 0.62767572539513306 1221 4.6659846648199732 2 12.432309558751399 7.9375676170794627 0 0 0 0 0
814 40.700000000000003 40.75 26.09 3666 3833568 5042 718 1 299600 0.76315332665869806 126 0.76315332665869806 0.6239568450694597 445801 0.6692203140466173 185 0.70575666492273936 0.59423159939172909 1222 5.5839960071049006 2 14.294918541612617 9.0911389497529385 0 0 0 0 0
815 40.75 40.800000000000004 27.305 3839 3837407 5042 718 1 299603 0.54280302824451165 126 0.90519523220797371 0.6943447527592298 445807 0.67374687080431905 185 0.75906501138108706 0.64416723127995179 1223 6.6844464040050511 2 14.293186335640499 8.9105175718097946 0 0 0 0 0
816 40.800000000000004 40.850000000000001 26.193000000000001 3756 3841163 5042 718 1 299608 0.68904706563766349 126 0.77704507909796428 0.64886422332653571 445813 0.72718445574262758 185 0.78774951716579533 0.5957436380526695 1224 7.8926701800163546 2 14.381378220191607 8.8038179830439134 0 0 0 0 0
817 40.850000000000001 40.899999999999999 27.294 3778 3844941 5042 718 1 299611 0.48273005019537896 126 0.87959126270762533 0.6804512662143638 445819 0.76143129769948248 185 0.76143129769948248 0.61474309082357703 1225 9.408750543418245 2 14.319753661097099 8.4990295283292845 0 0 0 0 0
818 40.899999999999999 40.950000000000003 27.132000000000001 3757 3848698 5042 718 1 299616 0.58634643856475399 126 1.0472369985120378 0.69106707799519063 445823 0.58250572113680776 185 0.75546914853647607 0.60957472269984569 1226 11.249422076807843 2 14.300817494001675 8.1776723157335613 0 0 0 0 0
819 40.950000000000003 41 26.300999999999998 3611 3852309 5042 718 1 299620 0.58626082689496239 126 0.84030473997404398 0.635005465645189 445829 0.60467250328165145 185 0.7475920046077138 0.62670272214311129 1227 13.462522507980692 2 14.294999123964789 7.8089558718297454 0 0 0 0 0
820 41 41.050000000000004 26.128 3774 3856083 5042 718 1 299625 0.71455138613983615 126 0.81669480403050299 0.66663884559251374 445835 0.63513690490268204 185 0.71852924252950201 0.61848785597700895 1227 4.9525876049887438 2 13.195946694662149 8.4251227291405844 0 0 0 0 0
821 41.050000000000004 41.100000000000001 26.966999999999999 3595 3859678 5042 718 1 299629 0.69444836467469151 126 0.76748408482396813 0.65482328973339388 445841 0.67739899352062027 185 0.70745155659640269 0.6068076875162528 1228 6.0115413667485944 2 14.206232071328007 8.9515996649797636 0 0 0 0 0
822 41.100000000000001 41.149999999999999 25.893000000000001 3792 3863470 5042 718 1 299632 0.50137093294671908 126 0.81381163461703809 0.66734374453271572 445846 0.57793694422681252 185 0.79589294763497886 0.63901128134986818 1229 7.2273688316975928 2 14.265935897951644 8.7962928582310731 0 0 0 0 0
823 41.149999999999999 41.200000000000003 26.297999999999998 3800 3867270 5042 718 1 299637 0.61992252087697564 126 0.90650295666536163 0.67628085498054047 445851 0.53037889486819911 185 0.77080743351710912 0.58762458835540454 1230 8.7851667404406832 2 14.197479248084372 8.4577279091276054 0 0 0 0 0
824 41.200000000000003 41.25 27.036999999999999 3642 3870912 5042 718 1 299641 0.63038947617299645 126 0.79685108569504426 0.62455806712469764 445858 0.64716677433090808 185 0.75950570011949259 0.64113273740829668 1231 10.566473960885 2 14.263245582592088 8.2364468288566801 0 0 0 0 0
825 41.25 41.300000000000004 27.082000000000001 3701 3874613 5042 718 1 299645 0.57086275548950138 126 0.83593998359689181 0.69385415253455807 445862 0.47883479200777557 185 0.7434901349384625 0.59908671815698655 1232 12.845678329470914 2 14.196668624881401 7.7435113048606885 0 0 0 0 0
826 41.300000000000004 41.350000000000001 25.940000000000001 3630 3878243 5042 718 1 299651 0.8745374076068847 126 0.8745374076068847 0.65173287766469301 445870 0.72883703407303746 185 0.75014615222831049 0.61735420105279459 1232 4.7256636619579426 2 12.591317176821926 8.0390891265888786 0 0 0 0 0
827 41.350000000000001 41.399999999999999 26.215 3743 3881986 5042 718 1 299655 0.83142646161165679 126 0.86535762612912537 0.6776019924907607 445874 0.53692565874086207 185 0.71581006969643191 0.62243114999978755 1233 5.6059494018558933 2 14.351121902466907 9.1284867954261379 0 0 0 0 0
828 41.399999999999999 41.450000000000003 26.300000000000001 3794 3885780 5043 718 1 299660 0.98484153598903112 126 1.0250336632179256 0.64176471835936255 445880 0.57917518103043708 185 0.81371066123182823 0.60682015137702494 1234 6.6925210952760352 2 14.310455322265959 8.9242565059664525 0 0 0 0 0
829 41.450000000000003 41.5 27.533999999999999 3934 3889714 5043 718 1 299662 0.65267686996250185 126 0.96534038728020999 0.64631456407100629 445887 0.71395906500951856 185 0.79822420689692519 0.62331612361920485 1235 8.0054044723511311 2 14.297959327697857 8.700198612213228 0 0 0 0 0
830 41.5 41.550000000000004 26.077999999999999 3812 3893526 5043 718 1 299666 0.58753997560899618 126 0.91348372566117098 0.69940838284589257 445893 0.75511552965700623 185 0.80180924905718409 0.6079023178526376 1236 9.5816383361816619 2 14.294119834899934 8.4394776630401882 0 0 0 0 0
831 41.550000000000004 41.600000000000001 25.367999999999999 3569 3897095 5043 718 1 299671 0.73452202479180151 126 0.83229603843410038 0.64813364952560093 445897 0.56519016317559601 185 0.76239478652818893 0.62046486251657562 1237 11.630865097045906 2 14.205968856811532 7.9711971664428782 0 0 0 0 0
832 41.600000000000001 41.649999999999999 25.917000000000002 3652 3900747 5043 718 1 299675 0.69053821715147468 126 0.85449140034127125 0.67846611272805846 445905 0.83196070903107933 185 0.86591363855364267 0.60075299549190686 1238 13.983370780944828 2 14.265853881835941 7.6709392642974867 0 0 0 0 0
833 41.649999999999999 41.700000000000003 26.294 3652 3904399 5043 718 1 299679 0.64763605783874445 126 0.85690638375684991 0.67739543332025154 445909 0.6185980925690775 185 0.81548678423957932 0.64366853368636823 1238 5.1441950798034677 2 13.706481933593754 8.751079645156862 0 0 0 0 0
834 41.700000000000003 41.75 26.023 3767 3908166 5044 718 1 299683 0.61334568356717512 126 0.84465520344092615 0.66886933561366813 445915 0.69221878567264505 185 0.69221878567264505 0.57576153500027549 1239 6.2530097961425781 2 14.197452545166016 8.9022364711761472 0 0 0 0 0
835 41.75 41.800000000000004 26.75 3797 3911963 5044 718 1 299688 0.72782592924816836 126 0.94393919384671932 0.68031157947726162 445920 0.57498563818032133 185 0.7855460978843769 0.65660529180479543 1240 7.5208988189697266 2 14.263236999511719 8.7447472667694086 0 0 0 0 0
836 41.800000000000004 41.850000000000001 26.405999999999999 3756 3915719 5044 718 1 299693 0.91576667059036732 126 0.91576667059036732 0.6075831572971806 445925 0.52292056856929847 185 0.70586888339069587 0.59208664723990756 1241 9.1431713104248047 2 14.196666717529297 8.393895521163941 0 0 0 0 0
837 41.850000000000001 41.899999999999999 26.187999999999999 3630 3919349 5044 718 1 299695 0.54136146817888853 126 0.89763326493521767 0.68813409865849196 445932 0.65057964324951312 185 0.75516816732045977 0.63036995032027476 1242 10.99750804901123 2 14.262994766235352 8.1641462326049812 0 0 0 0 0
838 41.899999999999999 41.950000000000003 26.652000000000001 3823 3923172 5044 718 1 299700 0.66731339409237822 126 0.86545873823620068 0.66895417258853074 445937 0.5772696108431431 185 0.74867825379242803 0.61311991054947346 1243 13.185218811035156 2 14.283376693725586 7.8340918254852294 0 0 0 0 0
839 41.950000000000003 42 26.114999999999998 3747 3926919 5044 718 1 299704 0.63960638121953106 126 0.82952466843620176 0.66235152267274411 445943 0.61779681798574093 185 0.74205390698200968 0.60852525716214578 1243 4.8505716323852539 2 12.924134254455566 8.2515791702270516 0 0 0 0 0
840 42 42.050000000000004 26.149999999999999 3707 3930626 5044 718 1 299709 0.77686218988327749 126 0.87112615978907026 0.65776295434860943 445949 0.64487166275849217 185 0.75761171547142236 0.62184361171722413 1244 5.8910517692565918 2 14.202731132507324 8.9698892593383786 0 0 0 0 0
841 42.050000000000004 42.100000000000001 26.138999999999999 3528 3934154 5044 718 1 299712 0.61344591019645567 126 0.76147929448930041 0.63797814876314196 445954 0.58115039258389856 185 0.73727039904207792 0.60362672264511519 1245 7.0837202072143555 2 14.264858245849609 8.8192167472839351 0 0 0 0 0
842 42.100000000000001 42.149999999999999 27.167999999999999 3895 3938049 5044 718 1 299717 0.71582161434113034 126 0.84898484699309817 0.69229539689563568 445960 0.59785135630014785 185 0.7481497919237291 0.63211406694876182 1246 8.6110105514526367 2 14.19715404510498 8.4879309654235833 0 0 0 0 0
843 42.149999999999999 42.200000000000003 26.838999999999999 3706 3941755 5044 718 1 299721 0.71082678295317148 126 0.85101413726806641 0.63986572250487317 445965 0.54124295518204968 185 0.71932680800154403 0.59658472463246925 1247 10.357171058654785 2 14.263145446777344 8.2712434864044191 0 0 0 0 0
844 42.200000000000003 42.25 26.786999999999999 3850 3945605 5044 718 1 299725 0.69544403893606999 126 0.82658480841016013 0.65015018932403068 445973 0.77598992940541855 185 0.77598992940541855 0.63245736684025955 1248 12.591288566589355 2 14.196638107299805 7.7881477355957029 0 0 0 0 0
845 42.25 42.300000000000004 25.77 3705 3949310 5044 718 1 299728 0.49308028296818807 126 0.84640725453694665 0.6765374577234663 445977 0.59942014926188703 185 0.76062431335449221 0.60724244731181387 1248 4.6320791244506836 2 12.341964721679688 7.879888334274292 0 0 0 0 0
846 42.300000000000004 42.350000000000001 26.087 3762 3953072 5044 718 1 299732 0.46292164212181452 126 0.97025364164322137 0.66477871319604309 445984 0.73207854193610111 185 0.8420907458743534 0.62542040670240251 1249 5.5715236663818359 2 14.26298713684082 9.0699209594726558 0 0 0 0 0
847 42.350000000000001 42.399999999999999 26.337 3603 3956675 5044 718 1 299737 0.56497678302583243 126 0.92978896791972809 0.69261281354086734 445989 0.65403064006083722 185 0.73741746850915857 0.61781052177016793 1250 6.6798543930053711 2 14.28337574005127 8.9027111816406244 0 0 0 0 0
848 42.399999999999999 42.450000000000003 31.806000000000001 3676 3960351 5044 718 1 299742 0.72656087269858705 126 0.82184587963043698 0.63367716319977263 445995 0.69369492401947841 185 0.8305035874650285 0.60937959972587785 1251 8.1127290725708008 2 14.202730178833008 8.5814052009582511 0 0 0 0 0
849 42.450000000000003 42.5 26.311 3672 3964023 5044 718 1 299745 0.51946463660588338 126 0.84140259878976009 0.68122279999748103 446000 0.61413265949970963 185 0.74739530408704602 0.61930981228802651 1252 9.7551870346069336 2 14.264858245849609 8.3739107513427733 0 0 0 0 0
850 42.5 42.550000000000004 28.145 3808 3967831 5044 718 1 299751 0.79811247568281873 126 0.86940470195951913 0.67651032402401901 446007 0.75428858576594171 185 0.83074552175160998 0.61799762511897727 1253 11.694708824157715 2 14.28394889831543 8.0798074817657479 0 0 0 0 0
851 42.550000000000004 42.600000000000001 26.946999999999999 3897 3971728 5044 718 1 299755 0.788919346673148 126 0.83770338315812365 0.64402215374840621 446011 0.57024101308874187 185 0.73935267474200272 0.61464566854528468 1254 13.814694404602051 2 14.378482818603516 7.9011435699462886 0 0 0 0 0
852 42.600000000000001 42.649999999999999 26.43 3504 3975232 5044 718 1 299759 0.77258381767878459 126 0.82035771627274767 0.65109343914758577 446018 0.7246189529831345 185 0.78497034021326018 0.60391730445140102 1254 5.0821447372436523 2 13.541145324707031 8.6455197620391839 0 0 0 0 0
853 42.649999999999999 42.700000000000003 25.882000000000001 3770 3979002 5044 718 1 299763 0.75748442846631248 126 0.9144389818585108 0.64986951517680336 446022 0.51127272167721305 185 0.77594177142993825 0.64365234014150263 1255 6.0592026710510254 2 14.318864822387695 9.0326801967620849 0 0 0 0 0
854 42.700000000000003 42.75 26.687000000000001 3772 3982774 5044 718 1 299767 0.68690417304871576 126 0.87184607793414404 0.70479753849998328 446028 0.58639265395499562 185 0.74071548049514357 0.57427728776674014 1256 7.346229076385498 2 14.213420867919922 8.7258028984069824 0 0 0 0 0
855 42.75 42.800000000000004 29.962 3611 3986385 5044 718 1 299772 0.8238274861895849 126 0.91047016022697325 0.65809204866015714 446034 0.57525287061124231 185 0.79960166312552783 0.65967731120135342 1257 8.828892707824707 2 14.268144607543945 8.5321133041381838 0 0 0 0 0
856 42.800000000000004 42.850000000000001 26.885000000000002 4037 3990422 5044 718 1 299776 0.81855364451332702 126 0.8519594669342041 0.64014186987801214 446039 0.52134648013759299 185 0.71796066438829576 0.59390960030942341 1258 10.582559585571289 2 14.28495979309082 8.2638116264343253 0 0 0 0 0
857 42.850000000000001 42.899999999999999 26.268000000000001 3575 3993997 5044 718 1 299779 0.61394807270595009 126 0.82874314747159439 0.67875683905586359 446046 0.65205922513394743 185 0.88110849535143054 0.62734674054223138 1259 12.674203872680664 2 14.290124893188477 7.9291989326477053 0 0 0 0 0
858 42.899999999999999 42.950000000000003 25.960000000000001 3619 3997616 5044 718 1 299783 0.60564923664880177 126 0.74702818431551499 0.64313679248567612 446051 0.58066082773981864 185 0.7682895763500317 0.6112273273210268 1259 4.6625819206237793 2 12.423237800598145 7.9317774391174316 0 0 0 0 0
859 42.950000000000003 43 25.978999999999999 3605 4001221 5044 718 1 299788 0.71402180384075831 126 0.8561587106613886 0.68635836593688493 446056 0.50485668955622498 185 0.79973025450835356 0.61558910295125602 1260 5.5827431678771973 2 14.291713714599609 9.0890085983276361 0 0 0 0 0
860 43 43.050000000000004 27.367999999999999 3869 4005090 5044 718 1 299792 0.71225628777155803 126 0.75355452204507489 0.63666861534118657 446064 0.75940111263378252 185 0.7903928421639107 0.61285726413211306 1261 6.683983325958252 2 14.292201995849609 8.9097333621978763 0 0 0 0 0
861 43.050000000000004 43.100000000000001 26.978000000000002 3861 4008951 5044 718 1 299795 0.50010676989479674 126 0.84025694075084867 0.68622568955497132 446069 0.67279703810408309 185 0.74696497530550565 0.62628139294804741 1262 8.0022668838500977 2 14.292350769042969 8.6948567008972173 0 0 0 0 0
862 43.100000000000001 43.149999999999999 26.001999999999999 3781 4012732 5044 718 1 299800 0.60548873174758189 126 0.99828187246171252 0.68931924305264924 446075 0.71068285607002879 185 0.71068285607002879 0.61114033791825595 1263 9.5804824829101562 2 14.292398452758789 8.4375138759613044 0 0 0 0 0
863 43.149999999999999 43.200000000000003 27.065000000000001 3682 4016414 5044 718 1 299804 0.59820753052121112 126 0.85742825931972932 0.64212935758015466 446080 0.64618365829055369 185 0.72857001407726396 0.60439688197986496 1264 11.312599182128906 2 14.381131172180176 8.2851465511322022 0 0 0 0 0
864 43.200000000000003 43.25 26.274000000000001 3633 4020047 5044 718 1 299809 0.72447122846330914 126 0.90360271363031297 0.66864556516919804 446086 0.66325579978324267 185 0.86019634556125946 0.63174663405805009 1265 13.485763549804688 2 14.319676399230957 7.8484916400909421 0 0 0 0 0
865 43.25 43.300000000000004 27.128 3838 4023885 5044 718 1 299813 0.70505440424359034 126 0.81100556207081631 0.65414402106451619 446091 0.60539102812071099 185 0.6825764681841876 0.59782857381975307 1265 4.9611372947692871 2 13.218728065490723 8.4396680927276613 0 0 0 0 0
866 43.300000000000004 43.350000000000001 26.946999999999999 3669 4027554 5044 718 1 299817 0.66333924021039692 126 0.81303166586255271 0.67622010140191946 446098 0.73019712293470229 185 0.83992657532563075 0.63319450891340112 1266 5.9317278861999512 2 14.300793647766113 9.0390845012664798 0 0 0 0 0
867 43.350000000000001 43.399999999999999 26.812000000000001 3736 4031290 5044 718 1 299822 0.80490380241757342 126 0.8652110856676859 0.65349713567703471 446102 0.55955028276185736 185 0.71573825526881862 0.6013785068924361 1267 7.1980066299438477 2 14.207979202270508 8.7463434505462647 0 0 0 0 0
868 43.399999999999999 43.450000000000003 26.183 3685 4034975 5044 718 1 299825 0.65379549208141507 126 0.78896564907497835 0.62579281595018177 446109 0.70362848848909942 185 0.76111428028828387 0.61411445774903151 1268 8.6530551910400391 2 14.266472816467285 8.5594543075561518 0 0 0 0 0
869 43.450000000000003 43.5 27.228999999999999 3583 4038558 5044 718 1 299829 0.59210519185141908 126 0.94887722863091362 0.69599615089477052 446113 0.5118555146294671 185 0.76968653910868878 0.62229411094253129 1269 10.372636795043945 2 14.284444808959961 8.2975553226470939 0 0 0 0 0
870 43.5 43.550000000000004 25.939 3622 4042180 5044 718 1 299834 0.74972809685601127 126 0.87777407207186264 0.63759881897578163 446120 0.66126911060230154 185 0.72947658332618504 0.60883221247389518 1270 12.596978187561035 2 14.203052520751953 7.7978261566162113 0 0 0 0 0
871 43.550000000000004 43.600000000000001 25.571000000000002 3860 4046040 5044 718 1 299837 0.54628221572391567 126 0.82210250127883189 0.67760877836318212 446124 0.46758927010201118 185 0.79123160388018632 0.62418194379033254 1270 4.6341705322265625 2 12.347541809082031 7.8834471321105957 0 0 0 0 0
872 43.600000000000001 43.649999999999999 25.923999999999999 3610 4049650 5044 718 1 299842 0.70348834991455078 126 0.80943681323339067 0.63801142881786999 446131 0.62491758191907731 185 0.7188262939453125 0.60099635861371004 1271 5.5722923278808594 2 14.264957427978516 9.0712303447723386 0 0 0 0 0
873 43.649999999999999 43.700000000000003 26.343 3910 4053560 5044 718 1 299846 0.66868530757843503 126 0.94169737800719244 0.66937682393997433 446136 0.5233099576589223 185 0.77708530426025391 0.6411354413419158 1272 6.6801390647888184 2 14.283979415893555 8.9031923961639396 0 0 0 0 0
874 43.700000000000003 43.75 27.661999999999999 3765 4057325 5044 718 1 299851 0.7812843095688593 126 0.90898633381677052 0.68217414424532952 446143 0.69978192303631759 185 0.71391845393825226 0.58204350610681477 1273 7.8910837173461914 2 14.378491401672363 8.8011225605010992 0 0 0 0 0
875 43.75 43.800000000000004 27.390999999999998 3756 4061081 5044 718 1 299854 0.62158614491659503 126 0.76581385022117976 0.63429699436066622 446149 0.69881003096296979 185 0.76606398402033626 0.64961081241916974 1274 9.4081668853759766 2 14.318866729736328 8.4980381202697757 0 0 0 0 0
876 43.800000000000004 43.850000000000001 25.905000000000001 3771 4064852 5044 718 1 299858 0.57548111204117058 126 0.86080511032588902 0.68056625631120471 446154 0.63964246672552982 185 0.72735988771593252 0.5991183598234846 1275 11.249207496643066 2 14.300544738769531 8.1773069953918451 0 0 0 0 0
877 43.850000000000001 43.899999999999999 26.396999999999998 3618 4068470 5044 718 1 299863 0.68700737423366975 126 0.80621060870942618 0.68323604031214658 446160 0.64940212352855786 185 0.73316490070239915 0.63898625608392667 1276 13.462444305419922 2 14.294915199279785 7.8088219356536861 0 0 0 0 0
878 43.899999999999999 43.950000000000003 25.577000000000002 3571 4072041 5044 718 1 299867 0.64568888951861669 126 0.86964607238769531 0.67582738043769963 446166 0.69125075984645534 185 0.81119022369384763 0.60721703758755252 1276 4.9525599479675293 2 13.195870399475098 8.4250747585296626 0 0 0 0 0
879 43.950000000000003 44 26.638000000000002 3887 4075928 5044 718 1 299872 0.76625157916356645 126 0.97409657069614952 0.67428966302720328 446171 0.61522696211531358 185 0.78210673461089264 0.61580659322480891 1277 6.011530876159668 2 14.206208229064941 8.9515836143493654 0 0 0 0 0
880 44 44.050000000000004 27.895 3652 4079580 5044 718 1 299875 0.62455543260725721 126 0.82636784371875582 0.61647447192479687 446178 0.76799940418552703 185 0.76799940418552703 0.60550684137602095 1278 7.2273635864257812 2 14.265927314758301 8.7962855339050297 0 0 0 0 0
881 44.050000000000004 44.100000000000001 26.151 3940 4083520 5044 718 1 299880 0.71838325167459149 126 0.85328255002460784 0.70075818811144142 446182 0.59697241783142085 185 0.758900633373776 0.60175484056730544 1279 8.7851648330688477 2 14.197476387023926 8.4577248287200923 0 0 0 0 0
882 44.100000000000001 44.149999999999999 25.934999999999999 3400 4086920 5044 718 1 299885 0.86561272636292474 126 0.88309923807779944 0.64788861562335287 446188 0.61759348688898863 185 0.73939363118764512 0.62823307925301619 1280 10.566473960876465 2 14.26324462890625 8.2364456367492682 0 0 0 0 0
883 44.149999999999999 44.200000000000003 26.981000000000002 4004 4090924 5044 718 1 299888 0.67682896341596333 126 0.84847246654449948 0.6630928772214858 446194 0.66694731841216215 185 0.75198097744503534 0.5997866501679292 1281 12.845678329467773 2 14.19666862487793 7.743511304855347 0 0 0 0 0
884 44.200000000000003 44.25 26.026 3677 4094601 5044 718 1 299892 0.65389028428092832 126 0.79004756231156603 0.65763069538843066 446200 0.6905832857699008 185 0.82861314206509973 0.62524823163006749 1281 4.7256636619567871 2 12.591317176818848 8.039089126586914 0 0 0 0 0
885 44.25 44.300000000000004 26.948 3605 4098206 5044 718 1 299896 0.6316178336976066 126 0.7854042128911094 0.65697119523608483 446203 0.42233914813479861 185 0.76955199886012726 0.58989499922056454 1282 5.684079647064209 2 14.262996673583984 9.0511393451690676 0 0 0 0 0
886 44.300000000000004 44.350000000000001 26.135000000000002 3966 4102172 5044 718 1 299900 0.56794226358807276 126 0.95529427604069783 0.69796172278267987 446211 0.6891965814538904 185 0.70311926764410893 0.60066694696529488 1283 6.8147993087768555 2 14.283378601074219 8.8805476093292235 0 0 0 0 0
887 44.350000000000001 44.399999999999999 27.382000000000001 3559 4105731 5044 718 1 299905 0.72555966604323618 126 0.80186741692679264 0.63760424386887327 446215 0.48172522364435971 185 0.74797814343426683 0.63783601204124674 1284 8.2766180038452148 2 14.202732086181641 8.5527492904663092 0 0 0 0 0
888 44.399999999999999 44.450000000000003 26.635999999999999 3577 4109308 5044 718 1 299908 0.54047648490421352 126 0.77945416314261295 0.65942908385443322 446221 0.54666990331701326 185 0.75448929296957479 0.58435118755134363 1285 9.9522552490234375 2 14.264858245849609 8.3410621356964114 0 0 0 0 0
889 44.450000000000003 44.5 26.245000000000001 3853 4113161 5044 718 1 299913 0.65834969565981916 126 0.8028206446814159 0.67695228531247098 446227 0.55559099042737803 185 0.73431147498053473 0.63981641884107854 1286 12.098016738891602 2 14.19715404510498 7.8756224727630615 0 0 0 0 0
890 44.5 44.550000000000004 26.056999999999999 4004 4117165 5044 718 1 299916 0.48438980087401373 126 0.9004455975123814 0.64841662649124387 446233 0.60309730735985012 185 0.72538543649621912 0.60161575136957934 1286 4.4506139755249023 2 11.858460426330566 7.5711875247955325 0 0 0 0 0
891 44.550000000000004 44.600000000000001 26.748000000000001 3236 4120401 5044 718 1 299921 0.58927541308932829 126 0.86159477536640472 0.6898105943770636 446240 0.76054644713530672 185 0.76054644713530672 0.60087672729749964 1287 5.3531193733215332 2 14.263145446777344 9.1064905452728269 0 0 0 0 0
892 44.600000000000001 44.649999999999999 27.442 4011 4124412 5044 718 1 299925 0.59609678434947178 126 0.77889298257373629 0.62816713817535874 446245 0.65327572951445712 185 0.75144594553354627 0.64674208001832711 1288 6.5078272819519043 2 14.196638107299805 8.8568013286590581 0 0 0 0 0
893 44.649999999999999 44.700000000000003 26.393999999999998 3675 4128087 5044 718 1 299929 0.53098007989308194 126 0.85810313149104045 0.6993884169866168 446250 0.608120567734177 185 0.70250062942504887 0.58524564616744568 1289 7.8276968002319336 2 14.26298713684082 8.6932868957519531 0 0 0 0 0
894 44.700000000000003 44.75 27.530999999999999 3752 4131839 5044 718 1 299934 0.66090156161595903 126 0.94728954254634801 0.66502416217137894 446257 0.73156786222715631 185 0.81541948060731628 0.63453977007479279 1290 9.516261100769043 2 14.196592330932617 8.328264036178588 0 0 0 0 0
895 44.75 44.800000000000004 27.239000000000001 3793 4135632 5044 718 1 299938 0.65398684758988634 126 0.88278979346865705 0.64176641751849461 446261 0.55808259087639889 185 0.75333265613865208 0.60418860327230939 1291 11.44630241394043 2 14.262971878051758 8.0891921138763436 0 0 0 0 0
896 44.800000000000004 44.850000000000001 27.385000000000002 3698 4139330 5044 718 1 299942 0.63829239966377382 126 0.7730549554976206 0.6504586660294307 446268 0.71092843236149972 185 0.83428223068649709 0.60543417743734407 1292 13.723310470581055 2 14.283369064331055 7.7456860160827636 0 0 0 0 0
897 44.850000000000001 44.899999999999999 27.076000000000001 3790 4143120 5044 718 1 299947 0.79331752610585049 126 0.92445941955324207 0.64017067962222629 446273 0.62787899584383577 185 0.70085157961458777 0.62276231430672313 1292 5.0485243797302246 2 13.451570510864258 8.5883280944824225 0 0 0 0 0
898 44.899999999999999 44.950000000000003 27.010000000000002 3681 4146801 5044 718 1 299951 0.72389217406984363 126 0.93476212213909815 0.70365412227691182 446279 0.68778647474340493 185 0.70933238751179462 0.58933818574853825 1293 6.0468330383300781 2 14.289636611938477 9.011639757156372 0 0 0 0 0
899 44.950000000000003 45 27.126999999999999 3673 4150474 5044 718 1 299956 0.85958508082798546 126 0.87694984769064288 0.65931033581022236 446284 0.58783140182495119 185 0.76785213367359062 0.63949935327993856 1294 7.1410303115844727 2 14.380264282226562 8.9167087841033936 0 0 0 0 0
900 45 45.050000000000004 26.849 3737 4154211 5044 718 1 299958 0.53088643815782333 126 0.84256416653829913 0.64288311693403455 446290 0.63891656334335745 185 0.73397896998637435 0.59807256404773601 1295 8.5131864547729492 2 14.319412231445312 8.6415200805664067 0 0 0 0 0
901 45.050000000000004 45.100000000000001 30.004999999999999 3663 4157874 5044 718 1 299963 0.62650849327208502 126 0.84984017932225786 0.69898185639154353 446296 0.65857580545786265 185 0.76099634943781669 0.62918528273298935 1296 10.178824424743652 2 14.300712585449219 8.3509624862670897 0 0 0 0 0
902 45.100000000000001 45.149999999999999 28.504000000000001 3970 4161844 5044 718 1 299967 0.61047880233280238 126 0.76070339339120052 0.65079064611404658 446300 0.48644904574832398 185 0.72569659980567724 0.60284367927345062 1297 12.181367874145508 2 14.294965744018555 8.0174141597747806 0 0 0 0 0
903 45.149999999999999 45.200000000000003 26.326000000000001 3599 4165443 5044 718 1 299972 0.71697381942991223 126 0.8934043097117591 0.68821717413644923 446306 0.51935550844347156 185 0.73470306911984007 0.6160701001141522 1297 4.4812765121459961 2 11.940160751342773 7.62334979057312 0 0 0 0 0
904 45.200000000000003 45.25 26.129999999999999 3580 4169023 5044 718 1 299977 0.87514182499476845 126 0.89282085782005671 0.63705915284535242 446312 0.54160606281177415 185 0.75822598225361593 0.62661981768221464 1298 5.4394636154174805 2 14.206222534179688 9.0513617706298835 0 0 0 0 0
905 45.25 45.300000000000004 26.393000000000001 3695 4172718 5044 718 1 299979 0.51502880595979239 126 0.85781285876319524 0.67398433533925872 446317 0.48619438893086203 185 0.68441955076681604 0.59539989203375743 1299 6.5395922660827637 2 14.265932083129883 8.9108379745483397 0 0 0 0 0
906 45.300000000000004 45.350000000000001 27.038 3400 4176118 5044 718 1 299984 0.61516477191258989 126 0.90676008708893308 0.69451292984069335 446325 0.71064086347012911 185 0.76762488597148171 0.64265517807006844 1300 7.839381217956543 2 14.284279823303223 8.713165655136109 0 0 0 0 0
907 45.350000000000001 45.399999999999999 26.934000000000001 4129 4180247 5044 718 1 299988 0.60801954496474497 126 0.87149214366125682 0.64199467643858898 446330 0.64779926763998497 185 0.71592889991966457 0.60275580207721591 1301 9.3891448974609375 2 14.2899169921875 8.4656801795959478 0 0 0 0 0
908 45.399999999999999 45.450000000000003 27.273 4001 4184248 5044 718 1 299993 0.73293392998831608 126 0.88105182799081949 0.66998145050472668 446335 0.55927046956242743 185 0.78729308875831394 0.62818695246206757 1302 11.242209434509277 2 14.291647911071777 8.1654023265838624 0 0 0 0 0
909 45.450000000000003 45.5 28.344999999999999 3546 4187794 5044 718 1 299997 0.71176631866939488 126 0.83526547749837243 0.65587734691680399 446341 0.60743447123347105 185 0.741922124656471 0.60096458275253706 1303 13.459870338439941 2 14.292181015014648 7.8044414710998531 0 0 0 0 0
910 45.5 45.550000000000004 26.927 3827 4191621 5044 718 1 300001 0.67117557071504141 126 0.8704676628112793 0.67510683786301395 446347 0.6240885193283493 185 0.87784150613320844 0.63216055943514837 1303 4.9516119956970215 2 13.193346977233887 8.4234628868103023 0 0 0 0 0
911 45.550000000000004 45.600000000000001 27.562999999999999 3722 4195343 5044 718 1 300006 0.80362081527709961 126 0.90607989780486575 0.66252539241124708 446353 0.68257164568514439 185 0.70499377895045923 0.59074829864501965 1304 5.9282236099243164 2 14.29234504699707 9.0331225395202637 0 0 0 0 0
912 45.600000000000001 45.649999999999999 27.332999999999998 3557 4198900 5044 718 1 300009 0.66611523098415804 126 0.78770805540538968 0.61232556555006246 446359 0.68450431823730473 185 0.90568798168285469 0.64673521420762325 1305 7.1967148780822754 2 14.205432891845703 8.7441486549377441 0 0 0 0 0
913 45.649999999999999 45.700000000000003 27.683 3797 4202697 5044 718 1 300013 0.60068670908610022 126 0.91159584408714656 0.69969714618864487 446363 0.51822238870569182 185 0.71365839468466274 0.59705708787247957 1306 8.6525793075561523 2 14.265687942504883 8.5586450004577639 0 0 0 0 0
914 45.700000000000003 45.75 25.788 3604 4206301 5044 718 1 300017 0.58537080552842879 126 0.9045666664365738 0.65008397253732852 446371 0.7558593440700222 185 0.80259905634699646 0.62959622035155405 1307 10.517698287963867 2 14.197404861450195 8.1534709358215327 0 0 0 0 0
915 45.75 45.800000000000004 27.006 3703 4210004 5044 718 1 300021 0.53132700541662792 126 0.84084008231995599 0.68842575451684374 446375 0.57109562641865497 185 0.74089233810837207 0.61535469060330772 1308 12.65034294128418 2 14.263222694396973 7.8886087322235108 0 0 0 0 0
916 45.800000000000004 45.850000000000001 26.937000000000001 3864 4213868 5044 718 1 300026 0.67454638556828572 126 0.77424372567070854 0.65185887722741986 446382 0.7299488222276842 185 0.76781235256710567 0.5994866783038989 1308 4.6538033485412598 2 12.399849891662598 7.9168455219268798 0 0 0 0 0
917 45.850000000000001 45.899999999999999 26.969000000000001 3842 4217710 5044 718 1 300029 0.49214011903793092 126 0.88600534862942171 0.65677881240844727 446387 0.64538431425352349 185 0.75364843832479944 0.62426216945132684 1309 5.5795121192932129 2 14.283446311950684 9.0835141944885258 0 0 0 0 0
918 45.899999999999999 45.950000000000003 26.728000000000002 3486 4221196 5044 718 1 300034 0.59563856276254801 126 0.95936304425436358 0.69118387805091008 446392 0.59047592910560398 185 0.71561628805624478 0.59490160532255443 1310 6.6827960014343262 2 14.28965950012207 8.9077116966247551 0 0 0 0 0
919 45.950000000000003 46 28.039000000000001 3849 4225045 5044 718 1 300039 0.7649190917847648 126 0.7649190917847648 0.62605742189619284 446397 0.51121392636685759 185 0.78250415905101878 0.61901254705480646 1311 8.0018301010131836 2 14.291570663452148 8.6941137313842773 0 0 0 0 0
920 46 46.050000000000004 27.446000000000002 3447 4228492 5044 718 1 300043 0.72115900402977351 126 0.90692601885114399 0.6782445898510161 446403 0.54251495180903253 185 0.76615598523938977 0.61765957718926479 1312 9.714390754699707 2 14.205201148986816 8.3045084285736088 0 0 0 0 0
921 46.050000000000004 46.100000000000001 27.488 3914 4232406 5044 718 1 300047 0.68519781506250776 126 0.80968498805212596 0.67052340174478209 446409 0.57577420312005123 185 0.71282983212857631 0.6157208039051778 1313 11.679697036743164 2 14.265616416931152 8.054275207519531 0 0 0 0 0
922 46.100000000000001 46.149999999999999 26.475999999999999 3684 4236090 5044 718 1 300051 0.63998782067071824 126 0.83951772205413333 0.67968005808572907 446415 0.59700281555588186 185 0.75436031753952437 0.62763153668996441 1314 14.001336097717285 2 14.284181594848633 7.7014995479583739 0 0 0 0 0
923 46.149999999999999 46.200000000000003 26.491 3918 4240008 5044 718 1 300056 0.7548986389523461 126 0.92235939086429652 0.67988517488752109 446421 0.63931876517630915 185 0.73539161939878717 0.6067543860770559 1314 5.1508073806762695 2 13.724091529846191 8.7623253059387203 0 0 0 0 0
924 46.200000000000003 46.25 26.468 3608 4243616 5044 718 1 300060 0.77142198502071324 126 0.83567143621898832 0.61856200059254973 446427 0.65055011027568099 185 0.72063149117134717 0.63752919189350021 1315 6.1690988540649414 2 14.289888381958008 8.9918590641021723 0 0 0 0 0
925 46.25 46.300000000000004 27.800000000000001 3682 4247298 5044 718 1 300064 0.7173320679437547 126 0.89385071254911874 0.6884714970512994 446431 0.50611807204581594 185 0.66170862558725718 0.57542498799916864 1316 7.4900274276733398 2 14.204693794250488 8.6922329425811764 0 0 0 0 0
926 46.300000000000004 46.350000000000001 26.521999999999998 3629 4250927 5044 718 1 300069 0.8581427695259215 126 0.9483943893795922 0.65424349709162644 446438 0.60654834541114599 185 0.79108747533849766 0.65732734489440925 1317 9.0055551528930664 2 14.265460968017578 8.4995783615112313 0 0 0 0 0
927 46.350000000000001 46.399999999999999 26.853999999999999 3857 4254784 5044 718 1 300072 0.67552604750981404 126 0.84115039734613328 0.65698730332510802 446443 0.55648557688738853 185 0.68559706662152264 0.59010432135092239 1318 10.795720100402832 2 14.284135818481445 8.2276788043975824 0 0 0 0 0
928 46.399999999999999 46.450000000000003 27.602 3799 4258583 5044 718 1 300077 0.80739717634897379 126 0.82370767139253165 0.66309403018345914 446450 0.68341445407351931 185 0.89494976353000955 0.63109282489725071 1319 13.110986709594727 2 14.202961921691895 7.707809267044067 0 0 0 0 0
929 46.450000000000003 46.5 27.986000000000001 3747 4262330 5044 718 1 300079 0.47371146035572836 126 0.83154819125220891 0.64782057149069638 446455 0.62350331641532275 185 0.67526738192584068 0.59985456013035143 1319 4.8232636451721191 2 12.851371765136719 8.2051243209838862 0 0 0 0 0
930 46.5 46.550000000000004 26.518000000000001 3767 4266097 5044 718 1 300084 0.55714427100287545 126 0.89591745346311535 0.71104951184893406 446461 0.65241364659489809 185 0.77285111272657236 0.62002642621220772 1320 5.7996864318847656 2 14.264928817749023 9.0333034420013423 0 0 0 0 0
931 46.550000000000004 46.600000000000001 27.544 3617 4269714 5044 718 1 300089 0.69591136962648426 126 0.89024014321584555 0.65626670731438541 446466 0.58912675445144236 185 0.7386773547610721 0.60319662826125675 1321 7.05010986328125 2 14.197174072265625 8.7620390796661383 0 0 0 0 0
932 46.600000000000001 46.649999999999999 27.530999999999999 3744 4273458 5044 718 1 300093 0.67096819953312947 126 0.76193724738226998 0.65961527627611916 446472 0.62597259830784158 185 0.73458559706404403 0.61216997208466384 1322 8.4797391891479492 2 14.263151168823242 8.5846202468872068 0 0 0 0 0
933 46.649999999999999 46.700000000000003 26.494 3701 4277159 5044 718 1 300097 0.64278573838491293 126 0.81440308737376377 0.66282224428086067 446477 0.5434306196264318 185 0.70216850590061497 0.62225981892766191 1323 10.166518211364746 2 14.283424377441406 8.3300302124023435 0 0 0 0 0
934 46.700000000000003 46.75 26.488 3954 4281113 5044 718 1 300101 0.62572410750010654 126 0.85323081697736469 0.65181228857191764 446484 0.70516811319299644 185 0.79058517765354464 0.59663117091720164 1324 12.176840782165527 2 14.289653778076172 8.0097136688232418 0 0 0 0 0
935 46.75 46.800000000000004 28.516999999999999 3620 4284733 5044 718 1 300105 0.57690923176114517 126 0.91386673185560441 0.68324903631967215 446489 0.62136522757040491 185 0.7450966332409833 0.62350810829368786 1324 4.4796109199523926 2 11.935723304748535 7.6205167675018313 0 0 0 0 0
936 46.800000000000004 46.850000000000001 27.521999999999998 3591 4288324 5044 718 1 300110 0.73712357263716444 126 0.7985163794623481 0.6350332814171199 446494 0.54751701612730286 185 0.77485153095142256 0.6136526943670737 1325 5.4388494491577148 2 14.204622268676758 9.0503186988830571 0 0 0 0 0
937 46.850000000000001 46.899999999999999 27.166 3581 4291905 5044 718 1 300113 0.52540534640115399 126 0.85421927769978845 0.68579872963920474 446501 0.70346479415893559 185 0.77344293723235258 0.60236318296999547 1326 6.5393643379211426 2 14.265438079833984 8.9104522323608393 0 0 0 0 0
938 46.899999999999999 46.950000000000003 27.689 3747 4295652 5044 718 1 300118 0.64119529724121094 126 0.91904388912140378 0.67901497712211012 446506 0.59240103025694146 185 0.74355544786195493 0.65049737963805343 1327 7.8392977714538574 2 14.284126281738281 8.7130226707458505 0 0 0 0 0
939 46.950000000000003 47 27.489000000000001 4052 4299704 5044 718 1 300122 0.62881436045207673 126 0.8488105138142904 0.64717817987714499 446510 0.46243579580977157 185 0.71080786988541889 0.56110233363589745 1328 9.5205278396606445 2 14.202958106994629 8.3355234527587889 0 0 0 0 0
940 47 47.050000000000004 26.795000000000002 3562 4303266 5044 718 1 300127 0.7621977745540558 126 0.8593755071125333 0.66159683552999349 446518 0.65364877339955918 185 0.84614854761072111 0.6755574890858419 1329 11.447872161865234 2 14.264927864074707 8.0918621826171879 0 0 0 0 0
941 47.050000000000004 47.100000000000001 30.687000000000001 3741 4307007 5044 718 1 300131 0.7753935541425433 126 0.83316212608700702 0.62185635521298355 446522 0.5052988464767868 185 0.69586104057930609 0.57930381957904709 1330 13.916050910949707 2 14.197174072265625 7.5564176464080814 0 0 0 0 0
942 47.100000000000001 47.149999999999999 27.477 3744 4310751 5044 718 1 300134 0.56649501739986363 126 0.93137442876422216 0.68300700202820797 446529 0.6254226942320128 185 0.84287720757561757 0.63783004428244927 1330 5.1194314956665039 2 13.640494346618652 8.708950338363648 0 0 0 0 0
943 47.149999999999999 47.200000000000003 27.52 3813 4314564 5044 718 1 300139 0.70044175405350939 126 0.84469976122417145 0.66103897987850135 446534 0.56427091907810523 185 0.69603508614205023 0.60108282707832972 1331 6.0729207992553711 2 14.351279258728027 9.0560155677795411 0 0 0 0 0
944 47.200000000000003 47.25 26.606999999999999 3639 4318203 5044 718 1 300143 0.67907346619500053 126 0.84793734172033886 0.65607601521507153 446540 0.57613148560395111 185 0.91263479284338045 0.63690621484292531 1332 7.2499485015869141 2 14.310506820678711 8.8347050762176522 0 0 0 0 0
945 47.25 47.300000000000004 26.526 3606 4321809 5044 718 1 300147 0.62287257209656732 126 0.90614162929474362 0.69056136880602148 446545 0.52440627845557963 185 0.67818218179651213 0.59175024233637641 1333 8.6721649169921875 2 14.297977447509766 8.5919606971740716 0 0 0 0 0
946 47.300000000000004 47.350000000000001 26.495999999999999 3782 4325591 5044 718 1 300151 0.60509831186324836 126 0.8080115848117404 0.65251776990436394 446552 0.66368613371977936 185 0.73348661886679156 0.6188649458240818 1334 10.379668235778809 2 14.294127464294434 8.3095152187347416 0 0 0 0 0
947 47.350000000000001 47.399999999999999 26.795999999999999 3870 4329461 5044 718 1 300156 0.70252818153018048 126 0.82442444846743634 0.69719197477613193 446557 0.59708964373614337 185 0.68777420714094828 0.60647322520694213 1335 12.425687789916992 2 14.292943954467773 7.9743711376190189 0 0 0 0 0
948 47.399999999999999 47.450000000000003 27.734999999999999 3609 4333070 5044 718 1 300161 0.85146737477136036 126 0.94101692381359281 0.64619593461354574 446563 0.64038277832237445 185 0.77937001924257021 0.60578692010931079 1335 4.5711574554443359 2 12.179642677307129 7.776250896453857 0 0 0 0 0
949 47.450000000000003 47.5 26.571000000000002 3793 4336863 5044 718 1 300164 0.67110765926421634 126 0.83460718487936358 0.65475261680663566 446568 0.55469319627091696 185 0.73473651989086253 0.62537607192993161 1336 5.3974661827087402 2 14.381301879882812 9.1819298076629643 0 0 0 0 0
950 47.5 47.550000000000004 26.518000000000001 3535 4340398 5044 718 1 300168 0.61883463178362164 126 0.84111566392202231 0.68667273498716785 446574 0.59227358972704092 185 0.76078452032965582 0.61144275412688376 1337 6.434269905090332 2 14.319730758666992 8.9735262584686275 0 0 0 0 0
951 47.550000000000004 47.600000000000001 26.841999999999999 3959 4344357 5044 718 1 300172 0.61013680034213591 126 0.84023618319677928 0.64353183398171065 446580 0.6322737423149315 185 0.75391112147150818 0.60904710483551039 1338 7.6930446624755859 2 14.300809860229492 8.7537732410430902 0 0 0 0 0
952 47.600000000000001 47.649999999999999 26.914000000000001 3672 4348029 5044 718 1 300177 0.72354819282652838 126 0.83326585709102574 0.68136984325590566 446586 0.65960628793046283 185 0.7642737775235563 0.62158846081914121 1339 9.2065000534057617 2 14.294998168945312 8.501627864837646 0 0 0 0 0
953 47.649999999999999 47.700000000000003 26.521000000000001 3721 4351750 5044 718 1 300181 0.69945890184432746 126 0.9071491332281203 0.65876991726103284 446591 0.58806714238347235 185 0.7535793600855647 0.61136660838771484 1340 11.175018310546875 2 14.206232070922852 8.0511005020141599 0 0 0 0 0
954 47.700000000000003 47.75 26.942 3773 4355523 5044 718 1 300185 0.66394786986093668 126 0.81467788181607681 0.6700777548078507 446597 0.60153800088006093 185 0.79999241184543923 0.63531205105137178 1341 13.250523567199707 2 14.354120254516602 7.9451818084716797 0 0 0 0 0
955 47.75 47.800000000000004 27.675000000000001 3538 4359061 5044 718 1 300190 0.79231721635848762 126 0.91138163067045663 0.66656087489355154 446603 0.64601978353551914 185 0.72838526029844541 0.60461010881372412 1341 4.874596118927002 2 12.98814582824707 8.2924494934082027 0 0 0 0 0
956 47.800000000000004 47.850000000000001 27.007000000000001 3938 4362999 5044 718 1 300194 0.82017873960828025 126 0.87089573012457955 0.60733687862517327 446608 0.54217911282101194 185 0.73878774385194523 0.6433463060275928 1342 5.8185744285583496 2 14.311376571655273 9.0654314327239991 0 0 0 0 0
957 47.850000000000001 47.899999999999999 27.006 3620 4366619 5044 718 1 300196 0.46070979133484857 126 0.84222422705756295 0.67334673972356884 446614 0.60958863980061295 185 0.70119383270676072 0.581910874701835 1343 6.8642783164978027 2 14.387081146240234 8.9647173976898191 0 0 0 0 0
958 47.899999999999999 47.950000000000003 27.006 3783 4370402 5044 718 1 300201 0.58624071545071077 126 0.82418681326366605 0.66937105057731516 446620 0.59244633494196708 185 0.75822021896774705 0.66562007770022846 1344 8.1805744171142578 2 14.321505546569824 8.6968212699890142 0 0 0 0 0
959 47.950000000000003 48 27.010000000000002 3673 4374075 5044 718 1 300205 0.54126396254887654 126 0.82671549206688288 0.67944914469643247 446624 0.46187621838337667 185 0.74642627303664744 0.56170119313935984 1345 9.7801475524902344 2 14.301357269287109 8.4163708114624018 0 0 0 0 0
960 48 48.050000000000004 27.001999999999999 3904 4377979 5044 718 1 300210 0.68341346014113658 126 0.83133787579006624 0.65291814970591711 446632 0.66765674384864604 185 0.82273816289128487 0.66113516160604124 1346 11.703892707824707 2 14.295166015625 8.0954289531707762 0 0 0 0 0
961 48.050000000000004 48.100000000000001 27.010000000000002 3460 4381439 5044 718 1 300213 0.50061237622821142 126 0.82465745532323442 0.65716981289878718 446636 0.51303575876596808 185 0.735349211821685 0.58551233974662997 1347 14.206282615661621 2 14.206282615661621 7.5225490474700925 0 0 0 0 0
962 48.100000000000001 48.149999999999999 27.001999999999999 3860 4385299 5044 718 1 300218 0.60286861752706866 126 0.96473605292184017 0.69241375582558773 446642 0.53665379189156193 185 0.81676632649189718 0.62526596211098329 1347 5.2262020111083984 2 13.924979209899902 8.8905826091766365 0 0 0 0 0
963 48.149999999999999 48.200000000000003 26.006 3639 4388938 5044 718 1 300223 0.7683721496945336 126 0.79972999058072525 0.62979682400113079 446648 0.58033355635565675 185 0.70882098481461808 0.6054041895995268 1348 6.2831778526306152 2 14.265949249267578 8.9535570049285891 0 0 0 0 0
964 48.200000000000003 48.25 27.004999999999999 3793 4392731 5044 718 1 300227 0.74407655473739387 126 0.81191694925701807 0.65897410506293896 446654 0.61078817006703967 185 0.70855852204400138 0.61849748840847529 1349 7.6374588012695312 2 14.197483062744141 8.6592158794403069 0 0 0 0 0
965 48.25 48.300000000000004 30.312999999999999 3788 4396519 5044 718 1 300230 0.54580117785741411 126 0.81709005340697272 0.67248980832478356 446660 0.66518062643102693 185 0.77782893825221711 0.59479830494442498 1350 9.1860523223876953 2 14.263246536254883 8.4668413257598871 0 0 0 0 0
966 48.300000000000004 48.350000000000001 27.332999999999998 3582 4400101 5044 718 1 300234 0.51069468165200849 126 0.81627763263762942 0.66967735146719287 446665 0.58147679019618681 185 0.82810744981508 0.62341011284493131 1351 11.01328182220459 2 14.283454895019531 8.1909820842742924 0 0 0 0 0
967 48.350000000000001 48.399999999999999 26.582999999999998 3914 4404015 5044 718 1 300240 0.78207127253214515 126 0.86059170677548358 0.68370904067205995 446671 0.63037129350610677 185 0.72442480551229937 0.60024139912064034 1352 13.191021919250488 2 14.289663314819336 7.8439627742767337 0 0 0 0 0
968 48.399999999999999 48.450000000000003 26.274999999999999 3751 4407766 5044 718 1 300244 0.79785155114673434 126 0.83041248624286956 0.61929765269869863 446678 0.76090394097405512 185 0.80097605215536583 0.62752504737957104 1352 4.8527073860168457 2 12.929821968078613 8.2552115726470952 0 0 0 0 0
969 48.450000000000003 48.5 26.036000000000001 3424 4411190 5044 718 1 300248 0.73309812091645743 126 0.90854166424463667 0.69902866098615879 446682 0.58968269760544234 185 0.74583704020525954 0.60194713798729149 1353 5.7308158874511719 2 14.380273818969727 9.1306455516815177 0 0 0 0 0
970 48.5 48.550000000000004 28.164000000000001 3951 4415141 5044 718 1 300253 0.86978063129243399 126 0.94222206539577913 0.65833056010897206 446688 0.60508300420400263 185 0.76521369315482479 0.63340183716851317 1354 6.9274206161499023 2 14.231917381286621 8.8153223991394043 0 0 0 0 0
971 48.550000000000004 48.600000000000001 29.291 3661 4418802 5044 718 1 300257 0.85730982962108793 126 0.85730982962108793 0.64726716018858421 446694 0.6555173397064209 185 0.72201690673828123 0.59871699562588265 1355 8.318049430847168 2 14.27382755279541 8.6232298660278328 0 0 0 0 0
972 48.600000000000001 48.649999999999999 27.561 3641 4422443 5044 718 1 300260 0.68786198752267025 126 0.84033396887400791 0.64394957988981216 446699 0.54012172544324721 185 0.77184434323697482 0.65478602435137756 1356 10.107037544250488 2 14.199855804443359 8.2288423347473145 0 0 0 0 0
973 48.649999999999999 48.700000000000003 27.361000000000001 3592 4426035 5044 718 1 300263 0.49828164161197724 126 0.94013143721080961 0.66388149882119807 446706 0.72625573647988806 185 0.72625573647988806 0.57247774899972448 1357 12.154959678649902 2 14.263976097106934 7.9724892711639406 0 0 0 0 0
974 48.700000000000003 48.75 28.856000000000002 3813 4429848 5044 718 1 300268 0.58259939768957714 126 0.91553445846315418 0.71017343074556394 446711 0.59778181539999475 185 0.76194566262734897 0.66773403193499614 1357 4.4715609550476074 2 11.914275169372559 7.6068236160278317 0 0 0 0 0
975 48.75 48.800000000000004 27.428999999999998 3859 4433707 5044 718 1 300273 0.72483075611175052 126 0.86777992854042663 0.65283699504912851 446716 0.56803020271095073 185 0.68024438651832375 0.56999557590484617 1358 5.3608260154724121 2 14.28367805480957 9.1195991611480718 0 0 0 0 0
976 48.800000000000004 48.850000000000001 26.463000000000001 3835 4437542 5044 718 1 300277 0.70680435498555505 126 0.7878308674645802 0.65276745622120214 446722 0.5554613268053209 185 0.84169778050603095 0.66109218306154804 1359 6.5106611251831055 2 14.202823638916016 8.8616238403320313 0 0 0 0 0
977 48.850000000000001 48.899999999999999 26.527999999999999 3636 4441178 5044 718 1 300281 0.65518971095009459 126 0.92050705258808441 0.68602088693588514 446728 0.62768928940231739 185 0.72590593131812842 0.57714047223168441 1360 7.8287382125854492 2 14.264886856079102 8.6950597190856929 0 0 0 0 0
978 48.899999999999999 48.950000000000003 26.495999999999999 3635 4444813 5044 718 1 300285 0.64190209101116846 126 0.79690475312490316 0.64807592702290373 446734 0.62418035043252484 185 0.79960100844099713 0.65212258795145384 1361 9.5166435241699219 2 14.197162628173828 8.3289156055450437 0 0 0 0 0
979 48.950000000000003 49 27.492000000000001 3750 4448563 5044 718 1 300290 0.76196397296966067 126 0.84550471532912486 0.67478550653608993 446739 0.58669134861714134 185 0.69054445833773226 0.57765593139545357 1362 11.289114952087402 2 14.351275444030762 8.2451941490173333 0 0 0 0 0
980 49 49.050000000000004 27.823 3700 4452263 5044 718 1 300293 0.61300222835843521 126 0.74687609596857951 0.62366773923238139 446745 0.58531837463378911 185 0.76522313710805534 0.65000789941323778 1363 13.665483474731445 2 14.223182678222656 7.6473136806488036 0 0 0 0 0
981 49.050000000000004 49.100000000000001 27.661000000000001 3647 4455910 5044 718 1 300297 0.55100523857843309 126 0.87102717445010236 0.69629981199900326 446751 0.64461219375197953 185 0.729002300468651 0.58994570822329129 1363 5.0272541046142578 2 13.394888877868652 8.552140846252442 0 0 0 0 0
982 49.100000000000001 49.149999999999999 30.221 4036 4459946 5044 718 1 300302 0.66423874809628436 126 0.86147108532133554 0.68154589910355834 446757 0.67300973325162317 185 0.71410707267555029 0.6205340585966368 1364 6.039008617401123 2 14.271144866943359 8.9983285808563238 0 0 0 0 0
983 49.149999999999999 49.200000000000003 28.548999999999999 3609 4463555 5044 718 1 300306 0.65777905025179428 126 0.78750444215441506 0.64131603778354707 446764 0.82533405664804815 185 0.85901657310692037 0.60595049146703761 1365 7.3387999534606934 2 14.199048042297363 8.71316502571106 0 0 0 0 0
984 49.200000000000003 49.25 27.920000000000002 3831 4467386 5044 718 1 300310 0.6297301640586247 126 0.80380410996694418 0.66268998569912374 446769 0.74483483288739183 185 0.80899133940000789 0.62023742918066083 1366 8.8261604309082031 2 14.263727188110352 8.5274638271331789 0 0 0 0 0
985 49.25 49.300000000000004 26.547999999999998 3770 4471156 5044 718 1 300315 0.77403686917017378 126 0.80562589282081243 0.65078245004018143 446774 0.67996191334080047 185 0.73008611266677448 0.60476691382640102 1367 10.58155345916748 2 14.283601760864258 8.2621007728576661 0 0 0 0 0
986 49.300000000000004 49.350000000000001 26.449999999999999 3564 4474720 5044 718 1 300318 0.56890600446670769 126 0.82310989924839562 0.67927696871379073 446779 0.5910103785025107 185 0.80695479367230394 0.62860549699937973 1368 12.851224899291992 2 14.202798843383789 7.7529481029510494 0 0 0 0 0
987 49.350000000000001 49.399999999999999 27.518000000000001 3758 4478478 5044 718 1 300323 0.71219389022342738 126 0.75685147255186047 0.65179110080476799 446785 0.61768530768317143 185 0.70946500623548348 0.62223955383816287 1368 4.7277040481567383 2 12.59675407409668 8.0425608158111572 0 0 0 0 0
988 49.399999999999999 49.450000000000003 30.841999999999999 3825 4482303 5044 718 1 300325 0.39503092614431229 126 0.91503621661473833 0.63146238849276581 446791 0.65522965998262972 185 0.76572676993705135 0.61147847747802753 1369 5.6848282814025879 2 14.264881134033203 9.0524147319793702 0 0 0 0 0
989 49.450000000000003 49.5 27.571999999999999 3723 4486026 5044 718 1 300330 0.48444430033365887 126 0.97555071210104327 0.70512863197023901 446797 0.66945213627170874 185 0.76016629451030004 0.63456784508679354 1370 6.8150768280029297 2 14.283955574035645 8.8810171794891364 0 0 0 0 0
990 49.5 49.550000000000004 26.491 3525 4489551 5044 718 1 300335 0.62938716676500106 126 0.88363323514423675 0.65015248767913325 446801 0.4846433536426441 185 0.7832196338756664 0.61539928585774173 1371 8.0504903793334961 2 14.378484725952148 8.7768973922729501 0 0 0 0 0
991 49.550000000000004 49.600000000000001 26.942 3876 4493427 5044 718 1 300340 0.73685372821868411 126 0.82323215121314641 0.68725529973469079 446809 0.74434182966077644 185 0.82262490762246621 0.60775459727725456 1372 9.5982227325439453 2 14.318864822387695 8.4676936531066893 0 0 0 0 0
992 49.600000000000001 49.649999999999999 27.734999999999999 3679 4497106 5044 718 1 300344 0.73208572372557623 126 0.76886329953632659 0.63964120811886271 446813 0.53657053096874341 185 0.76908225497683969 0.63813295673679638 1373 11.476456642150879 2 14.300544738769531 8.1404860115051267 0 0 0 0 0
993 49.649999999999999 49.700000000000003 27.446999999999999 3574 4500680 5044 718 1 300348 0.69105481722998241 126 0.8605335931929331 0.67554269586290616 446819 0.60811022165659312 185 0.74518545382731671 0.57782188727404604 1374 13.546045303344727 2 14.383685111999512 7.9510390377044677 0 0 0 0 0
994 49.700000000000003 49.75 26.539999999999999 3770 4504450 5044 718 1 300353 0.81279112800719244 126 0.8804860569181896 0.67312783332098103 446825 0.60466708363713439 185 0.74518456845670134 0.65205743057663379 1374 4.9833145141601562 2 13.277815818786621 8.4773935222625738 0 0 0 0 0
995 49.75 49.800000000000004 26.832999999999998 3862 4508312 5044 718 1 300356 0.66120563991486081 126 0.79669679914202007 0.62626519891950816 446830 0.56842586156484243 185 0.71192458255870927 0.57642047299565502 1375 5.9398846626281738 2 14.320463180541992 9.0529617691040034 0 0 0 0 0
996 49.800000000000004 49.850000000000001 26.513000000000002 3639 4511951 5044 718 1 300360 0.61960609753926599 126 0.9094784146263486 0.67610561575208394 446836 0.57389418885514543 185 0.77179908752441406 0.64323474461323515 1376 7.00433349609375 2 14.389928817749023 8.9461620330810554 0 0 0 0 0
997 49.850000000000001 49.899999999999999 26.486000000000001 3789 4515740 5044 718 1 300365 0.74656943669394837 126 0.89380581416780991 0.66795284922160802 446842 0.63347681535256872 185 0.7433918720967061 0.58965983560922985 1377 8.346343994140625 2 14.322381019592285 8.6713633823394769 0 0 0 0 0
998 49.899999999999999 49.950000000000003 26.606999999999999 3667 4519407 5044 718 1 300369 0.69856887771969745 126 0.81869468991718597 0.68244290109664663 446848 0.63735090204187339 185 0.7292095287426098 0.6448130843703811 1378 9.9779062271118164 2 14.301624298095703 8.3846981811523431 0 0 0 0 0
999 49.950000000000003 50 27.047000000000001 3819 4523226 5044 718 1 300374 0.82844209671020508 126 0.93293622183421299 0.66507191786690367 446854 0.70097181088215599 185 0.75935367635778483 0.58566177620758886 1379 11.776643753051758 2 14.384023666381836 8.2191902256011957 0 0 0 0 0
1000 50 50.050000000000004 27.492999999999999 3836 4527062 5044 718 1 300377 0.68030773268805611 126 0.81203786153641955 0.62284856289152113 446860 0.70202215813301705 185 0.7805204932754104 0.64760872652723966 1380 14.233046531677246 2 14.233046531677246 7.5680785083770754 0 0 0 0 0
1001 50.050000000000004 50.100000000000001 26.879999999999999 3554 4530616 5044 718 1 300381 0.61647487822033109 126 0.84540772816491505 0.69811735259162022 446866 0.75933348939225476 185 0.77467304693686001 0.59190844177555391 1380 5.2360467910766602 2 13.951213836669922 8.9073322677612303 0 0 0 0 0
1002 50.100000000000001 50.149999999999999 27.591999999999999 3663 4534279 5044 718 1 300386 0.76617458888462608 126 0.78165233702886672 0.64544309078700934 446871 0.6769894316389754 185 0.74429767969492322 0.62206393440349672 1381 6.2004556655883789 2 14.362524032592773 9.0452032947540282 0 0 0 0 0
1003 50.149999999999999 50.200000000000003 26.556999999999999 3746 4538025 5044 718 1 300389 0.55659085228329608 126 0.81004431134178523 0.68368551466200089 446876 0.59492334417394688 185 0.75747846654943518 0.62178867963842455 1382 7.3981914520263672 2 14.313961029052734 8.8142016792297362 0 0 0 0 0
1004 50.200000000000003 50.25 27.513000000000002 3871 4541896 5044 718 1 300394 0.69452034480988034 126 0.81084999962458537 0.65709599661448648 446881 0.53424165699933024 185 0.74171799840153874 0.60061735601682931 1383 8.8480081558227539 2 14.299036026000977 8.5646315670013422 0 0 0 0 0
1005 50.25 50.300000000000004 26.475999999999999 3537 4545433 5044 718 1 300397 0.50292387462797616 126 0.88045488085065571 0.66587742533002581 446888 0.66500802942224446 185 0.73741547352558856 0.62729360361357001 1384 10.589591979980469 2 14.294450759887695 8.2757741355896002 0 0 0 0 0
1006 50.300000000000004 50.350000000000001 27.523 3942 4549375 5044 718 1 300402 0.60654310196165051 126 1.0618579803951202 0.69106439915914375 446893 0.5967593128616745 185 0.71247377395629885 0.60810903324952004 1385 12.854182243347168 2 14.20606803894043 7.7579796981811526 0 0 0 0 0
1007 50.350000000000001 50.399999999999999 26.497 3995 4553370 5044 718 1 300407 0.76754893953838044 126 0.89257197909884978 0.63424960855453738 446899 0.60890131769953548 185 0.7769668630651525 0.63662757218850641 1385 4.7287917137145996 2 12.599652290344238 8.0444116878509515 0 0 0 0 0
1008 50.399999999999999 50.450000000000003 26.515999999999998 3276 4556646 5044 718 1 300411 0.73830024779789027 126 0.768430853646899 0.66387782361772318 446904 0.5439641101940258 185 0.77932765806043469 0.60483054112099277 1386 5.6852307319641113 2 14.265884399414062 9.0530966186523436 0 0 0 0 0
1009 50.450000000000003 50.5 27.771000000000001 3722 4560368 5044 718 1 300415 0.72533666519891649 126 0.75993347924853127 0.64775506564549035 446911 0.67504411645837736 185 0.76756522719924514 0.62698303320601179 1387 6.9106497764587402 2 14.197465896606445 8.7867935085296622 0 0 0 0 0
1010 50.5 50.550000000000004 27.526 3761 4564129 5044 718 1 300418 0.53479403162759442 126 0.84249743961152579 0.66483412841009726 446915 0.49251398911347261 185 0.73474444312018317 0.61314335900384032 1388 8.1976346969604492 2 14.351369857788086 8.7258410739898675 0 0 0 0 0
1011 50.550000000000004 50.600000000000001 26.760999999999999 3918 4568047 5044 718 1 300423 0.65471452379983563 126 0.83230516645643449 0.67492556465996634 446922 0.63615911844614392 185 0.72920243160144704 0.61454319855973549 1389 9.7864227294921875 2 14.310532569885254 8.4270466041564944 0 0 0 0 0
1012 50.600000000000001 50.649999999999999 28.641999999999999 3637 4571684 5044 718 1 300427 0.66865966433570501 126 0.77880037398565383 0.6211145671208701 446927 0.54766918388572894 185 0.78345573528392898 0.62814855663196456 1390 11.706199645996094 2 14.297983169555664 8.0993550777435299 0 0 0 0 0
1013 50.649999999999999 50.700000000000003 29.007999999999999 3829 4575513 5044 718 1 300431 0.60963782053145155 126 0.89249963608999106 0.69335433634500643 446934 0.70535627829061975 185 0.79446204932960307 0.60064115356754599 1391 14.011085510253906 2 14.29412841796875 7.7180857944488528 0 0 0 0 0
1014 50.700000000000003 50.75 27.437999999999999 3551 4579064 5044 718 1 300436 0.75309785963997011 126 0.7683114399985661 0.65162056370387023 446940 0.72411103377471098 185 0.78442013972514379 0.6300806807440682 1391 5.154393196105957 2 13.733647346496582 8.7684252738952644 0 0 0 0 0
1015 50.75 50.800000000000004 26.442 3758 4582822 5044 718 1 300440 0.71849258740743005 126 0.88072181883312406 0.66918107471768806 446946 0.75765671601166595 185 0.87151257282978778 0.61543723882211221 1392 6.1704163551330566 2 14.292943954467773 8.9941022491455076 0 0 0 0 0
1016 50.800000000000004 50.850000000000001 26.475000000000001 3640 4586462 5044 718 1 300445 0.86407937700786286 126 0.89934311215839691 0.64951501876588869 446950 0.57195299251659493 185 0.74265410964553424 0.61628530100229628 1393 7.387141227722168 2 14.292579650878906 8.7954022026062013 0 0 0 0 0
1017 50.850000000000001 50.899999999999999 26.870000000000001 3727 4590189 5044 718 1 300447 0.52813252191694959 126 0.92352303247603162 0.65005905824994281 446957 0.73119244575500486 185 0.77640681137909762 0.59910430712313267 1394 8.9677028656005859 2 14.205504417419434 8.4351893520355219 0 0 0 0 0
1018 50.899999999999999 50.950000000000003 26.469999999999999 3728 4593917 5044 718 1 300452 0.61474148432413733 126 0.976593017578125 0.70790506468878855 446962 0.62853015951208169 185 0.80955614657015418 0.64217959043141948 1395 10.781794548034668 2 14.26570987701416 8.2039894580841057 0 0 0 0 0
1019 50.950000000000003 51 27.550000000000001 3947 4597864 5044 718 1 300457 0.76074198314121788 126 0.79178844179425922 0.64910550374833365 446967 0.58713538324510728 185 0.68490437688054262 0.58152268956158626 1396 13.105862617492676 2 14.197410583496094 7.6990931320190432 0 0 0 0 0
1020 51 51.050000000000004 27.91 3608 4601472 5044 718 1 300461 0.71737063877166263 126 0.85266842160906109 0.67785970786261174 446973 0.58198106611097178 185 0.76281474216564282 0.6537515300544533 1396 4.821380615234375 2 12.846349716186523 8.201918869018554 0 0 0 0 0
1021 51.050000000000004 51.100000000000001 26.498999999999999 3821 4605293 5044 718 1 300465 0.67641915972270661 126 0.85989719723898272 0.67546402401394312 446978 0.52415611679489549 185 0.73858146925230284 0.59778915998098037 1397 5.7989974021911621 2 14.263225555419922 9.0321276092529299 0 0 0 0 0
1022 51.100000000000001 51.149999999999999 26.48 3561 4608854 5044 718 1 300469 0.64907002449035645 126 0.85880381720406673 0.66199725756569539 446985 0.67352897283193225 185 0.71711807122101656 0.60887259331264998 1398 6.9525003433227539 2 14.283447265625 8.8579902458190922 0 0 0 0 0
1023 51.149999999999999 51.200000000000003 27.803000000000001 3686 4612540 5044 718 1 300474 0.76977933399260989 126 0.94021055433485246 0.67414448972732322 446990 0.57944860458374026 185 0.76668563533473655 0.63368322960106094 1399 8.4438295364379883 2 14.202751159667969 8.5235334777832037 0 0 0 0 0
1024 51.200000000000003 51.25 27.738 3737 4616277 5044 718 1 300478 0.80074745511251788 126 0.83342657013544963 0.6042612024337527 446996 0.63997375385181321 185 0.74833513852712275 0.58872667784304233 1400 10.15330982208252 2 14.264865875244141 8.307558031082154 0 0 0 0 0
1025 51.25 51.300000000000004 27.236999999999998 3866 4620143 5044 718 1 300481 0.58126796238006107 126 0.92650304521833149 0.69348264013017913 447002 0.64419490968858872 185 0.72902081077163283 0.64446955750439594 1401 12.342415809631348 2 14.19715690612793 7.8327111053466796 0 0 0 0 0
1026 51.300000000000004 51.350000000000001 26.798999999999999 3690 4623833 5044 718 1 300486 0.70616787198990105 126 0.84543637623862611 0.66999572155967579 447007 0.58999497181660421 185 0.71314941096950224 0.59420025567750678 1401 4.540522575378418 2 12.098019599914551 7.7241370391845701 0 0 0 0 0
1027 51.350000000000001 51.399999999999999 27.381 3513 4627346 5044 718 1 300490 0.67897868913317483 126 0.81695912376282709 0.66183879980965288 447013 0.59726014008393158 185 0.77997030825228308 0.64145584701847413 1402 5.3861942291259766 2 14.351274490356445 9.1627567100524896 0 0 0 0 0
1028 51.399999999999999 51.450000000000003 28.013999999999999 3882 4631228 5044 718 1 300495 0.81416023345220656 126 0.87628690023270861 0.65981668782612612 447018 0.54611233633917733 185 0.71479069735552814 0.59117857778394534 1403 6.5199942588806152 2 14.22318172454834 8.8774996185302726 0 0 0 0 0
1029 51.450000000000003 51.5 26.009 3553 4634781 5044 718 1 300497 0.49253749090527732 126 0.79803878541976692 0.63587771998511422 447025 0.66396394162564665 185 0.80427930161759664 0.64007957881205779 1404 7.8321719169616699 2 14.271143913269043 8.7009015655517583 0 0 0 0 0
1030 51.5 51.550000000000004 26.009 3995 4638776 5044 718 1 300502 0.58232288511972574 126 0.84464091346377423 0.70476038289448573 447030 0.60158713701609023 185 0.74496371295001051 0.6022956055306099 1405 9.517909049987793 2 14.199048042297363 8.3310646343231198 0 0 0 0 0
1031 51.550000000000004 51.600000000000001 31.006 3674 4642450 5044 718 1 300507 0.73137560344877695 126 0.84128212550329784 0.64608367185744042 447037 0.72926250663963521 185 0.83885156270619987 0.63035379422677518 1406 11.607418060302734 2 14.177332878112793 7.93131422996521 0 0 0 0 0
1032 51.600000000000001 51.649999999999999 27.004999999999999 3585 4646035 5044 718 1 300511 0.71863983169434564 126 0.82762354896182111 0.64752947807312 447042 0.6622257954365498 185 0.71738064740155194 0.60690905086414249 1407 13.97474479675293 2 14.257053375244141 7.6562655353546143 0 0 0 0 0
1033 51.649999999999999 51.700000000000003 27.007999999999999 3989 4650024 5044 718 1 300514 0.51309171555534239 126 0.85433117548624671 0.67969017286149291 447048 0.69473244950578017 185 0.79361538242649388 0.61646591890180436 1407 5.1410236358642578 2 13.698026657104492 8.7456827926635743 0 0 0 0 0
1034 51.700000000000003 51.75 27.007999999999999 3764 4653788 5044 718 1 300518 0.48347294519818018 126 0.93541952920338467 0.66424419728536466 447053 0.62309482419813 185 0.74835305085053316 0.61146417927097618 1408 6.2518420219421387 2 14.194803237915039 8.900250597000122 0 0 0 0 0
1035 51.75 51.800000000000004 27.007000000000001 3756 4657544 5044 718 1 300523 0.58478417472233846 126 0.90799837263803629 0.69334936558254168 447059 0.65502304386448218 185 0.80004692077636719 0.61703856795542944 1409 7.520470142364502 2 14.262422561645508 8.7440162467956544 0 0 0 0 0
1036 51.800000000000004 51.850000000000001 27.006 3686 4661230 5044 718 1 300528 0.74964144116356257 126 0.8284818936908056 0.63043662669166711 447063 0.46809217092153188 185 0.74908688003952439 0.61750023171708401 1410 9.1430120468139648 2 14.196420669555664 8.3936266517639169 0 0 0 0 0
1037 51.850000000000001 51.899999999999999 26.004000000000001 3512 4664742 5044 718 1 300531 0.54751792029728963 126 0.82202571535867353 0.67629971897791308 447070 0.62404508590698238 185 0.71770614675573396 0.60235811261872985 1411 10.846286773681641 2 14.351042747497559 8.3137014484405523 0 0 0 0 0
1038 51.899999999999999 51.950000000000003 28.007999999999999 3837 4668579 5044 718 1 300536 0.66865033195132306 126 0.86719261653839597 0.67372564452035111 447075 0.51983431996525942 185 0.73186135163178312 0.64371266720746023 1412 12.948614120483398 2 14.310432434082031 7.9186233901977543 0 0 0 0 0
1039 51.950000000000003 52 27.004000000000001 3767 4672346 5044 718 1 300541 0.82113768183995806 126 0.82113768183995806 0.64268321052430155 447081 0.5769482586834882 185 0.80637568138741156 0.59210386905154666 1412 4.7635307312011719 2 12.692214012145996 8.1035076713562013 0 0 0 0 0
1040 52 52.050000000000004 27.007999999999999 3673 4676019 5044 718 1 300545 0.79661217189970468 126 0.82912251305958584 0.6592018009367443 447087 0.58382519902409735 185 0.82581537092054214 0.64184015722532539 1413 5.777714729309082 2 14.210880279541016 8.9959228515625007 0 0 0 0 0
1041 52.050000000000004 52.100000000000001 26.006 3771 4679790 5044 718 1 300548 0.63343390964326407 126 0.90737444256979327 0.63774249985104514 447092 0.5174738999959585 185 0.80348537805918097 0.60623052259393662 1414 6.9446749687194824 2 14.267362594604492 8.8446726322174065 0 0 0 0 0
1042 52.100000000000001 52.149999999999999 27.007000000000001 3541 4683331 5044 718 1 300553 0.71911577951340444 126 0.94820376804896767 0.70882292308504613 447099 0.66379404325742974 185 0.81072299544875681 0.61189486333486187 1415 8.324397087097168 2 14.284721374511719 8.6340290737152099 0 0 0 0 0
1043 52.149999999999999 52.200000000000003 27.007999999999999 3807 4687138 5044 718 1 300558 0.85847077294001506 126 0.85847077294001506 0.65568463537428101 447104 0.57773964856121995 185 0.76442451219300966 0.62573719988642518 1416 9.8330554962158203 2 14.37872314453125 8.5063767433166504 0 0 0 0 0
1044 52.200000000000003 52.25 27.154 3648 4690786 5044 718 1 300561 0.68392227187989252 126 0.84147193696763778 0.64899941822839169 447110 0.61587863870569182 185 0.79337720355472052 0.61088972323649626 1417 11.723355293273926 2 14.318937301635742 8.1285388565063474 0 0 0 0 0
1045 52.25 52.300000000000004 27.516999999999999 3784 4694570 5044 718 1 300565 0.63871743943956161 126 0.81196890936957467 0.67967503381153904 447117 0.74558376621555633 185 0.80768123317409202 0.62834430893047422 1418 14.017396926879883 2 14.300566673278809 7.728821678161621 0 0 0 0 0
1046 52.300000000000004 52.350000000000001 27.696000000000002 3631 4698201 5044 718 1 300569 0.62500728879656109 126 0.80178453051854692 0.64849419230506522 447122 0.68239215644630224 185 0.78493777094660577 0.60310229719007336 1418 5.1567134857177734 2 13.739833831787109 8.7723739910125733 0 0 0 0 0
1047 52.350000000000001 52.399999999999999 27.536999999999999 3810 4702011 5044 718 1 300574 0.73347248349870953 126 0.80215096852136036 0.68626656123570029 447127 0.59409436148566164 185 0.75716109404692777 0.62795832592732215 1419 6.1712708473205566 2 14.294920921325684 8.9955556678771966 0 0 0 0 0
1048 52.399999999999999 52.450000000000003 27.190999999999999 3799 4705810 5044 718 1 300578 0.7309755446418883 126 0.80785288886418416 0.63739277695852592 447134 0.76292297775680951 185 0.76292297775680951 0.58961077602489564 1420 7.4908285140991211 2 14.206209182739258 8.6935931873321532 0 0 0 0 0
1049 52.450000000000003 52.5 26.452000000000002 3748 4709558 5044 718 1 300581 0.52101363832988434 126 0.81856739710247706 0.68405992606329546 447139 0.65199384947080874 185 0.764505994642103 0.6503640603245916 1421 9.0058488845825195 2 14.265927314758301 8.5000793170928954 0 0 0 0 0
1050 52.5 52.550000000000004 26.295999999999999 3680 4713238 5044 718 1 300586 0.62307186732216491 126 0.96744794694204184 0.69260979304237946 447144 0.61777649699030701 185 0.65312337875366211 0.57441682276854633 1422 10.79582691192627 2 14.28427791595459 8.2278623771667476 0 0 0 0 0
1051 52.550000000000004 52.600000000000001 27.221 3688 4716926 5044 718 1 300590 0.61150010805281385 126 0.93067942725287545 0.64637708557976625 447150 0.61613005045297986 185 0.75238543330012142 0.65027869095673418 1423 12.75266170501709 2 14.378584861755371 8.0626664352416988 0 0 0 0 0
1052 52.600000000000001 52.649999999999999 26.986000000000001 3954 4720880 5044 718 1 300595 0.73298369513617623 126 0.88134826175750247 0.6733780038924444 447154 0.45723151387395083 185 0.71096402245598866 0.58974722697283755 1423 4.6914434432983398 2 12.500142097473145 7.9808766841888428 0 0 0 0 0
1053 52.649999999999999 52.700000000000003 27.295000000000002 3400 4724280 5044 718 1 300599 0.73215421040852868 126 0.80915554742964491 0.63574190154908206 447161 0.56931894663217908 185 0.86031100298907304 0.64578635674553952 1424 5.6714897155761719 2 14.231407165527344 9.0297221946716313 0 0 0 0 0
1054 52.700000000000003 52.75 27.036000000000001 3947 4728227 5044 718 1 300603 0.68933132716587608 126 0.7929196887546115 0.67731680082896384 447166 0.50684559023058096 185 0.70078131701495194 0.6023912433418066 1425 6.8101696968078613 2 14.27367115020752 8.8726694869995111 0 0 0 0 0
1055 52.75 52.800000000000004 27.170999999999999 3758 4731985 5044 718 1 300607 0.67688817826528402 126 0.82638075238182429 0.6472398069169788 447173 0.63331316870612064 185 0.84031292683369407 0.63154954874193348 1426 8.1606693267822266 2 14.286655426025391 8.6629575443267814 0 0 0 0 0
1056 52.800000000000004 52.850000000000001 27.116 3624 4735609 5044 718 1 300611 0.67775295272706049 126 0.8206382176232716 0.63406450657617486 447177 0.4639286840284193 185 0.79343404512147642 0.60012879526292962 1427 9.9096002578735352 2 14.203720092773438 8.2684992599487313 0 0 0 0 0
1057 52.850000000000001 52.899999999999999 27.324999999999999 3749 4739358 5044 718 1 300615 0.6271749602423774 126 0.96562776111421134 0.68499458487071707 447184 0.5980828723391971 185 0.78294750419822901 0.62393951477875564 1428 11.915267944335938 2 14.265163421630859 8.0143230915069577 0 0 0 0 0
1058 52.899999999999999 52.950000000000003 26.515999999999998 3599 4742957 5044 718 1 300619 0.6084267147003658 126 0.89082697459629601 0.65348215292370493 447189 0.52252080247208876 185 0.74452025954787793 0.61534947498424653 1428 4.3833847045898438 2 11.679329872131348 7.4568203830718991 0 0 0 0 0
1059 52.950000000000003 53 29.277999999999999 3890 4746847 5044 718 1 300623 0.55773132566421746 126 0.83203726723080584 0.68511079727657243 447196 0.68143399599436172 185 0.7289727958472999 0.59942727114703198 1429 5.3283863067626953 2 14.197247505187988 9.0644161510467534 0 0 0 0 0
1060 53 53.050000000000004 26.155000000000001 3573 4750420 5044 718 1 300628 0.71484278118799605 126 0.78957397597176693 0.6381051771224493 447202 0.70172689283216316 185 0.71510197407490494 0.62855794050886804 1430 6.4088578224182129 2 14.263172149658203 8.9302940464019773 0 0 0 0 0
1061 53.050000000000004 53.100000000000001 26.878 3747 4754167 5044 718 1 300631 0.53292146940079943 126 0.85885116032191688 0.65629872745937745 447207 0.62090221868978968 185 0.70006527385196171 0.62055964284329801 1431 7.6836919784545898 2 14.283430099487305 8.7378682613372796 0 0 0 0 0
1062 53.100000000000001 53.149999999999999 27.253 3892 4758059 5044 718 1 300636 0.64848080892411486 126 0.95663714030432323 0.67924324255140989 447213 0.65258459915985934 185 0.69829046919539173 0.6172819659258868 1432 9.203059196472168 2 14.289654731750488 8.4957742023468015 0 0 0 0 0
1063 53.149999999999999 53.200000000000003 26.925999999999998 3792 4761851 5044 718 1 300640 0.64790005910964243 126 0.78020686195010236 0.63549573489597866 447219 0.67664807422741036 185 0.76291856765747068 0.624824891167718 1433 11.019537925720215 2 14.291568756103516 8.2016250514984126 0 0 0 0 0
1064 53.200000000000003 53.25 27.178000000000001 3628 4765479 5044 718 1 300645 0.75607850059630377 126 0.87398735682169593 0.68655047197190555 447224 0.60772332371892157 185 0.77256773098095044 0.60877831451312903 1434 13.377954483032227 2 14.2052001953125 7.6650903415679927 0 0 0 0 0
1065 53.25 53.300000000000004 27.433 3816 4769295 5044 718 1 300649 0.71857840674264095 126 0.77842667746165439 0.67204704700954376 447230 0.63915363775717249 185 0.7465745668153505 0.61753157770311529 1434 4.9214749336242676 2 13.113053321838379 8.3721984863281254 0 0 0 0 0
1066 53.300000000000004 53.350000000000001 28.478999999999999 3665 4772960 5044 718 1 300653 0.67549164333040757 126 0.78394401641119094 0.67757808503650496 447236 0.66917659140921926 185 0.75449447631835942 0.61892485940778574 1435 5.9171347618103027 2 14.265616416931152 9.0142602443695061 0 0 0 0 0
1067 53.350000000000001 53.399999999999999 27.007999999999999 3565 4776525 5044 718 1 300658 0.8031244732084728 126 0.94247522808256601 0.66729002657390768 447241 0.58864612321595888 185 0.7883939691492029 0.62026839060396766 1436 7.1926360130310059 2 14.197381973266602 8.7372100448608396 0 0 0 0 0
1068 53.399999999999999 53.450000000000003 26.006 3723 4780248 5044 718 1 300662 0.8230533486320859 126 0.83968011538187659 0.61519046155233237 447247 0.64746643014856287 185 0.70139201396220441 0.59041452763531654 1437 8.6510782241821289 2 14.263214111328125 8.556092185974121 0 0 0 0 0
1069 53.450000000000003 53.5 28.007000000000001 3663 4783911 5044 718 1 300666 0.76620682459028944 126 0.8726815571860661 0.69120061268882138 447252 0.53667633211290511 185 0.76923390981313344 0.65022641581458029 1438 10.517143249511719 2 14.196659088134766 8.1525309753417972 0 0 0 0 0
1070 53.5 53.550000000000004 27.007999999999999 3973 4787884 5044 718 1 300670 0.7590831877693297 126 0.83891662718757753 0.64197338217780697 447257 0.51000451526126345 185 0.77218476630545951 0.56694647850861413 1439 12.650141716003418 2 14.262992858886719 7.8882621669769284 0 0 0 0 0
1071 53.550000000000004 53.600000000000001 27.009 3726 4791610 5044 718 1 300674 0.7182480115739126 126 0.90120566080486963 0.67534894345298657 447264 0.60142367852700718 185 0.85461445885735587 0.66624864673614492 1439 4.6537299156188965 2 12.399652481079102 7.9167198657989504 0 0 0 0 0
1072 53.600000000000001 53.649999999999999 27.007000000000001 3637 4795247 5044 718 1 300678 0.69944798757159521 126 0.77728672633095397 0.65353335849822514 447268 0.4545465508022824 185 0.70577764511108398 0.57784566459140263 1440 5.5794854164123535 2 14.283376693725586 9.0834676551818845 0 0 0 0 0
1073 53.649999999999999 53.700000000000003 27.004999999999999 3687 4798934 5044 718 1 300681 0.50526914520869182 126 0.81586866530161051 0.66843416516743015 447275 0.57092986751247099 185 0.94262247858820736 0.64153328493479156 1441 6.6827859878540039 2 14.289638519287109 8.9076952457427971 0 0 0 0 0
1074 53.700000000000003 53.75 27.004000000000001 3660 4802594 5044 718 1 300686 0.60379856351822137 126 0.93752223726302863 0.69610338801429383 447280 0.51459092191747713 185 0.72443386284080713 0.59631797104912843 1442 8.0018243789672852 2 14.291563034057617 8.6941067028045662 0 0 0 0 0
1075 53.75 53.800000000000004 28.009 3848 4806442 5044 718 1 300691 0.76920744729420498 126 0.85136250465635266 0.62989052636282761 447287 0.62548274478396859 185 0.8412764678130279 0.64697007011722862 1443 9.7143888473510742 2 14.205198287963867 8.304505014419556 0 0 0 0 0
1076 53.800000000000004 53.850000000000001 27.003 3489 4809931 5044 718 1 300694 0.58681864587087484 126 0.76179246296958314 0.65676157050662598 447293 0.6862474402865848 185 0.6862474402865848 0.58848954667271802 1444 11.679697036743164 2 14.265616416931152 8.0542746543884274 0 0 0 0 0
1077 53.850000000000001 53.899999999999999 27.007000000000001 4031 4813962 5044 718 1 300699 0.70998958557371106 126 0.82473464239211314 0.67170742292252794 447299 0.68492187293800144 185 0.78784766841579124 0.64996093902072394 1445 14.197381973266602 2 14.197381973266602 7.5074072647094727 0 0 0 0 0
1078 53.899999999999999 53.950000000000003 27.009 3634 4817596 5044 718 1 300702 0.52007152920677546 126 0.91047463341364787 0.66421584659152577 447304 0.63411536603360563 185 0.67135951067950272 0.59084064210427767 1445 5.2229256629943848 2 13.916254997253418 8.8850127315521235 0 0 0 0 0
1079 53.950000000000003 54 27.006 3859 4821455 5044 718 1 300707 0.63181472203088185 126 0.8528605415707543 0.68302129896860309 447311 0.76005130458522485 185 0.83548270560599658 0.63207584546063389 1446 6.2819733619689941 2 14.263214111328125 8.9515074825286867 0 0 0 0 0
1080 54 54.050000000000004 27.004000000000001 3533 4824988 5044 718 1 300710 0.49334551417638384 126 0.76998652352227104 0.61327972041236001 447315 0.57865651620400915 185 0.76563765036093223 0.61201932834934569 1447 7.6370153427124023 2 14.196659088134766 8.6584617328643798 0 0 0 0 0
1081 54.050000000000004 54.100000000000001 27.004999999999999 3788 4828776 5044 718 1 300715 0.57876534689040415 126 0.81740327865358386 0.70908231031327029 447322 0.73034609717291754 185 0.73034609717291754 0.60657891325048485 1448 9.1858911514282227 2 14.262992858886719 8.4665642833709711 0 0 0 0 0
1082 54.100000000000001 54.149999999999999 27.006 3805 4832581 5044 718 1 300720 0.71180362550039145 126 0.92315943278963608 0.66193844658987888 447327 0.64651519672290703 185 0.71707055890882332 0.62353594751615793 1449 11.01322078704834 2 14.283376693725586 8.1908810710906987 0 0 0 0 0
1083 54.149999999999999 54.200000000000003 27.007000000000001 3673 4836254 5044 718 1 300724 0.70128503299894784 126 0.83959052297804093 0.64533449657379638 447332 0.57715806316685037 185 0.67480969557891024 0.60920638679813721 1450 13.190999984741211 2 14.289638519287109 7.8439238548278807 0 0 0 0 0
1084 54.200000000000003 54.25 27.009 3826 4840080 5044 718 1 300728 0.6891937861366878 126 0.76285372840033638 0.64689145413656091 447338 0.6073623863426415 185 0.73585836049672715 0.61874533862036629 1450 4.852698802947998 2 12.929800987243652 8.2551983737945562 0 0 0 0 0
1085 54.25 54.300000000000004 27.004000000000001 3651 4843731 5044 718 1 300732 0.69130820319766095 126 0.91641483609638519 0.63282736642020088 447343 0.53296580701260954 185 0.7367869299811286 0.61419561187641047 1451 5.7308125495910645 2 14.380265235900879 9.1306394386291512 0 0 0 0 0
1086 54.300000000000004 54.350000000000001 27.006 3755 4847486 5044 718 1 300735 0.46582302214607357 126 0.9524645729670449 0.69942843671828991 447349 0.56699707572524616 185 0.74910135011415224 0.61495650368767796 1452 6.8319926261901855 2 14.319412231445312 8.9097944259643551 0 0 0 0 0
1087 54.350000000000001 54.399999999999999 27.007999999999999 3764 4851250 5044 718 1 300741 0.76902176084972562 126 0.84938946224394296 0.65220406184120772 447354 0.48151639474404823 185 0.77156633944124786 0.62516928603198074 1453 8.0567159652709961 2 14.389598846435547 8.7874833011627196 0 0 0 0 0
1088 54.399999999999999 54.450000000000003 26.007000000000001 3699 4854949 5044 718 1 300744 0.57844002284700913 126 0.86077596270848833 0.66487276493556935 447360 0.54421892295012608 185 0.7026110507346488 0.58657096481323223 1454 9.6005144119262695 2 14.32227897644043 8.4715886116027832 0 0 0 0 0
1089 54.450000000000003 54.5 28.007000000000001 3619 4858568 5044 718 1 300749 0.67754750781589079 126 0.89564038836766802 0.69553108888959125 447366 0.53951808568593618 185 0.8491759996156435 0.65330257227614108 1455 11.637808799743652 2 14.214448928833008 7.9830098438262942 0 0 0 0 0
1090 54.5 54.550000000000004 29.678000000000001 3746 4862314 5044 718 1 300753 0.66213945736960755 126 0.76441934373643661 0.65017510618482288 447371 0.51884616903356606 185 0.68213457674593536 0.561006402093011 1456 13.985926628112793 2 14.268461227416992 7.6752864265441891 0 0 0 0 0
1091 54.550000000000004 54.600000000000001 27.773 3836 4866150 5044 718 1 300758 0.7796291623796735 126 0.91490321689181853 0.6773321392422631 447379 0.71625380129427518 185 0.83886502240155192 0.66942459678649902 1456 5.1451373100280762 2 13.708987236022949 8.7526809883117682 0 0 0 0 0
1092 54.600000000000001 54.649999999999999 26.68 3634 4869784 5044 718 1 300762 0.79544305801391602 126 0.84463048359704396 0.61926443561675071 447383 0.55941628507665686 185 0.70207102492048934 0.58770680486833737 1457 6.1670122146606445 2 14.285057067871094 8.9883112812042238 0 0 0 0 0
1093 54.649999999999999 54.700000000000003 26.759 3737 4873521 5044 718 1 300765 0.57738618245200501 126 0.87689999928550111 0.69207420886509008 447389 0.56994146914095489 185 0.8443654962488123 0.63822830677032483 1458 7.3858880996704102 2 14.290157318115234 8.7932719802856454 0 0 0 0 0
1094 54.700000000000003 54.75 29.954999999999998 3808 4877329 5044 718 1 300770 0.69552989989992176 126 0.92027621042160757 0.67668464138394313 447395 0.61708981282002218 185 0.72416157851348051 0.60197015507156815 1459 8.9672431945800781 2 14.20477294921875 8.4344052410125734 0 0 0 0 0
1095 54.75 54.800000000000004 26.902000000000001 3483 4880812 5044 718 1 300774 0.68422071139017737 126 0.86981490301707431 0.64611713061257026 447401 0.6217790861387511 185 0.85626915596626896 0.64400606106423042 1460 10.781622886657715 2 14.265485763549805 8.2037007141113278 0 0 0 0 0
1096 54.800000000000004 54.850000000000001 27.334 3823 4884635 5044 718 1 300778 0.64760257705809576 126 0.83989513488042922 0.67117387044997445 447407 0.69071584907737937 185 0.69071584907737937 0.58039883842983786 1461 12.924826622009277 2 14.28414249420166 7.878155994415283 0 0 0 0 0
1097 54.850000000000001 54.899999999999999 26.122 3776 4888411 5044 718 1 300783 0.78915593737647649 126 0.85488239167228575 0.65350817748478474 447413 0.70448173316749363 185 0.80397755133139126 0.63501990313143364 1461 4.7547807693481445 2 12.66889762878418 8.0886220836639406 0 0 0 0 0
1098 54.899999999999999 54.950000000000003 26.907 3785 4892196 5044 718 1 300787 0.74466584977649508 126 0.82298300001356339 0.6789673547896129 447417 0.53179282111090587 185 0.73796225882865285 0.6034001736769804 1462 5.6947894096374512 2 14.289875030517578 9.0693592357635495 0 0 0 0 0
1099 54.950000000000003 55 27.271999999999998 3776 4895972 5044 718 1 300792 0.90009360843234587 126 0.91827669597807382 0.63977219846513544 447425 0.77853201788824955 185 0.8266737190452782 0.62058472277667076 1463 6.8187413215637207 2 14.291637420654297 8.8872516536712638 0 0 0 0 0
1100 55 55.050000000000004 27.274000000000001 3494 4899466 5044 718 1 300793 0.42455698573400102 126 0.88227057078528026 0.62952749539935404 447429 0.58724500939652724 185 0.76311606329840587 0.62181295296952532 1464 8.2780694961547852 2 14.205220222473145 8.5552168178558343 0 0 0 0 0
1101 55.050000000000004 55.100000000000001 27.361000000000001 3687 4903153 5044 718 1 300798 0.51354118377443347 126 0.89904223548041451 0.70555347003633995 447434 0.5296947633897936 185 0.76238377287581161 0.59751718773712992 1465 9.952789306640625 2 14.265625 8.3419710731506349 0 0 0 0 0
1102 55.100000000000001 55.149999999999999 27.332000000000001 3919 4907072 5044 718 1 300802 0.49618815240405856 126 0.8862108503069196 0.65210075703878256 447440 0.56029638986329777 185 0.81094497989963843 0.61835194118602854 1466 12.098214149475098 2 14.197384834289551 7.8759568309783932 0 0 0 0 0
1103 55.149999999999999 55.200000000000003 27.311 3748 4910820 5044 718 1 300807 0.60064315795898438 126 0.9046626696510921 0.6902369232783242 447445 0.47436518282503692 185 0.76301486556594433 0.62561522218343368 1466 4.4506855010986328 2 11.858654022216797 7.5713104534149167 0 0 0 0 0
1104 55.200000000000003 55.25 27.321999999999999 3739 4914559 5044 718 1 300811 0.59227772742982898 126 0.80421765645345056 0.64320271113562211 447451 0.54097467242060482 185 0.69302152814091866 0.58270298510628782 1467 5.3531455993652344 2 14.263216018676758 9.1065352439880378 0 0 0 0 0
1105 55.25 55.300000000000004 27.007000000000001 3746 4918305 5044 718 1 300815 0.54861233726380365 126 0.83661568354046534 0.67815086485847598 447458 0.64977681958997568 185 0.85147452483306063 0.64903893993996309 1468 6.5078353881835938 2 14.196659088134766 8.8568164157867439 0 0 0 0 0
1106 55.300000000000004 55.350000000000001 27.004999999999999 3853 4922158 5044 718 1 300820 0.67077535296243329 126 0.93463464010329478 0.67270533395191989 447462 0.51909354570749644 185 0.65721661851212787 0.56181324466499116 1469 7.9374651908874512 2 14.176612854003906 8.5846196365356437 0 0 0 0 0
1107 55.350000000000001 55.399999999999999 28.004999999999999 3521 4925679 5044 718 1 300824 0.68187125523885095 126 0.72403579666500995 0.62393540321834517 447469 0.60746938344594592 185 0.82574253597775016 0.66926159584200062 1470 9.5566434860229492 2 14.256834030151367 8.3969594097137445 0 0 0 0 0
1108 55.399999999999999 55.450000000000003 27.006 3910 4929589 5044 755 1 300827 0.48979319466484916 126 0.89535903173779685 0.66635427194928387 447474 0.56813792795748319 185 0.6801845537649619 0.57947999575331399 1471 11.621669769287109 2 14.194738388061523 7.9555552768707276 0 0 0 0 0
1109 55.450000000000003 55.5 27.009 3452 4933041 5044 755 1 300832 0.61642610459100633 126 0.893603869846889 0.66828001642984081 447481 0.6883057413874446 185 0.7654546840770825 0.63778645951039092 1472 13.979987144470215 2 14.262401580810547 7.6651842021942143 0 0 0 0 0
1110 55.5 55.550000000000004 27.004999999999999 3741 4936782 5044 755 1 300836 0.57180023571801564 126 0.82109549688914463 0.67910183793022516 447485 0.53074456807729364 185 0.73090307905867291 0.5884231878744588 1472 5.1429524421691895 2 13.703165054321289 8.7489636898040768 0 0 0 0 0
1111 55.550000000000004 55.600000000000001 27.007999999999999 3768 4940550 5044 755 1 300842 0.86102764947073795 126 0.86102764947073795 0.66603621149819991 447492 0.66771907290896859 185 0.72333142048603782 0.62114732969129416 1473 6.2525529861450195 2 14.196414947509766 8.9014592361450191 0 0 0 0 0
1112 55.600000000000001 55.649999999999999 27.006 3866 4944416 5044 755 1 300845 0.7132010573432559 126 0.84397815522693453 0.62254378053877091 447498 0.70061713038264095 185 0.71477051296749627 0.61607842463416018 1474 7.5207295417785645 2 14.262918472290039 8.7444606113433831 0 0 0 0 0
1113 55.649999999999999 55.700000000000003 27.006 3674 4948090 5044 755 1 300850 0.81182049948071677 126 0.86077615949842667 0.69601427736736488 447503 0.63389385326488601 185 0.68732690037907784 0.60659878045159421 1475 9.1431121826171875 2 14.196569442749023 8.3937898445129395 0 0 0 0 0
1114 55.700000000000003 55.75 26.006 3641 4951731 5044 755 1 300854 0.81110014991154744 126 0.86125572900923475 0.63563385304950526 447510 0.80563076122387034 185 0.80563076122387034 0.58673135106628016 1476 10.997481346130371 2 14.262967109680176 8.1641089725494389 0 0 0 0 0
1115 55.75 55.800000000000004 27.009 3874 4955605 5044 755 1 300857 0.60889947225177099 126 0.9364498002188546 0.67637610692826511 447514 0.59533073322193042 185 0.78967821275865713 0.64063650012660678 1477 13.185210227966309 2 14.283367156982422 7.8340750980377196 0 0 0 0 0
1116 55.800000000000004 55.850000000000001 27.003 3519 4959124 5044 755 1 300861 0.58420579395596939 126 0.8561097970084538 0.65936822134350981 447520 0.69614806046357025 185 0.69614806046357025 0.5488360136650704 1477 4.8505687713623047 2 12.924125671386719 8.2515745162963867 0 0 0 0 0
1117 55.850000000000001 55.899999999999999 27.006 4031 4963155 5044 755 1 300865 0.53458011339581202 126 0.93308178583780921 0.68405179356771806 447525 0.57473882211221228 185 0.83945375390954924 0.66073974560402537 1478 5.8910508155822754 2 14.202728271484375 8.9698875141143795 0 0 0 0 0
1118 55.899999999999999 55.950000000000003 27.007000000000001 3640 4966795 5044 755 1 300870 0.62329669225783579 126 0.97614647093273343 0.70581845351627881 447530 0.5354226718077788 185 0.67039237666774443 0.57946481740796907 1479 7.0837202072143555 2 14.264858245849609 8.8192165279388419 0 0 0 0 0
1119 55.950000000000003 56 27.007999999999999 3612 4970407 5044 755 1 300875 0.77893433495173381 126 0.86055719663226415 0.6395642534134881 447536 0.54872461782919391 185 0.76248040328154698 0.63547924840772474 1480 8.4921026229858398 2 14.28394889831543 8.6056539154052736 0 0 0 0 0
1120 56 56.050000000000004 27.006 3730 4974137 5044 755 1 300879 0.74012060014028402 126 0.84004424110291498 0.67334767606523316 447542 0.59197593121915248 185 0.78172193475671714 0.60582831635346279 1481 10.171069145202637 2 14.289815902709961 8.3377684402465828 0 0 0 0 0
1121 56.050000000000004 56.100000000000001 26.007000000000001 3803 4977940 5044 755 1 300883 0.70679454197959291 126 0.91666296550205772 0.66791454004862938 447548 0.61888561506529116 185 0.72060769828590188 0.62200713611293479 1482 12.178516387939453 2 14.291620254516602 8.0125620079040534 0 0 0 0 0
1122 56.100000000000001 56.149999999999999 29.007000000000001 3351 4981291 5044 755 1 300887 0.67871000653221492 126 0.83304550534202937 0.66272539259895458 447555 0.76351450327280401 185 0.81072762205794047 0.61356926003017909 1482 4.4802279472351074 2 11.937365531921387 7.6215651035308838 0 0 0 0 0
1123 56.149999999999999 56.200000000000003 28.007999999999999 4004 4985295 5044 755 1 300891 0.64096656678214903 126 0.93727535671657991 0.67228799782102056 447560 0.66911773423890808 185 0.75442809027594493 0.6339964596774128 1483 5.3640122413635254 2 14.292173385620117 9.1250224113464355 0 0 0 0 0
1124 56.200000000000003 56.25 29.006 3787 4989082 5044 755 1 300895 0.65273615670582608 126 0.76079294416639542 0.62326847969539589 447565 0.60131171200726485 185 0.77444751069352435 0.6076707485044327 1484 6.421964168548584 2 14.292341232299805 8.9525902271270752 0 0 0 0 0
1125 56.25 56.300000000000004 28.007000000000001 3510 4992592 5044 755 1 300899 0.58328200900365434 126 0.81225187059432746 0.70368253359718924 447571 0.62825653359696676 185 0.75603825852677631 0.62197232857265994 1485 7.796107292175293 2 14.20543098449707 8.6395510768890382 0 0 0 0 0
1126 56.300000000000004 56.350000000000001 27.004000000000001 3843 4996435 5044 755 1 300904 0.71429859645782956 126 0.85517059810577878 0.66394008840833396 447577 0.64661453350170239 185 0.77239239924662817 0.6304735286300247 1486 9.2444143295288086 2 14.353867530822754 8.5661259746551508 0 0 0 0 0
1127 56.350000000000001 56.399999999999999 27.009 3827 5000262 5044 755 1 300908 0.69451930030943854 126 0.80765055096338667 0.65450277790190681 447582 0.58567624865351497 185 0.72031102567105676 0.60087148290067094 1487 11.034750938415527 2 14.311298370361328 8.2275051212310792 0 0 0 0 0
1128 56.399999999999999 56.450000000000003 27.004999999999999 3899 5004161 5044 755 1 300913 0.8445607745458209 126 0.86162201563517249 0.64510472433907662 447589 0.71278391142149233 185 0.78774801718222132 0.63091584105105025 1488 13.198920249938965 2 14.298219680786133 7.8573990058898922 0 0 0 0 0
1129 56.450000000000003 56.5 27.007000000000001 3626 5007787 5044 755 1 300915 0.52381398564293269 126 0.82783736879863434 0.6350104931422641 447593 0.53145600911733271 185 0.71739053983946099 0.61195309760119476 1488 4.8556132316589355 2 12.937563896179199 8.2601552867889403 0 0 0 0 0
1130 56.5 56.550000000000004 27.007999999999999 3840 5011627 5044 755 1 300919 0.47212575730823336 126 0.95074415963793557 0.68609377338772715 447600 0.6976362383043444 185 0.77100723885201117 0.59223268779548432 1489 5.811589241027832 2 14.29419994354248 9.0535499191284181 0 0 0 0 0
1131 56.550000000000004 56.600000000000001 27.004000000000001 3443 5015070 5044 755 1 300924 0.60851839610508507 126 0.8229641838679238 0.65861753319937089 447605 0.59759400341961832 185 0.7908562840642156 0.6395857043910671 1490 6.9571347236633301 2 14.292964935302734 8.8658713722228999 0 0 0 0 0
1132 56.600000000000001 56.649999999999999 28.007999999999999 3851 5018921 5044 755 1 300928 0.57959249284532333 126 0.9415036837259928 0.6635582314597237 447612 0.78567480138830237 185 0.78567480138830237 0.57055034944173455 1491 8.3289804458618164 2 14.292585372924805 8.6418258762359628 0 0 0 0 0
1133 56.649999999999999 56.700000000000003 26.004999999999999 3742 5022663 5044 755 1 300932 0.53172882019527379 126 0.87494488367958678 0.68230735468485992 447617 0.67779301050547003 185 0.83210208995922197 0.647347131522926 1492 9.9715213775634766 2 14.29246997833252 8.3738329696655267 0 0 0 0 0
1134 56.700000000000003 56.75 26.007999999999999 3497 5026160 5044 755 1 300936 0.50752810069492882 126 0.88851523777795216 0.6588802411821153 447621 0.53157203133041797 185 0.67317449724352041 0.57719607755300184 1493 11.938045501708984 2 14.292433738708496 8.053074321746827 0 0 0 0 0
1135 56.75 56.800000000000004 27.006 3847 5030007 5044 755 1 300942 0.77235716865176252 126 0.93631642962258954 0.69019125136118087 447627 0.52461671829223633 185 0.85082908836570947 0.6555345749210667 1493 4.3917636871337891 2 11.701656341552734 7.471073360443115 0 0 0 0 0
1136 56.800000000000004 56.850000000000001 27.007999999999999 3790 5033797 5044 755 1 300947 0.93841257549467538 126 0.97670989566379118 0.62925040941389787 447634 0.69634580483307706 185 0.72453586217519395 0.58673913690206159 1494 5.3314709663391113 2 14.205460548400879 9.0696613502502448 0 0 0 0 0
1137 56.850000000000001 56.899999999999999 27.009 3713 5037510 5044 755 1 300950 0.73225924325367764 126 0.91983077639625188 0.68028925820002484 447639 0.57950606475005284 185 0.81944228507377004 0.6562157594835436 1495 6.3219032287597656 2 14.353878021240234 9.0194364452362059 0 0 0 0 0
1138 56.899999999999999 56.950000000000003 27.001999999999999 3868 5041378 5044 755 1 300954 0.70094593744429334 126 0.79031433377947125 0.66592191264742884 447645 0.63072217735084324 185 0.71113724321932403 0.59794292893280876 1496 7.5462446212768555 2 14.311302185058594 8.7878629493713376 0 0 0 0 0
1139 56.950000000000003 57 27.920999999999999 3569 5044947 5044 755 1 300958 0.67727875331091503 126 0.844219616481236 0.65835200900123236 447651 0.63341539743784314 185 0.75704198270230683 0.6459822390015062 1497 9.0262346267700195 2 14.298221588134766 8.5347597503662112 0 0 0 0 0
1140 57 57.050000000000004 26.859999999999999 3650 5048597 5044 755 1 300963 0.80141503470284603 126 0.86816254116239999 0.67075179402790397 447657 0.68241817371265312 185 0.73925476331968565 0.60013421584464399 1498 10.954487800598145 2 14.207202911376953 8.0909649085998527 0 0 0 0 0
1141 57.050000000000004 57.100000000000001 26.460999999999999 3730 5052327 5044 755 1 300966 0.64186856103321865 126 0.78554596219744 0.63414684825473355 447662 0.58370977865683071 185 0.78792573052483639 0.6382651325689781 1499 13.354022026062012 2 14.179788589477539 7.6243800735473632 0 0 0 0 0
1142 57.100000000000001 57.149999999999999 27.829999999999998 3858 5056185 5044 755 1 300971 0.73822563413589715 126 0.7863120351518903 0.69825413348182819 447668 0.63687783318596913 185 0.73258386560388511 0.59601038963730268 1499 4.9126725196838379 2 13.089594841003418 8.3572216796875001 0 0 0 0 0
1143 57.149999999999999 57.200000000000003 27.542999999999999 3784 5059969 5044 755 1 300975 0.71710219458928182 126 0.9679865534343417 0.65583357894231409 447674 0.65511889071077911 185 0.80016395465747725 0.63058936492816831 1500 5.9138970375061035 2 14.257809638977051 9.00875277519226 0 0 0 0 0
1144 57.200000000000003 57.25 26.888999999999999 3705 5063674 5044 755 1 300979 0.70602723530360634 126 0.83249478113083608 0.64588521821158285 447679 0.59174317798099008 185 0.74670992026457916 0.60328458061733758 1501 7.1914463043212891 2 14.195032119750977 8.7351847839355461 0 0 0 0 0
1145 57.25 57.300000000000004 27.827999999999999 3661 5067335 5044 755 1 300983 0.66411862297663615 126 0.77094396333845838 0.67641158096374043 447685 0.64273812835280963 185 0.66896875484569651 0.59816184744963774 1502 8.5317316055297852 2 14.350607872009277 8.6730706787109373 0 0 0 0 0
1146 57.300000000000004 57.350000000000001 26.701000000000001 3760 5071095 5044 755 1 300986 0.49106357968042769 126 0.83360906631227527 0.6475208039510818 447691 0.6521126102756809 185 0.81258226343103357 0.63936756994917576 1503 10.185647010803223 2 14.310297012329102 8.3625681877136238 0 0 0 0 0
1147 57.350000000000001 57.399999999999999 26.466999999999999 3590 5074685 5044 755 1 300991 0.58493633875771178 126 0.90823464166550405 0.70071366847507544 447695 0.49651529853408399 185 0.7418078731846165 0.58647895998568123 1504 12.183877944946289 2 14.29791259765625 8.0216844081878662 0 0 0 0 0
1148 57.399999999999999 57.450000000000003 26.84 3512 5078197 5044 755 1 300996 0.73900138007269967 126 0.81672283202882801 0.64112125268058184 447703 0.73344221888361749 185 0.82695376937453813 0.6302991816030965 1504 4.4822001457214355 2 11.942621231079102 7.6249215698242185 0 0 0 0 0
1149 57.450000000000003 57.5 26.532 3848 5082045 5044 755 1 300999 0.54120173529973103 126 0.92870563930935335 0.67201884299989711 447707 0.55484934884148673 185 0.71891908903379698 0.60924533807909154 1505 5.3647375106811523 2 14.294105529785156 9.1262568283081063 0 0 0 0 0
1150 57.5 57.550000000000004 26.5 3952 5085997 5044 755 1 301004 0.65457920801071889 126 1.0163696985396127 0.68140333985525459 447714 0.72964115658321893 185 0.72964115658321893 0.58370694534198653 1506 6.5121002197265625 2 14.205963134765625 8.8640717983245843 0 0 0 0 0
1151 57.550000000000004 57.600000000000001 27.561 3840 5089837 5044 755 1 301008 0.64869440548003665 126 0.87564569806295733 0.64074691212366508 447718 0.51553156569197367 185 0.8660457971933726 0.64440807028074487 1507 7.8292655944824219 2 14.265851974487305 8.695959911346435 0 0 0 0 0
1152 57.600000000000001 57.649999999999999 30.600999999999999 3576 5093413 5044 755 1 301013 0.78328343043251647 126 0.84852078604319736 0.66040314000750344 447725 0.69521867391225456 185 0.70926302317026502 0.57886037950257996 1508 9.5168390274047852 2 14.197452545166016 8.3292460250854496 0 0 0 0 0
1153 57.649999999999999 57.700000000000003 27.564 3662 5097075 5044 755 1 301016 0.62244465237572077 126 0.76777338603186229 0.63542635130503811 447731 0.69289548977001292 185 0.86456621015394053 0.65094861252243452 1509 11.446516990661621 2 14.263236999511719 8.0895538520812984 0 0 0 0 0
1154 57.700000000000003 57.75 27.597999999999999 3770 5100845 5044 755 1 301020 0.56770705798315624 126 0.91475305103120352 0.68911280700138633 447736 0.63128273680403424 185 0.72614797128213415 0.60153918423523789 1510 13.915554046630859 2 14.196666717529297 7.5555706787109376 0 0 0 0 0
1155 57.75 57.800000000000004 27.271000000000001 3774 5104619 5044 755 1 301025 0.69261062712896437 126 0.82531925231691394 0.66999209282890204 447741 0.53945147282368433 185 0.7909875457351272 0.63145651149749749 1510 5.1192479133605957 2 13.640007972717285 8.7086390304565438 0 0 0 0 0
1156 57.800000000000004 57.850000000000001 27.481999999999999 3711 5108330 5044 755 1 301029 0.69992911626422216 126 0.78139859910995246 0.62767515008411701 447748 0.68886116904181405 185 0.75010834513483826 0.60883611390397341 1511 6.1574878692626953 2 14.262994766235352 8.9721093368530269 0 0 0 0 0
1157 57.850000000000001 57.899999999999999 27.654 3647 5111977 5044 755 1 301032 0.49259991115993923 126 0.8285663998316205 0.68145350418393591 447753 0.60321210397256386 185 0.83070006499419347 0.62533595023284105 1512 7.3823819160461426 2 14.283376693725586 8.7873101139068606 0 0 0 0 0
1158 57.899999999999999 57.950000000000003 26.686 3637 5115614 5044 755 1 301037 0.63597673083108563 126 0.80722970811147543 0.6517029505684262 447759 0.64608099653914164 185 0.69989118833799624 0.60620691603583243 1513 8.9659538269042969 2 14.202731132507324 8.4322113418579097 0 0 0 0 0
1159 57.950000000000003 58 26.550000000000001 3897 5119511 5044 755 1 301042 0.74584930662124871 126 0.86628492294795933 0.68487333645896309 447764 0.58643220308664679 185 0.70448337503381675 0.59959482071850756 1514 10.781148910522461 2 14.264858245849609 8.2028941822052008 0 0 0 0 0
1160 58 58.050000000000004 27.530999999999999 3760 5123271 5044 755 1 301047 0.90177835736955914 126 0.93858060382661368 0.63927584519461955 447770 0.60472532220788899 185 0.81629375251563818 0.63053778668996441 1515 13.105625152587891 2 14.19715404510498 7.6986894702911375 0 0 0 0 0
1161 58.050000000000004 58.100000000000001 26.547000000000001 3750 5127021 5044 755 1 301049 0.55179676555451895 126 0.88392196382795063 0.66395395990401995 447775 0.54352712631225586 185 0.66997956971864447 0.60112874665131433 1515 4.8212919235229492 2 12.846116065979004 8.2017692375183113 0 0 0 0 0
1162 58.100000000000001 58.149999999999999 26.492999999999999 3731 5130752 5044 755 1 301054 0.64534188830663286 126 0.95954201713440912 0.70103806556217241 447782 0.68286672540613125 185 0.81478885959934544 0.6188058582640984 1516 5.7989649772644043 2 14.263145446777344 9.0320726585388176 0 0 0 0 0
1163 58.149999999999999 58.200000000000003 27.972000000000001 3580 5134332 5044 755 1 301058 0.63963835958450554 126 0.75444717255849691 0.64056733752053896 447787 0.61285415082364469 185 0.70170222617484423 0.60985532807015086 1517 7.0498452186584473 2 14.196638107299805 8.7615876102447512 0 0 0 0 0
1164 58.200000000000003 58.25 26.521000000000001 3799 5138131 5044 755 1 301063 0.75602710057818701 126 0.80629550086127388 0.67842212449936634 447793 0.65332007537017001 185 0.78216608408335098 0.60858598490019122 1518 8.4796419143676758 2 14.26298713684082 8.5844544601440429 0 0 0 0 0
1165 58.25 58.300000000000004 26.643000000000001 3735 5141866 5044 755 1 301067 0.72983902219742058 126 0.92780708888220409 0.66084785976107152 447798 0.5715517353367161 185 0.73497844902244769 0.62149389895877327 1519 10.166482925415039 2 14.28337574005127 8.3299703311920172 0 0 0 0 0
1166 58.300000000000004 58.350000000000001 27.129000000000001 3744 5145610 5044 755 1 301071 0.69217773467775379 126 0.91584084525940912 0.67220663403707837 447805 0.72314902640677792 185 0.76786606762860277 0.60667025805808394 1520 12.176827430725098 2 14.289637565612793 8.0096898078918457 0 0 0 0 0
1167 58.350000000000001 58.399999999999999 27.588000000000001 3583 5149193 5044 755 1 301076 0.82138987949916298 126 0.94482321209377718 0.66572651590619769 447808 0.42971995585673567 185 0.77458486814756655 0.61482897938908765 1521 14.380264282226562 2 14.380264282226562 7.8185210323333738 0 0 0 0 0
1168 58.399999999999999 58.450000000000003 27.696999999999999 3753 5152946 5044 755 1 301080 0.8456358190566774 126 0.8456358190566774 0.61091642243521571 447817 0.79628892331509982 185 0.79628892331509982 0.61005732363623533 1521 5.2902059555053711 2 14.095516204833984 8.9994650840759274 0 0 0 0 0
1169 58.450000000000003 58.5 27.029 3811 5156757 5044 755 1 301083 0.62100225024753142 126 0.90716505807543557 0.69858530097537552 447821 0.57825627455840245 185 0.84210147857666018 0.64829204904710924 1522 6.3067240715026855 2 14.319412231445312 8.9936133098602298 0 0 0 0 0
1170 58.5 58.550000000000004 27.401 3682 5160439 5044 755 1 301088 0.76161993117559523 126 0.79270220559740823 0.65443463756924591 447827 0.64001508274593866 185 0.65875517355429158 0.58750526943722292 1523 7.437286376953125 2 14.389598846435547 8.8807060527801518 0 0 0 0 0
1171 58.550000000000004 58.600000000000001 27.486000000000001 3667 5164106 5044 755 1 301091 0.56293950383625335 126 0.82317754957411027 0.67289080975547677 447833 0.65481774098164325 185 0.73830491916553398 0.63399348307944625 1524 8.8623924255371094 2 14.32227897644043 8.5890985298156739 0 0 0 0 0
1172 58.600000000000001 58.649999999999999 27.367000000000001 3878 5167984 5044 755 1 301096 0.70066481544857928 126 0.87072339133610799 0.65729813015650196 447838 0.58120551753688499 185 0.76901029896091766 0.61341906091329201 1525 10.594882965087891 2 14.301593780517578 8.2847751522064215 0 0 0 0 0
1173 58.649999999999999 58.700000000000003 30.707000000000001 3749 5171733 5044 755 1 301099 0.51467866367763948 126 0.7911411012922015 0.66032312620253786 447844 0.63784045915345888 185 0.7186848305367135 0.59257812502577489 1526 12.678738594055176 2 14.295236587524414 7.9369112873077396 0 0 0 0 0
1174 58.700000000000003 58.75 26.449000000000002 3811 5175544 5044 755 1 301104 0.61323143187023343 126 0.89658804545326842 0.69608027670118544 447850 0.6427138483202135 185 0.8170494079589844 0.6438237532022838 1526 4.664250373840332 2 12.427682876586914 7.9346159267425538 0 0 0 0 0
1175 58.75 58.800000000000004 27.067 3622 5179166 5044 755 1 301109 0.78164211908976233 126 0.82997614996773861 0.626918511390686 447854 0.48994645556888067 185 0.77611135534338049 0.58367726411046184 1527 5.6614856719970703 2 14.206305503845215 9.0127047443389898 0 0 0 0 0
1176 58.800000000000004 58.850000000000001 26.106999999999999 3618 5182784 5044 755 1 301112 0.60085662206014001 126 0.86449429345509365 0.65517417408171175 447862 0.72186458175246782 185 0.78501458039154881 0.63525810843545039 1528 6.8064889907836914 2 14.265956878662109 8.8664084434509274 0 0 0 0 0
1177 58.850000000000001 58.899999999999999 26.032 3763 5186547 5044 755 1 301116 0.55113018883599174 126 0.80839929126557852 0.68415155516730397 447866 0.54516436215993525 185 0.78140002327996327 0.60737155978744073 1529 8.1593179702758789 2 14.28428840637207 8.660656576156617 0 0 0 0 0
1178 58.899999999999999 58.950000000000003 27.324000000000002 3561 5190108 5044 755 1 301120 0.51987711588541663 126 0.87444750467936194 0.66586223435780356 447872 0.59361598556106154 185 0.83399925231933592 0.60067984998548363 1530 9.6382579803466797 2 14.378588676452637 8.5357993030548087 0 0 0 0 0
1179 58.950000000000003 59 27.492999999999999 3919 5194027 5044 755 1 301125 0.63611690581790981 126 0.89371077219645179 0.67856947406889889 447878 0.61750544728459533 185 0.73636162216598922 0.62499718181507014 1531 11.491185188293457 2 14.318897247314453 8.1655412197113044 0 0 0 0 0
1180 59 59.050000000000004 26.518999999999998 3903 5197930 5044 755 1 301130 0.82056109110514319 126 0.82056109110514319 0.61104484966823036 447884 0.6663553650314743 185 0.76649109092918599 0.60028554091582431 1532 13.739821434020996 2 14.300554275512695 7.7737741756439211 0 0 0 0 0
1181 59.050000000000004 59.100000000000001 26.068000000000001 3665 5201595 5044 755 1 301133 0.598605579800076 126 0.8996277460976253 0.69593392523508246 447889 0.59076909503421271 185 0.76757713524070947 0.61537339004310398 1532 5.0545992851257324 2 13.467755317687988 8.5986612701416014 0 0 0 0 0
1182 59.100000000000001 59.149999999999999 26.393999999999998 3563 5205158 5044 755 1 301138 0.73968602740575395 126 0.85084140111529638 0.65397645284259109 447895 0.6378040558583028 185 0.74649887600460563 0.60208236743308396 1533 6.049069881439209 2 14.294917106628418 9.015441532135009 0 0 0 0 0
1183 59.149999999999999 59.200000000000003 26.434999999999999 3778 5208936 5044 755 1 301143 0.89303091215708896 126 0.89303091215708896 0.64183420113154821 447901 0.65529751133274383 185 0.73220884993269642 0.63132948548084988 1534 7.2411737442016602 2 14.293186187744141 8.8197776317596439 0 0 0 0 0
1184 59.200000000000003 59.25 26.294 3676 5212612 5044 755 1 301146 0.71376813025701613 126 0.87534772025214302 0.65366669314248227 447906 0.59424404711336698 185 0.68823092950356968 0.60098548884005176 1535 8.6689348220825195 2 14.292654037475586 8.5864683532714849 0 0 0 0 0
1185 59.25 59.300000000000004 26.097000000000001 3879 5216491 5044 755 1 301150 0.69028766193087143 126 0.9170560609726679 0.65816716277410137 447912 0.60694221548131999 185 0.78289231223029054 0.63607700806695067 1536 10.37847900390625 2 14.292490005493164 8.307492723464966 0 0 0 0 0
1186 59.300000000000004 59.350000000000001 27.431999999999999 3576 5220067 5044 755 1 301154 0.61407430588252965 126 0.90024365319146049 0.71037449988107837 447918 0.64562860179591819 185 0.71710622375075883 0.61034776803609481 1537 12.425250053405762 2 14.292439460754395 7.9736264133453369 0 0 0 0 0
1187 59.350000000000001 59.399999999999999 27.132999999999999 3900 5223967 5044 755 1 301159 0.7480365738036141 126 0.87782894618927487 0.66102363525875052 447924 0.68780842342892212 185 0.73830872355280697 0.60688914835130825 1537 4.5709962844848633 2 12.179213523864746 7.7759756851196293 0 0 0 0 0
1188 59.399999999999999 59.450000000000003 26.498000000000001 3530 5227497 5044 755 1 301162 0.57291098246498717 126 0.79458806628272649 0.64957081219506663 447929 0.59227367607322901 185 0.76813754519900757 0.63512303818883131 1538 5.4724688529968262 2 14.292425155639648 9.1075107479095454 0 0 0 0 0
1189 59.450000000000003 59.5 27.030999999999999 3784 5231281 5044 755 1 301167 0.67790468155391637 126 0.86178566160656156 0.68970348865266828 447934 0.54650421400327942 185 0.67366837810825653 0.58585378775725472 1539 6.6434173583984375 2 14.205455780029297 8.8407218456268311 0 0 0 0 0
1190 59.5 59.550000000000004 26.991 3658 5234939 5044 755 1 301171 0.66623485277569483 126 0.78183378492082867 0.6464742101184906 447941 0.66002575642353778 185 0.83122736956622145 0.64436661691923403 1540 7.9873428344726562 2 14.265695571899414 8.6694695949554443 0 0 0 0 0
1191 59.550000000000004 59.600000000000001 27.132000000000001 3934 5238873 5044 755 1 301176 0.79060109456380212 126 0.83813356974768261 0.67052396448831719 447945 0.49744375976356298 185 0.71754969519537848 0.59339406083081203 1541 9.5749902725219727 2 14.284207344055176 8.4281734943389885 0 0 0 0 0
1192 59.600000000000001 59.649999999999999 27.594999999999999 3617 5242490 5044 755 1 301179 0.62566521054222468 126 0.77494615221780438 0.63948247765737865 447952 0.62029750927074534 185 0.86637975331899286 0.63512732201653566 1542 11.310579299926758 2 14.378562927246094 8.2817092895507809 0 0 0 0 0
1193 59.649999999999999 59.700000000000003 27.030000000000001 3651 5246141 5044 755 1 301183 0.56387231463477727 126 0.85819188375321642 0.69609774173252148 447957 0.55932671057211392 185 0.74423728633571318 0.60090358295956181 1543 13.673379898071289 2 14.231400489807129 7.6607465744018555 0 0 0 0 0
1194 59.700000000000003 59.75 27.309999999999999 3699 5249840 5044 755 1 301188 0.67722460580250576 126 0.99029500143868587 0.68142820744287425 447964 0.70647382478456244 185 0.76531395783295497 0.61107612071166184 1543 5.0301580429077148 2 13.402628898620605 8.5570829486846929 0 0 0 0 0
1195 59.75 59.800000000000004 27.231000000000002 3938 5253778 5044 755 1 301192 0.67548181897117976 126 0.87605253098502989 0.63664615593259288 447968 0.51856294322658225 185 0.72855369464771169 0.61847050651344082 1544 6.0400776863098145 2 14.273669242858887 9.0001461982727058 0 0 0 0 0
1196 59.800000000000004 59.850000000000001 28.731999999999999 3723 5257501 5044 755 1 301196 0.64787755693708149 126 0.80730510136437794 0.66224979589855859 447974 0.58076402045585018 185 0.65480958706623804 0.58706741075257995 1545 7.2378649711608887 2 14.286655426025391 8.8141493225097651 0 0 0 0 0
1197 59.850000000000001 59.899999999999999 25.899999999999999 3594 5261095 5044 755 1 301201 0.79954443280659027 126 0.84898547520713197 0.64349553615327892 447980 0.59357686171660551 185 0.81556442363842119 0.63596340898565362 1546 8.7890262603759766 2 14.203720092773438 8.464296445846557 0 0 0 0 0
1198 59.899999999999999 59.950000000000003 28.215 3782 5264877 5044 755 1 301205 0.75985524767921087 126 0.83348277258494541 0.67421426553574815 447986 0.64423618058900578 185 0.71816830763945705 0.59849414428504732 1547 10.56789493560791 2 14.265163421630859 8.2388627529144287 0 0 0 0 0
1199 59.950000000000003 60 27.678999999999998 3700 5268577 5044 755 1 301209 0.74167997118026496 126 0.75666288345579114 0.6529148029902625 447993 0.78660022116996142 185 0.81870197863192173 0.61581155552735212 1548 12.84620189666748 2 14.197247505187988 7.7444021701812744 0 0 0 0 0
