0 0 0.050000000000000003 345.745 1357 1357 1355 101 1 1 0.1450708025977725 1 0.15715332636757504 0.015105166056799511 3 0.26565158431594438 3 0.26565158431594438 0.061320277342925195 0 0 0 0 0 0 0 0 0 0
1 0.050000000000000003 0.10000000000000001 336.85899999999998 4671 6028 4765 116 1 6 0.47039804761371917 5 0.61310787049550863 0.4715657888139998 9 0.5328228460775839 6 0.55456775459083352 0.38414005867210593 1 3.7158288955688477 1 9.9006595611572266 6.3212036180496218 0 0 0 0 0
2 0.10000000000000001 0.14999999999999999 349.46600000000001 4476 10504 5774 116 1 11 0.70136023892296684 6 0.75977447676280185 0.56499046700341349 16 0.62545798791421425 8 0.88831601014008388 0.66504479691788976 2 5.5565609931945801 1 13.131046295166016 8.1776103830337519 0 0 0 0 0
3 0.14999999999999999 0.20000000000000001 340.31400000000002 4513 15017 6230 116 1 16 0.80935593635316883 6 0.85940368213350815 0.68673149335952044 24 0.71469874124269228 9 0.89504192197645027 0.77651355678970735 3 7.3701519966125488 1 13.700578689575195 8.2044848871231082 0 0 0 0 0
4 0.20000000000000001 0.25 339.44900000000001 4529 19546 6503 116 1 18 0.47598275116511751 6 0.79332961354936871 0.64751108922655609 31 0.73808080698992751 9 0.87491075412647146 0.73360776823920171 4 8.961456298828125 1 14.19560432434082 8.4245580387115471 0 0 0 0 0
5 0.25 0.29999999999999999 342.42700000000002 4579 24125 6718 118 1 25 0.82672094163440524 6 0.93468333047533791 0.76386859757559666 39 0.79062129226890765 9 0.99959877632759708 0.81284809339368691 5 10.77949333190918 1 14.262668609619141 8.2000794124603278 0 0 0 0 0
6 0.29999999999999999 0.35000000000000003 341.16899999999998 4443 28568 6844 118 1 30 0.8334344171342396 7 0.95867775356958784 0.78700417757034302 46 0.77889857421050201 9 0.86298811886761639 0.76836261249232918 6 11.753689765930176 1 14.941866874694824 9.0355101966857916 0 0 0 0 0
7 0.35000000000000003 0.40000000000000002 345.21300000000002 4523 33091 6956 120 1 35 0.86592172062586226 7 1.1008021831512451 0.76148732442704459 53 0.76887129964055245 10 0.97742691684413596 0.76668412329699509 6 4.3239421844482422 1 11.520951271057129 7.3556998252868651 0 0 0 0 0
8 0.40000000000000002 0.45000000000000001 341.92399999999998 4482 37573 7058 122 1 40 0.92051187677988933 7 0.9406717353396945 0.73960468144643865 60 0.78189735605910016 10 0.92984520196914677 0.74386050433725914 7 5.381584644317627 1 14.055057525634766 8.9529000854492189 0 0 0 0 0
9 0.45000000000000001 0.5 340.48599999999999 4564 42137 7141 122 1 43 0.62407930502815856 7 0.91258142391840613 0.7696686906710507 68 0.84828542398439877 11 0.9375003489288124 0.79913843943782792 8 7.2003178596496582 1 13.655263900756836 8.1993906784057611 0 0 0 0 0
10 0.5 0.55000000000000004 341.30799999999999 4515 46652 7218 122 1 48 0.66657085598461208 7 0.99440664360447539 0.75158283118927283 76 0.85964922167964886 11 1.1149048484660484 0.85361439675978712 9 9.4195289611816406 1 13.774030685424805 7.8029044389724733 0 0 0 0 0
11 0.55000000000000004 0.59999999999999998 344.64299999999997 4487 51139 7276 122 1 54 0.88150177641756955 7 0.99389042657992199 0.73959209357343969 81 0.65853295374561005 11 0.89468804148806103 0.73965245297269266 10 10.372708320617676 1 14.86750602722168 9.0563184642791743 0 0 0 0 0
12 0.59999999999999998 0.65000000000000002 341.69900000000001 4518 55657 7336 122 1 58 0.77792103449621841 7 0.86404688413890585 0.73746908429359648 89 0.73827867961010418 11 0.93853606777517373 0.78591391897896246 11 12.955368995666504 1 14.034383773803711 7.44307918548584 0 0 0 0 0
13 0.65000000000000002 0.70000000000000007 338.65899999999999 4610 60267 7387 122 1 62 0.71237895408615703 7 0.85287237960460882 0.69980950085815807 96 0.79605735383827136 11 0.89755208770668993 0.69955395784863339 11 4.7660155296325684 1 12.698835372924805 8.107736349105835 0 0 0 0 0
14 0.70000000000000007 0.75 347.61099999999999 4455 64722 7417 122 1 67 0.73238852574113045 7 0.97977729146147063 0.77384059685711104 103 0.7940231773228309 11 0.87687195597241663 0.75877069178674161 12 6.8704910278320312 1 13.29296875 7.9164999341964721 0 0 0 0 0
15 0.75 0.80000000000000004 341.548 4531 69253 7466 122 1 71 0.72226144586475416 7 0.79822233877244542 0.6449466805778894 111 0.85269780763034786 11 1.0208645105450036 0.80677503323149113 13 9.1641263961791992 1 13.671266555786133 7.7292256498336789 0 0 0 0 0
16 0.80000000000000004 0.84999999999999998 339.31 4556 73809 7516 122 1 77 0.82154284583197701 7 1.0884927567981539 0.85408912772088241 116 0.64224408694969282 11 0.92375772058951189 0.74889678467772414 14 10.70588493347168 1 14.451431274414062 8.473607063293457 0 0 0 0 0
17 0.84999999999999998 0.90000000000000002 347.34199999999998 4473 78282 7556 122 1 82 0.81106446092090911 7 0.9464830368284195 0.80402476507519938 126 0.97683546131958943 11 0.97683546131958943 0.74982433271102256 15 12.20820140838623 1 14.615870475769043 8.5126538372039793 0 0 0 0 0
18 0.90000000000000002 0.95000000000000007 343.56999999999999 4523 82805 7592 122 1 86 0.64719506767061019 7 1.0109725774280609 0.7971568511024355 131 0.72889032205626736 11 0.95749282725190754 0.78601466397184694 16 13.815238952636719 1 14.669525146484375 8.4089796638488767 0 0 0 0 0
19 0.95000000000000007 1 349.21899999999999 4549 87354 7640 122 1 93 1.0129001895113596 8 1.0129001895113596 0.74905063326869736 137 0.65233018653026509 11 0.85230689682591487 0.72444592244409522 16 5.0823445320129395 1 13.541679382324219 8.6458607292175298 0 0 0 0 0
20 1 1.05 355.60899999999998 4540 91894 7671 122 1 96 0.69863535641204744 8 0.99284343657985563 0.78732325158658478 146 0.83484914728778181 11 0.91872686144269133 0.79227308042258116 17 5.976318359375 1 14.408294677734375 9.1149388027191165 0 0 0 0 0
21 1.05 1.1000000000000001 361.34399999999999 4495 96389 7702 122 1 101 0.79933282780268833 8 0.87134583318044267 0.69395679307717206 153 0.81247323625406398 11 0.90914840207279746 0.77890961784203727 18 7.3157353401184082 1 14.154426574707031 8.673931093215943 0 0 0 0 0
22 1.1000000000000001 1.1500000000000001 384.08800000000002 4488 100877 7738 122 1 107 0.85173250356363872 8 1.0991391075981989 0.90050357025294059 161 0.8728003234131344 11 0.98331837637945407 0.80513904727256369 19 8.3466548919677734 1 14.612260818481445 8.9793519496917718 0 0 0 0 0
23 1.1500000000000001 1.2 357.52600000000001 4514 105391 7759 122 1 112 0.86601078711331836 9 1.0226216477061074 0.77951483050036041 168 0.84112755631417102 11 0.95570036363988531 0.78811399075803723 20 10.259920120239258 1 14.129219055175781 8.1058041954040529 0 0 0 0 0
24 1.2 1.25 354.11599999999999 4518 109909 7790 122 1 116 0.74687095429925687 9 1.0083812614755026 0.75287313400161626 174 0.72276703116097185 11 0.8650723253110103 0.76582954505781398 21 11.562551498413086 1 14.698881149291992 8.7103522205352775 0 0 0 0 0
25 1.25 1.3 344.09100000000001 4551 114460 7821 122 1 120 0.57608764059841633 9 1.028914405239953 0.80400183823462268 181 0.72809823697745402 12 1.0026842129938678 0.75147864919948437 22 13.766075134277344 1 14.327878952026367 7.8184349155426025 0 0 0 0 0
26 1.3 1.3500000000000001 341.10300000000001 4517 118977 7849 122 1 125 0.64957980389544179 9 0.82897697321863639 0.72089103948842348 191 0.86702282364304006 12 1.1396908321896115 0.94354099420957227 22 5.0642590522766113 1 13.493488311767578 8.6150935268402105 0 0 0 0 0
27 1.3500000000000001 1.4000000000000001 344.23899999999998 4500 123477 7873 122 1 130 0.69580696650692042 9 0.89895893469275467 0.74788426579242318 200 0.91809603974625875 12 1.0997700665448162 0.92240881361832494 23 5.6539311408996582 1 14.766345977783203 9.4162050628662115 0 0 0 0 0
28 1.4000000000000001 1.45 339.35899999999998 4487 127964 7892 122 1 137 0.96800135402193677 10 1.0278592015152783 0.84162938688116684 207 0.84371542995040483 12 0.95827580400415369 0.83039604833319358 24 6.710174560546875 1 14.348199844360352 8.9542854690551756 0 0 0 0 0
29 1.45 1.5 341.072 4524 132488 7912 122 1 141 0.76004748137405376 10 0.9800653244878742 0.84080206335299579 214 0.79322644021060018 12 0.93647053290057825 0.80674257230114321 25 9.2392168045043945 1 13.510361671447754 7.4961637926101687 0 0 0 0 0
30 1.5 1.55 338.06599999999997 4536 137024 7922 122 1 145 0.56926461557420216 10 1.123658469652467 0.82380209144105976 221 0.71106102365899726 12 1.0397734155526033 0.83810327423182718 25 3.3989193439483643 1 9.0562677383422852 5.7820912790298458 0 0 0 0 0
31 1.55 1.6000000000000001 337.58999999999997 4473 141497 7947 122 1 150 0.60381570999137091 10 0.97581094589166617 0.75944401837977848 226 0.58131051319273741 12 0.91762592277011357 0.66899799154376649 26 4.966221809387207 1 13.23227596282959 8.4483180332183831 0 0 0 0 0
32 1.6000000000000001 1.6500000000000001 338.57999999999998 4514 146011 7958 122 1 157 0.95047396959258579 10 1.0092479735191471 0.76790780585031027 236 0.83393476786645682 12 1.0601387501367041 0.83097466882982773 27 5.6178641319274902 1 14.672153472900391 9.3548501777648934 0 0 0 0 0
33 1.6500000000000001 1.7 340.50599999999997 4526 150537 7969 122 1 161 0.77753135406932672 10 1.0001481654579125 0.80613977877444254 242 0.69595860113968722 12 0.92720460424552098 0.78524970768704194 28 6.6969060897827148 1 14.319828987121582 8.93171422958374 0 0 0 0 0
34 1.7 1.75 341.50999999999999 4472 155009 7987 122 1 167 0.92401931805409643 10 1.0628751707718742 0.80735292909575551 253 1.0295014976851038 12 1.0502987882298593 0.85897047780197378 29 9.3711099624633789 1 13.431887626647949 7.3524456548690793 0 0 0 0 0
35 1.75 1.8 337.459 4526 159535 8004 122 1 171 0.87220428675733985 10 0.92613838761769696 0.68621938204826716 258 0.75280882285693917 12 1.0765821581026791 0.81447558850325597 30 11.884225845336914 1 13.946268081665039 7.5119300937652591 0 0 0 0 0
36 1.8 1.8500000000000001 336.88299999999998 4511 164046 8018 122 1 176 0.87199484774630009 10 1.0250621467292367 0.79385819841255978 265 0.70379233466417257 12 0.98879122525938112 0.80528476722456033 31 13.884414672851562 1 14.451047897338867 8.0197473239898684 0 0 0 0 0
37 1.8500000000000001 1.9000000000000001 342.48200000000003 4461 168507 8032 122 1 182 0.95504512389502028 10 1.033506135809241 0.87015842980278746 274 0.89690577228116253 12 0.95171267685568517 0.78178417344269746 31 5.107792854309082 1 13.609484672546387 8.6891510200500495 0 0 0 0 0
38 1.9000000000000001 1.95 342.07400000000001 4552 173059 8047 122 1 186 0.80246983430069652 10 0.93613397288148237 0.7859753904659883 278 0.65055073790100393 12 0.87914584199606904 0.67633221041066183 32 6.2396202087402344 1 14.167047500610352 8.8794565010070805 0 0 0 0 0
39 1.95 2 338.99299999999999 4501 177560 8061 122 1 191 0.7718777297366366 10 0.94277354235035515 0.82393802871673871 286 0.7684330420629939 12 0.88390834259020312 0.74815734286857249 33 7.2119522094726562 1 14.52308464050293 9.0373579978942864 0 0 0 0 0
40 2 2.0499999999999998 335.87 4479 182039 8078 122 1 195 0.6880457363070932 10 0.88408040692798873 0.71791711219685905 293 0.8047158546919122 12 0.94434280283379401 0.72083560145162306 34 9.2897424697875977 1 13.858663558959961 7.9429186534881593 0 0 0 0 0
41 2.0499999999999998 2.1000000000000001 338.50200000000001 4539 186578 8086 122 1 199 0.62583684430350861 10 0.82965480792144042 0.69650949932164663 301 0.89787465649369802 12 0.89787465649369802 0.77263453013044237 35 11.523482322692871 1 14.074811935424805 7.7885230350494385 0 0 0 0 0
42 2.1000000000000001 2.1499999999999999 341.23099999999999 4508 191086 8093 122 1 205 0.86355089733675661 10 1.0169605732134239 0.71703595599018999 308 0.88333611562195402 12 0.96529664908017321 0.77115037105627393 35 4.2392539978027344 1 11.295302391052246 7.2116319942474369 0 0 0 0 0
43 2.1499999999999999 2.2000000000000002 353.60199999999998 4506 195592 8103 122 1 208 0.65647089041882989 10 0.84645145162347823 0.68120665647338374 312 0.58233352582120845 12 0.93892879772139615 0.73043512454732484 36 5.427009105682373 1 13.893038749694824 8.8240816402435307 0 0 0 0 0
44 2.2000000000000002 2.25 343.50200000000001 4543 200135 8116 122 1 213 0.6655703050624312 10 1.0129723162467048 0.78464198977050392 321 0.76560034613814076 12 0.95440638701696556 0.79153261244388262 37 6.4451413154602051 1 14.343918800354004 8.9920154666900629 0 0 0 0 0
45 2.25 2.3000000000000003 339.38299999999998 4544 204679 8130 123 1 219 0.8702483977877995 10 1.0141279734749764 0.74974286574886762 327 0.68781026627768516 12 0.81449390421436652 0.72566351042347355 38 7.8046331405639648 1 14.220967292785645 8.654055480957032 0 0 0 0 0
46 2.3000000000000003 2.3500000000000001 335.596 4551 209230 8143 128 1 223 0.73315872626023948 10 0.98966065881686904 0.77064401700175555 335 0.8315225556367738 12 0.88917745472631271 0.72258491838443661 39 9.9181594848632812 1 13.934494972229004 7.9075347709655759 0 0 0 0 0
47 2.3500000000000001 2.3999999999999999 335.07400000000001 4522 213752 8157 128 1 229 0.87575844793722579 10 1.0140836474091177 0.81120240656728138 342 0.74869255150377134 12 0.98955808096199593 0.83876124010436737 40 10.983277320861816 1 14.825872421264648 8.9454957675933837 0 0 0 0 0
48 2.3999999999999999 2.4500000000000002 335.07499999999999 4493 218245 8166 128 1 234 0.90659553307440055 10 0.92490995520182251 0.76312105397589225 347 0.57901477467008722 12 0.91070850194966768 0.70852725615070034 41 12.477309226989746 1 14.642257690429688 8.5208577823638922 0 0 0 0 0
49 2.4500000000000002 2.5 337.04899999999998 4459 222704 8176 128 1 238 0.73165066288086067 10 0.95920746490533759 0.80812200404753132 354 0.69045184589757058 12 0.82662086914605226 0.64643033706744324 42 13.729609489440918 1 14.873106956481934 8.7601815795898439 0 0 0 0 0
50 2.5 2.5500000000000003 339.85599999999999 4556 227260 8180 128 1 244 0.94338695589625599 10 1.0365570973313241 0.74275485446819745 362 0.70812618877108247 12 1.1675024067833137 0.8473666152211724 42 5.0508441925048828 1 13.457745552062988 8.5922724246978763 0 0 0 0 0
51 2.5500000000000003 2.6000000000000001 339.358 4486 231746 8191 128 1 248 0.79427074724854663 10 0.92470665586428202 0.78255068572695097 370 0.79242175411523386 12 0.97145945072474349 0.78140951436509065 43 5.6489968299865723 1 14.753458023071289 9.4078111457824711 0 0 0 0 0
52 2.6000000000000001 2.6499999999999999 333.51499999999999 4514 236260 8200 128 1 254 0.89508532910517646 10 1.0295931536099605 0.85257112443177574 376 0.65199722154746009 12 0.91602179662676264 0.78767361096309496 44 6.7083587646484375 1 14.344318389892578 8.9511970329284676 0 0 0 0 0
53 2.6499999999999999 2.7000000000000002 398.21199999999999 4496 240756 8206 128 1 258 0.64079073118931384 10 1.1218144098943259 0.8866809434149292 385 0.83199802152733082 12 1.0391400280384981 0.79476607856685755 45 8.7179937362670898 1 13.809944152832031 8.0103934526443474 0 0 0 0 0
54 2.7000000000000002 2.75 336.47800000000001 4564 245320 8223 128 1 263 0.58074397132564048 10 1.2417906163242283 0.85309914291942679 394 0.95381425807088915 12 1.07542251188566 0.85237074648133904 46 10.254170417785645 1 14.40656852722168 8.4791359615325934 0 0 0 0 0
55 2.75 2.8000000000000003 334.928 4461 249781 8233 128 1 270 0.81920577609369616 10 1.1356591615415959 0.87502589159102262 401 0.84714117350443774 12 1.0986827562047119 0.86236669895169316 47 10.819297790527344 1 15.200543403625488 9.4405071067810056 0 0 0 0 0
56 2.8000000000000003 2.8500000000000001 340.53899999999999 4552 254333 8245 128 1 275 0.87135968771253025 10 0.89739309405064682 0.74201668974674972 408 0.83727061439941108 12 0.88045326019377712 0.76652894586067222 48 12.086174011230469 1 14.7620849609375 8.7457498264312736 0 0 0 0 0
57 2.8500000000000001 2.8999999999999999 334.00700000000001 4545 258878 8260 128 1 279 0.74006527635670694 10 1.0112589379507166 0.76490644241495565 415 0.80570297208705111 12 0.94293094360512664 0.78800973783725359 48 4.4462575912475586 1 11.84685230255127 7.5637773227691651 0 0 0 0 0
58 2.8999999999999999 2.9500000000000002 341.495 4505 263383 8272 128 1 285 0.90633108177119825 10 0.96237542066310233 0.78777220271825099 421 0.70958207652375505 12 0.85079176924555211 0.74381158223495281 49 5.3515167236328125 1 14.258874893188477 9.1037631416320792 0 0 0 0 0
59 2.9500000000000002 3 340.77600000000001 4530 267913 8284 128 1 289 0.82232029838783527 10 0.91418475229737417 0.71809406882514759 432 1.0321752451158859 12 1.0856629953996555 0.8698110643504442 50 6.2429337501525879 1 14.460922241210938 9.11746693611145 0 0 0 0 0
60 3 3.0500000000000003 337.637 4539 272452 8291 128 1 294 0.82369997255533833 10 0.94723000069563112 0.79228485119751024 437 0.74869340545422325 12 1.0987372509128339 0.8211970966055584 51 7.2131729125976562 1 14.525539398193359 9.0394330120086668 0 0 0 0 0
61 3.0500000000000003 3.1000000000000001 336.22899999999998 4528 276980 8307 128 1 299 0.84023696322147479 10 0.97255448777494757 0.77727866630639131 443 0.67079036102907075 12 0.92753246097347219 0.72577539785689582 52 8.9037036895751953 1 14.104124069213867 8.3263161945343018 0 0 0 0 0
62 3.1000000000000001 3.1499999999999999 342.33199999999999 4505 281485 8317 128 1 304 0.83629983620780968 10 1.0564181805895054 0.79754876866680802 451 0.73877665012370086 12 0.92785367567998334 0.79755615319991235 53 9.5256156921386719 1 15.089279174804688 9.3842857360839851 0 0 0 0 0
63 3.1499999999999999 3.2000000000000002 338.017 4504 285989 8323 128 1 308 0.64289893251112695 10 1.0351887762522058 0.82639408285763205 458 0.67829808026829075 12 0.97384328762245542 0.81663258877081935 54 12.643740653991699 1 13.696800231933594 6.9129508829116819 0 0 0 0 0
64 3.2000000000000002 3.25 335.81099999999998 4502 290491 8331 128 1 314 0.79143680135325301 10 1.0683278015697555 0.80532354932304673 467 0.84673074130629622 12 1.0036771421817861 0.80621894949655115 54 4.6513724327087402 1 12.393378257751465 7.9127112293243407 0 0 0 0 0
65 3.25 3.3000000000000003 335.11599999999999 4498 294989 8334 128 1 320 0.93378985354217825 10 1.0741139299459339 0.8114466828558955 474 0.68598010088946371 12 1.0945438640484761 0.91590543263560975 55 6.5303149223327637 1 13.416091918945312 8.1397841262817376 0 0 0 0 0
66 3.3000000000000003 3.3500000000000001 336.459 4485 299474 8344 128 1 324 0.68945082508058941 10 1.1038678566526523 0.87682453135201144 480 0.57439019406164016 12 1.0000115774773262 0.75912644813189645 56 8.0577173233032227 1 14.106420516967773 8.4878200531005863 0 0 0 0 0
67 3.3500000000000001 3.3999999999999999 340.04899999999998 4569 304043 8354 128 1 330 0.86184814674426691 10 0.93362893562458982 0.78170173463707515 489 0.81638193223122002 12 0.97738658552234237 0.73339301437783855 57 10.298859596252441 1 13.902004241943359 7.78119348526001 0 0 0 0 0
68 3.3999999999999999 3.4500000000000002 336.24700000000001 4559 308602 8360 128 1 334 0.74708087444220872 10 0.86699594367309729 0.74854418458023642 495 0.71643734614591337 12 0.91587868413409668 0.74759715473531108 58 12.928201675415039 1 14.004952430725098 7.3968632984161378 0 0 0 0 0
69 3.4500000000000002 3.5 337.887 4421 313023 8363 128 1 339 0.75915077233478778 10 0.93460590490734774 0.78170127099652642 505 0.91763108230724533 12 1.033613553854662 0.88189254303790032 58 4.7560205459594727 1 12.672205924987793 8.0907335472106929 0 0 0 0 0
70 3.5 3.5500000000000003 335.34300000000002 4536 317559 8370 128 1 343 0.64753866539864757 10 0.87408567479130472 0.74542042348869852 511 0.7958931191522326 12 0.89946077745407815 0.76917333834114909 59 5.6952457427978516 1 14.291019439697266 9.0701353740692134 0 0 0 0 0
71 3.5500000000000003 3.6000000000000001 334.56700000000001 4531 322090 8378 128 1 349 0.87667212817749995 10 0.98844503253449734 0.72553105537469686 519 0.91637966099220358 12 0.95377781339165935 0.74557917980070709 60 6.6336879730224609 1 14.47120189666748 9.0709107494354253 0 0 0 0 0
72 3.6000000000000001 3.6499999999999999 337.09199999999998 4523 326613 8387 128 1 355 0.85239931525853818 10 1.1619567418927799 0.97641187390641049 525 0.81785202272758639 12 0.91979005430019589 0.74619437940791888 61 8.2099943161010742 1 14.088398933410645 8.4394067668914801 0 0 0 0 0
73 3.6499999999999999 3.7000000000000002 337.06 4508 331121 8389 128 1 359 0.76561578875599923 10 0.85922975205025698 0.72083922695537406 531 0.70243375561030175 12 0.88834208137815118 0.76291666708663886 62 10.354879379272461 1 13.977622985839844 7.8764918899536136 0 0 0 0 0
74 3.7000000000000002 3.75 342.34399999999999 4530 335651 8392 128 1 364 0.79434070039847371 10 0.8956165611905198 0.76521217319295365 542 1.0352589230858595 12 1.0775086541219641 0.85968112992669754 62 3.809349536895752 1 10.149839401245117 6.4802971887588505 0 0 0 0 0
75 3.75 3.8000000000000003 346.99900000000002 4479 340130 8401 128 1 369 0.78482802898690973 10 1.0385373651120287 0.80306871643564193 548 0.80084249006735309 12 1.102862311698295 0.88072876955778323 63 5.1172113418579102 1 13.634578704833984 8.7051731491088873 0 0 0 0 0
76 3.8000000000000003 3.8500000000000001 347.10500000000002 4529 344659 8406 128 1 375 0.90314922724408397 10 0.95230251763794249 0.83523899187145811 554 0.67961828322023954 12 0.8961550764135412 0.76866474429981113 64 6.6062602996826172 1 13.846294403076172 8.5257898426055903 0 0 0 0 0
77 3.8500000000000001 3.8999999999999999 334.70499999999998 4488 349147 8414 128 1 378 0.66451839676996327 10 0.9267663797823622 0.71244298971009679 562 0.70619387062820227 12 1.0753895266635998 0.83855418378920143 65 8.8066949844360352 1 13.674216270446777 7.8214959955215457 0 0 0 0 0
78 3.8999999999999999 3.9500000000000002 336.23599999999999 4540 353687 8420 128 1 384 0.72790305665350807 10 1.095380031992133 0.8896280839836751 570 0.77732262828865561 12 0.93394884789312205 0.7944449473200621 66 12.198290824890137 1 13.481196403503418 6.6422065019607546 0 0 0 0 0
79 3.9500000000000002 4 354.32600000000002 4492 358179 8427 128 1 389 0.73082004911054155 10 1.0586341783509519 0.79076293524659358 577 0.72111103293058032 12 1.0439270125853048 0.81240819466436232 66 4.4875035285949707 1 11.956748962402344 7.6339422512054442 0 0 0 0 0
80 4 4.0499999999999998 334.68200000000002 4455 362634 8432 128 1 394 0.77168239685451634 10 0.8876460167479977 0.75319567229675011 585 0.81842082906010993 12 0.96316066174893766 0.76852486571085621 67 5.7574877738952637 1 13.880718231201172 8.7426741409301751 0 0 0 0 0
81 4.0499999999999998 4.0999999999999996 335.86700000000002 4577 367211 8437 128 1 400 0.9038855045731865 10 1.0397157718410073 0.82149548396796535 591 0.7632118939547925 12 0.8605189755861018 0.70330740901555955 68 6.656585693359375 1 14.521152496337891 9.1098634052276619 0 0 0 0 0
82 4.0999999999999996 4.1500000000000004 341.64600000000002 4494 371705 8440 128 1 405 0.90302254266747273 10 1.0084006769558731 0.79450512864377376 597 0.6706398447019023 12 0.89642185312569944 0.74029802209954421 69 7.3653454780578613 1 14.831979751586914 9.2983042526245114 0 0 0 0 0
83 4.1500000000000004 4.2000000000000002 338.50999999999999 4523 376228 8443 128 1 410 0.98145458931142793 10 1.007587946948391 0.71600048542954897 605 0.76936461062145389 12 0.90285772712385226 0.76712403417298125 70 9.8989152908325195 1 13.63206958770752 7.4916799736022952 0 0 0 0 0
84 4.2000000000000002 4.25 336.589 4510 380738 8452 128 1 415 0.93657112349149219 10 1.0631501495321705 0.83808702754244246 611 0.7758603815983578 12 0.80752381634099313 0.6422176535805133 71 11.275528907775879 1 14.623571395874023 8.6371061992645259 0 0 0 0 0
85 4.25 4.2999999999999998 335.61200000000002 4545 385283 8460 128 1 419 0.75588991914273307 10 1.050967524871383 0.81380109752088647 618 0.73525702783395852 12 0.9535769096236657 0.79695544479968117 72 13.287500381469727 1 14.394176483154297 8.0080848979949959 0 0 0 0 0
86 4.2999999999999998 4.3500000000000005 339.21300000000002 4525 389808 8463 128 1 425 0.89437143402838126 10 1.0439116863139395 0.81527947163505166 626 0.82956156314050189 12 0.90555416754741114 0.77150017046123542 72 4.8882012367248535 1 13.02439022064209 8.3155915832519529 0 0 0 0 0
87 4.3500000000000005 4.4000000000000004 336.48899999999998 4500 394308 8469 128 1 429 0.79615521549307489 10 0.87666168789967625 0.73215797810812577 634 0.84279838856258527 12 0.99179831630874005 0.8517599491079616 73 6.9154386520385742 1 13.379937171936035 7.9929651308059695 0 0 0 0 0
88 4.4000000000000004 4.4500000000000002 342.44600000000003 4526 398834 8473 128 1 434 0.80970237626758446 10 1.0461387218003928 0.78023875662739295 640 0.75910111429402605 12 0.86276911814016488 0.73151188738721762 74 8.199397087097168 1 14.35445499420166 8.7288385581970207 0 0 0 0 0
89 4.4500000000000002 4.5 335.14400000000001 4482 403316 8478 128 1 439 0.86022450072359224 10 0.91341779944944479 0.74363219266265645 647 0.85349199092690986 12 0.85349199092690986 0.66330665278725776 75 9.1427545547485352 1 14.775369644165039 9.0660426425933842 0 0 0 0 0
90 4.5 4.5499999999999998 341.12099999999998 4553 407869 8482 128 1 444 0.79151276256269898 10 1.0900140197638546 0.86167786823035375 653 0.74651190881781682 12 0.93021104976489144 0.75456251432114041 76 10.000044822692871 1 14.918310165405273 9.1512535095214851 0 0 0 0 0
91 4.5499999999999998 4.6000000000000005 337.28800000000001 4503 412372 8486 128 1 449 0.81389588997254692 10 0.9176304536938249 0.77149083938517204 658 0.58052315600017113 12 0.87716025561422994 0.70487505150280105 77 11.013401985168457 1 14.866537094116211 8.9967427539825433 0 0 0 0 0
92 4.6000000000000005 4.6500000000000004 338.452 4457 416829 8492 129 1 454 0.70141883133848248 10 1.1382795517479232 0.90500690388894445 668 0.86505645560556865 12 0.97534838751216724 0.79938355451942311 78 12.832704544067383 1 14.468832015991211 8.1988301467895504 0 0 0 0 0
93 4.6500000000000004 4.7000000000000002 336.11700000000002 4528 421357 8505 129 1 459 0.68534209996961581 10 1.0856324226740897 0.80956725407074914 675 0.7969715785961472 12 0.9683571654919132 0.82416311204502024 78 4.7208919525146484 1 12.57859992980957 8.0309713268280021 0 0 0 0 0
94 4.7000000000000002 4.75 337.00900000000001 4471 425828 8509 129 1 464 0.73704865339712389 10 1.0029785519781078 0.74245956126206381 685 1.1126334748316693 12 1.1126334748316693 0.76856520281739604 79 6.8538913726806641 1 13.26085090637207 7.8882603788375851 0 0 0 0 0
95 4.75 4.7999999999999998 337.86399999999998 4512 430340 8515 129 1 470 0.84308500895940275 10 1.0370049287477863 0.84740141810810199 689 0.75252083247812562 12 1.0906018583039354 0.7889561042416372 80 10.00416374206543 1 13.236806869506836 6.8811228752136229 0 0 0 0 0
96 4.7999999999999998 4.8500000000000005 337.29000000000002 4467 434807 8519 129 1 475 0.91627505090691308 10 0.95366895388240602 0.72119017173696309 696 0.77457301798995415 12 0.84275894937726159 0.7349243234268823 80 3.6803276538848877 1 9.8060684204101562 6.2608112430572511 0 0 0 0 0
97 4.8500000000000005 4.9000000000000004 337.08100000000002 4541 439348 8523 129 1 478 0.65698445411025319 10 0.91642176348192761 0.73289681871850831 703 0.75510540650777036 12 0.96504757328146717 0.77603043554748208 81 5.0697460174560547 1 13.508111953735352 8.6244287776947015 0 0 0 0 0
98 4.9000000000000004 4.9500000000000002 339.30000000000001 4490 443838 8525 129 1 484 0.82128830514282603 10 0.92433955082870445 0.78971458649868242 709 0.67364727963153492 12 0.83482653918486949 0.72929490995398683 82 5.9716811180114746 1 14.397121429443359 9.107053527832031 0 0 0 0 0
99 4.9500000000000002 5 337.84199999999998 4534 448372 8531 129 1 489 0.8316498938061887 10 1.0321897178417059 0.78339247129045742 717 0.80844394688724419 12 0.88177738724644628 0.73141161041143987 83 7.4174036979675293 1 14.066961288452148 8.5686860561370857 0 0 0 0 0
100 5 5.0499999999999998 334.97399999999999 4505 452877 8536 129 1 495 0.94022367492558157 10 0.98172138607698789 0.84488933881129769 724 0.75580259236424763 12 0.91523087373434653 0.80887343922822341 84 8.6148576736450195 1 14.490427017211914 8.8144800376892096 0 0 0 0 0
101 5.0499999999999998 5.1000000000000005 336.15899999999999 4517 457394 8542 129 1 500 0.94864353490255515 10 1.027653249483274 0.78531486469604017 730 0.66805256998918328 12 0.91417118929367547 0.73552417462601882 85 10.076686859130859 1 14.443210601806641 8.5527403259277346 0 0 0 0 0
102 5.1000000000000005 5.1500000000000004 339.298 4511 461905 8545 129 1 504 0.84343593555783947 10 0.93383702588460848 0.73907966391435576 739 0.81451892217891897 12 0.99485559624987696 0.82796633493248295 86 10.896364212036133 1 15.005681991577148 9.1884939765930174 0 0 0 0 0
103 5.1500000000000004 5.2000000000000002 336.38999999999999 4563 466468 8546 129 1 509 0.75648832865177806 10 1.1891560554504428 0.8797318563054507 745 0.6724768123813315 12 0.97535385510788097 0.78927513222454659 87 12.615772247314453 1 14.511590957641602 8.2977311134338372 0 0 0 0 0
104 5.2000000000000002 5.25 337.78199999999998 4481 470949 8549 129 1 514 0.7341113336502566 10 1.0064713881602378 0.81580480536771294 751 0.67271036836884768 12 0.78950379489533706 0.64841749021417394 88 13.248306274414062 1 15.239177703857422 9.3737706851959235 0 0 0 0 0
105 5.25 5.2999999999999998 338.41000000000003 4518 475467 8559 129 1 519 0.71917440115459408 10 1.0315984695676779 0.80843885813440663 759 0.75792717848857083 12 0.88943571950247968 0.78049741280941154 88 4.8737812042236328 1 12.98597240447998 8.2910614967346188 0 0 0 0 0
106 5.2999999999999998 5.3500000000000005 339.68200000000002 4510 479977 8562 129 1 524 0.75216106999488119 10 0.95330240234496122 0.76099279023825206 766 0.68091096120225358 12 1.0363200746522603 0.83300540086310848 89 5.8995885848999023 1 14.223316192626953 8.9844139480590819 0 0 0 0 0
107 5.3500000000000005 5.4000000000000004 340.13299999999998 4480 484457 8566 129 1 529 0.70739238271637572 10 1.0131597298951376 0.8379732643115142 775 0.88671878021896655 12 0.94644972308149133 0.76921614942722172 90 6.5309033393859863 1 14.828411102294922 9.3749771499633781 0 0 0 0 0
108 5.4000000000000004 5.4500000000000002 344.10599999999999 4543 489000 8568 129 1 535 0.88201946389698793 10 0.90739305299662409 0.77949433248726607 781 0.72668769617338469 12 0.90550857524614126 0.80708474595223789 91 7.7285909652709961 1 14.36689281463623 8.8142473030090329 0 0 0 0 0
109 5.4500000000000002 5.5 345.76799999999997 4511 493511 8579 129 1 540 0.85176047709371361 10 0.97975770456509459 0.8236081852370668 789 0.83191002301267691 12 0.94011566477852926 0.76069125080108679 92 8.7293357849121094 1 14.6829833984375 9.0092266082763679 0 0 0 0 0
110 5.5 5.5499999999999998 337.10500000000002 4514 498025 8583 129 1 545 0.82192319298961336 10 1.1094801602737299 0.82319074804244186 797 0.91220685944363877 12 0.93063465131295697 0.7853682455082196 93 9.7165412902832031 1 14.788201332092285 9.022631740570068 0 0 0 0 0
111 5.5499999999999998 5.6000000000000005 337.07499999999999 4484 502509 8589 129 1 549 0.71197968598137362 10 0.92338780197314918 0.74376842696090351 801 0.66933169163562156 12 0.89414397470048956 0.67288716202209131 94 10.481972694396973 1 15.024118423461914 9.2421947956085209 0 0 0 0 0
112 5.6000000000000005 5.6500000000000004 339.07600000000002 4554 507063 8599 129 1 555 0.8743174561984941 10 1.0921933712310246 0.79166111218046398 809 0.76261837279071676 12 0.93146409098360994 0.77250777148092942 95 12.12583065032959 1 14.517253875732422 8.3725255966186527 0 0 0 0 0
113 5.6500000000000004 5.7000000000000002 341.70699999999999 4452 511515 8608 129 1 560 0.93993250575121712 10 0.97829184908187017 0.72868976216996562 814 0.64221454399663047 12 0.79998210746090159 0.65974434589403319 96 13.600306510925293 1 14.733035087585449 8.5402191352844241 0 0 0 0 0
114 5.7000000000000002 5.75 337.24299999999999 4518 516033 8611 129 1 564 0.82550473114367506 10 0.92132061946142041 0.74820795230007098 824 0.93126802634749861 12 1.0292102894368205 0.79490848480381471 96 5.0032734870910645 1 13.331002235412598 8.5113500595092777 0 0 0 0 0
115 5.75 5.7999999999999998 335.286 4579 520612 8616 129 1 568 0.670609926971381 10 1.0004322397560048 0.78827176428028056 830 0.79322297041480605 12 0.91282767647424257 0.78531794382158571 97 7.4959497451782227 1 13.122950553894043 7.5321663522720339 0 0 0 0 0
116 5.7999999999999998 5.8500000000000005 343.64499999999998 4503 525115 8619 129 1 573 0.68792751214150771 10 1.0262671157247858 0.77650582319231831 837 0.77209224712002922 12 0.89311062796796492 0.77767690113534171 98 9.1339950561523438 1 14.182415008544922 8.3782822895050053 0 0 0 0 0
117 5.8500000000000005 5.9000000000000004 338.49400000000003 4495 529610 8623 129 1 577 0.64946198989703896 10 0.78618226266839231 0.6730027083488116 845 0.8380015175563057 12 1.0233031581281811 0.79961255640279805 99 10.69480037689209 1 14.436468124389648 8.4547498416900631 0 0 0 0 0
118 5.9000000000000004 5.9500000000000002 342.40499999999997 4547 534157 8632 129 1 582 0.75767837496173274 10 0.89448329307418362 0.68651296590523703 849 0.5732505868755382 12 0.82165682579680166 0.69454478213144466 100 12.715497970581055 1 14.33668327331543 7.9994435977935794 0 0 0 0 0
119 5.9500000000000002 6 339.74299999999999 4427 538584 8634 129 1 587 0.84483706977087947 11 0.89707884539557436 0.70736082011064061 857 0.73079916290778391 12 0.84061907881342279 0.70888645928527383 100 4.6777715682983398 1 12.463714599609375 7.9576193237304684 0 0 0 0 0
120 6 6.0499999999999998 344.68799999999999 4580 543164 8637 129 1 592 0.80937093090908063 11 1.0850376746990207 0.82876345296362186 864 0.74285520484114087 12 0.87174862981514334 0.7448208129793088 101 5.4366869926452637 1 14.485805511474609 9.2486513805389396 0 0 0 0 0
121 6.0499999999999998 6.1000000000000005 339.04700000000003 4510 547674 8639 129 1 596 0.6256182999239227 11 0.9978450173736082 0.81684192884948037 871 0.74791019608607245 12 0.89115201169884495 0.75175210330836606 102 5.8675227165222168 1 15.02073860168457 9.5734620285034175 0 0 0 0 0
122 6.1000000000000005 6.1500000000000004 339.86500000000001 4526 552200 8643 129 1 601 0.58539029238543283 11 1.1788310719313124 0.8334778042079718 880 0.92080650422135113 12 0.92080650422135113 0.80179981037228876 103 6.6970672607421875 1 14.609457969665527 9.1787263298034674 0 0 0 0 0
123 6.1500000000000004 6.2000000000000002 338.58300000000003 4483 556683 8647 129 1 606 0.70795888645671468 11 0.79831795178755904 0.67230376557859373 886 0.75496582394163758 12 0.97421706956376664 0.81283652991782429 104 8.0070819854736328 1 14.300948143005371 8.7030459117889407 0 0 0 0 0
124 6.2000000000000002 6.25 340.55599999999998 4514 561197 8650 129 1 610 0.59177724253714437 11 0.93034648787154939 0.7499443656797683 895 0.94371786165661553 12 0.96278222524309276 0.78610213896535297 105 9.0720071792602539 1 14.661035537719727 8.9456887149810793 0 0 0 0 0
125 6.25 6.2999999999999998 335.86099999999999 4480 565677 8652 129 1 615 0.64323901429909058 11 1.0053523650389642 0.7427018685143193 902 0.87363133156621775 12 1.0303003858875583 0.82614495367139607 106 11.282872200012207 1 14.059324264526367 7.8111692619323732 0 0 0 0 0
126 6.2999999999999998 6.3500000000000005 338.577 4500 570177 8657 129 1 621 0.88460459694665738 11 0.90247476783891656 0.71342093244466842 909 0.78350167773865365 12 0.98576089610924589 0.8459881181588047 107 13.663187980651855 1 14.220792770385742 7.6434074306488036 0 0 0 0 0
127 6.3500000000000005 6.4000000000000004 338.60000000000002 4549 574726 8660 129 1 626 0.86803018963157075 11 0.97671446235777237 0.8100600862175501 918 0.97283981655900542 12 1.03299682142364 0.78552188377605892 107 5.0264067649841309 1 13.39263916015625 8.5507026863098137 0 0 0 0 0
128 6.4000000000000004 6.4500000000000002 345.44 4456 579182 8665 129 1 631 0.87349610685077184 11 1.0457646136196792 0.78823943727380485 924 0.76662054433411841 12 1.0667142282466631 0.85281267295556296 108 6.4793195724487305 1 13.854571342468262 8.5615667247772222 0 0 0 0 0
129 6.4500000000000002 6.5 344.08499999999998 4531 583713 8670 129 1 635 0.73900949170512731 11 0.98165519886710972 0.76806691117416948 932 0.9352382427005953 12 0.99307014161871898 0.69792766684097396 109 7.3001327514648438 1 14.700657844543457 9.1873673248291023 0 0 0 0 0
130 6.5 6.5499999999999998 339.83800000000002 4515 588228 8675 129 1 641 0.88388975773187184 11 1.0372542092956529 0.80894460300961091 941 0.98085085801981586 12 1.0342992690769401 0.92781493723332065 110 8.57171630859375 1 14.417861938476562 8.7410891151428221 0 0 0 0 0
131 6.5499999999999998 6.6000000000000005 347.83699999999999 4464 592692 8678 129 1 646 0.90996354024905823 11 1.0259809968503357 0.76783687333335093 948 0.86406041997912764 12 1.0819474689058355 0.87238321524495988 111 10.342715263366699 1 14.24323844909668 8.2466524505615233 0 0 0 0 0
132 6.6000000000000005 6.6500000000000004 345.14699999999999 4553 597245 8682 129 1 649 0.66151243559839801 11 0.94816512919018869 0.72216542570420783 956 0.91326204434641312 12 0.96973495320794545 0.81615360420725802 112 11.438793182373047 1 14.83531379699707 8.9148454475402836 0 0 0 0 0
133 6.6500000000000004 6.7000000000000002 347.40199999999999 4455 601700 8688 129 1 654 0.68242758776231571 11 0.90702854250971965 0.7729440807710215 960 0.57291360855530449 12 0.93246574156439388 0.76938884137009567 113 13.912711143493652 1 14.193766593933105 7.5507364463806148 0 0 0 0 0
134 6.7000000000000002 6.75 343.77699999999999 4503 606203 8692 129 1 658 0.70842341331016578 11 0.75042740884768822 0.60918384424720706 969 0.79560102979035896 12 0.87533998753170705 0.75250492976032002 113 5.1182031631469727 1 13.637221336364746 8.7068609237670902 0 0 0 0 0
135 6.75 6.7999999999999998 340.82799999999997 4480 610683 8695 129 1 663 0.74996502651001018 11 0.91600928659496061 0.75252325886691418 974 0.58737440894552939 12 0.88688123907038086 0.74669197035025248 114 7.1034283638000488 1 13.471508979797363 8.0345629644393917 0 0 0 0 0
136 6.7999999999999998 6.8500000000000005 338.09300000000002 4479 615162 8701 129 1 668 0.72951985897906857 11 0.97635414590797232 0.81389222536787853 984 0.8786136037968193 12 0.97289806979140458 0.79274449482023568 115 9.6602020263671875 1 13.572076797485352 7.4687063980102542 0 0 0 0 0
137 6.8500000000000005 6.9000000000000004 339.274 4571 619733 8706 129 1 673 0.74068626656266168 11 1.083093987599457 0.78259560373270598 991 0.85227395349860224 12 0.92325733714840041 0.78283397440969493 116 11.49925708770752 1 14.328956604003906 8.1792735385894773 0 0 0 0 0
138 6.9000000000000004 6.9500000000000002 341.83300000000003 4537 624270 8708 129 1 677 0.68862032938643047 11 0.84108266293419987 0.68646781076408692 997 0.74132738571285228 12 0.87254408377767823 0.75848952205779252 117 13.742793083190918 1 14.303647041320801 7.7788278198242189 0 0 0 0 0
139 6.9500000000000002 7 342.56099999999998 4531 628801 8715 129 1 682 0.69770829444640958 11 0.9252431609052395 0.78465344414790805 1006 0.92248296999174961 12 0.989828700777862 0.79362285860873893 117 5.055692195892334 1 13.470667839050293 8.6005215740203855 0 0 0 0 0
140 7 7.0499999999999998 339.77600000000001 4513 633314 8721 129 1 688 0.84216652870331854 11 1.0317059617913704 0.8093623834163336 1011 0.72150664035851864 12 0.93574354227295053 0.73951400819624113 118 6.1341056823730469 1 14.208836555480957 8.9323332977294925 0 0 0 0 0
141 7.0499999999999998 7.1000000000000005 335.72399999999999 4481 637795 8725 129 1 692 0.73680632998468309 11 0.91917712862297252 0.73923075746639266 1017 0.62396159418885777 12 0.93465506086938599 0.74522149987757436 119 7.6902108192443848 1 14.012474060058594 8.4594031620025643 0 0 0 0 0
142 7.1000000000000005 7.1500000000000004 337.892 4498 642293 8725 129 1 697 0.64173690857334265 11 1.2358450965484997 0.88777280851930285 1027 0.94201849150689454 12 0.98046300174618217 0.76619395854620231 120 9.7365274429321289 1 13.955649375915527 7.9740759658813474 0 0 0 0 0
143 7.1500000000000004 7.2000000000000002 339.60199999999998 4505 646798 8732 132 1 702 0.66464329523079113 11 0.89996358327172132 0.77097274939773042 1033 0.73275689897646012 12 1.0168475755879887 0.85582469477530421 121 12.018653869628906 1 14.104021072387695 7.7406156158447263 0 0 0 0 0
144 7.2000000000000002 7.25 337.73899999999998 4544 651342 8734 132 1 707 0.74430213655864053 11 0.90909259092386407 0.71478585022040175 1040 0.71418490483524788 12 0.95172274116788946 0.77514364528096724 122 14.126030921936035 1 14.411396026611328 7.9136254787445068 0 0 0 0 0
145 7.25 7.2999999999999998 337.30599999999998 4480 655822 8736 132 1 711 0.62211301757273763 11 1.0121521869360381 0.75589209072721619 1048 0.87969154732648125 12 0.91559241505180156 0.70100766031549544 122 5.1966781616210938 1 13.846317291259766 8.8403599452972408 0 0 0 0 0
146 7.2999999999999998 7.3500000000000005 341.642 4532 660354 8740 132 1 717 0.77865247310170227 11 0.98526146298401407 0.79740170515273445 1054 0.66173816378412209 12 1.0198928199143495 0.86442983616627345 123 6.0183782577514648 1 14.509699821472168 9.1864903640747073 0 0 0 0 0
147 7.3500000000000005 7.4000000000000004 345.74299999999999 4532 664886 8746 132 1 722 0.84048482539167768 11 0.86170723703187146 0.73243461213424765 1061 0.71954346291911786 12 0.79339960559500167 0.69952760054861185 124 7.130561351776123 1 14.359184265136719 8.89890103340149 0 0 0 0 0
148 7.4000000000000004 7.4500000000000002 343.45800000000003 4467 669353 8751 132 1 727 0.84847475328144883 11 0.9566525296559657 0.7857404932711235 1069 0.73555193758074122 12 1.0695654311216969 0.84901598423051883 125 7.5397114753723145 1 15.183110237121582 9.594928255081177 0 0 0 0 0
149 7.4500000000000002 7.5 342.14800000000002 4582 673935 8755 132 1 731 0.77472266673096457 11 0.94039427429912725 0.70793769179356902 1077 0.8275104966517669 12 0.91055211879240361 0.77382283746160307 126 9.0238313674926758 1 14.294413566589355 8.5306706619262691 0 0 0 0 0
150 7.5 7.5499999999999998 345.96499999999997 4452 678387 8757 132 1 735 0.71308457567578565 11 0.80400055114712377 0.69594445513827963 1083 0.70593303178929212 12 0.96758672830527381 0.76901447164509451 127 10.090365409851074 1 14.754980087280273 8.9440977001190181 0 0 0 0 0
151 7.5499999999999998 7.6000000000000005 344.245 4529 682916 8758 132 1 740 0.7598652901157511 11 0.9097239169336514 0.74733628944035702 1091 0.77048854076190698 12 0.94586371386638135 0.80095285525896032 128 11.345959663391113 1 14.714916229248047 8.7569200801849369 0 0 0 0 0
152 7.6000000000000005 7.6500000000000004 343.85300000000001 4504 687420 8761 132 1 744 0.68912180454011995 11 0.83109336940660461 0.70495909488153896 1098 0.79988534613629558 12 0.83318826527866108 0.72765289287659285 128 4.1739473342895508 1 11.121294975280762 7.1005347728729244 0 0 0 0 0
153 7.6500000000000004 7.7000000000000002 347.89499999999998 4479 691899 8765 132 1 749 0.66547151501216595 11 1.1193412031446186 0.81706543498569095 1104 0.69566882054077372 12 0.90223371403593944 0.75182658528361546 129 6.0740346908569336 1 13.250330924987793 8.118851528167724 0 0 0 0 0
154 7.7000000000000002 7.75 342.69499999999999 4547 696446 8770 132 1 755 0.87444519996643066 11 1.1340941209641715 0.74549004962520005 1110 0.65230821120647853 12 0.81282603348364513 0.69157715747101123 130 7.7778778076171875 1 13.891585350036621 8.3131379795074469 0 0 0 0 0
155 7.75 7.7999999999999998 343.221 4494 700940 8773 132 1 760 0.8318852924165272 11 1.0042187902662489 0.83578654402778296 1119 0.86095801251662696 12 1.0150146204892736 0.76640264836274552 131 9.366520881652832 1 14.255481719970703 8.4271905517578123 0 0 0 0 0
156 7.7999999999999998 7.8500000000000005 344.012 4495 705435 8774 132 1 764 0.76834861059037463 11 0.86631060025048634 0.69782406651784468 1125 0.72380882497611554 12 0.90499916656650936 0.78443102708984536 132 11.71547794342041 1 14.025972366333008 7.6744522666931152 0 0 0 0 0
157 7.8500000000000005 7.9000000000000004 344.14400000000001 4524 709959 8775 132 1 769 0.80707261912406436 11 1.0202437960912312 0.75531276560965022 1133 0.77573015187704308 12 1.0060676572846137 0.81346101178599217 132 4.3098840713500977 1 11.483495712280273 7.3317852401733399 0 0 0 0 0
158 7.9000000000000004 7.9500000000000002 337.52199999999999 4478 714437 8778 132 1 772 0.63218462845635792 11 0.79109150407806272 0.64933549393737122 1141 0.81197014935130851 12 0.92392435541791684 0.82898607445320349 133 5.3764123916625977 1 14.041550636291504 8.944101963043213 0 0 0 0 0
159 7.9500000000000002 8 342.76999999999998 4553 718990 8778 132 1 776 0.54404084597315105 11 0.90967573130887647 0.72218595067778291 1146 0.65694557562270894 12 0.79589206951335412 0.69402004658714589 134 6.7970423698425293 1 13.964065551757812 8.5935287761688226 0 0 0 0 0
160 8 8.0500000000000007 336.125 4457 723447 8784 132 1 780 0.51738432227146058 11 0.87025461541045279 0.66131143857976282 1156 0.92200645347570143 12 0.94063220717504403 0.8186618608413585 135 8.0438594818115234 1 14.366636276245117 8.7656119060516353 0 0 0 0 0
161 8.0500000000000007 8.0999999999999996 337.178 4551 727998 8788 132 1 786 0.75230613019731307 11 1.0155069487435477 0.71980035554883715 1162 0.75249146494913988 12 0.93080004900694291 0.8164742325323745 136 11.566391944885254 1 13.304516792297363 6.5125740718841554 0 0 0 0 0
162 8.0999999999999996 8.1500000000000004 337.00099999999998 4525 732523 8788 132 1 791 0.76788673892853754 11 0.9432971742418077 0.77822555008388727 1170 0.80326579035939494 12 0.9059014605912018 0.81459664742648774 137 13.579131126403809 1 14.418817520141602 8.0073227024078371 0 0 0 0 0
163 8.1500000000000004 8.1999999999999993 336.25299999999999 4451 736974 8789 132 1 797 0.88432940982636954 11 1.1161122851901584 0.83709873377330735 1178 0.85393053236341987 12 0.96280396254481526 0.81470515538520583 137 4.9954843521118164 1 13.310246467590332 8.4980982208251952 0 0 0 0 0
164 8.1999999999999993 8.25 339.11599999999999 4590 741564 8793 132 1 801 0.69516396900964161 11 1.0769436548626612 0.82220077771989108 1184 0.73700174386738937 12 0.90357086731221659 0.76441209002790611 138 5.7052106857299805 1 14.605230331420898 9.2973460197448734 0 0 0 0 0
165 8.25 8.3000000000000007 338.45999999999998 4483 746047 8796 132 1 808 0.96829792809864834 11 1.0281740673004636 0.84069940705148016 1190 0.68011287228972028 12 0.89440668814664559 0.70497047107297983 139 7.0153536796569824 1 14.12718391418457 8.7029144191741938 0 0 0 0 0
166 8.3000000000000007 8.3499999999999996 342.89400000000001 4482 750529 8801 132 1 813 0.88360529475741911 11 0.99895115504189147 0.87749939623333162 1199 0.81919381529426305 12 0.99222472939086526 0.83527819003935933 140 7.8013501167297363 1 14.795106887817383 9.2218382263183596 0 0 0 0 0
167 8.3499999999999996 8.4000000000000004 335.46699999999998 4509 755038 8804 132 1 818 0.87870715818707901 11 0.97282383177015519 0.79850011920172048 1206 0.84256241987915581 12 0.86324535834278937 0.73362106430533691 141 9.1200847625732422 1 14.446884155273438 8.6944104003906251 0 0 0 0 0
168 8.4000000000000004 8.4499999999999993 336.10500000000002 4531 759569 8805 132 1 822 0.72589633057987879 11 1.0014059127323212 0.78620861587070268 1212 0.71211844549091163 12 0.94655694426989145 0.77779259716988502 142 11.461067199707031 1 13.998579025268555 7.6823480987548827 0 0 0 0 0
169 8.4499999999999993 8.5 339.15499999999997 4545 764114 8808 132 1 827 0.74976241458503023 11 1.0127876367833879 0.77002262947105227 1220 0.88822588588669971 12 0.88822588588669971 0.69051256583564813 142 4.2162928581237793 1 11.234123229980469 7.1725712203979493 0 0 0 0 0
170 8.5 8.5500000000000007 337.88999999999999 4493 768607 8813 132 1 833 0.95548964540163672 11 1.0559793488373832 0.74870401234144257 1225 0.58793084769976967 12 1.029771526703543 0.83784270143321948 143 5.341982364654541 1 13.951629638671875 8.8855308723449706 0 0 0 0 0
171 8.5500000000000007 8.5999999999999996 336.202 4538 773145 8815 132 1 837 0.76790365020907114 11 1.0760647418007019 0.82063717874506137 1234 0.75546420615277432 12 0.94136627910387982 0.80710931625246796 144 6.5954146385192871 1 14.102811813354492 8.7590611267089837 0 0 0 0 0
172 8.5999999999999996 8.6500000000000004 336.90699999999998 4454 777599 8817 132 1 843 0.9213583013486295 11 1.0182583605841038 0.80045558152099461 1239 0.58455931948236428 12 0.87205989890255076 0.70974214645998368 145 7.9696826934814453 1 14.234156608581543 8.6394283676147463 0 0 0 0 0
173 8.6500000000000004 8.7000000000000011 342.40699999999998 4534 782133 8820 132 1 847 0.71596617219112224 11 1.0931088559270379 0.83826570397922895 1249 0.8559134829791426 12 1.0329991028566075 0.81243129152561755 146 9.7025632858276367 1 14.187906265258789 8.2843894290924069 0 0 0 0 0
174 8.7000000000000011 8.75 340.28199999999998 4531 786664 8820 132 1 851 0.62094338673595639 11 0.88741918326547697 0.72899649713890613 1257 0.87880603848276917 12 0.96691653438516567 0.84220050393049528 147 11.20329475402832 1 14.529889106750488 8.5142248630523678 0 0 0 0 0
175 8.75 8.8000000000000007 336.22000000000003 4534 791198 8823 132 1 857 0.81608931076461599 11 0.92803402657857137 0.75917992087265906 1262 0.62640114039988126 12 0.91597655528300514 0.79042992835592574 148 13.445552825927734 1 14.276979446411133 7.7800880050659176 0 0 0 0 0
176 8.8000000000000007 8.8499999999999996 334.16000000000003 4469 795667 8826 132 1 862 0.90314492469769903 11 0.97836518826587715 0.70746279514977706 1271 0.8752865068413116 12 0.91100759763975403 0.72656801093832857 148 4.946345329284668 1 13.179312705993652 8.4145030498504632 0 0 0 0 0
177 8.8499999999999996 8.9000000000000004 335.26900000000001 4506 800173 8833 132 1 867 0.87490766703073553 11 1.1017727719218884 0.82160659604253594 1278 0.82821977092204868 12 0.93381513862593757 0.80335432870202783 149 6.1802248954772949 1 14.032194137573242 8.7784176158905023 0 0 0 0 0
178 8.9000000000000004 8.9500000000000011 336.18000000000001 4562 804735 8836 132 1 873 1.0032473713590806 11 1.0235143099796713 0.82532031046070486 1285 0.83689384630604369 12 0.88864446452038515 0.74816915419878971 150 7.390749454498291 1 14.299560546875 8.8015412235260015 0 0 0 0 0
179 8.9500000000000011 9 336.15300000000002 4503 809238 8838 132 1 878 0.94768386107205604 11 1.0685104969779786 0.84866059019865825 1291 0.71860362540024358 12 0.88145714964012845 0.76575998465797368 151 9.0952930450439453 1 14.122323036193848 8.312445249557495 0 0 0 0 0
180 9 9.0500000000000007 336.29500000000002 4473 813711 8841 132 1 883 0.93612138773353348 11 1.0319758109208268 0.80509801673272174 1299 0.67648681391131238 12 1.1168432679631419 0.90656183023609804 152 9.7223596572875977 1 15.095975875854492 9.3791843795776373 0 0 0 0 0
181 9.0500000000000007 9.0999999999999996 335.34100000000001 4515 818226 8841 132 1 888 0.79435645970507029 11 1.1880659187387383 0.93400289495705668 1309 1.0521020550721301 12 1.0521020550721301 0.70920933177896051 153 11.846384048461914 1 14.182696342468262 7.8971445941925049 0 0 0 0 0
182 9.0999999999999996 9.1500000000000004 337.44600000000003 4518 822744 8843 132 1 893 0.78133490468749078 11 0.96844722817568907 0.80654265270152281 1314 0.69400376522145868 12 1.0782467927217383 0.89506998395916038 154 13.682131767272949 1 14.528186798095703 8.182545471191407 0 0 0 0 0
183 9.1500000000000004 9.2000000000000011 340.72399999999999 4542 827286 8848 132 1 899 0.96443493836878202 11 1.1323249087057998 0.77110575823339089 1322 0.79038817956603158 12 0.87808517169213629 0.76944102703116035 154 5.0333766937255859 1 13.41120719909668 8.5625587272644044 0 0 0 0 0
184 9.2000000000000011 9.25 343.06200000000001 4445 831731 8849 132 1 903 0.86015490447529341 11 0.94533783190492104 0.73816138945711773 1328 0.66002183093019207 12 0.94156914965683791 0.77771573765098723 155 6.3003311157226562 1 14.021640777587891 8.7456726741790778 0 0 0 0 0
185 9.25 9.3000000000000007 342.07600000000002 4543 836274 8853 132 1 909 1.0542248314146494 11 1.0755215541005301 0.76024522609423517 1336 0.7761156513117532 12 1.026901653851461 0.74992810903846985 156 7.041506290435791 1 14.758541107177734 9.2662109470367433 0 0 0 0 0
186 9.3000000000000007 9.3499999999999996 336.30900000000003 4481 840755 8853 132 1 913 0.83401966787899529 11 1.0392524491607946 0.85293109871299233 1341 0.56778062176466892 12 0.8766875076818168 0.74679926015794251 157 9.0956258773803711 1 13.84318733215332 7.9663536167144775 0 0 0 0 0
187 9.3499999999999996 9.4000000000000004 335.18700000000001 4530 845285 8855 132 1 918 0.83975337781096737 11 0.92807098023542667 0.78797417332525399 1350 0.76395556920560426 12 1.0184342753530498 0.77875314040498989 158 13.050708770751953 1 13.314350128173828 6.0843351602554323 0 0 0 0 0
188 9.4000000000000004 9.4500000000000011 336.30200000000002 4549 849834 8857 132 1 921 0.55383383721290502 11 0.9458668501452604 0.75926046449714857 1357 0.71875999876096641 12 0.96583717993831864 0.80150176315928046 159 14.701749801635742 1 14.701749801635742 8.3654141998291021 0 0 0 0 0
189 9.4500000000000011 9.5 332.97699999999998 4452 854286 8857 132 1 926 0.59945586920681548 11 0.94958225302467747 0.74848346099306573 1364 0.70284184718510845 12 0.94723983657871991 0.77251632115134117 159 5.408473014831543 1 14.410635948181152 9.2006560039520267 0 0 0 0 0
190 9.5 9.5500000000000007 334.63099999999997 4516 858802 8857 132 1 931 0.61877045866006908 11 1.0832641087069861 0.77452881996191247 1372 0.85906541731393016 12 0.87641966893458412 0.71019834092787038 160 6.0962924957275391 1 14.697545051574707 9.3190359973907473 0 0 0 0 0
191 9.5500000000000007 9.5999999999999996 332.72000000000003 4532 863334 8860 132 1 936 0.76178669197663995 11 0.84190447896999676 0.65205991278002529 1377 0.69033584922927316 12 0.89531721254505692 0.70758855561015632 161 7.1592259407043457 1 14.416905403137207 8.9476614189147945 0 0 0 0 0
192 9.5999999999999996 9.6500000000000004 336.66000000000003 4485 867819 8863 132 1 941 0.70325894061626959 11 1.1829006471810526 0.85159534943427517 1386 0.87217691546224207 12 0.97268696068377059 0.79294418524381216 162 7.7509040832519531 1 14.996384620666504 9.4142195034027107 0 0 0 0 0
193 9.6500000000000004 9.7000000000000011 341.39800000000002 4478 872297 8866 132 1 946 0.75619246061531331 11 0.93228133259708645 0.7412448484846127 1393 0.78359164972278306 12 0.9570808796135778 0.84445919370303557 163 10.796866416931152 1 13.45372200012207 6.9843958520889284 0 0 0 0 0
194 9.7000000000000011 9.75 338.363 4523 876820 8867 132 1 950 0.73123110175208017 11 0.78252676925326548 0.65963332022414212 1401 0.88864905221782609 12 1.0243724290946596 0.76085454867874902 164 13.87260627746582 1 13.87260627746582 6.9549148082733154 0 0 0 0 0
195 9.75 9.8000000000000007 335.06900000000002 4496 881316 8869 132 1 955 0.81698708399472886 11 1.0180285362251715 0.70874944991296174 1406 0.66541943234309708 12 0.87550924571559019 0.76154535998627537 164 5.1034483909606934 1 13.597909927368164 8.6817617893219001 0 0 0 0 0
196 9.8000000000000007 9.8499999999999996 335.91399999999999 4504 885820 8871 132 1 958 0.60264666561849833 11 0.85334385814395208 0.68839473771237503 1415 0.83983115565921207 12 0.96603571775807284 0.80029954026120709 165 6.2380218505859375 1 14.163417816162109 8.8767365932464593 0 0 0 0 0
197 9.8499999999999996 9.9000000000000004 338.43700000000001 4487 890307 8875 132 1 963 0.70772427789113557 11 0.9447833864327233 0.68962040180999429 1422 0.8394203469009438 12 0.94835379030861022 0.7571634404783838 166 7.515385627746582 1 14.252781867980957 8.7353688526153572 0 0 0 0 0
198 9.9000000000000004 9.9500000000000011 349.14699999999999 4583 894890 8878 132 1 968 0.65375343915004047 11 1.0440056733636975 0.847083653153899 1429 0.75775419193472027 12 0.95033821874580149 0.83760901908568175 167 8.7698125839233398 1 14.458972930908203 8.7580762863159176 0 0 0 0 0
199 9.9500000000000011 10 334.51999999999998 4572 899462 8879 132 1 973 0.71928403801476226 11 0.88488431699007852 0.72877321150645147 1437 0.89446593458246548 12 0.93096976648273788 0.72951558462283161 168 11.833455085754395 1 13.611713409423828 6.9668907880783078 0 0 0 0 0
200 10 10.050000000000001 337.40199999999999 4413 903875 8882 132 1 979 0.82017723086225025 11 1.0361432361887073 0.85249333587460407 1443 0.77261464898978705 12 0.916380425044939 0.76928559810186703 168 4.3532857894897461 1 11.599137306213379 7.4056188297271728 0 0 0 0 0
201 10.050000000000001 10.1 338.44 4558 908433 8885 132 1 982 0.51368015897048602 11 1.0983897307968757 0.77963294497868474 1451 0.79076993756227143 12 1.0624970653010992 0.84689052795906306 169 5.8757061958312988 1 13.610284805297852 8.4927541112899778 0 0 0 0 0
202 10.1 10.15 338.37799999999999 4487 912920 8887 132 1 987 0.55778576981623729 11 1.0368832866139817 0.74998479321939993 1457 0.70069241466201648 12 0.89330153385355171 0.73782846333284358 170 7.931145191192627 1 13.609896659851074 7.9650451707839967 0 0 0 0 0
203 10.15 10.200000000000001 342.161 4517 917437 8889 132 1 993 0.75299117461355569 11 0.99630493861847924 0.75912103166292355 1466 0.8931065417019276 12 1.0273170148483703 0.78247654087180241 171 9.6883859634399414 1 14.16717529296875 8.2602713966369627 0 0 0 0 0
204 10.200000000000001 10.25 336.56 4552 921989 8889 132 1 996 0.52935728927988546 11 0.92673108792721559 0.69759548867824828 1471 0.64366051576743677 12 0.92720168151285964 0.7875005176136074 172 12.171379089355469 1 14.000417709350586 7.541751184463501 0 0 0 0 0
205 10.25 10.300000000000001 334.42700000000002 4507 926496 8893 132 1 1002 0.71388302760632116 11 1.0712053262116812 0.76969429512355314 1480 0.86563561946162215 12 0.9377318414368393 0.75321011712279895 173 14.378261566162109 1 14.378261566162109 7.8151121520996094 0 0 0 0 0
206 10.300000000000001 10.35 338.63400000000001 4551 931047 8894 132 1 1008 0.87697177391298231 11 0.98878283048913773 0.79091758914684851 1485 0.67407606258973041 12 0.84849489564193681 0.73019096116404536 173 5.2894682884216309 1 14.093552589416504 8.9982101249694821 0 0 0 0 0
207 10.35 10.4 337.86099999999999 4499 935546 8896 132 1 1013 0.80165958901550205 11 1.0173553581843318 0.86821236311991223 1493 0.78605360970559124 12 0.91471551841734988 0.75400337102810311 174 6.5760941505432129 1 14.061503410339355 8.7261958789825442 0 0 0 0 0
208 10.4 10.450000000000001 336.81400000000002 4498 940044 8896 132 1 1019 0.99262298219999501 11 0.99262298219999501 0.76332077106885976 1502 0.90938867618128383 12 1.0253328468911058 0.85086702277236059 175 8.7955989837646484 1 13.656985282897949 7.8026177787780764 0 0 0 0 0
209 10.450000000000001 10.5 336.06700000000001 4512 944556 8899 132 1 1022 0.64456629052868997 11 1.0200983369511312 0.82077823972617669 1508 0.75568987641920038 12 0.8971727030224862 0.80081561202549412 176 10.006401062011719 1 14.632204055786133 8.8012649917602541 0 0 0 0 0
210 10.5 10.550000000000001 337.46600000000001 4500 949056 8904 132 1 1027 0.62206650864265411 11 1.0740081080693629 0.8159262878096325 1514 0.65524000772076763 12 0.84980030518061656 0.74809753406680413 177 11.163908958435059 1 14.771299362182617 8.8540283298492426 0 0 0 0 0
211 10.550000000000001 10.6 334.51299999999998 4472 953528 8906 132 1 1034 0.98879231358625874 11 1.0291456540047319 0.74804018504939263 1521 0.6589022241088458 12 0.90493389516570111 0.75313100208729855 178 12.88807201385498 1 14.531259536743164 8.2930213165283195 0 0 0 0 0
212 10.6 10.65 337.428 4513 958041 8907 132 1 1038 0.84817967368751179 11 0.96921293355935811 0.77413185470661983 1531 0.92178508397762027 12 0.98886763969075264 0.82081818810380736 179 14.253707885742188 1 14.83541202545166 8.6479737567901616 0 0 0 0 0
213 10.65 10.700000000000001 337.83499999999998 4573 962614 8911 132 1 1042 0.8549398374869237 11 0.90780635187442027 0.62822787251701795 1539 0.92583121995692752 12 0.97965458534892524 0.8608590099106922 179 5.2436485290527344 1 13.971466064453125 8.9202634716033931 0 0 0 0 0
214 10.700000000000001 10.75 339.262 4475 967089 8913 132 1 1047 0.79260972840138277 11 1.0454731614351955 0.85535963751109068 1545 0.75060462371732117 12 0.99314725334591847 0.82212892804290094 180 6.7482004165649414 1 13.863723754882812 8.5104419136047369 0 0 0 0 0
215 10.75 10.800000000000001 340.85300000000001 4513 971602 8915 132 1 1053 0.9405552816105428 11 0.9405552816105428 0.80590990095253379 1552 0.70875543984210265 12 0.93988258065409191 0.79818885752322732 181 8.1378717422485352 1 14.246747970581055 8.6241778469085695 0 0 0 0 0
216 10.800000000000001 10.85 345.452 4554 976156 8916 132 1 1056 0.73424783957446205 11 0.92193104017322336 0.68044190897185819 1560 0.78560172496616454 12 1.0123037275430502 0.7887845156499067 182 9.4989538192749023 1 14.457042694091797 8.6524821949005126 0 0 0 0 0
217 10.85 10.9 345.71699999999998 4500 980656 8918 132 1 1060 0.5799794079693289 11 1.0057952374470329 0.7876515408569208 1566 0.71700229284328842 12 0.81787598495548941 0.71656440580697445 183 10.829061508178711 1 14.617701530456543 8.6831492614746093 0 0 0 0 0
218 10.9 10.950000000000001 347.34899999999999 4568 985224 8920 132 1 1066 0.78979112255284933 11 0.94456867995882021 0.74466029403632061 1574 0.81614601778219042 12 0.89137472972475396 0.76670926601721889 184 12.420577049255371 1 14.575680732727051 8.4243459892272945 0 0 0 0 0
219 10.950000000000001 11 344.41899999999998 4543 989767 8928 132 1 1070 0.63790757467712234 11 1.0104925664510978 0.78529048661102252 1578 0.55164034797029782 12 0.8604319284695241 0.69430197584337183 184 4.569277286529541 1 12.174633026123047 7.7730526924133301 0 0 0 0 0
220 11 11.050000000000001 348.101 4497 994264 8929 132 1 1075 0.73727049414084611 11 0.88267290898652073 0.69527822121025562 1589 0.9621581039416629 12 0.98606449900497051 0.7827628150217335 185 5.7062525749206543 1 14.035112380981445 8.8743556499481198 0 0 0 0 0
221 11.050000000000001 11.1 350.68599999999998 4471 998735 8932 132 1 1080 0.83234164767590146 11 0.99649377370460879 0.69952717241155138 1594 0.7267950220461431 12 1.0131605524028575 0.77355791393161522 186 7.3197565078735352 1 13.881776809692383 8.4025744056701654 0 0 0 0 0
222 11.1 11.15 339.339 4501 1003236 8936 132 1 1085 0.7708234673476474 11 1.0667433133237705 0.85455586742567102 1602 0.75271834163876195 12 1.0207000645333775 0.83919997606190166 187 9.463470458984375 1 13.838283538818359 7.8776530075073241 0 0 0 0 0
223 11.15 11.200000000000001 336.23500000000001 4497 1007733 8936 132 1 1090 0.76615595060761832 11 1.0397528201828186 0.79827175783869175 1610 0.8191746108189093 12 1.0179244294868015 0.79907091871126101 188 10.964175224304199 1 14.507024765014648 8.5142499256134041 0 0 0 0 0
224 11.200000000000001 11.25 333.916 4488 1012221 8938 132 1 1095 0.79783335186215831 11 0.89955456862407268 0.76228910484061474 1616 0.72879547982203707 12 0.80544351593837471 0.73812704537495 189 11.978960990905762 1 14.926704406738281 8.9953265762329107 0 0 0 0 0
225 11.25 11.300000000000001 334.29500000000002 4514 1016735 8939 132 1 1099 0.6892138341117614 11 0.91191926078205254 0.74245762499570434 1623 0.75422565205343428 12 0.88967437568882468 0.7315801463158903 190 12.512790679931641 1 15.28315544128418 9.4714916229248054 0 0 0 0 0
226 11.300000000000001 11.35 339.19799999999998 4532 1021267 8941 132 1 1105 0.75452470779422942 11 1.0809844032167168 0.8877211000049603 1631 0.83880337099261282 12 1.0344586057042762 0.78113003473237097 191 13.039983749389648 1 15.302562713623047 9.4780572032928472 0 0 0 0 0
227 11.35 11.4 336.827 4485 1025752 8946 132 1 1110 0.77157526924498077 11 1.0840227036249277 0.77677016477738714 1639 0.87370860826075403 12 0.99027868427604493 0.83030755200537021 192 13.404363632202148 1 15.41868782043457 9.6392513275146481 0 0 0 0 0
228 11.4 11.450000000000001 344.78699999999998 4532 1030284 8947 132 1 1115 0.92125027946063986 11 0.92125027946063986 0.64546746291812429 1645 0.69705485288572089 12 0.9694427593354531 0.82354168570904163 193 13.889678955078125 1 15.350468635559082 9.5195216751098641 0 0 0 0 0
229 11.450000000000001 11.5 366.85500000000002 4564 1034848 8947 132 1 1118 0.5943507566338514 11 1.042280866040129 0.79983201426646422 1652 0.71918385223104597 12 0.99762020743139934 0.73484825425156186 193 5.1097283363342285 1 13.614645004272461 8.6924456310272209 0 0 0 0 0
230 11.5 11.550000000000001 349.91800000000001 4461 1039309 8949 132 1 1123 0.7087626314115909 11 0.86286056562075686 0.68037928558886163 1659 0.73387855961951876 12 0.87697716565069739 0.74220844315921108 194 5.7472386360168457 1 14.712821006774902 9.3688421630859366 0 0 0 0 0
231 11.550000000000001 11.6 363.37599999999998 4526 1043835 8951 132 1 1126 0.52768587699485225 11 0.91211230100856955 0.65546261634618574 1667 0.89418981494979832 12 0.9665600940633905 0.70615136433176517 195 6.838038444519043 1 14.332077980041504 8.9200759029388426 0 0 0 0 0
232 11.6 11.65 400.41699999999997 4497 1048332 8954 132 1 1132 0.72957180741997008 11 0.96954454670822832 0.75250720192870479 1673 0.74591375216959688 12 0.94333829316751072 0.79544701760073755 196 8.4017219543457031 1 14.131925582885742 8.451901540756225 0 0 0 0 0
233 11.65 11.700000000000001 346.45800000000003 4528 1052860 8956 132 1 1137 0.76113111253768684 11 0.95757924093465718 0.76240601142809283 1680 0.714960791302931 12 0.89089593017246493 0.78740123495405312 197 10.573578834533691 1 13.990217208862305 7.8497865390777584 0 0 0 0 0
234 11.700000000000001 11.75 375.74400000000003 4491 1057351 8957 132 1 1143 0.86294017897711861 11 0.97616760882120279 0.85158660135571917 1688 0.82298819655410915 12 1.0673580279291215 0.75791404277368113 198 13.790462493896484 1 13.790462493896484 6.8151759099960323 0 0 0 0 0
235 11.75 11.800000000000001 372.27100000000002 4494 1061845 8958 132 1 1147 0.75456731281583267 11 0.88549285843258807 0.74221349140954407 1694 0.73567418782743121 12 0.82947027901256443 0.73509240260322073 198 5.0732302665710449 1 13.517393112182617 8.6303553581237793 0 0 0 0 0
236 11.800000000000001 11.85 348.90699999999998 4497 1066342 8958 132 1 1150 0.63817953164615326 11 0.77947423287800377 0.59141828164221733 1702 0.80917304574642379 12 0.96559921039597363 0.79209849154939183 199 6.3149914741516113 1 14.054269790649414 8.7706138324737548 0 0 0 0 0
237 11.85 11.9 346.15899999999999 4546 1070888 8959 132 1 1156 0.88275995188289214 11 0.91878603990115815 0.71023822711100659 1708 0.69626090899934145 12 0.91735092891225745 0.7604354994646475 200 7.6491641998291016 1 14.219239234924316 8.6791265201568599 0 0 0 0 0
238 11.9 11.950000000000001 341.79899999999998 4558 1075446 8962 132 1 1161 0.8740592057861033 11 0.94685700985174326 0.80226492259119231 1715 0.65437914426366084 12 0.94551587067137077 0.79822116247087105 201 9.8609695434570312 1 13.854141235351562 7.8102402877807613 0 0 0 0 0
239 11.950000000000001 12 338.60500000000002 4491 1079937 8964 132 1 1164 0.6875057535926028 11 0.85675168167504057 0.66088482247754243 1722 0.7332646144572319 12 0.82675349618846583 0.6786574608255036 202 12.586135864257812 1 13.909830093383789 7.301991529464722 0 0 0 0 0
240 12 12.050000000000001 342.608 4527 1084464 8964 132 1 1168 0.57150264446520138 11 0.87043462001851624 0.74976754271410517 1728 0.64590075945883552 12 0.84432631643486988 0.73514174359831908 203 13.769641876220703 1 14.916475296020508 8.8282871627807609 0 0 0 0 0
241 12.050000000000001 12.1 336.73399999999998 4567 1089031 8967 132 1 1174 0.69354580444402048 11 1.1308749690430151 0.83155402320599781 1736 0.78448261461556534 12 0.901905156874657 0.72766420986619873 203 5.0655722618103027 1 13.496984481811523 8.6173259735107415 0 0 0 0 0
242 12.1 12.15 338.863 4451 1093482 8968 132 1 1180 0.91747876809215145 11 0.95492174320425538 0.73067993727501546 1742 0.67176999509879531 12 0.95074683496405188 0.76023787379513774 204 6.4020447731018066 1 13.965875625610352 8.6768481063842771 0 0 0 0 0
243 12.15 12.200000000000001 338.089 4528 1098010 8972 132 1 1185 0.86143939930295188 11 1.0553135162308103 0.84913166403142171 1749 0.77775079019162163 12 0.89569233288633299 0.65183217304759467 205 7.5757250785827637 1 14.367215156555176 8.8380164813995368 0 0 0 0 0
244 12.200000000000001 12.25 336.221 4529 1102539 8976 132 1 1190 0.84503955027413746 11 1.0321335328949823 0.80988730712069423 1754 0.61833945207861829 12 0.81814327590568225 0.69836314084452222 206 9.0370798110961914 1 14.315400123596191 8.5532088661193839 0 0 0 0 0
245 12.25 12.300000000000001 347.88099999999997 4525 1107064 8977 132 1 1195 0.78228701946754309 11 1.0990721366944767 0.85577792796587171 1763 0.83125438029961385 12 0.85236738533044998 0.76218009667328612 207 10.513916969299316 1 14.479000091552734 8.5378873825073249 0 0 0 0 0
246 12.300000000000001 12.35 347.798 4481 1111545 8980 132 1 1199 0.67541565787461066 11 0.8936624782426017 0.74072688580268897 1768 0.68074005993495412 12 0.84429068493893267 0.6895547335725325 208 13.768515586853027 1 13.768515586853027 6.7778380966186527 0 0 0 0 0
247 12.35 12.4 401.21199999999999 4467 1116012 8983 132 1 1205 0.83557113496557112 11 1.0721446325085939 0.7938216912530599 1777 0.89255435988099874 12 0.9871930786900891 0.76326957882450452 208 5.0651545524597168 1 13.495881080627441 8.6166192436218267 0 0 0 0 0
248 12.4 12.450000000000001 368.04700000000003 4551 1120563 8988 132 1 1208 0.61892209864324998 11 0.83545738279021209 0.69068036599749971 1783 0.74806394836922341 12 0.89865892357458788 0.79169909110369485 209 6.1375880241394043 1 14.216899871826172 8.9382558822631832 0 0 0 0 0
249 12.450000000000001 12.5 349.31700000000001 4561 1125124 8989 132 1 1215 0.88052915343423444 11 1.0754806265874308 0.85211132717629268 1790 0.68433083844330034 12 1.0190291353326917 0.81985474863622243 210 7.273735523223877 1 14.357463836669922 8.8751736450195313 0 0 0 0 0
250 12.5 12.550000000000001 337.76900000000001 4457 1129581 8989 132 1 1218 0.61343650300321839 11 0.93792941939410945 0.7406212756382522 1797 0.69254239765663894 12 0.88151546040595219 0.74862707288694874 211 8.3312063217163086 1 14.585210800170898 8.9530681705474855 0 0 0 0 0
251 12.550000000000001 12.6 341.91699999999997 4522 1134103 8990 132 1 1224 0.78178187489480944 11 0.95529144737474059 0.78571338000089685 1804 0.66690627094968469 12 1.0523978062601458 0.78213728265847426 212 10.547638893127441 1 13.955894470214844 7.8056573772430422 0 0 0 0 0
252 12.6 12.65 337.83499999999998 4554 1138657 8990 132 1 1229 0.83144947081099319 11 0.91872833059899262 0.74447818650515729 1811 0.72571962789948563 12 0.8633414081227716 0.69852961439766614 213 12.838749885559082 1 14.189010620117188 7.7317235660552974 0 0 0 0 0
253 12.65 12.700000000000001 338.80900000000003 4441 1143098 8991 132 1 1233 0.70301897312553285 11 0.9489763114436337 0.76207115406501813 1817 0.60375950539851464 12 0.96733072923682961 0.76939332904268398 214 14.427729606628418 1 14.719188690185547 8.4268594074249261 0 0 0 0 0
254 12.700000000000001 12.75 336.96800000000002 4561 1147659 8992 132 1 1239 0.80580406350851441 11 1.0040936190586172 0.85062026315763761 1826 0.86652630339507797 12 0.90188989643315098 0.71282508243679787 214 5.3076672554016113 1 14.142041206359863 9.0291686439514152 0 0 0 0 0
255 12.75 12.800000000000001 348.61700000000002 4432 1152091 8997 132 1 1243 0.65626466398784655 11 0.92354068368819309 0.78296969492345825 1832 0.79742603794094613 12 0.8638413134660482 0.71706024422761661 215 6.4012370109558105 1 14.246210098266602 8.9173292064666754 0 0 0 0 0
256 12.800000000000001 12.85 336.86700000000002 4524 1156615 9002 132 1 1248 0.70195750612373597 11 0.94022753690015515 0.74841328110445526 1838 0.74329780616005348 12 0.8258981536432124 0.70223743442922915 216 7.2714090347290039 1 14.642812728881836 9.1385023021697993 0 0 0 0 0
257 12.85 12.9 336.85500000000002 4612 1161227 9004 132 1 1255 1.0452111099153492 11 1.0452111099153492 0.77127853670486568 1846 0.82581438633481408 12 0.98135988427125065 0.78317067586687672 217 8.330352783203125 1 14.583713531494141 8.951613435745239 0 0 0 0 0
258 12.9 12.950000000000001 338.68400000000003 4508 1165735 9006 132 1 1258 0.7898118845076143 11 1.0245145582010313 0.72904439099497975 1852 0.68659414964235754 12 1.0113215047158191 0.78648134713624218 218 10.399155616760254 1 14.03739070892334 7.9518135547637936 0 0 0 0 0
259 12.950000000000001 13 336.59699999999998 4441 1170176 9008 132 1 1263 0.79652888839649638 11 0.91643568557614474 0.78700071211045131 1859 0.76762557231043971 12 0.83155882880685539 0.67653297951550395 219 11.931609153747559 1 14.573301315307617 8.4828157234191899 0 0 0 0 0
260 13 13.050000000000001 337.99799999999999 4560 1174736 9011 132 1 1269 0.96989070194379867 12 1.0506700276083456 0.78074688573660667 1868 0.92662492679604891 12 1.0240788989094507 0.8155583109784631 220 12.996614456176758 1 14.949665069580078 8.9456072616577149 0 0 0 0 0
261 13.050000000000001 13.1 336.87900000000002 4487 1179223 9013 132 1 1273 0.80219200337075813 12 0.95068557326523973 0.80094796589305606 1873 0.6756327800404236 12 0.91751252854999232 0.78903138587513266 221 14.48580265045166 1 14.778434753417969 8.5256536865234374 0 0 0 0 0
262 13.1 13.15 341.46100000000001 4544 1183767 9019 132 1 1279 0.98241251761877491 12 1.0225055539451449 0.7739565518912499 1881 0.79512918965919621 12 0.87875363513764837 0.74655937067390898 221 5.3290314674377441 1 14.198965072631836 9.0655138587951658 0 0 0 0 0
263 13.15 13.200000000000001 336.10199999999998 4548 1188315 9020 132 1 1281 0.59467291143987999 12 0.96295945505821523 0.70133566062455843 1887 0.73955476801472808 12 0.80678550225915557 0.7036691784219633 222 6.7796115875244141 1 13.928256988525391 8.5638772392272955 0 0 0 0 0
264 13.200000000000001 13.25 343.47800000000001 4467 1192782 9025 132 1 1287 0.74111165970310866 12 0.98866849768396248 0.80740173440459073 1895 0.75958634295792538 12 1.0545727100401079 0.84503292798216767 223 6.9427342414855957 1 15.451336860656738 9.8385022544860838 0 0 0 0 0
265 13.25 13.300000000000001 336.36599999999999 4499 1197281 9026 132 1 1290 0.52860578234565114 12 0.89112369257740009 0.68657833010068681 1904 0.90225698203381965 12 0.9844465893431954 0.83172432877874725 224 8.2094383239746094 1 14.37203311920166 8.7459203910827643 0 0 0 0 0
266 13.300000000000001 13.35 336.92700000000002 4500 1201781 9027 132 1 1296 0.64779107672764102 12 1.0058297224740405 0.83438344175328383 1909 0.66324350354564687 12 0.94258827171270088 0.7771719617549655 225 10.209438323974609 1 14.059701919555664 8.0199307918548577 0 0 0 0 0
267 13.35 13.4 336.81799999999998 4509 1206290 9028 132 1 1300 0.58627157245819905 12 0.89228246910231923 0.69582718078217243 1918 0.84750283341540622 12 0.96899537098178001 0.79054989831130928 226 11.861817359924316 1 14.488056182861328 8.3640864276885978 0 0 0 0 0
268 13.4 13.450000000000001 335.10300000000001 4464 1210754 9030 132 1 1304 0.55162445368534918 12 0.87381376410791811 0.66922248183623667 1924 0.72589812091350359 12 0.87388646280735527 0.76904136851258498 227 12.970940589904785 1 14.920132637023926 8.9019303607940667 0 0 0 0 0
269 13.450000000000001 13.5 337.81400000000002 4528 1215282 9031 132 1 1310 0.79693601088441446 12 0.9733796985177654 0.70951422552614618 1932 0.77350393595280931 12 1.0234459828434361 0.81773355244926327 227 4.7717452049255371 1 12.714098930358887 8.1174812793731697 0 0 0 0 0
270 13.5 13.550000000000001 340.07499999999999 4508 1219790 9034 132 1 1315 0.89159037694521215 12 0.96584830468075888 0.69993977690468445 1939 0.77840247219522807 12 0.86460169041686619 0.75190700084414663 228 5.6229023933410645 1 14.394519805908203 9.1573261833190926 0 0 0 0 0
271 13.550000000000001 13.6 336.58199999999999 4449 1224239 9034 132 1 1319 0.81471342609981212 12 0.87393572059202873 0.71103144954824271 1948 0.93636383253906386 12 0.98746451026070992 0.81658592160459309 229 7.2890939712524414 1 13.823624610900879 8.3504123401641852 0 0 0 0 0
272 13.6 13.65 343.86200000000002 4572 1228811 9038 132 1 1324 0.75985219163251605 12 1.0479769550392211 0.84796523253176959 1954 0.77688227684452982 12 0.93379897233710318 0.80654077246303957 230 8.8078727722167969 1 14.234176635742188 8.4963565158843988 0 0 0 0 0
273 13.65 13.700000000000001 340.89699999999999 4488 1233299 9038 132 1 1330 0.90636731908449419 12 1.0016907029269371 0.8073261074861936 1962 0.85422249344738777 12 0.96048860452096596 0.78829534820600644 231 11.02837085723877 1 14.019806861877441 7.8016307735443116 0 0 0 0 0
274 13.700000000000001 13.75 336.94299999999998 4483 1237782 9042 132 1 1335 0.89862420101916041 12 1.0131959802373831 0.8013167682729373 1969 0.88232705581177295 12 0.91833549232022882 0.72893236776320636 232 13.01560115814209 1 14.384462356567383 8.0325761699676512 0 0 0 0 0
275 13.75 13.800000000000001 340.71499999999997 4533 1242315 9044 132 1 1338 0.65352185135995777 12 0.88083025206181786 0.71885011046238179 1975 0.73905115299280011 12 0.97188996807715344 0.79049662978290858 233 14.112263679504395 1 14.984917640686035 8.9142664527893061 0 0 0 0 0
276 13.800000000000001 13.85 334.79399999999998 4521 1246836 9045 132 1 1343 0.62748198328376881 12 1.0160908937139985 0.81943114009040485 1982 0.7207227874105594 12 0.93833877541667154 0.77490249463498106 233 5.191615104675293 1 13.832821846008301 8.8317454147338861 0 0 0 0 0
277 13.85 13.9 337.11500000000001 4490 1251326 9047 132 1 1349 0.86348793791061518 12 0.95430170990457164 0.71872711743514262 1989 0.72471754253671461 12 0.88481725979651082 0.75280180562516474 234 5.9351983070373535 1 14.598226547241211 9.2638271331787116 0 0 0 0 0
278 13.9 13.950000000000001 336.976 4515 1255841 9047 132 1 1352 0.6070408482760391 12 0.84638972938669543 0.73008172393966431 1997 0.74890915965189331 12 1.1280142595174028 0.84091424902234324 235 6.8136458396911621 1 14.569452285766602 9.1303074359893799 0 0 0 0 0
279 13.950000000000001 14 340.38 4484 1260325 9047 132 1 1356 0.52321136296018322 12 0.89683581871341833 0.71791474034128411 2004 0.72575168798576162 12 0.93218165243649853 0.77968349307735951 236 7.6237711906433105 1 14.750410079956055 9.1979474639892587 0 0 0 0 0
280 14 14.050000000000001 345.625 4462 1264787 9049 132 1 1361 0.61348061502751938 12 0.91520541417492007 0.70428114958957577 2011 0.78389591195288666 12 0.81698722069935958 0.69919205284746822 237 8.4599761962890625 1 14.810646057128906 9.1721273803710943 0 0 0 0 0
281 14.050000000000001 14.1 359.995 4523 1269310 9050 132 1 1367 0.82344743092371475 12 1.0260785893079187 0.74450669593793384 2020 0.885750208962928 12 1.1336560100710187 0.87213386220235467 238 10.900386810302734 1 13.857107162475586 7.5839098739624022 0 0 0 0 0
282 14.1 14.15 349.10700000000003 4491 1273801 9054 132 1 1371 0.74652413980440446 12 0.84039225360575665 0.71107731410798725 2027 0.87200956238756189 12 0.88962533341725791 0.77036036354621562 239 13.149490356445312 1 14.244672775268555 7.7733111286163332 0 0 0 0 0
283 14.15 14.200000000000001 348.49700000000001 4541 1278342 9056 132 1 1376 0.7198743984297501 12 1.0577249325646625 0.82003500623487313 2034 0.76353083086740903 12 0.99243257686550801 0.86415438790632326 239 4.8374295234680176 1 12.889113426208496 8.2292215347290032 0 0 0 0 0
284 14.200000000000001 14.25 350.642 4479 1282821 9058 132 1 1382 0.84109702874110259 12 1.0170764295744728 0.83236648666013635 2040 0.66564956824480492 12 0.84061984979696891 0.74555442333893307 240 6.1401586532592773 1 13.941221237182617 8.7102575683593741 0 0 0 0 0
285 14.25 14.300000000000001 341.87599999999998 4520 1287341 9060 132 1 1385 0.57929918235733602 12 0.86421264323381308 0.7353792878716654 2047 0.73827925869155664 12 0.81592471452875337 0.68485098346941709 241 7.8022012710571289 1 13.935031890869141 8.3545187187194827 0 0 0 0 0
286 14.300000000000001 14.35 335.27600000000001 4534 1291875 9062 132 1 1390 0.66620896583918221 12 0.84738988664517112 0.70760718978241399 2053 0.68457276266153999 12 0.80485966998284719 0.70181992676907878 242 9.7777271270751953 1 14.014701843261719 8.0441622447967536 0 0 0 0 0
287 14.35 14.4 333.67500000000001 4494 1296369 9065 132 1 1395 0.70793128173176045 12 0.93668493137785624 0.75234421425917408 2060 0.70172168007825364 12 0.88267955671502918 0.7397788064482842 243 11.703001976013184 1 14.294076919555664 8.0939135932922355 0 0 0 0 0
288 14.4 14.450000000000001 331.45800000000003 4496 1300865 9066 132 1 1400 0.78980434647780173 12 0.88784977672278742 0.71259377483106079 2067 0.80804837531302931 12 0.80804837531302931 0.65148975208418225 244 13.263782501220703 1 14.658746719360352 8.4547733402252199 0 0 0 0 0
289 14.450000000000001 14.5 334.31999999999999 4520 1305385 9068 132 1 1405 0.82577063367586012 12 0.90065413179708853 0.75804292560406694 2073 0.71008299599054914 12 0.9318445139223922 0.74563777267718689 245 14.391925811767578 1 14.979270935058594 8.883103609085083 0 0 0 0 0
290 14.5 14.550000000000001 337.49400000000003 4507 1309892 9070 132 1 1410 0.83761625838540288 12 0.98627751031620015 0.78192326588068639 2082 0.87879447446420567 12 0.95024328391109703 0.80594299829393501 245 5.2944951057434082 1 14.10694694519043 9.0067625522613532 0 0 0 0 0
291 14.550000000000001 14.6 338.964 4574 1314466 9071 132 1 1415 0.8328914442994606 12 0.9619261656475393 0.79832846110270606 2088 0.70211560413141816 12 1.1059200314894029 0.82356664755660947 246 6.6714816093444824 1 13.982989311218262 8.6367391586303714 0 0 0 0 0
292 14.6 14.65 336.34800000000001 4423 1318889 9072 132 1 1421 0.96444040907442852 12 1.0679380392283317 0.82214312872213713 2096 0.80372566986877481 12 0.85119392556877538 0.76426743631684768 247 7.8879008293151855 1 14.372688293457031 8.7957050895690916 0 0 0 0 0
293 14.65 14.700000000000001 335.80099999999999 4520 1323409 9075 132 1 1425 0.78973917245122338 12 0.99559759570255946 0.80788080398149309 2104 0.93328319177063435 12 0.97137117097186443 0.73659856453311701 248 9.4069967269897461 1 14.317083358764648 8.4960453224182135 0 0 0 0 0
294 14.700000000000001 14.75 334.30399999999997 4520 1327929 9076 132 1 1432 1.1595525599862284 12 1.2312552522312592 0.74498334667241239 2109 0.67124063075044993 12 0.99917421599748968 0.79997153114598785 249 10.649997711181641 1 14.666404724121094 8.7693874549865729 0 0 0 0 0
295 14.75 14.800000000000001 334.32499999999999 4520 1332449 9078 132 1 1435 0.74144142015379 12 1.2275553062034104 0.89013473877196558 2118 0.92449973000230301 12 0.96222925589065988 0.72223798585545718 250 11.400673866271973 1 15.084571838378906 9.2568043708801273 0 0 0 0 0
296 14.800000000000001 14.85 331.99900000000002 4503 1336952 9079 132 1 1440 0.68851247666646054 12 1.1037744681104715 0.84605217370238606 2123 0.64148699367430284 12 0.99528375795725388 0.82073266845442494 251 12.463801383972168 1 14.921878814697266 8.9474672222137457 0 0 0 0 0
297 14.85 14.9 332.53699999999998 4533 1341485 9079 132 1 1446 0.82568100804474387 12 1.099555816917315 0.81657959101862299 2132 0.85916331861492901 12 0.8826316558028644 0.75746615806180029 252 13.366276741027832 1 15.0704345703125 9.1065201282501214 0 0 0 0 0
298 14.9 14.950000000000001 333.33600000000001 4451 1345936 9079 132 1 1450 0.66242262082477321 12 0.97381941241011605 0.79655195493609332 2138 0.74754896969416962 12 1.0185197503182015 0.75915058498300114 253 14.241270065307617 1 15.121901512145996 9.1337264728546135 0 0 0 0 0
299 14.950000000000001 15 334.19099999999997 4536 1350472 9079 132 1 1455 0.68610364399745638 12 0.95679430450739744 0.77020583717855506 2145 0.7346026037392086 12 0.8640290332404974 0.76957423543935277 253 5.239072322845459 1 13.959274291992188 8.9124796295166018 0 0 0 0 0
300 15 15.050000000000001 334.13099999999997 4515 1354987 9082 132 1 1461 0.7985689122052918 12 1.0409432793894475 0.8410365836240371 2151 0.73767487558763911 12 0.76714965642709088 0.6456069616047303 254 6.1169333457946777 1 14.455289840698242 9.1308887290954583 0 0 0 0 0
301 15.050000000000001 15.1 335.31200000000001 4570 1359557 9083 132 1 1466 0.73509119000169432 12 1.0327644603888924 0.8564958451960607 2157 0.66132941603207918 12 0.88781907786993519 0.72423319435044831 255 7.0694646835327148 1 14.523738861083984 9.0569618511199952 0 0 0 0 0
302 15.1 15.15 338.45699999999999 4463 1364020 9083 132 1 1472 0.89658055024310912 12 1.0950858825374299 0.79250104928442067 2165 0.79160387715501113 12 0.91056113824298845 0.73588876163061168 256 8.4868583679199219 1 14.275127410888672 8.5967328834533685 0 0 0 0 0
303 15.15 15.200000000000001 336.33999999999997 4573 1368593 9084 132 1 1475 0.60493520093298514 12 0.9366030296022575 0.76492920400741549 2173 0.87969635585574746 12 0.93409370648095802 0.77765042810918028 257 10.456731796264648 1 14.115110397338867 8.0497592067718511 0 0 0 0 0
304 15.200000000000001 15.25 333.423 4542 1373135 9087 132 1 1480 0.6342610888107364 12 0.96532080772366247 0.76461736170908723 2179 0.72774076311144309 12 0.94542731244268097 0.79908994162691815 258 12.116544723510742 1 14.506136894226074 8.3567292308807382 0 0 0 0 0
305 15.25 15.300000000000001 334.83499999999998 4475 1377610 9088 132 1 1486 0.77764833940351086 12 1.0085554179827418 0.81042277341150071 2188 0.91810897520894341 12 1.0731571417673165 0.7845020539710249 258 4.4574284553527832 1 11.876621246337891 7.5827814483642575 0 0 0 0 0
306 15.300000000000001 15.35 338.267 4512 1382122 9089 132 1 1491 0.84699292153689199 12 0.86410331308162858 0.7249972963223128 2194 0.77033605140813222 12 0.90204962448160342 0.79494888643229178 259 5.3556246757507324 1 14.269824981689453 9.1107539176940922 0 0 0 0 0
307 15.35 15.4 341.31700000000001 4499 1386621 9092 132 1 1496 0.84823895029925522 12 1.04719261395347 0.79241721553570688 2202 0.77457446674037589 12 0.9727487758250366 0.86066874716153563 260 6.4188790321350098 1 14.285473823547363 8.9473409175872796 0 0 0 0 0
308 15.4 15.450000000000001 337.435 4498 1391119 9095 132 1 1500 0.68552180138825258 12 1.0249546848533231 0.79601612877017247 2209 0.75978323063990916 12 0.86788401957931671 0.77140065651584733 261 7.3772163391113281 1 14.561722755432129 9.0512110137939459 0 0 0 0 0
309 15.450000000000001 15.5 335.73200000000003 4529 1395648 9098 132 1 1505 0.75833293545217262 12 0.83266372318885695 0.72156533875787121 2216 0.74490572866911742 12 0.92035615929867287 0.77148594176884644 262 8.1475257873535156 1 14.845756530761719 9.2373677444458 0 0 0 0 0
310 15.5 15.550000000000001 337.541 4526 1400174 9100 132 1 1509 0.63553748490734763 12 0.89289678347797008 0.75649224082896094 2224 0.87070559020017213 12 0.90623971917995383 0.74031879236813036 263 9.0023612976074219 1 14.842384338378906 9.1536817741394039 0 0 0 0 0
311 15.550000000000001 15.6 337.20299999999997 4426 1404600 9103 132 1 1514 0.66953686681654789 12 0.88588413543548283 0.75999027457473256 2230 0.68484294794888156 12 0.999795935145527 0.83265889974566842 264 11.417760848999023 1 13.945683479309082 7.6086743354797362 0 0 0 0 0
312 15.6 15.65 336.90800000000002 4562 1409162 9105 132 1 1520 0.80460769541916299 12 1.0955222021904849 0.81865626120189072 2237 0.73307180842803743 12 0.83657629105851705 0.7090085537077131 264 4.2003617286682129 1 11.19167423248291 7.1454700469970707 0 0 0 0 0
313 15.65 15.700000000000001 338.26600000000002 4531 1413693 9107 132 1 1524 0.74048591168766231 12 0.89989985946561035 0.69840347534703506 2246 0.90231331239123702 12 1.0379072851670645 0.80541820811040021 265 5.4127016067504883 1 13.856410980224609 8.7997422409057613 0 0 0 0 0
314 15.700000000000001 15.75 337.03199999999998 4459 1418152 9108 132 1 1529 0.75679253568955485 12 0.89732918163859188 0.77750668534779788 2251 0.6666148162024591 12 0.89983573689899943 0.77389000240848016 266 7.0070657730102539 1 13.831088066101074 8.4215251064300531 0 0 0 0 0
315 15.75 15.800000000000001 335.71800000000002 4559 1422711 9108 132 1 1535 0.98756542552900473 12 1.0278687409687217 0.72390803410116378 2259 0.83449496902161757 12 0.83449496902161757 0.69865781909351099 267 8.1211204528808594 1 14.504631042480469 8.8970479679107672 0 0 0 0 0
316 15.800000000000001 15.85 334.42099999999999 4448 1427159 9109 132 1 1538 0.68628563670992571 12 1.0330453239312292 0.77446771023811178 2265 0.76419109869936519 12 0.92500502095333637 0.71825187279930758 268 10.034591674804688 1 14.098072052001953 8.1055997943878175 0 0 0 0 0
317 15.85 15.9 337.25299999999999 4509 1431668 9111 132 1 1544 0.85131349318538696 12 1.1040939955563014 0.78899780963130295 2272 0.78087611897513987 12 0.91438732629532316 0.74023797849598394 269 12.830981254577637 1 13.899636268615723 7.2314782333374019 0 0 0 0 0
318 15.9 15.950000000000001 335.358 4513 1436181 9112 132 1 1549 0.88686377724954835 12 0.90513617947042457 0.75845490167483565 2279 0.76581450178426891 12 0.95026465521943115 0.77166825985753806 269 4.7202577590942383 1 12.576910972595215 8.0298927116394037 0 0 0 0 0
319 15.950000000000001 16 339.41199999999998 4530 1440711 9113 132 1 1555 1.0320367454460841 12 1.0958542731826748 0.80865480642657162 2285 0.6619956523175593 12 0.91005551787062045 0.75143280686308023 270 5.6039624214172363 1 14.346031188964844 9.1251043987274176 0 0 0 0 0
320 16 16.050000000000001 336.25999999999999 4502 1445213 9115 132 1 1559 0.87139099071410131 12 1.0116010622163716 0.79396536216292446 2292 0.61720310537583789 12 0.98797750051119682 0.80110285483567234 271 6.7853255271911621 1 14.221604347229004 8.8304084396362299 0 0 0 0 0
321 16.050000000000001 16.100000000000001 335.28500000000003 4519 1449732 9115 132 1 1565 0.9424596963696088 12 1.0504092650192094 0.88202062605408282 2299 0.65966047075581824 12 0.91568290175710632 0.71472246062561395 272 7.4127068519592285 1 14.927352905273438 9.3788723850250246 0 0 0 0 0
322 16.100000000000001 16.149999999999999 337.12799999999999 4549 1454281 9116 132 1 1569 0.8603718495942172 12 0.92379776132551294 0.71619025597730701 2307 0.78407113699948172 12 0.92231821973138239 0.74169408025024441 273 8.2703475952148438 1 14.771156311035156 9.1509068965911862 0 0 0 0 0
323 16.149999999999999 16.199999999999999 338.637 4552 1458833 9117 132 1 1573 0.7543784440017316 12 0.90512476915281692 0.73985777823056553 2313 0.61512861629461568 12 1.0018594281435362 0.81590745638034579 274 10.377082824707031 1 14.007593154907227 7.914262065887451 0 0 0 0 0
324 16.199999999999999 16.25 347.07299999999998 4416 1463249 9117 132 1 1577 0.63850548273340835 12 0.92198861428308032 0.74963876903564197 2321 0.72499771357662623 12 0.89438755803392456 0.7560907492443536 274 3.8175177574157715 1 10.171603202819824 6.4941921377182004 0 0 0 0 0
325 16.25 16.300000000000001 338.35000000000002 4563 1467812 9120 132 1 1583 0.80061031181724884 12 0.93147311620775186 0.79189173494521525 2329 0.78188298015031521 12 0.95499391211559659 0.8085465867540822 275 5.2718610763549805 1 13.49586296081543 8.5601509237289424 0 0 0 0 0
326 16.300000000000001 16.350000000000001 341.63799999999998 4487 1472299 9121 132 1 1589 0.77563674866207244 12 1.2325326147533633 0.97710572106032134 2337 0.95672379797693485 12 0.97605090195640165 0.69176658198647756 276 6.4779353141784668 1 14.131427764892578 8.805948629379273 0 0 0 0 0
327 16.350000000000001 16.399999999999999 336.524 4492 1476791 9121 132 1 1594 0.81895844898526693 12 0.9233730104234491 0.75076079319393929 2344 0.8590313848677591 12 0.99020155946249022 0.85347565900642652 277 8.038447380065918 1 14.072685241699219 8.455038948059082 0 0 0 0 0
328 16.399999999999999 16.449999999999999 338.40800000000002 4559 1481350 9124 132 1 1598 0.66970120110209053 12 0.93661406115880141 0.78269029219945296 2351 0.82374876446667589 12 0.95919464916497565 0.79168775094671007 278 9.8646373748779297 1 14.139272689819336 8.1920100784301759 0 0 0 0 0
329 16.449999999999999 16.5 336.649 4456 1485806 9125 132 1 1603 0.70911411893746223 12 0.97006338219794042 0.75463062025724925 2357 0.70750125667558772 12 0.90687541126235438 0.76373769877344888 279 10.963589668273926 1 14.799295425415039 8.9120018196105963 0 0 0 0 0
330 16.5 16.550000000000001 339.61700000000002 4552 1490358 9125 132 1 1608 0.70787808494198889 12 1.0140100648951909 0.79487439805198268 2365 0.77838459545581939 12 0.92759053765051713 0.79468802920172676 280 13.35737133026123 1 14.183343887329102 7.6300759124755864 0 0 0 0 0
331 16.550000000000001 16.600000000000001 337.24400000000003 4532 1494890 9126 132 1 1613 0.67219481800520231 12 1.1281947279496798 0.82897850069439161 2371 0.71027127781967558 12 0.82840696112143875 0.7160830691522676 280 4.9139046669006348 1 13.092877388000488 8.3593170547485354 0 0 0 0 0
332 16.600000000000001 16.649999999999999 337.42500000000001 4510 1499400 9126 132 1 1617 0.58827312435540891 12 0.87646709265749134 0.71800597987743842 2379 0.83505883998521246 12 0.9455044615453464 0.74132102639611164 281 5.8330345153808594 1 14.346944808959961 9.0900309753417972 0 0 0 0 0
333 16.649999999999999 16.699999999999999 333.67000000000002 4574 1503974 9126 132 1 1622 0.56151536877621855 12 1.1087278630954052 0.82014183591999523 2388 1.0094088403345909 12 1.0174245314654122 0.80036066225601321 282 7.0623769760131836 1 14.221878051757812 8.7829085731506353 0 0 0 0 0
334 16.699999999999999 16.75 333.95999999999998 4502 1508476 9128 132 1 1629 0.78872416416803992 12 1.19776184312881 0.88616665722432741 2392 0.68700517396463401 12 0.98942121415691797 0.75162289427869566 283 7.417273998260498 1 15.238289833068848 9.6486404609680179 0 0 0 0 0
335 16.75 16.800000000000001 334.50999999999999 4582 1513058 9131 132 1 1633 0.68776574257820366 12 0.87733683534084805 0.73487282491865602 2402 0.97539682355406998 12 0.97907613766455714 0.79556364426315296 284 9.4993438720703125 1 13.890741348266602 7.9386809158325198 0 0 0 0 0
336 16.800000000000001 16.850000000000001 334.14999999999998 4440 1517498 9133 132 1 1638 0.6818320207475197 12 0.97808061161684612 0.79952544081778743 2407 0.73379524011870212 12 0.95608267577702621 0.77973434610577796 285 12.101836204528809 1 13.92042350769043 7.4234466552734375 0 0 0 0 0
337 16.850000000000001 16.899999999999999 341.27199999999999 4505 1522003 9134 132 1 1644 0.90589404900720905 12 0.94286428169450831 0.7305520099776962 2415 0.73939787584382322 12 1.0323214144320141 0.85931803866818446 285 4.452019214630127 1 11.862203598022461 7.5735777187347413 0 0 0 0 0
338 16.899999999999999 16.949999999999999 337.75599999999997 4519 1526522 9135 132 1 1649 0.82883229422279525 12 1.0451094846403788 0.86994453060662447 2424 0.87083759924044479 12 1.0425818323686316 0.84284325749729172 286 5.505284309387207 1 14.093414306640625 8.9572373580932609 0 0 0 0 0
339 16.949999999999999 17 334.37599999999998 4550 1531072 9137 132 1 1656 1.1153025646058341 12 1.1153025646058341 0.82749593188106596 2429 0.63304896214725193 12 0.92569760738595108 0.77595938816586052 287 7.1424508094787598 1 13.819157600402832 8.3791479587554925 0 0 0 0 0
340 17 17.050000000000001 335.62 4510 1535582 9138 132 1 1661 0.9907956047663613 12 1.1171188657245938 0.9169169581693315 2438 0.84800520619830566 12 0.89653518002580956 0.76015907243810388 288 10.110321044921875 1 13.377264976501465 7.0617095613479615 0 0 0 0 0
341 17.050000000000001 17.100000000000001 339.31200000000001 4454 1540036 9139 132 1 1665 0.81131452416616778 12 1.0902495194995214 0.8126130829917062 2444 0.68746149219270491 12 0.92797589273116476 0.80759236052941941 289 13.423993110656738 1 13.695176124572754 6.7193514823913576 0 0 0 0 0
342 17.100000000000001 17.150000000000002 339.99900000000002 4495 1544531 9140 132 1 1670 0.76963774883557878 12 1.0090079184562442 0.83491214768281052 2451 0.70792149337499433 12 0.86193347792015285 0.73650069413038355 289 4.938413143157959 1 13.158180236816406 8.4010096263885501 0 0 0 0 0
343 17.150000000000002 17.199999999999999 336.97000000000003 4542 1549073 9143 132 1 1675 0.80392810229271172 12 0.95519363407104729 0.75970216044830907 2459 0.85243754372963476 12 0.87722610088468 0.72178907649035606 290 6.0063276290893555 1 14.193909645080566 8.9427305603027349 0 0 0 0 0
344 17.199999999999999 17.25 336.07999999999998 4529 1553602 9144 132 1 1681 0.95468393760541126 12 1.0137182767429049 0.80312761449861148 2464 0.6249956419855841 12 0.92975067683523893 0.76571563399662235 291 7.0287737846374512 1 14.440144538879395 8.9877418708801269 0 0 0 0 0
345 17.25 17.300000000000001 334.68099999999998 4476 1558078 9146 132 1 1686 0.90112172711699723 12 1.0496084095821494 0.84667929098719608 2472 0.75304928922245429 12 0.91977644496333055 0.73808737439656558 292 7.8062863349914551 1 14.804469108581543 9.2302362060546876 0 0 0 0 0
346 17.300000000000001 17.350000000000001 337.23000000000002 4543 1562621 9146 132 1 1690 0.68671274031438523 12 1.1097786293645937 0.84719277922448444 2477 0.62320398581546588 12 0.77492902213286741 0.66909181074783886 293 9.5083827972412109 1 14.184841156005859 8.3148640155792233 0 0 0 0 0
347 17.350000000000001 17.400000000000002 334.34199999999998 4495 1567116 9149 132 1 1696 0.70921374504853574 12 1.1600459739565849 0.93010434908570627 2485 0.85143383386980653 12 0.92234725177340071 0.638909644119252 294 11.443406105041504 1 14.259360313415527 8.0842617416381835 0 0 0 0 0
348 17.400000000000002 17.449999999999999 349.98599999999999 4500 1571616 9149 132 1 1702 0.86982997182372312 12 0.98573200264206484 0.79336557164769761 2490 0.63372638321551233 12 0.94043359458797271 0.75607825971594422 294 4.2097945213317871 1 11.216811180114746 7.1615171909332274 0 0 0 0 0
349 17.449999999999999 17.5 357.74599999999998 4504 1576120 9151 132 1 1707 0.84383641961187728 12 0.93816182694660266 0.81938531100087519 2499 0.86655332838419441 12 0.87356302577144118 0.74246645612148565 295 5.5740070343017578 1 13.7098388671875 8.6493844032287601 0 0 0 0 0
350 17.5 17.550000000000001 354.64299999999997 4512 1580632 9152 132 1 1713 0.89392192641643642 12 1.1138951979798823 0.9027946121544792 2505 0.75336197360836221 12 0.97244654965914479 0.76071187590928158 296 7.7059102058410645 1 13.490524291992188 7.8893432092666629 0 0 0 0 0
351 17.550000000000001 17.600000000000001 403.435 4459 1585091 9154 132 1 1718 0.77666716982004425 12 1.1612081563924597 0.909736992028086 2513 0.76423030578950812 12 1.0498834366797947 0.85410481135522265 297 10.169436454772949 1 13.727302551269531 7.5610252332687375 0 0 0 0 0
352 17.600000000000001 17.650000000000002 363.71800000000002 4545 1589636 9156 132 1 1723 0.78588843770719707 12 0.97529961143756361 0.78452143967343568 2521 0.88963067660685302 12 0.96372539911242661 0.74071436590605866 298 12.880587577819824 1 13.953374862670898 7.315867357254028 0 0 0 0 0
353 17.650000000000002 17.699999999999999 346.32999999999998 4485 1594121 9157 132 1 1727 0.67530672998292995 12 0.94669593283351638 0.74440029573930422 2528 0.7749248134613923 12 0.99004174838777592 0.8703194327200926 298 4.7385058403015137 1 12.625535011291504 8.060936956405639 0 0 0 0 0
354 17.699999999999999 17.75 382.25299999999999 4589 1598710 9159 132 1 1733 0.8116556754353258 12 1.0739257039892423 0.81739093384662664 2534 0.68460875669265553 12 0.84533036606010659 0.73806450286419389 299 6.3734073638916016 1 13.628100395202637 8.3813930416107176 0 0 0 0 0
355 17.75 17.800000000000001 342.678 4434 1603144 9159 132 1 1737 0.66273864028209128 12 1.0282898578808228 0.78235361015287874 2542 0.73622521571362198 12 1.0147959302417151 0.81376289409063207 300 7.7782454490661621 1 14.172883987426758 8.6091639709472663 0 0 0 0 0
356 17.800000000000001 17.850000000000001 341.70999999999998 4497 1607641 9161 132 1 1742 0.70995661790990949 12 0.98848732947160245 0.7469033785429009 2548 0.72739793677543996 12 0.82028353864890513 0.65738800247299212 301 9.2378416061401367 1 14.343664169311523 8.5549477672576906 0 0 0 0 0
357 17.850000000000001 17.900000000000002 337.83499999999998 4550 1612191 9161 132 1 1749 0.99939634041777325 12 1.0611955306172904 0.82455595803029169 2554 0.65120177487168673 12 0.89238942537281307 0.72408548652751148 302 11.504387855529785 1 14.051490783691406 7.756042490005493 0 0 0 0 0
358 17.900000000000002 17.949999999999999 341.42899999999997 4519 1616710 9162 132 1 1752 0.63948610503261094 12 1.054679145694714 0.83251373232822923 2563 0.87542752491751896 12 0.91115438130114901 0.75098192652195306 303 12.839448928833008 1 14.768880844116211 8.6782428836822518 0 0 0 0 0
359 17.949999999999999 18 336.935 4548 1621258 9163 132 1 1758 0.82562588690098593 12 0.96888086114616578 0.76809627201410546 2567 0.57926085409424921 12 0.93612841500023125 0.72564751150366291 303 4.7233715057373047 1 12.585210800170898 8.0351909732818605 0 0 0 0 0
360 18 18.050000000000001 336.214 4510 1625768 9163 132 1 1763 0.82357264176404432 12 1.1235840538012924 0.79568362826517725 2576 0.82632710558115641 12 0.89514940905945983 0.72836913138721071 304 5.8442578315734863 1 14.089914321899414 8.8902844047546381 0 0 0 0 0
361 18.050000000000001 18.100000000000001 334.66199999999998 4503 1630271 9163 132 1 1767 0.66569528673006029 12 0.99012991272250217 0.79122457825836112 2582 0.7096337457962989 12 0.95790525875291721 0.76417897406887225 305 6.5986404418945312 1 14.68553352355957 9.2531405162811282 0 0 0 0 0
362 18.100000000000001 18.150000000000002 335.51499999999999 4451 1634722 9165 132 1 1774 0.96275907657440662 12 1.0855077526438335 0.81700800526381767 2590 0.78236629575048167 12 1.0113488997612652 0.79285713842103489 306 7.2466764450073242 1 14.887805938720703 9.3584249591827398 0 0 0 0 0
363 18.150000000000002 18.199999999999999 334.31599999999997 4523 1639245 9167 132 1 1777 0.65690685500290813 12 1.0103014430790189 0.77899450934535996 2599 0.94339331936191873 12 1.0636729359626771 0.81355081679311647 307 8.7922697067260742 1 14.208958625793457 8.4698116016387939 0 0 0 0 0
364 18.199999999999999 18.25 335.93000000000001 4467 1643712 9169 132 1 1783 0.76848851191196821 12 1.057376731216642 0.84191125749572093 2607 0.88480795074153595 12 1.0928876206681535 0.92286643403285273 308 10.569086074829102 1 14.266773223876953 8.2408915901184088 0 0 0 0 0
365 18.25 18.300000000000001 336.69400000000002 4551 1648263 9171 132 1 1788 0.82351166258250952 12 0.93134818714735146 0.73917601148900092 2614 0.78007328059222247 12 1.0244830526210167 0.86044764938547813 309 12.669247627258301 1 14.284536361694336 7.920767822265625 0 0 0 0 0
366 18.300000000000001 18.350000000000001 338.36599999999999 4519 1652782 9172 132 1 1793 0.89128909270548784 12 0.90929432926749265 0.72654884397570085 2622 0.81097607870359678 12 1.0309525554244583 0.83427002277245388 310 14.17320728302002 1 14.751626968383789 8.5110303306579596 0 0 0 0 0
367 18.350000000000001 18.400000000000002 334.67899999999997 4467 1657249 9175 132 1 1798 0.90733178255417701 12 1.0436798827800373 0.77776793328509186 2627 0.63451030834301103 12 0.82630543869894901 0.71524762086610549 310 5.2140336036682129 1 13.892559051513672 8.8698837566375737 0 0 0 0 0
368 18.400000000000002 18.449999999999999 339.43000000000001 4533 1661782 9176 132 1 1801 0.64900411845021566 12 0.88936541962765436 0.7319435093397062 2638 0.9459159711325491 12 1.0112564655574592 0.8808872114677686 311 5.8637404441833496 1 14.71381950378418 9.3567698860168456 0 0 0 0 0
369 18.449999999999999 18.5 336.53100000000001 4522 1666304 9179 132 1 1807 0.80761428751411801 12 0.98642226699836877 0.7953515305691633 2643 0.72291976575915873 12 0.92718558593376266 0.76131425932090013 312 6.5177159309387207 1 14.798467636108398 9.3525427722930914 0 0 0 0 0
370 18.5 18.550000000000001 341.39499999999998 4588 1670892 9181 132 1 1812 0.82993267621093725 12 1.050990632896651 0.77155483371522171 2652 0.88726321054068769 12 1.0285766216347347 0.81026738261532172 313 7.0279421806335449 1 15.027677536010742 9.4948595619201654 0 0 0 0 0
371 18.550000000000001 18.600000000000001 338.54500000000002 4529 1675421 9182 132 1 1815 0.66791164907503653 12 0.81349892088531239 0.63659672361086583 2659 0.87462757864362883 12 0.93031243477520109 0.76926653062602568 314 7.7026071548461914 1 14.90294075012207 9.3320592689514168 0 0 0 0 0
372 18.600000000000001 18.650000000000002 339.77100000000002 4518 1679939 9182 132 1 1821 0.85245389167659924 12 0.98055528957994176 0.76967798506794427 2665 0.74031501420509271 12 0.96434295430175354 0.78162266862001051 315 8.8386869430541992 1 14.572527885437012 8.8752430534362787 0 0 0 0 0
373 18.650000000000002 18.699999999999999 341.38600000000002 4475 1684414 9187 132 1 1824 0.68602845725696271 12 0.83557418033655229 0.6409572338378946 2672 0.78284664197189335 12 0.81479520604700306 0.71464909237726404 316 8.90692138671875 1 15.593097686767578 9.9324479484558097 0 0 0 0 0
374 18.699999999999999 18.75 338.18700000000001 4518 1688932 9190 132 1 1829 0.67901084231930853 12 0.97343556413603038 0.80059859609901263 2678 0.67013186098397337 12 0.90419418882056313 0.76024012262672747 317 9.2817296981811523 1 15.302982330322266 9.6289277076721191 0 0 0 0 0
375 18.75 18.800000000000001 343.548 4506 1693438 9190 132 1 1833 0.51127573445809849 12 1.0932482539487414 0.80098419468928517 2685 0.70641370632298717 12 0.82238604692243533 0.72083651454851516 318 11.520534515380859 1 14.071210861206055 7.7835087680816653 0 0 0 0 0
376 18.800000000000001 18.850000000000001 337.74400000000003 4507 1697945 9193 132 1 1838 0.61616776680824703 12 0.8831713218262579 0.68980410622250177 2691 0.63954928887603302 12 0.82945061671912179 0.71484664371564011 319 13.750619888305664 1 14.311792373657227 7.792141771316528 0 0 0 0 0
377 18.850000000000001 18.900000000000002 336.995 4480 1702425 9193 132 1 1844 0.76589260285109884 12 1.0501842280100697 0.80414827554713852 2698 0.6281418612213423 12 0.90617443133828723 0.76805047437305973 319 5.0585713386535645 1 13.478339195251465 8.6054195976257333 0 0 0 0 0
378 18.900000000000002 18.949999999999999 346.17399999999998 4499 1706924 9194 132 1 1848 0.61578047118979928 12 0.97146200773543434 0.78353667156824602 2706 0.77416416330758231 12 0.85558364711738943 0.72029787644572574 320 6.4911537170410156 1 13.879873275756836 8.5816966629028322 0 0 0 0 0
379 18.949999999999999 19 337.58600000000001 4519 1711443 9196 132 1 1854 0.77156185398630395 12 0.97665669188669413 0.79815212686301673 2711 0.59109519383494424 12 0.89962399998249276 0.72178497211178094 321 8.3930168151855469 1 13.837742805480957 8.1170898628234855 0 0 0 0 0
380 19 19.050000000000001 339.05799999999999 4520 1715963 9199 132 1 1860 0.97996440544644114 12 0.97996440544644114 0.74605544652018796 2720 0.7862974204852512 12 0.95250418623957722 0.77971618617903204 322 11.524404525756836 1 13.524013519287109 6.8998191738128662 0 0 0 0 0
381 19.050000000000001 19.100000000000001 338.065 4474 1720437 9201 132 1 1863 0.6596138356427288 12 0.99184264557860913 0.79334840012867036 2726 0.70243847820786065 12 0.89297421725696113 0.73167186636595549 323 13.944207191467285 1 14.225898742675781 7.6043146228790279 0 0 0 0 0
382 19.100000000000001 19.150000000000002 338.25999999999999 4531 1724968 9202 132 1 1868 0.64838529828464253 12 1.0478388233847975 0.80476731397218193 2733 0.6705101263757155 12 0.92146695594048433 0.78836693661892598 324 15.030449867248535 1 15.030449867248535 8.9245848560333254 0 0 0 0 0
383 19.150000000000002 19.199999999999999 336.863 4523 1729491 9203 132 1 1874 0.79666453503964885 12 1.1235913047843318 0.80557954239248342 2740 0.71825247823052174 12 0.85560740010074654 0.70949024598881127 324 5.529395580291748 1 14.732827186584473 9.4063644218444828 0 0 0 0 0
384 19.199999999999999 19.25 335.07600000000002 4508 1733999 9204 132 1 1879 0.85396048006058145 12 0.90676642947098884 0.73692583830444347 2746 0.63474220982296714 12 0.81825557962022066 0.73132659558665991 325 5.7499814033508301 1 15.320566177368164 9.7816139030456544 0 0 0 0 0
385 19.25 19.300000000000001 335.66899999999998 4420 1738419 9205 132 1 1884 0.84774876813785205 12 1.0446217922236014 0.79980073855887079 2754 0.77706408473840616 12 0.84013821036884351 0.72396149079580152 326 6.3895211219787598 1 14.800470352172852 9.3668339443206783 0 0 0 0 0
386 19.300000000000001 19.350000000000001 338.69799999999998 4570 1742989 9205 132 1 1887 0.62764749910691053 12 0.83096223979666151 0.69409824339822068 2761 0.74160930094680044 12 0.92054228277564709 0.79185826716138397 327 7.2670974731445312 1 14.634133338928223 9.1311693763732915 0 0 0 0 0
387 19.350000000000001 19.400000000000002 340.72399999999999 4529 1747518 9205 132 1 1892 0.6828548589465363 12 0.99018780787465066 0.73899369942499771 2767 0.69013178442311462 12 0.86154860987085113 0.69961311663446435 328 9.1786155700683594 1 13.96949577331543 8.1075335979461673 0 0 0 0 0
388 19.400000000000002 19.449999999999999 335.17599999999999 4497 1752015 9206 132 1 1899 0.99429958368013616 12 0.99429958368013616 0.80277037755854308 2774 0.74294168508628633 12 0.93924324602901421 0.70447312338239632 329 11.813410758972168 1 13.863165855407715 7.3914632034301757 0 0 0 0 0
389 19.449999999999999 19.5 339.06400000000002 4454 1756469 9209 132 1 1903 0.81165226736615936 12 1.0215559244436139 0.81574774471976985 2781 0.67671512272528123 12 1.0283942990273496 0.82232328299992441 329 4.345911979675293 1 11.579489707946777 7.3930745124816895 0 0 0 0 0
390 19.5 19.550000000000001 344.15300000000002 4544 1761013 9210 132 1 1909 1.0169253151483877 12 1.0374685633424285 0.74915367009353351 2792 1.0157530752529587 12 1.1003521648766339 0.85353014254719806 330 5.3146018981933594 1 14.160516738891602 9.0409651088714593 0 0 0 0 0
391 19.550000000000001 19.600000000000001 336.03800000000001 4491 1765504 9210 132 1 1912 0.75905657016097794 12 0.99678884884807883 0.73148925951543919 2796 0.65073546912739177 12 0.99563984356796831 0.79381216020760081 331 6.493657112121582 1 14.165727615356445 8.8326959800720211 0 0 0 0 0
392 19.600000000000001 19.650000000000002 337.37099999999998 4553 1770057 9210 132 1 1917 0.68470950808948228 12 1.0941203149664567 0.86725689479537915 2805 0.85167443655823971 12 0.95361803883186536 0.77403673186337718 332 7.7148900032043457 1 14.341422080993652 8.7909384250640876 0 0 0 0 0
393 19.650000000000002 19.699999999999999 335.14600000000002 4494 1774551 9211 132 1 1923 0.83340526201427456 12 0.97043115359285992 0.8051671626191006 2811 0.68951237032612744 12 1.0119482573643224 0.80919453113988193 333 11.619248390197754 1 13.100665092468262 6.1345537328720097 0 0 0 0 0
394 19.699999999999999 19.75 343.089 4490 1779041 9212 132 1 1928 0.78193669751410289 12 1.0505603040763734 0.84460647939727973 2818 0.66452609715455402 12 1.0318142976615874 0.7814940134677909 333 4.2744836807250977 1 11.389171600341797 7.2715640735626224 0 0 0 0 0
395 19.75 19.800000000000001 338.10199999999998 4495 1783536 9213 132 1 1933 0.72502411887017859 12 1.0579720303960489 0.84999616426886138 2827 0.91786523368722539 12 0.95532402599592725 0.72215871192984171 334 5.288322925567627 1 14.090502738952637 8.9962626457214352 0 0 0 0 0
396 19.800000000000001 19.850000000000001 336.613 4548 1788084 9215 132 1 1938 0.69355067956238003 12 0.99431226526883409 0.82481065863039593 2833 0.70890094186812114 12 0.97510960488711462 0.85553037938642662 335 5.7363605499267578 1 14.981624603271484 9.5564294815063473 0 0 0 0 0
397 19.850000000000001 19.900000000000002 337.983 4478 1792562 9216 132 1 1943 0.73832501757032198 12 0.99663437360054008 0.74932275114333347 2841 0.73990329471795624 12 1.1261041422148206 0.83417152482756662 336 6.4708547592163086 1 14.692070960998535 9.2728250980377194 0 0 0 0 0
398 19.900000000000002 19.949999999999999 338.02999999999997 4592 1797154 9216 132 1 1948 0.76631566001782403 12 0.88147279340778262 0.76593907476506429 2849 0.81420787154017749 12 0.93682698687992561 0.79130081449973422 337 7.1042389869689941 1 14.890022277832031 9.372928447723389 0 0 0 0 0
399 19.949999999999999 20 335.70699999999999 4483 1801637 9217 132 1 1953 0.78541098221338568 12 1.0186229243691296 0.77474600421365125 2855 0.7672864780232731 12 0.88931649923325051 0.69510246460180314 338 7.9395098686218262 1 14.758975028991699 9.1730524826049802 0 0 0 0 0
400 20 20.050000000000001 335.17000000000002 4508 1806145 9218 132 1 1956 0.56883808002498204 12 0.84860655081403114 0.69060496265332816 2863 0.7871265892241458 12 0.99126489138281149 0.84522254246312312 339 8.3543815612792969 1 15.222673416137695 9.5892625617980958 0 0 0 0 0
401 20.050000000000001 20.100000000000001 334.61700000000002 4494 1810639 9219 132 1 1963 1.0027066158352251 12 1.0436278490592508 0.68156667587361719 2871 0.86530427538059884 12 0.95630908697038119 0.78746629949034941 340 8.8429985046386719 1 15.174644470214844 9.5162504673004147 0 0 0 0 0
402 20.100000000000001 20.150000000000002 338.91899999999998 4513 1815152 9222 132 1 1967 0.79100478160573839 12 1.0677446075067232 0.84451264118300362 2879 0.86251769307497383 12 1.0927275766392013 0.86762370859287874 341 10.735918045043945 1 14.205010414123535 8.1259477901458741 0 0 0 0 0
403 20.150000000000002 20.199999999999999 354.16699999999997 4532 1819684 9223 132 1 1974 1.1496856681944105 12 1.3224532703363947 0.75600489906072643 2885 0.76208618396037331 12 0.88708857136803709 0.74807917240986921 342 13.461973190307617 1 14.011366844177246 7.3011114978790284 0 0 0 0 0
404 20.199999999999999 20.25 338.98599999999999 4468 1824152 9224 132 1 1979 1.0576144021656162 12 1.1269203711231495 0.88480453043345486 2893 0.85725632019945097 12 0.92865465218956411 0.77064324152147445 342 4.952385425567627 1 13.195408821105957 8.424780187606812 0 0 0 0 0
405 20.25 20.300000000000001 338.68000000000001 4527 1828679 9229 132 1 1985 1.0733373751716477 12 1.097623503397462 0.93681470662836464 2902 0.94619276495398696 12 1.0668292889723907 0.88492286009482468 343 5.7674846649169922 1 14.472288131713867 9.1930256080627437 0 0 0 0 0
406 20.300000000000001 20.350000000000001 341.10899999999998 4527 1833206 9230 132 1 1988 0.7122676145462935 12 1.0520838697751824 0.83366167455441509 2909 0.86520366904300616 12 0.980480210563621 0.83693877169731523 344 6.8454837799072266 1 14.347688674926758 8.9327448081970218 0 0 0 0 0
407 20.350000000000001 20.400000000000002 338.96800000000002 4581 1837787 9231 132 1 1994 0.83436685067321259 12 1.0414874747632155 0.83149859138898574 2916 0.83953438384106027 12 0.97606073424622819 0.78217024966168214 345 8.287907600402832 1 14.222102165222168 8.5719528198242188 0 0 0 0 0
408 20.400000000000002 20.449999999999999 342.077 4447 1842234 9231 132 1 1997 0.61734919196793236 12 0.87865396849220212 0.69104537093923613 2923 0.87433115533376871 12 0.88260157233657865 0.7223068667216781 346 10.531710624694824 1 13.934818267822266 7.7785598373413087 0 0 0 0 0
409 20.449999999999999 20.5 333.06900000000002 4558 1846792 9233 132 1 2002 0.70039942227895391 12 0.9375537646904839 0.71142834986013226 2928 0.61111131603200286 12 0.96804531251986481 0.80113712856160957 347 13.198492050170898 1 14.014641761779785 7.3597979068756105 0 0 0 0 0
410 20.5 20.550000000000001 335.46199999999999 4484 1851276 9233 132 1 2008 0.9538766722387032 12 0.9538766722387032 0.70142984796832908 2936 0.70148744658359352 12 0.87410715221572111 0.77538933672468358 347 4.8554553985595703 1 12.93714427947998 8.2598875522613522 0 0 0 0 0
411 20.550000000000001 20.600000000000001 331.67500000000001 4504 1855780 9236 132 1 2011 0.66953822110395245 12 0.93498867203200653 0.75769513483728435 2942 0.60427218020415385 12 0.97654861812369675 0.7448950985049565 348 5.9758081436157227 1 14.121790885925293 8.8908142852783207 0 0 0 0 0
412 20.600000000000001 20.650000000000002 333.63900000000001 4505 1860285 9236 132 1 2017 0.8674383770631966 12 0.99779156189308393 0.75645312304505052 2950 0.77910261988274854 12 0.81412038932880071 0.69177687465596138 349 7.6319766044616699 1 13.906363487243652 8.3603374481201165 0 0 0 0 0
413 20.650000000000002 20.699999999999999 335.05900000000003 4517 1864802 9237 132 1 2021 0.76627553808539806 12 0.92650218225649694 0.73507533915580214 2957 0.73223219440262399 12 0.92309949195002228 0.80316017155706776 350 9.5783281326293945 1 14.006240844726562 8.0730462837219239 0 0 0 0 0
414 20.699999999999999 20.75 335.94600000000003 4531 1869333 9238 132 1 2025 0.59590171404956238 12 1.0531461027922988 0.80359648301549313 2962 0.59041952638910666 12 0.84018863935713384 0.68093986083936986 351 11.793397903442383 1 14.119259834289551 7.8070059680938719 0 0 0 0 0
415 20.75 20.800000000000001 335.97500000000002 4534 1873867 9238 132 1 2029 0.5490524562782888 12 0.85251755719195532 0.68130300383642739 2970 0.73564769847885514 12 0.87701365192284797 0.72108414245804142 351 4.3385510444641113 1 11.559872627258301 7.380551815032959 0 0 0 0 0
416 20.800000000000001 20.850000000000001 334.779 4475 1878342 9238 132 1 2036 0.88728701531334309 12 0.98557724579375872 0.77624761466414749 2976 0.66828784562578558 12 0.87748609769188024 0.7153372296393179 352 6.2262716293334961 1 13.313485145568848 8.1310930538177484 0 0 0 0 0
417 20.850000000000001 20.900000000000002 335.42599999999999 4470 1882812 9240 132 1 2040 0.7247066160636374 12 1.0433485603731993 0.79588065647851236 2984 0.79184785979908867 12 0.90565407298514777 0.7425363277591539 353 7.9458661079406738 1 13.910606384277344 8.2975443649292 0 0 0 0 0
418 20.900000000000002 20.949999999999999 333.03699999999998 4544 1887356 9243 132 1 2046 0.84618283829981633 12 1.0252185022137845 0.83211531185840626 2992 0.83422689415237983 12 1.0189269809759591 0.82290819091948408 354 11.029096603393555 1 13.470968246459961 6.9474975395202634 0 0 0 0 0
419 20.949999999999999 21 332.54599999999999 4528 1891884 9244 132 1 2051 0.85107669824590848 12 0.98658063345037372 0.78880562968844226 2999 0.72736541397275567 12 1.0134652670418192 0.86255326280773392 354 4.0573797225952148 1 10.81070613861084 6.9022354316711425 0 0 0 0 0
420 21 21.050000000000001 333.86900000000003 4530 1896414 9246 132 1 2055 0.74483153253918144 12 0.99137757265141624 0.74010695899787537 3004 0.60769420292493592 12 0.79583374370047111 0.65901910140310715 355 5.2084565162658691 1 13.877697944641113 8.8603962421417233 0 0 0 0 0
421 21.050000000000001 21.100000000000001 337.416 4484 1900898 9247 132 1 2060 0.79563764282780702 12 0.92066260145622392 0.74335116741651563 3013 0.81933136443831001 12 0.87787803802650066 0.76344498917135306 356 6.3647379875183105 1 14.164982795715332 8.8552405071258544 0 0 0 0 0
422 21.100000000000001 21.150000000000002 332.33999999999997 4541 1905439 9249 132 1 2066 0.97309395360870143 12 1.1419362811649132 0.77669316470448024 3021 0.84866841067872667 12 0.96123349293033844 0.8358203112990189 357 8.7178459167480469 1 13.536256790161133 7.6703467655181887 0 0 0 0 0
423 21.150000000000002 21.199999999999999 334.49000000000001 4457 1909896 9250 132 1 2071 0.92097846400713745 12 1.0593773536870712 0.8452469876807257 3026 0.63833637561575307 12 0.92701372433689266 0.74877641375948367 358 12.531208038330078 1 13.306094169616699 6.2246434402465818 0 0 0 0 0
424 21.199999999999999 21.25 335.30399999999997 4567 1914463 9251 132 1 2074 0.64889954805015748 12 0.90274187228250768 0.74555769193935417 3034 0.74233160490337569 12 0.88432632440063152 0.76190607492258933 358 4.6099753379821777 1 12.283073425292969 7.8422864437103268 0 0 0 0 0
425 21.25 21.300000000000001 332.96699999999998 4470 1918933 9251 132 1 2079 0.7569799812639264 12 0.82002660648580472 0.68664750465607871 3040 0.67692467675930634 12 0.80973470616609089 0.7134036763658298 359 6.4196600914001465 1 13.455188751220703 8.2083517360687264 0 0 0 0 0
426 21.300000000000001 21.350000000000001 335.86900000000003 4492 1923425 9254 132 1 2084 0.86582633574712353 12 0.95688604463210525 0.68588940146937016 3047 0.66233886856160185 12 0.96471503786079127 0.77119720096458488 360 7.795262336730957 1 14.203887939453125 8.6381103801727299 0 0 0 0 0
427 21.350000000000001 21.400000000000002 332.17899999999997 4560 1927985 9255 132 1 2088 0.75674104006680021 12 0.94302569227357524 0.74291878819886226 3054 0.74235739632641196 12 0.78085058049645095 0.67753579890678683 361 9.504328727722168 1 14.178791046142578 8.3079657840728753 0 0 0 0 0
428 21.400000000000002 21.449999999999999 336.52999999999997 4476 1932461 9258 132 1 2094 0.84823771507776879 12 1.0238666950903743 0.86179620123320289 3062 0.75886945414828633 12 0.98107719767467472 0.84851743097215238 362 10.543444633483887 1 14.812986373901367 8.9712397480010981 0 0 0 0 0
429 21.449999999999999 21.5 340.625 4477 1936938 9259 132 1 2098 0.67559783231922488 12 1.0631279604829367 0.80584004171783974 3069 0.74924425038144771 12 0.85797450564817701 0.7662860422831389 363 12.315505027770996 1 14.452376365661621 8.2456007385253898 0 0 0 0 0
430 21.5 21.550000000000001 341.46699999999998 4574 1941512 9260 132 1 2104 0.89375936890507612 12 1.0916401242465448 0.7363935622732215 3078 0.95655042222207687 12 1.0785075153004446 0.76773287949642754 363 4.5306229591369629 1 12.07164192199707 7.7072958183288574 0 0 0 0 0
431 21.550000000000001 21.600000000000001 333.46699999999998 4524 1946036 9262 132 1 2108 0.75148820498670643 12 0.99431634327771767 0.77577380850265598 3084 0.76776559103862585 12 1.0158534217710604 0.83555203262751843 364 5.9409446716308594 1 13.761402130126953 8.6037344789504999 0 0 0 0 0
432 21.600000000000001 21.650000000000002 334.45499999999998 4459 1950495 9264 132 1 2114 0.81686896369584627 12 1.1476578750309543 0.88765178566910807 3092 0.79980485996025652 12 0.94750876577388399 0.83314503932934059 365 7.5115575790405273 1 13.963442802429199 8.4450390148162846 0 0 0 0 0
433 21.650000000000002 21.699999999999999 336.35000000000002 4529 1955024 9265 132 1 2120 0.95064191969619283 12 1.1381249352107581 0.81994122387879576 3100 0.81801462853393336 12 0.99800464626160212 0.84683653868632791 366 8.8897123336791992 1 14.366436004638672 8.6355790710449227 0 0 0 0 0
434 21.699999999999999 21.75 333.77600000000001 4472 1959496 9266 132 1 2124 0.80649913587269306 12 0.93181794030330745 0.77762686746464249 3107 0.85373420768569552 12 0.87098077473092572 0.72139324063570254 367 10.604935646057129 1 14.315160751342773 8.3018729972839349 0 0 0 0 0
435 21.75 21.800000000000001 334.11099999999999 4534 1964030 9267 132 1 2130 0.93318924449739693 12 0.99049089636122356 0.82695343734727256 3114 0.77769996944767728 12 1.0590645239218173 0.8320332547082897 368 13.801999092102051 1 13.801999092102051 6.8348003482818607 0 0 0 0 0
436 21.800000000000001 21.850000000000001 336.02300000000002 4537 1968567 9268 132 1 2133 0.70859391017565898 12 0.91471086229597498 0.69854741470208648 3120 0.71675021792225291 12 0.822356369285417 0.70899100961002004 368 5.0774717330932617 1 13.528701782226562 8.6375727653503418 0 0 0 0 0
437 21.850000000000001 21.900000000000002 335.88999999999999 4480 1973047 9269 132 1 2138 0.75691683188317405 12 0.90317550443467853 0.74580956437758217 3130 0.98047204404263943 12 0.9851643634840701 0.8199875607876318 369 6.4064207077026367 1 13.97542667388916 8.6842948627471923 0 0 0 0 0
438 21.900000000000002 21.949999999999999 335.08199999999999 4542 1977589 9270 132 1 2142 0.59417314768310614 12 1.0612158675988521 0.79604235230693776 3137 0.86438686912124252 12 1.0783621298300259 0.87168503743249037 370 7.4739627838134766 1 14.460561752319336 8.9430990695953376 0 0 0 0 0
439 21.949999999999999 22 335.40699999999998 4497 1982086 9272 132 1 2147 0.65337056258604653 12 0.99509141215729358 0.73504337226705929 3143 0.74203912825197782 12 0.92542300868678751 0.76977709530495331 371 8.8758811950683594 1 14.344085693359375 8.612051372528077 0 0 0 0 0
440 22 22.050000000000001 335.63499999999999 4546 1986632 9272 132 1 2152 0.68124475075848523 12 1.0577734407214892 0.76605448302443302 3151 0.84851627945899966 12 0.95669933170885657 0.75944897459004379 372 11.210720062255859 1 13.969417572021484 7.6884290790557861 0 0 0 0 0
441 22.050000000000001 22.100000000000001 333.67500000000001 4446 1991078 9274 132 1 2158 0.8051008913252089 12 1.0255513304755801 0.82975923629610659 3157 0.73084694292094254 12 1.0271943988026799 0.76514522505773064 372 4.1241950988769531 1 10.988733291625977 7.0158989429473877 0 0 0 0 0
442 22.100000000000001 22.150000000000002 333.18900000000002 4539 1995617 9275 132 1 2164 1.0170647322185455 12 1.1017730406352453 0.7425297488863507 3164 0.72871616075973256 12 0.8555206893263636 0.7588662698462203 373 5.3846826553344727 1 13.784680366516113 8.7520762395858771 0 0 0 0 0
443 22.150000000000002 22.199999999999999 333.87900000000002 4538 2000155 9275 132 1 2167 0.69339718137468609 12 1.0592088264132302 0.79663224108635466 3169 0.54207399660671074 12 0.88170421667195653 0.72532257134084754 374 6.2551355361938477 1 14.48918342590332 9.1382228851318352 0 0 0 0 0
444 22.199999999999999 22.25 335.42000000000002 4496 2004651 9276 132 1 2173 0.76753189450218562 12 1.0958224743131608 0.87898513158162428 3178 0.69546471157589473 12 1.0105601639360995 0.82111097828923063 375 7.4183063507080078 1 14.352880477905273 8.8484207534790045 0 0 0 0 0
445 22.25 22.300000000000001 330.83300000000003 4529 2009180 9276 132 1 2177 0.65012713841029579 12 0.86590783558194595 0.75115534358554426 3185 0.72697408968532407 12 0.80894505671552708 0.72556147882664501 376 8.6151914596557617 1 14.490985870361328 8.8150454425811766 0 0 0 0 0
446 22.300000000000001 22.350000000000001 334.13600000000002 4555 2013735 9277 132 1 2184 0.98610960396509317 12 1.0263534855274927 0.77847708047382413 3191 0.64354675585353693 12 0.92304183909216442 0.731244396152126 377 9.5457382202148438 1 14.821735382080078 9.0787254142761231 0 0 0 0 0
447 22.350000000000001 22.400000000000002 335.62 4485 2018220 9278 132 1 2188 0.81721387023017522 12 0.96658333710261757 0.80213313712960188 3200 0.87583570740110162 12 0.91711777678212603 0.74299908708640061 378 13.21629524230957 1 13.483282089233398 6.366023621559143 0 0 0 0 0
448 22.400000000000002 22.449999999999999 334.41000000000003 4517 2022737 9278 132 1 2194 0.94732184637160533 12 1.0896794001261394 0.82356970325348877 3206 0.69726329737821136 12 0.99838480552708786 0.82544145950393111 378 4.8620047569274902 1 12.954595565795898 8.2710278415679923 0 0 0 0 0
449 22.449999999999999 22.5 335.37900000000002 4539 2027276 9280 132 1 2198 0.8612293828101385 12 0.99064957149445065 0.72015506691402875 3215 0.84585828547542163 12 0.97390042811732835 0.82585882034379299 379 6.7051563262939453 1 13.502521514892578 8.1752184677124031 0 0 0 0 0
450 22.5 22.550000000000001 334.25200000000001 4452 2031728 9281 132 1 2203 0.86289374932410223 12 1.1001697428642758 0.7920030733517236 3221 0.66595182466396208 12 1.0034540072385523 0.82676202883800431 380 9.2373695373535156 1 13.507661819458008 7.4930227804183964 0 0 0 0 0
451 22.550000000000001 22.600000000000001 331.05700000000002 4513 2036241 9282 132 1 2208 0.88442645387517083 12 0.99718797573494533 0.7723326608846115 3229 0.73374949959830404 12 0.91008459331367064 0.79774281000379277 381 10.168919563293457 1 14.869852066040039 9.0777337932586661 0 0 0 0 0
452 22.600000000000001 22.650000000000002 333.88 4523 2040764 9282 132 1 2213 0.82612601159110899 12 0.99012789650568889 0.85137033414982577 3235 0.69634018024143363 12 0.81201293638001226 0.68568523495959266 382 11.529073715209961 1 14.65632438659668 8.653402824401855 0 0 0 0 0
453 22.650000000000002 22.699999999999999 332.59899999999999 4527 2045291 9282 132 1 2217 0.72169719802008736 12 0.90466306701539057 0.73830871960473432 3244 0.87245219684130437 12 0.8983819423784577 0.79861618382603294 383 13.02241039276123 1 14.68272590637207 8.5215499401092529 0 0 0 0 0
454 22.699999999999999 22.75 330.66800000000001 4511 2049802 9283 132 1 2221 0.66354633986003819 12 0.91378792032362921 0.69249208983920885 3253 0.9959927475734337 12 1.0366399614996202 0.850663678760464 384 14.303127288818359 1 14.886848449707031 8.7320459079742427 0 0 0 0 0
455 22.75 22.800000000000001 333.91899999999998 4436 2054238 9284 132 1 2227 0.77472396502419127 12 1.0234030996050154 0.84231125422886433 3260 0.91573389408656869 12 0.97627077440957766 0.83621572209008665 384 5.2618274688720703 1 14.019906044006348 8.9511894035339363 0 0 0 0 0
456 22.800000000000001 22.850000000000001 333.27699999999999 4530 2058768 9286 132 1 2232 0.81659137445782859 12 0.90250193126617917 0.75220071913704023 3265 0.69581065538112774 12 0.8976011470211922 0.75827192078943606 385 6.4742412567138672 1 14.12337589263916 8.7996686363220213 0 0 0 0 0
457 22.850000000000001 22.900000000000002 338.52300000000002 4536 2063304 9286 132 1 2235 0.53020114179641487 12 0.94172570251283194 0.75972650160865185 3271 0.66906447880272124 12 0.79899433448759682 0.67512840027116694 386 7.7077474594116211 1 14.328144073486328 8.7787880992889402 0 0 0 0 0
458 22.900000000000002 22.949999999999999 334.33300000000003 4520 2067824 9287 132 1 2241 0.69629541181382681 12 1.1031735946261694 0.78794201816831344 3279 0.8329189127949822 12 0.86133158511192709 0.70264344310175286 387 9.4721355438232422 1 14.130762100219727 8.2531976318359384 0 0 0 0 0
459 22.949999999999999 23 335.15100000000001 4546 2072370 9288 132 1 2245 0.57812257264814682 12 1.0746880206796858 0.75191577748646821 3286 0.80117926061345335 12 0.97113336568408826 0.78818004072504433 388 11.118527412414551 1 14.419949531555176 8.3700197315216069 0 0 0 0 0
460 23 23.050000000000001 342.38200000000001 4486 2076856 9290 132 1 2252 0.88423038345007665 12 1.2176981011908206 0.80805404737946529 3294 0.88138337823250834 12 0.9042500486343743 0.78546012253306008 389 13.602728843688965 1 14.157866477966309 7.5405573940277097 0 0 0 0 0
461 23.050000000000001 23.100000000000001 332.54000000000002 4525 2081381 9292 132 1 2257 0.82332102457682288 12 1.0056064696539015 0.85395309439135914 3300 0.74433703653707495 12 0.89113321537627821 0.78432913183019604 389 5.0041661262512207 1 13.333376884460449 8.5128669738769531 0 0 0 0 0
462 23.100000000000001 23.150000000000002 332.911 4547 2085928 9294 132 1 2263 0.91865948741398162 12 0.99706597176809164 0.85799263174571694 3307 0.72438231454095359 12 0.96507720053462409 0.77651266815665354 390 6.8567743301391602 1 13.534430503845215 8.1658553171157831 0 0 0 0 0
463 23.150000000000002 23.199999999999999 333.76499999999999 4470 2090398 9294 132 1 2266 0.64337585653577534 12 0.97193125789127655 0.7487305518085996 3313 0.69140218478821991 12 0.80090927461205863 0.68130020160705063 391 7.848473072052002 1 14.589744567871094 9.0181852245330809 0 0 0 0 0
464 23.199999999999999 23.25 333.18700000000001 4501 2094899 9295 132 1 2273 0.97678424926504259 12 1.0371852197817393 0.7810255919917235 3320 0.63564485730679043 12 0.9383564844313057 0.81195858571402379 392 9.5239038467407227 1 14.207993507385254 8.3412659072875979 0 0 0 0 0
465 23.25 23.300000000000001 332.005 4475 2099374 9298 132 1 2276 0.75326018419767182 12 0.95744264811750446 0.69748691643041283 3328 0.68172865170309038 12 1.0361836113824101 0.81924031351059523 393 11.449115753173828 1 14.266475677490234 8.0939744567871088 0 0 0 0 0
466 23.300000000000001 23.350000000000001 332.51999999999998 4554 2103928 9299 132 1 2282 0.88218185270116445 12 1.0496175053810317 0.82474413669416835 3336 0.77290358784399238 12 0.98845184501207206 0.77459869652528957 394 13.170384407043457 1 14.555524826049805 8.2958873367309565 0 0 0 0 0
467 23.350000000000001 23.400000000000002 333.34800000000001 4477 2108405 9299 132 1 2285 0.66967935969550463 12 0.89401360082307035 0.68657523021013245 3343 0.69620262282111511 12 0.98060654513921341 0.83269331926280932 394 4.8451156616210938 1 12.90959358215332 8.2422965717315666 0 0 0 0 0
468 23.400000000000002 23.449999999999999 333.42500000000001 4489 2112894 9300 132 1 2291 0.82736867042406215 12 1.010550271198597 0.7962632889913337 3351 0.81919296441119571 12 0.9363831335183832 0.74310029877022177 395 5.5733113288879395 1 14.555795669555664 9.2790594100952148 0 0 0 0 0
469 23.449999999999999 23.5 335.476 4520 2117414 9301 132 1 2296 0.85211180748384707 12 0.92308166872299768 0.76915425040587282 3359 0.86173351165173218 12 1.0394323395237974 0.82274841700759749 396 6.966829776763916 1 14.029470443725586 8.6203680229187007 0 0 0 0 0
470 23.5 23.550000000000001 332.30399999999997 4548 2121962 9302 132 1 2300 0.67533446602118641 12 0.949167080348291 0.80993619475037892 3364 0.65076608147433423 12 0.85283366918480707 0.74940534197188124 397 9.0681514739990234 1 13.801377296447754 7.9196198129653927 0 0 0 0 0
471 23.550000000000001 23.600000000000001 332.678 4592 2126554 9304 132 1 2305 0.72697056021882289 12 0.94282998503943427 0.74252921205545019 3373 0.84008333564644211 12 0.94719125464624609 0.78554259109425528 398 11.124124526977539 1 14.141530990600586 7.9645190334320066 0 0 0 0 0
472 23.600000000000001 23.650000000000002 332.64600000000002 4446 2131000 9304 132 1 2311 0.90579887225941913 12 1.084438066247198 0.77533494684663862 3379 0.69938948971426029 12 1.0024554130226699 0.78794024542248564 398 4.0923380851745605 1 10.903852462768555 6.9617050457000733 0 0 0 0 0
473 23.650000000000002 23.699999999999999 339.49000000000001 4491 2135491 9304 132 1 2316 0.84947591429619707 12 1.0274353543706336 0.84941254145375933 3384 0.54767101844783772 12 0.88201372903499542 0.69074689605630668 399 5.2213177680969238 1 13.911964416503906 8.8822748374938971 0 0 0 0 0
474 23.699999999999999 23.75 342.91300000000001 4518 2140009 9304 132 1 2321 0.80795897421059981 12 1.020453614567068 0.83475393583413027 3391 0.67008968794640145 12 0.81844930666401539 0.63555817634905731 400 5.9461250305175781 1 14.625102996826172 9.2824155139923104 0 0 0 0 0
475 23.75 23.800000000000001 332.36599999999999 4563 2144572 9305 132 1 2326 0.77760852873199393 12 0.99365203767599397 0.82369891453629818 3399 0.74688268092450782 12 1.0285527959822685 0.78883711765461451 401 6.8176660537719727 1 14.578047752380371 9.1371459484100335 0 0 0 0 0
476 23.800000000000001 23.850000000000001 338.57400000000001 4545 2149117 9306 132 1 2331 0.75333482526912388 12 0.99675966791122639 0.8176825309475555 3407 0.87428474990089144 12 0.89194646453974291 0.7387325898997088 402 8.5131330490112305 1 14.035783767700195 8.3214280223846444 0 0 0 0 0
477 23.850000000000001 23.900000000000002 332.10399999999998 4477 2153594 9307 132 1 2336 0.80748214846113886 12 0.96673155286736401 0.74004323502151637 3414 0.8350061515993622 12 0.97988876518136847 0.79564380820453451 403 9.7684183120727539 1 14.57276725769043 8.7572239303588866 0 0 0 0 0
478 23.900000000000002 23.949999999999999 338.08699999999999 4521 2158115 9309 132 1 2340 0.81369153949361639 12 0.83012920379992117 0.62877311762061583 3418 0.5838690702705035 12 0.81847192578952088 0.68106661894593301 404 11.381738662719727 1 14.469022750854492 8.402760457992553 0 0 0 0 0
479 23.949999999999999 24 334.65800000000002 4518 2162633 9311 132 1 2344 0.65025285729329041 12 1.0444031828775784 0.79673042934287863 3427 0.83292302747234681 12 0.904513145320198 0.72640119697664385 405 13.699558258056641 1 14.258647918701172 7.7052799797058107 0 0 0 0 0
480 24 24.050000000000001 332.72000000000003 4473 2167106 9311 132 1 2350 0.89152919616350124 12 0.94212413870509715 0.71350933142022999 3432 0.62022368465076327 12 0.88650875887096725 0.75111999110493111 405 5.0397872924804688 1 13.428289413452148 8.5734645175933846 0 0 0 0 0
481 24.050000000000001 24.100000000000001 333.79300000000001 4527 2171633 9311 133 1 2354 0.6746312291141503 12 1.0778582622238111 0.84965699425185492 3440 0.78651670739697599 12 0.86855278087199728 0.70022917151712638 406 5.9606599807739258 1 14.370550155639648 9.0883040332794192 0 0 0 0 0
482 24.100000000000001 24.150000000000002 332.13799999999998 4568 2176201 9311 133 1 2358 0.53664872763786275 12 1.0226352516547623 0.77152804267585151 3447 0.75102408814983357 12 0.93783458702888134 0.79189561278922838 407 7.0119738578796387 1 14.40562915802002 8.9591620922088619 0 0 0 0 0
483 24.150000000000002 24.199999999999999 334.77499999999998 4499 2180700 9311 133 1 2364 0.73528198453329474 12 0.91948799455380381 0.75572735918281675 3455 0.71624173344994524 12 1.0900921873174942 0.89930058765011989 408 7.8001055717468262 1 14.792747497558594 9.2197219276428228 0 0 0 0 0
484 24.199999999999999 24.25 333.95299999999997 4484 2185184 9312 133 1 2369 0.73661802347812411 12 0.93642497728198304 0.79232805734450407 3463 0.80874665621238995 12 0.86615067495020248 0.77328187412955429 409 8.1955089569091797 1 15.234851837158203 9.6085414409637444 0 0 0 0 0
485 24.25 24.300000000000001 335.06099999999998 4552 2189736 9313 133 1 2376 0.99225684844112694 12 1.0619287484492728 0.85802001935379124 3472 0.9605463085950543 12 1.0405473696221914 0.82268607696373519 410 8.5583257675170898 1 15.285493850708008 9.6408003044128421 0 0 0 0 0
486 24.300000000000001 24.350000000000001 339.61399999999998 4445 2194181 9313 133 1 2381 1.0332590957972401 12 1.0332590957972401 0.75305731977756563 3477 0.68379384553120337 12 1.0116426316470066 0.81453484268463339 411 10.337787628173828 1 14.236454010009766 8.2382717323303218 0 0 0 0 0
487 24.350000000000001 24.400000000000002 338.38799999999998 4578 2198759 9314 133 1 2383 0.63536889872387003 12 1.0127992085952844 0.71138504571993944 3485 0.79601198193192968 12 0.94195184635155094 0.75376510573567446 412 11.436983108520508 1 14.832963943481445 8.9117623329162594 0 0 0 0 0
488 24.400000000000002 24.449999999999999 336.62099999999998 4458 2203217 9314 133 1 2389 0.77746303954861307 12 0.97805773347398273 0.81170298547675268 3492 0.77246267656619483 12 0.94749105661302002 0.78007128526552705 412 4.207432746887207 1 11.210515975952148 7.1574990749359131 0 0 0 0 0
489 24.449999999999999 24.5 332.25099999999998 4519 2207736 9315 133 1 2395 0.91780163257183267 12 1.0143276279037856 0.81344105116587029 3500 0.89198211014673512 12 0.92838456628693111 0.74653664848651446 413 5.9083929061889648 1 13.415002822875977 8.3159903526306156 0 0 0 0 0
490 24.5 24.550000000000001 331.84699999999998 4566 2212302 9316 133 1 2400 0.89956045894075587 12 0.99416802695180306 0.81171018400612427 3506 0.76963889851562073 12 0.93043746240437031 0.76977259197378123 414 7.3941202163696289 1 14.022805213928223 8.5290779972076418 0 0 0 0 0
491 24.550000000000001 24.600000000000001 335.38999999999999 4399 2216701 9316 133 1 2405 0.93413628815284655 12 1.096219028986831 0.75941955680740603 3513 0.79859065547006558 12 0.90040834663259617 0.72809357079392845 415 8.2635116577148438 1 14.758943557739258 9.139275064468384 0 0 0 0 0
492 24.600000000000001 24.650000000000002 332.64400000000001 4553 2221254 9318 133 1 2410 0.92236395235473112 12 1.0824040435282043 0.80530571384018856 3519 0.73033629762499619 12 0.88981167026166175 0.71622278194291822 416 10.985443115234375 1 13.688703536987305 7.3051958608627316 0 0 0 0 0
493 24.650000000000002 24.699999999999999 331.39999999999998 4499 2225753 9319 133 1 2414 0.76773459144124212 12 0.97521682503025386 0.78800901476808238 3527 0.82962699753100155 12 0.92656680165060068 0.76656381565476206 416 4.04132080078125 1 10.767916679382324 6.8749164295196534 0 0 0 0 0
494 24.699999999999999 24.75 333.51799999999997 4559 2230312 9320 133 1 2418 0.6918055256023582 12 0.88017857213072803 0.71009290811288028 3533 0.68748178609679889 12 0.91017566906780667 0.78937715511823003 417 5.7609400749206543 1 13.344446182250977 8.2975193595886232 0 0 0 0 0
495 24.75 24.800000000000001 334.22500000000002 4443 2234755 9321 133 1 2423 0.71162866996527996 12 1.0109397879174833 0.77402521021354742 3539 0.60831431884903031 12 0.86151427982821027 0.72702712653873436 418 6.6578550338745117 1 14.523921966552734 9.1120231056213381 0 0 0 0 0
496 24.800000000000001 24.850000000000001 336.08699999999999 4485 2239240 9322 133 1 2428 0.70085991188120478 12 0.94692437426362752 0.80431225611251744 3547 0.75074466217762115 12 0.85053532135395993 0.72385400682319356 419 8.2188806533813477 1 14.103654861450195 8.454530057907105 0 0 0 0 0
497 24.850000000000001 24.900000000000002 335.767 4525 2243765 9323 133 1 2433 0.67727888009755211 12 0.93269942678381312 0.81699686846590269 3555 0.81084530038710545 12 0.95228785815770856 0.80536329251787409 420 9.9310159683227539 1 14.234415054321289 8.3049296855926507 0 0 0 0 0
498 24.900000000000002 24.949999999999999 341.49700000000001 4548 2248313 9324 133 1 2439 0.83202567554968365 12 1.1231170344016508 0.7991764215870748 3561 0.71896659870686641 12 0.90027014364204661 0.73961171633245482 421 12.434515953063965 1 14.019876480102539 7.5214507484436037 0 0 0 0 0
499 24.949999999999999 25 333.14299999999997 4419 2252732 9324 133 1 2444 0.87123035627813228 12 0.94379253614641156 0.75483691215710902 3569 0.80057628071792808 12 0.91239003469653701 0.78406840849477744 422 14.279017448425293 1 14.567472457885742 8.1738813972473139 0 0 0 0 0
500 25 25.050000000000001 334.50299999999999 4500 2257232 9326 133 1 2449 0.88229728880425062 12 0.90012085816260046 0.78269412805235705 3575 0.72824951933432613 12 0.83142556705167525 0.72025460875896796 422 5.2529582977294922 1 13.996273994445801 8.9361019229888914 0 0 0 0 0
501 25.050000000000001 25.100000000000001 332.774 4584 2261816 9328 133 1 2454 0.77933241072170756 12 1.0900661680436106 0.89558952959783511 3582 0.74122076173773033 12 0.89397647406007175 0.74391482390508235 423 6.8489804267883301 1 13.792146682739258 8.4198855066299441 0 0 0 0 0
502 25.100000000000001 25.150000000000002 336.02199999999999 4525 2266341 9328 133 1 2459 0.82531445083169763 12 0.92812125644996424 0.74812699881820732 3593 1.0843965687343855 12 1.0843965687343855 0.84943356533565451 424 9.1562108993530273 1 13.65946102142334 7.7157633590698245 0 0 0 0 0
503 25.150000000000002 25.199999999999999 333.65100000000001 4487 2270828 9328 133 1 2463 0.73091672479162362 12 0.93227308137079645 0.72837752846974968 3599 0.83161102122952568 12 1.1225573205800508 0.89891497064489201 425 10.702971458435059 1 14.447500228881836 8.4686528873443603 0 0 0 0 0
504 25.199999999999999 25.25 334.04000000000002 4555 2275383 9328 133 1 2468 0.83718741555063325 12 0.88195649700033341 0.68843930045055368 3607 0.8682285979298473 12 1.017253173411518 0.82861224557394664 425 3.9374051094055176 1 10.49103832244873 6.6981397819519044 0 0 0 0 0
505 25.25 25.300000000000001 338.17599999999999 4423 2279806 9328 133 1 2472 0.78581529341283585 12 0.82060999198566176 0.68578085631487407 3613 0.75693305232573771 12 0.89263989412699496 0.75883497748839535 426 5.1643190383911133 1 13.760099411010742 8.7853138160705573 0 0 0 0 0
506 25.300000000000001 25.350000000000001 336.34800000000001 4583 2284389 9328 133 1 2476 0.68005603767695033 12 0.96451271434743491 0.73962585701829098 3619 0.6590423456762502 12 0.88961402154214886 0.74556379317020349 427 7.3334465026855469 1 13.362406730651855 7.8524913930892941 0 0 0 0 0
507 25.350000000000001 25.400000000000002 336.45100000000002 4484 2288873 9329 133 1 2481 0.69642285304883211 12 0.98736443046835298 0.77744711961966839 3627 0.78324529021327771 12 0.89673879448862193 0.74189984696480915 428 11.134613037109375 1 13.066587448120117 6.236719331741333 0 0 0 0 0
508 25.400000000000002 25.449999999999999 336.96100000000001 4494 2293367 9329 133 1 2487 0.77107736888888589 12 1.1128371843535987 0.87847050630960577 3632 0.66289056678535752 12 0.78215312486643251 0.65969576556413012 429 13.420286178588867 1 14.250150680541992 7.7371056079864502 0 0 0 0 0
509 25.449999999999999 25.5 336.30099999999999 4505 2297872 9331 133 1 2493 0.88618215682014589 12 0.99932720358409588 0.8384233205509003 3637 0.52487677482758044 12 0.85379851611521895 0.67717880966197608 429 4.9370489120483398 1 13.154546737670898 8.3986908245086678 0 0 0 0 0
510 25.5 25.550000000000001 333.49200000000002 4489 2302361 9332 133 1 2497 0.7638232972886827 12 0.91446243013654438 0.75606007309187018 3646 0.74252334341691417 12 0.88896175334616867 0.75749552188935054 430 5.5320682525634766 1 14.739948272705078 9.4109111118316644 0 0 0 0 0
511 25.550000000000001 25.600000000000001 332.85000000000002 4475 2306836 9332 133 1 2502 0.74344851360434583 12 0.99765096912308349 0.81382258381635408 3651 0.60033732665126605 12 0.82674107765279381 0.6813095009443958 431 7.6904830932617188 1 13.46351432800293 7.8630976629257203 0 0 0 0 0
512 25.600000000000001 25.650000000000002 335.762 4507 2311343 9333 133 1 2507 0.82100955586111735 12 1.0230408181983328 0.71686272361685344 3658 0.65201164239647302 12 0.92338780955621214 0.70559736525669992 432 9.5998506546020508 1 14.037714004516602 8.1096609020233146 0 0 0 0 0
513 25.650000000000002 25.699999999999999 336.47800000000001 4580 2315923 9333 133 1 2512 0.84774097194156006 12 0.94597064171518597 0.76718584813650637 3665 0.72970363819874529 12 0.94637449713584809 0.67983912736594687 433 12.138809204101562 1 13.962953567504883 7.4863451576232913 0 0 0 0 0
514 25.699999999999999 25.75 335.75099999999998 4473 2320396 9334 133 1 2518 0.97491886910228498 12 1.0147060453891754 0.82647056986858658 3670 0.59811757378314911 12 0.79424316637907422 0.67081511880932554 434 14.170232772827148 1 14.456490516662598 7.9888204669952394 0 0 0 0 0
515 25.75 25.800000000000001 332.81999999999999 4506 2324902 9334 133 1 2522 0.77162638431163655 12 0.99907315825481735 0.8361870260665285 3678 0.73539621262794275 12 0.88390196934476228 0.72895432894212941 434 5.2129392623901367 1 13.889643669128418 8.8680224609374996 0 0 0 0 0
516 25.800000000000001 25.850000000000001 339.59699999999998 4463 2329365 9335 133 1 2527 0.83098847084930016 12 0.85661225802531205 0.73488033373585138 3684 0.67038625148424402 12 0.82991802720249797 0.71301064917883805 435 5.9430418014526367 1 14.617523193359375 9.2771718502044678 0 0 0 0 0
517 25.850000000000001 25.900000000000002 338.67599999999999 4566 2333931 9338 133 1 2533 0.97327847036510884 12 1.0169544815379639 0.81150905818589736 3695 1.0318452786754917 12 1.0526899218559265 0.83133264094064208 436 7.3034930229187012 1 14.130741119384766 8.6531056404113773 0 0 0 0 0
518 25.900000000000002 25.949999999999999 337.25400000000002 4494 2338425 9339 133 1 2537 0.77736859807434178 12 1.0378121614907978 0.82887792087867307 3702 0.95346271975620378 12 1.0221988352569373 0.83435813286175586 437 8.8131704330444336 1 14.24273681640625 8.5053674793243417 0 0 0 0 0
519 25.949999999999999 26 340.53300000000002 4521 2342946 9340 133 1 2541 0.76766985055372872 12 0.83160680004625143 0.6445226879088769 3707 0.70106401930789686 12 0.93458290567269198 0.79042374287988693 438 10.431541442871094 1 14.365562438964844 8.3977589416503911 0 0 0 0 0
520 26 26.050000000000001 335.07400000000001 4547 2347493 9340 133 1 2544 0.50710002979299351 12 0.94343598785001503 0.73416339849169976 3714 0.74113912225977796 12 0.8295454455388559 0.71708110034143591 439 10.884548187255859 1 15.292217254638672 9.5515084075927739 0 0 0 0 0
521 26.050000000000001 26.100000000000001 335.05900000000003 4527 2352020 9342 133 1 2550 0.7033401770005574 12 0.93061024639052725 0.75809661176829468 3722 0.76542771402243026 12 1.0268693859512741 0.84081839813332293 440 13.14366340637207 1 14.238360404968262 7.763399477005005 0 0 0 0 0
522 26.100000000000001 26.150000000000002 335.541 4543 2356563 9346 133 1 2555 0.71835687412295013 12 1.0092536086720587 0.77878374309005838 3730 0.81238804892510985 12 1.062336565836056 0.81837263752963085 440 4.8352861404418945 1 12.883401870727539 8.2255750370025638 0 0 0 0 0
523 26.150000000000002 26.199999999999999 393.863 4533 2361096 9346 133 1 2561 0.84511836282674979 12 1.0821089739516314 0.82688286430871172 3736 0.67456628921869644 12 0.90832021516319872 0.78509685971608023 441 6.2274594306945801 1 13.859457015991211 8.6217041969299313 0 0 0 0 0
524 26.199999999999999 26.25 336.33199999999999 4499 2365595 9347 133 1 2565 0.72936774248044922 12 0.89804913590633029 0.7495176930653582 3745 0.77942476014833195 12 1.0632209732725812 0.86915956117333559 442 7.724555492401123 1 14.075051307678223 8.5178272056579587 0 0 0 0 0
525 26.25 26.300000000000001 337.529 4500 2370095 9349 133 1 2570 0.75997799642694741 12 0.9327209676834658 0.76334553013949358 3751 0.69723269721946202 12 0.84350816349725466 0.73002161938274246 443 11.111433029174805 1 13.302799224853516 6.6468772220611569 0 0 0 0 0
526 26.300000000000001 26.350000000000001 334.66399999999999 4496 2374591 9350 133 1 2575 0.78763043142488787 12 0.94296474862402357 0.76627404208305283 3758 0.7095133599800032 12 0.90196811532652055 0.74459855627288685 444 13.792283058166504 1 14.070905685424805 7.3458693218231197 0 0 0 0 0
527 26.350000000000001 26.400000000000002 339.60199999999998 4540 2379131 9350 133 1 2581 0.96008455975608276 12 1.0664995137305062 0.78164551402789517 3767 0.85310576640673585 12 1.052169610036386 0.83081174822514114 444 5.0739002227783203 1 13.519177436828613 8.63149395942688 0 0 0 0 0
528 26.400000000000002 26.449999999999999 341.73099999999999 4476 2383607 9351 133 1 2585 0.76683504631458022 12 1.0795924704564361 0.82624413738050828 3775 0.88834789756282762 12 0.97776115768261862 0.82997402743184689 445 5.9732098579406738 1 14.400805473327637 9.1096531677246091 0 0 0 0 0
529 26.449999999999999 26.5 335.00700000000001 4536 2388143 9354 133 1 2590 0.74154428456254584 12 1.0571769193081302 0.81868950688692366 3783 0.93450783062726261 12 0.97779159740217636 0.81916510399516573 446 6.5579876899719238 1 14.889904022216797 9.4210513591766354 0 0 0 0 0
530 26.5 26.550000000000001 335.875 4506 2392649 9357 133 1 2594 0.53593948532418378 12 1.152879798264405 0.83847633644663722 3790 0.87944587056518764 12 0.92443645939079888 0.8112699253934097 447 7.5297198295593262 1 14.568440437316895 9.0379510974884028 0 0 0 0 0
531 26.550000000000001 26.600000000000001 336.08100000000002 4489 2397138 9358 133 1 2600 0.73683921307457845 12 0.89163793837242744 0.75348344240007681 3796 0.74606897912705572 12 0.89963180021370281 0.78069622024268559 448 7.7858719825744629 1 15.368358612060547 9.7463982009887697 0 0 0 0 0
532 26.600000000000001 26.650000000000002 340.13 4513 2401651 9360 133 1 2606 0.91606367722612947 12 1.0750106279838303 0.77494273470886688 3804 0.86436157176716288 12 0.9178106852585286 0.74775122837103736 449 9.2406482696533203 1 14.348020553588867 8.5597203254699714 0 0 0 0 0
533 26.650000000000002 26.699999999999999 344.983 4472 2406123 9361 133 1 2609 0.64495740192359041 12 0.89792440051342559 0.74459480044053994 3811 0.81552915980408558 12 0.9570323145095293 0.80510254761543176 450 12.180543899536133 1 13.733524322509766 7.0894053316116334 0 0 0 0 0
534 26.699999999999999 26.75 337.67899999999997 4484 2410607 9361 133 1 2615 0.83293815832319584 12 0.90231111503815387 0.76627373478766658 3818 0.77895897245119139 12 1.0514844421677039 0.79296255868665677 451 14.381631851196289 1 14.381631851196289 7.8208462238311771 0 0 0 0 0
535 26.75 26.800000000000001 334.69799999999998 4524 2415131 9362 133 1 2621 0.88524162201665446 12 1.1386958833726715 0.90059872127733487 3825 0.77396907935082859 12 0.84526898812173634 0.76169696529905062 451 5.2907085418701172 1 14.096856117248535 9.0003196907043463 0 0 0 0 0
536 26.800000000000001 26.850000000000001 334.38099999999997 4479 2419610 9366 133 1 2625 0.77326245913433944 12 0.90855860331707705 0.74578380463622229 3832 0.76263863533260545 12 1.0090698164926 0.76797424574273587 452 6.2205624580383301 1 14.40910530090332 9.0794114303588866 0 0 0 0 0
537 26.850000000000001 26.900000000000002 338.01400000000001 4545 2424155 9367 133 1 2632 1.0928766916668753 12 1.1374778217739687 0.79468226480108117 3839 0.76205043271909656 12 0.85337875621029025 0.75733902521886964 453 7.3042616844177246 1 14.417716026306152 8.927101554870605 0 0 0 0 0
538 26.900000000000002 26.949999999999999 334.06799999999998 4457 2428612 9367 133 1 2637 0.92954802513122559 12 1.2630371744670565 0.95535176231748109 3847 0.78801428227125436 12 1.0085660221821307 0.83915979258373374 454 9.5945444107055664 1 13.752140998840332 7.7325410985946652 0 0 0 0 0
539 26.949999999999999 27 340.07799999999997 4509 2433121 9369 133 1 2641 0.70197955010429258 12 1.0126538768647209 0.8602211436771211 3855 0.88570786361998 12 0.90360033985018251 0.76814495207636757 455 11.317774772644043 1 14.38770866394043 8.2939469051361083 0 0 0 0 0
540 27 27.050000000000001 340.59800000000001 4509 2437630 9369 133 1 2646 0.72200448834706865 12 0.93989140836019369 0.77382546824122211 3860 0.6467836261112323 12 0.89258657575956102 0.77708364132815588 456 12.600362777709961 1 14.786663055419922 8.7301930141448967 0 0 0 0 0
541 27.050000000000001 27.100000000000001 338.108 4506 2442136 9369 133 1 2651 0.84170960977910059 12 0.91181312004725135 0.67513866490314878 3867 0.69602196381064385 12 0.85012311498808169 0.70800910524100558 457 13.959506034851074 1 14.822713851928711 8.654401617050171 0 0 0 0 0
542 27.100000000000001 27.150000000000002 336.64800000000002 4471 2446607 9369 133 1 2656 0.8425526648523316 12 0.94429512416559558 0.79281634304968163 3875 0.76351982924612727 12 0.94566207096637322 0.7980397239579492 457 5.1354169845581055 1 13.683089256286621 8.7361444091796869 0 0 0 0 0
543 27.150000000000002 27.199999999999999 349.77600000000001 4522 2451129 9370 133 1 2661 0.85089438248957905 12 0.97270020807073232 0.78539220644604579 3882 0.78818607898737925 12 0.84876750280008417 0.7323363714225547 458 5.7566895484924316 1 14.73701286315918 9.3849198532104499 0 0 0 0 0
544 27.199999999999999 27.25 340.35199999999998 4511 2455640 9372 133 1 2667 0.92133384870572221 12 1.0273085556451291 0.88264347850714675 3887 0.63158191027261723 12 0.87961310923504399 0.69558397592412291 459 6.5664253234863281 1 14.613839149475098 9.1983378410339363 0 0 0 0 0
545 27.25 27.300000000000001 337.88499999999999 4541 2460181 9373 133 1 2672 0.87836023964845233 12 1.0248329122181212 0.83619612368385476 3896 0.88752230883440464 12 0.98086376496378491 0.71958348918438075 460 7.0458612442016602 1 15.065994262695312 9.5253428459167484 0 0 0 0 0
546 27.300000000000001 27.350000000000001 338.05099999999999 4499 2464680 9374 133 1 2676 0.76665097204894417 12 0.93618897695301306 0.74551660922644192 3900 0.62953251102963881 12 0.86994820288595376 0.68785103593047803 461 7.5085535049438477 1 15.120362281799316 9.5419210433959964 0 0 0 0 0
547 27.350000000000001 27.400000000000002 339.10500000000002 4529 2469209 9375 133 1 2681 0.74740815336450139 12 0.96960820915872259 0.81270188171878488 3909 0.917496349801318 12 0.917496349801318 0.68787907826685812 462 7.8794140815734863 1 15.245025634765625 9.6328350639343263 0 0 0 0 0
548 27.400000000000002 27.449999999999999 341.166 4534 2473743 9376 133 1 2686 0.66918496918238124 12 1.1170721569335058 0.87109431810938576 3915 0.85471803746522124 12 0.90757082861472882 0.71080134084810975 463 8.3322744369506836 1 15.182390213012695 9.5516541671752933 0 0 0 0 0
549 27.449999999999999 27.5 340.82299999999998 4490 2478233 9376 133 1 2692 0.93546161452462595 12 0.97363851626118592 0.68875808463266264 3922 0.8392123493343937 12 0.92823824687335732 0.77210800822934034 464 8.6086359024047852 1 15.375354766845703 9.7263899517059329 0 0 0 0 0
550 27.5 27.550000000000001 340.97199999999998 4502 2482735 9376 133 1 2696 0.78269947213699376 12 0.97612159731954939 0.7861603620515879 3931 1.0156312818802586 12 1.1002202183509124 0.79831227263901572 465 9.5433273315429688 1 14.817991256713867 9.0746232414245611 0 0 0 0 0
551 27.550000000000001 27.600000000000001 345.31099999999998 4518 2487253 9376 133 1 2700 0.69122955869685632 12 1.0107742079118387 0.72547889991521974 3935 0.6466178183728436 12 0.99552042078819358 0.79776814782016559 466 12.118016242980957 1 13.939035415649414 7.4509723854064944 0 0 0 0 0
552 27.600000000000001 27.650000000000002 335.88400000000001 4530 2491783 9378 133 1 2706 0.80552175356339673 12 1.0658097517864138 0.83922776443102887 3943 0.77531090179003748 12 0.93889998169952593 0.73745437842170181 466 4.4579710960388184 1 11.878063201904297 7.5837037277221677 0 0 0 0 0
553 27.650000000000002 27.699999999999999 336.47899999999998 4536 2496319 9379 133 1 2711 0.87569886882235393 12 0.89338914005438641 0.7241730049041375 3951 0.83143724721935219 12 0.93001248645277079 0.80929774454027892 467 5.3558254241943359 1 14.270357131958008 9.111094150543213 0 0 0 0 0
554 27.699999999999999 27.75 338.08800000000002 4459 2500778 9380 133 1 2715 0.76488397224860938 12 0.86668747124636114 0.74463116841759758 3957 0.66982632645511309 12 0.92200786365649434 0.80864898661400308 468 6.6940436363220215 1 14.030278205871582 8.67512041091919 0 0 0 0 0
555 27.75 27.800000000000001 338.36799999999999 4534 2505312 9382 133 1 2719 0.63936883495667496 12 0.95694589830826327 0.75918488687675145 3964 0.72526350450345667 12 0.86988826833478727 0.70187205654305407 469 7.4784455299377441 1 14.761533737182617 9.2234158992767341 0 0 0 0 0
556 27.800000000000001 27.850000000000001 335.38200000000001 4525 2509837 9384 133 1 2726 0.94783757780752487 12 1.0696910099377708 0.8057165069172757 3972 0.75789782445940113 12 1.027265192219271 0.83255574639359153 470 8.4065160751342773 1 14.71705150604248 9.08117977142334 0 0 0 0 0
557 27.850000000000001 27.900000000000002 336.21699999999998 4510 2514347 9384 133 1 2729 0.64682652363701476 12 0.9649515311632838 0.77420164137842173 3979 0.75291619473293314 12 0.94446326373809364 0.76168871127689997 471 9.8632650375366211 1 14.42289924621582 8.5577686500549319 0 0 0 0 0
558 27.900000000000002 27.949999999999999 335.935 4555 2518902 9385 133 1 2735 0.80114587428905659 12 0.99135210447841215 0.79959960877984049 3986 0.7833358646708074 12 0.84272380344497677 0.72664014108303232 472 12.065281867980957 1 14.158736228942871 7.8199310588836672 0 0 0 0 0
559 27.949999999999999 28 335.62700000000001 4535 2523437 9386 133 1 2739 0.70400526637714056 12 0.89496607774691217 0.73109308398668715 3993 0.77690851798419946 12 0.87335397886905575 0.76312009873170228 473 14.339230537414551 1 14.339230537414551 7.7487142562866209 0 0 0 0 0
560 28 28.050000000000001 336.18200000000002 4454 2527891 9386 133 1 2743 0.60695629014581853 12 0.88754270579444161 0.73100242297878371 4001 0.94489145176813871 12 0.96397951195672693 0.69855610040042904 473 5.2751107215881348 1 14.055294990539551 8.9737857055664065 0 0 0 0 0
561 28.050000000000001 28.100000000000001 336.41399999999999 4539 2532430 9388 133 1 2750 0.88525870353693059 12 1.0309675259013025 0.83558233934816817 4006 0.72445383170778943 12 0.92618133730105223 0.758781231724591 474 6.4791288375854492 1 14.134037017822266 8.8079818058013917 0 0 0 0 0
562 28.100000000000001 28.150000000000002 335.89400000000001 4534 2536964 9390 133 1 2753 0.64822637771684977 12 0.91152106107227382 0.71086051113607895 4010 0.53344036925938376 12 0.78929908415590677 0.62154219953666801 475 8.269683837890625 1 13.90983772277832 8.2272874546051025 0 0 0 0 0
563 28.150000000000002 28.199999999999999 334.43299999999999 4531 2541495 9391 133 1 2758 0.6642284736199866 12 0.896614617712441 0.77780811485937906 4019 0.753241507952365 12 0.9091665080455984 0.75536241529873083 476 10.525008201599121 1 13.925948143005371 7.7671554470062256 0 0 0 0 0
564 28.199999999999999 28.25 340.81599999999997 4483 2545978 9392 133 1 2764 0.77653733279836912 12 1.0909940992068086 0.84119139221748185 4026 0.76257494927494929 12 0.83163471194580363 0.74751633512845705 477 12.653032302856445 1 14.266254425048828 7.8931839752197268 0 0 0 0 0
565 28.25 28.300000000000001 335.79300000000001 4489 2550467 9393 133 1 2768 0.68301927918265204 12 0.89630534341891432 0.7275066389142546 4033 0.7576894863071798 12 0.92003292413108029 0.761593506316534 477 4.654792308807373 1 12.402485847473145 7.9185272216796871 0 0 0 0 0
566 28.300000000000001 28.350000000000001 336.88799999999998 4595 2555062 9393 133 1 2774 0.76549894847567124 12 1.262094121130686 0.87072328025037204 4040 0.73946058153619709 12 0.95902855356716132 0.77480410612075001 478 5.4282321929931641 1 14.46328067779541 9.2342688274383544 0 0 0 0 0
567 28.350000000000001 28.400000000000002 334.452 4463 2559525 9395 133 1 2778 0.64116628042289192 12 0.93756740859576637 0.75801420593545576 4046 0.63914550621453015 12 0.89725822572037428 0.74796397268137782 479 7.322941780090332 1 13.612818717956543 8.1241730403900139 0 0 0 0 0
568 28.400000000000002 28.449999999999999 340.47000000000003 4542 2564067 9395 133 1 2785 0.85938811491406153 12 1.1834870766079615 0.89506406784057591 4056 0.93679727314863026 12 1.0195710982327375 0.78639579775629687 480 9.4646425247192383 1 13.839997291564941 7.879646577835083 0 0 0 0 0
569 28.449999999999999 28.5 336.64299999999997 4502 2568569 9395 133 1 2790 0.87663619882530641 12 1.0495240520390252 0.77657453393652343 4062 0.8003078881351644 12 0.91824744547694437 0.78377773215337343 481 12.262947082519531 1 13.826433181762695 7.2295849704742432 0 0 0 0 0
570 28.5 28.550000000000001 337.34500000000003 4510 2573079 9396 133 1 2796 1.055352505119074 12 1.1206118428990954 0.77544576325350334 4070 0.83318179264035763 12 0.97646507247039727 0.83231860584960005 481 4.5112876892089844 1 12.020124435424805 7.6744036293029785 0 0 0 0 0
571 28.550000000000001 28.600000000000001 334.49099999999999 4491 2577570 9396 133 1 2799 0.65396905314945986 12 1.1926993827616412 0.87357370671003098 4079 0.96980259107477063 12 1.0505745708542242 0.83771384521115022 482 6.1981344223022461 1 13.521053314208984 8.3299661350250247 0 0 0 0 0
572 28.600000000000001 28.650000000000002 341.54500000000002 4476 2582046 9397 133 1 2805 0.91984344452678679 12 0.91984344452678679 0.68915632733365595 4086 0.87529429873904663 12 1.0038787249887378 0.85032315766848465 483 7.5007104873657227 1 14.22495174407959 8.7104049301147466 0 0 0 0 0
573 28.650000000000002 28.699999999999999 336.40800000000002 4548 2586594 9398 133 1 2810 0.78917650949387319 12 1.129660755868942 0.92301552702791023 4094 0.85591135862711309 12 1.0529224318427008 0.88405461213395398 484 8.5289516448974609 1 14.635736465454102 8.982006816864013 0 0 0 0 0
574 28.699999999999999 28.75 336.10899999999998 4459 2591053 9398 133 1 2815 0.76433787648639984 12 0.95852722818889313 0.81824199313209167 4101 0.78928762932081475 12 0.95621800744855723 0.82271647459751829 485 10.326982498168945 1 14.221572875976562 8.2198894405364982 0 0 0 0 0
575 28.75 28.800000000000001 338.25999999999999 4576 2595629 9398 133 1 2819 0.68565122002647039 12 0.86272612829056994 0.71282298792922294 4109 0.83553600021310759 12 1.051313724550041 0.8190773702859877 486 10.988442420959473 1 15.132485389709473 9.3451332378387448 0 0 0 0 0
576 28.800000000000001 28.850000000000001 341.86500000000001 4533 2600162 9398 133 1 2825 0.86073273822428686 12 0.9620865571593481 0.77904429428634192 4116 0.81735335830095657 12 0.97854958285351057 0.77475822574464059 487 13.181885719299316 1 14.279766082763672 7.8284192085266113 0 0 0 0 0
577 28.850000000000001 28.900000000000002 338.45100000000002 4482 2604644 9399 133 1 2829 0.75913669571043951 12 1.044662905117822 0.73550411701911966 4122 0.67351565970158256 12 1.0430379916083168 0.79105286211721815 487 4.8493466377258301 1 12.920866966247559 8.2494952011108396 0 0 0 0 0
578 28.900000000000002 28.949999999999999 338.28500000000003 4595 2609239 9401 133 1 2833 0.60109909298637554 12 1.1490813865075036 0.79138329235452487 4130 0.76832488674569777 12 0.88892482261399963 0.77100055481976726 488 6.1445407867431641 1 13.951174736022949 8.717714281082154 0 0 0 0 0
579 28.949999999999999 29 336.74900000000002 4517 2613756 9401 133 1 2839 0.74368017897128114 12 1.1269547546075449 0.81122088095794109 4136 0.71065600558712672 12 0.89046082333535759 0.70574278128046419 489 7.3776211738586426 1 14.274161338806152 8.7792081356048577 0 0 0 0 0
580 29 29.050000000000001 339.36599999999999 4490 2618246 9404 133 1 2844 0.66734907013319789 12 1.1220814519014859 0.86922102899320175 4142 0.65898316110408794 12 0.8987728242938583 0.69980663415266064 490 8.7191324234008789 1 14.375414848327637 8.6718613338470458 0 0 0 0 0
581 29.050000000000001 29.100000000000001 340.24700000000001 4526 2622772 9405 133 1 2850 0.74181574785764082 12 1.0883872464543121 0.87865644696741452 4151 0.94056800127381812 12 0.95956873975794865 0.69419454918565182 491 9.3339557647705078 1 15.084364891052246 9.3913049316406259 0 0 0 0 0
582 29.100000000000001 29.150000000000002 336.92099999999999 4474 2627246 9406 133 1 2856 0.89728021622535636 12 1.011420399443032 0.7984659873200064 4156 0.63927060580824979 12 0.95367953255269178 0.83883513429742063 492 9.68389892578125 1 15.340007781982422 9.6535465431213385 0 0 0 0 0
583 29.150000000000002 29.199999999999999 335.79399999999998 4580 2631826 9406 133 1 2861 0.93791928730599239 12 0.95686649405702373 0.75341678415962365 4164 0.75392922261994133 12 0.88474409103997653 0.7513489606706989 493 10.897097587585449 1 14.709541320800781 8.7988907527923583 0 0 0 0 0
584 29.199999999999999 29.25 336.97500000000002 4481 2636307 9407 133 1 2864 0.68087612072434112 12 0.91934726672110312 0.73067194251379153 4172 0.79710757377599928 12 0.96207473540216104 0.82211674290560377 494 13.33290958404541 1 14.157369613647461 7.5884634685516357 0 0 0 0 0
585 29.25 29.300000000000001 337.37299999999999 4546 2640853 9408 133 1 2870 0.84841587763525783 12 1.0157381299299779 0.78651097896494715 4180 0.85622027839618153 12 0.95007732025036162 0.8063413631000913 495 14.805564880371094 1 14.805564880371094 8.542022075653076 0 0 0 0 0
586 29.300000000000001 29.350000000000001 345.50700000000001 4472 2645325 9408 133 1 2873 0.68907995303590497 12 0.83161610972346689 0.63393837768128758 4185 0.73596385096705585 12 0.83926600178285204 0.65959846205068484 495 5.4466643333435059 1 14.512394905090332 9.2656249523162835 0 0 0 0 0
587 29.350000000000001 29.400000000000002 336.89499999999998 4549 2649874 9409 133 1 2879 0.80113803454774568 12 1.0522709973026381 0.84143980716698286 4191 0.61760447511354677 12 0.89132919380411024 0.76582846988244868 496 6.1103429794311523 1 14.731416702270508 9.3429357433319087 0 0 0 0 0
588 29.400000000000002 29.449999999999999 339.18400000000003 4528 2654402 9409 133 1 2884 0.79355729879947445 12 0.95859571266765264 0.80115611511194529 4199 0.77778606822689167 12 0.84256556822569406 0.70627968077598324 497 7.1643943786621094 1 14.427313804626465 8.9564549732208256 0 0 0 0 0
589 29.449999999999999 29.5 337.95699999999999 4490 2658892 9411 133 1 2887 0.54627029412263473 12 0.91884149409947025 0.72101299815960673 4205 0.64002408670887623 12 0.9548036356919547 0.78503759348646052 498 8.5217800140380859 1 14.333868026733398 8.6561408233642574 0 0 0 0 0
590 29.5 29.550000000000001 338.65800000000002 4536 2663428 9412 133 1 2894 0.92853767476135851 12 1.0469232777310504 0.73265349731888207 4213 0.82001666245351512 12 0.88831340164245931 0.68666622191673909 499 10.46958065032959 1 14.132452011108398 8.071614322662354 0 0 0 0 0
591 29.550000000000001 29.600000000000001 340.221 4485 2667913 9412 133 1 2897 0.63246616225127261 12 1.0503237916765746 0.76931131875577452 4219 0.68203014811656237 12 0.97757373558001126 0.78525996279675669 500 12.288331031799316 1 14.420489311218262 8.1993757343292231 0 0 0 0 0
592 29.600000000000001 29.650000000000002 340.96800000000002 4512 2672425 9413 133 1 2902 0.61088818733890016 12 1.0910694644810914 0.81501379422419551 4226 0.76564159050058489 12 0.89469208455898697 0.67397857005251749 500 4.5206265449523926 1 12.045005798339844 7.6902898788452152 0 0 0 0 0
593 29.650000000000002 29.699999999999999 338.84500000000003 4491 2676916 9414 133 1 2906 0.55116771390527108 12 0.87309017708331438 0.69404598505670734 4233 0.79947136550258158 12 0.87059679239727294 0.72326422276409241 501 5.530519962310791 1 14.158025741577148 9.0001694869995124 0 0 0 0 0
594 29.699999999999999 29.75 338.62400000000002 4532 2681448 9414 133 1 2914 0.93127266660569208 12 1.0606045325597127 0.89352459000126505 4240 0.76412230829099215 12 0.95870623461680804 0.79175355339863618 502 6.3951306343078613 1 14.520139694213867 9.1440066242218023 0 0 0 0 0
595 29.75 29.800000000000001 339.97500000000002 4529 2685977 9414 133 1 2919 0.88292544796353289 12 0.97578348621489508 0.84151625213168924 4248 0.8408279544502606 12 0.87787825265608599 0.78892389362338922 503 8.2387857437133789 1 13.857858657836914 8.174719676971435 0 0 0 0 0
596 29.800000000000001 29.850000000000001 334.82999999999998 4501 2690478 9414 133 1 2924 0.88039397909527728 12 1.0970383778450981 0.79615701474840661 4255 0.88720679576097528 12 0.94206858524125203 0.71084012268648389 504 10.819016456604004 1 13.753664970397949 7.4454852581024173 0 0 0 0 0
597 29.850000000000001 29.900000000000002 337.67899999999997 4551 2695029 9415 133 1 2929 0.89071481994220192 12 1.04526343847078 0.78343289189395449 4263 0.86685739478613388 12 1.0256897129277296 0.8850115200776788 505 12.93858528137207 1 14.299346923828125 7.9015597820281984 0 0 0 0 0
598 29.900000000000002 29.949999999999999 335.47699999999998 4489 2699518 9415 133 1 2933 0.74566643673276145 12 1.0302308111909837 0.77852347636979702 4270 0.81531089581279559 12 0.95980096775255108 0.807789613005783 505 4.7598414421081543 1 12.682384490966797 8.0972323322296145 0 0 0 0 0
599 29.949999999999999 30 339.12400000000002 4527 2704045 9415 133 1 2938 0.72679746964029845 12 0.94478710184967707 0.81233169841979203 4277 0.80332553710594445 12 0.88228549509047272 0.76862265052396384 506 7.0770549774169922 1 13.155732154846191 7.7058813238143919 0 0 0 0 0
600 30 30.050000000000001 339.065 4529 2708574 9415 133 1 2944 0.87268241524459822 12 0.98537491828144075 0.80794998958174646 4283 0.67062345051109062 12 0.97207387075055729 0.78002819435125703 507 8.3730983734130859 1 14.368289947509766 8.7168749046325686 0 0 0 0 0
601 30.050000000000001 30.100000000000001 335.60700000000003 4489 2713063 9418 133 1 2948 0.71814314147368785 12 0.97349112302744911 0.78791979379796728 4291 0.83799220686255926 12 0.8543368934025859 0.69916408996558943 508 9.2066564559936523 1 14.878640174865723 9.1747491931915288 0 0 0 0 0
602 30.100000000000001 30.150000000000002 333.84399999999999 4499 2717562 9419 133 1 2952 0.60368169263737015 12 0.9515782099342831 0.7482413445406092 4297 0.72455581324008866 12 1.0011402709683213 0.76095459067967097 509 11.332406997680664 1 14.121047973632812 7.8954355525970463 0 0 0 0 0
603 30.150000000000002 30.199999999999999 341.30700000000002 4517 2722079 9420 133 1 2959 0.75674158807784797 12 1.2847087723868233 0.95957658550014591 4306 0.88814825157892952 12 0.99744379826557572 0.81101103455083168 509 4.1689610481262207 1 11.108010292053223 7.0920525550842282 0 0 0 0 0
604 30.199999999999999 30.25 340.83300000000003 4542 2726621 9422 133 1 2965 0.84755771879165887 12 1.022220878374009 0.86246992440450754 4312 0.81581945317632754 12 0.90161990781100931 0.72025654746531198 510 5.249504566192627 1 13.987070083618164 8.9302256679534917 0 0 0 0 0
605 30.25 30.300000000000001 340.31900000000002 4534 2731155 9423 133 1 2968 0.53914203530266169 12 1.0431275746179005 0.78153241161316178 4317 0.64473501124952126 12 0.87534399096034299 0.70991996166806959 511 5.6470155715942383 1 15.04621696472168 9.606453104019165 0 0 0 0 0
606 30.300000000000001 30.350000000000001 356.053 4441 2735596 9424 133 1 2975 0.90877807069392436 12 0.96497373330214664 0.74515888462937074 4327 0.96255698187429317 12 1.0423237208075837 0.76642658646111639 512 6.3516416549682617 1 14.712728500366211 9.3023961067199714 0 0 0 0 0
607 30.350000000000001 30.400000000000002 342.39299999999997 4535 2740131 9424 133 1 2980 0.95515491494110649 12 0.95515491494110649 0.74773628643107781 4332 0.70752444313839657 12 0.94349707021203322 0.79303135246615819 513 8.1062335968017578 1 13.910346984863281 8.2628960323333747 0 0 0 0 0
608 30.400000000000002 30.449999999999999 338.96899999999999 4523 2744654 9425 133 1 2984 0.77085916425973655 12 1.0049707794355021 0.81737979889625589 4339 0.70111603053677041 12 0.94996006511454223 0.76310134087220149 514 10.17147159576416 1 14.007416725158691 7.9553430843353272 0 0 0 0 0
609 30.449999999999999 30.5 338.255 4480 2749134 9425 133 1 2988 0.68414634917049655 12 0.94215680559771875 0.72076918047246719 4346 0.7107913450654163 12 0.86830647392230065 0.74717786211806581 515 11.375797271728516 1 14.75361156463623 8.8076772022247312 0 0 0 0 0
610 30.5 30.550000000000001 334.863 4530 2753664 9427 133 1 2993 0.79767489448071471 12 0.86881416871227202 0.68125367763600053 4355 0.91039966853741416 12 0.96448932195096515 0.7753539896535635 516 13.889534950256348 1 14.170122146606445 7.5113121891021732 0 0 0 0 0
611 30.550000000000001 30.600000000000001 334.73099999999999 4602 2758266 9428 133 1 2997 0.81362924710034379 12 0.84683406439846354 0.61912537447564919 4362 0.83809003895848699 12 1.0096759255346215 0.82834580277954639 516 5.1096782684326172 1 13.614503860473633 8.6923580265045164 0 0 0 0 0
612 30.600000000000001 30.650000000000002 339.60399999999998 4482 2762748 9428 133 1 3002 0.7640109686605957 12 1.0600398944982785 0.84277464715353689 4370 0.86895818710327144 12 0.98398159001324625 0.8343043290335983 517 5.7472214698791504 1 14.712774276733398 9.3688127803802494 0 0 0 0 0
613 30.650000000000002 30.699999999999999 338.27699999999999 4504 2767252 9430 133 1 3007 0.7794138130039856 12 0.95893170505471981 0.77840148420568778 4378 0.83672002006221458 12 1.151749510378451 0.89678167651150698 518 7.130129337310791 1 14.073999404907227 8.6308747196197508 0 0 0 0 0
614 30.699999999999999 30.75 336.94099999999997 4511 2771763 9430 133 1 3011 0.74049576538123396 12 0.88389752064863891 0.6734508839005785 4385 0.90961478658624595 12 0.96586218782373379 0.68458842943165732 519 9.6700248718261719 1 13.58587646484375 7.485416932106018 0 0 0 0 0
615 30.75 30.800000000000001 334.61500000000001 4532 2776295 9430 133 1 3017 0.83430364008869684 12 1.0508428381527044 0.85950804420850868 4392 0.82966735395225322 12 1.03853982976965 0.83590735909101166 520 11.994193077087402 1 14.075313568115234 7.69899808883667 0 0 0 0 0
616 30.800000000000001 30.850000000000001 333.68900000000002 4519 2780814 9430 133 1 3021 0.70864660411661173 12 0.91206252326362969 0.75932538458374932 4401 1.0348493068604856 12 1.0557546341741406 0.76983594383420195 521 13.924866676330566 1 14.49315071105957 8.088565015792847 0 0 0 0 0
617 30.850000000000001 30.900000000000002 335.512 4503 2785317 9430 133 1 3026 0.69719351882342795 12 1.011267144890647 0.80498968698002116 4406 0.74023419642770616 12 1.0143579217227729 0.83221941767914887 521 5.122673511505127 1 13.649135589599609 8.714466228485108 0 0 0 0 0
618 30.900000000000002 30.949999999999999 333.57499999999999 4556 2789873 9432 133 1 3030 0.59333344706974389 12 0.9980031130649184 0.73774551447804615 4416 0.95098689659624491 12 1.0408572441621406 0.87242877621102988 522 5.7520027160644531 1 14.725011825561523 9.3769452667236326 0 0 0 0 0
619 30.949999999999999 31 333.52600000000001 4508 2794381 9434 133 1 3036 0.78711391306102463 12 0.92368667660900516 0.76053185676413737 4422 0.78727641695153872 12 1.0391902598778944 0.81072754243157208 523 6.3902640342712402 1 14.802192687988281 9.3680984401702876 0 0 0 0 0
620 31 31.050000000000001 335.74099999999999 4531 2798912 9434 133 1 3040 0.61811298903273137 12 0.96842233905623165 0.80223723593516505 4428 0.62947067646813148 12 0.99355488557972615 0.80488163754932973 524 7.3666915893554688 1 14.54094409942627 9.033304233551025 0 0 0 0 0
621 31.050000000000001 31.100000000000001 340.06999999999999 4508 2803420 9434 133 1 3046 0.84717730223168475 12 0.9362757596532395 0.72559953794878407 4437 0.83607753008616637 12 0.98114604891680579 0.76842520546208359 525 8.5962028503417969 1 14.459047317504883 8.7827433681488039 0 0 0 0 0
622 31.100000000000001 31.150000000000002 338.29399999999998 4501 2807921 9435 133 1 3049 0.59085212901156148 12 0.83040207448161252 0.7299609684715509 4444 0.71126162984653851 12 1.0287709110322081 0.88032866625372053 526 11.268342018127441 1 13.763182640075684 7.3544911623001097 0 0 0 0 0
623 31.150000000000002 31.199999999999999 334.86500000000001 4585 2812506 9436 133 1 3053 0.52625874291049424 12 0.91723853335430539 0.69887033822235534 4453 0.95366082850173495 12 0.95366082850173495 0.73298958748354381 526 4.1453919410705566 1 11.04521369934082 7.0519591045379642 0 0 0 0 0
624 31.199999999999999 31.25 342.88099999999997 4488 2816994 9436 133 1 3059 0.6912552861540503 12 1.0181881082702555 0.78902878645462737 4459 0.76951407870730837 12 1.0387351802877478 0.83096016835350228 527 5.5503149032592773 1 13.651565551757812 8.6090803813934329 0 0 0 0 0
625 31.25 31.300000000000001 341.54399999999998 4491 2821485 9437 133 1 3066 1.0275327781091064 12 1.0910718441222929 0.77818509385925139 4466 0.72605278653067507 12 1.0200659403929839 0.79978496096907448 528 8.1682138442993164 1 13.200436592102051 7.4081936597824098 0 0 0 0 0
626 31.300000000000001 31.350000000000001 337.47399999999999 4511 2825996 9438 133 1 3070 0.87575036382657645 12 1.0071862728073693 0.7851903092040845 4474 0.81539559364318848 12 0.92677921346715975 0.77641241950441053 529 9.5101184844970703 1 14.474031448364258 8.6714713287353522 0 0 0 0 0
627 31.350000000000001 31.400000000000002 337.48200000000003 4507 2830503 9438 133 1 3075 0.78742292949403547 12 1.0753354155881771 0.88109786177901117 4481 0.72788005068495465 12 1.0095036532427815 0.84340018535304684 530 11.604552268981934 1 14.173832893371582 7.926438570022583 0 0 0 0 0
628 31.400000000000002 31.449999999999999 334.47199999999998 4479 2834982 9439 133 1 3080 0.77491830833474573 12 1.005014760154932 0.80603080624796009 4488 0.76609868189773045 12 0.85985706400226902 0.71891894252719113 531 13.408538818359375 1 14.525296211242676 8.2139929962158202 0 0 0 0 0
629 31.449999999999999 31.5 335.92099999999999 4576 2839558 9440 133 1 3084 0.68026281160058399 12 0.83950856469982416 0.72863281508349431 4497 0.87931164837366826 12 1.0498141603695379 0.86088842792365983 532 14.83338737487793 1 14.83338737487793 8.5893521690368644 0 0 0 0 0
630 31.5 31.550000000000001 336.72500000000002 4530 2844088 9441 133 1 3089 0.66808516496717274 12 0.99666579659043186 0.80570716997956837 4501 0.58563791608085503 12 0.87147100293958513 0.72317932618510083 532 5.4569010734558105 1 14.539667129516602 9.2830390262603757 0 0 0 0 0
631 31.550000000000001 31.600000000000001 335.90499999999997 4500 2848588 9442 133 1 3094 0.73346453053615646 12 1.0304790231444285 0.72892307695423764 4510 0.79945317119158599 12 0.90069850691266962 0.76128868524991955 533 6.3680481910705566 1 14.458646774291992 9.0979344463348397 0 0 0 0 0
632 31.600000000000001 31.650000000000002 334.654 4557 2853145 9443 133 1 3099 0.82596870866561622 12 0.86740675332056627 0.70206847029430808 4519 0.95653643381555342 12 1.0571362213936408 0.81745525928012808 534 6.7913284301757812 1 15.114376068115234 9.5809363079071037 0 0 0 0 0
633 31.650000000000002 31.699999999999999 338.90800000000002 4436 2857581 9443 133 1 3105 0.8938222574809308 12 1.0142126386127883 0.88520373759762805 4524 0.76789216205880451 12 0.93759576362633223 0.72730472729042983 535 7.0369119644165039 1 15.350828170776367 9.7568602466583254 0 0 0 0 0
634 31.699999999999999 31.75 333.56900000000002 4549 2862130 9444 133 1 3110 0.96482939757998276 12 0.98432022995419222 0.72335143168767713 4534 0.87528045950709166 12 1.2053728915549613 0.97476301400967558 536 8.1321039199829102 1 14.524242401123047 8.9157274246215827 0 0 0 0 0
635 31.75 31.800000000000001 335.43099999999998 4521 2866651 9445 133 1 3114 0.805312226689052 12 1.0301671198436215 0.79284805842808448 4540 0.72974641258652151 12 0.99782567636386765 0.79273224706263168 537 9.8990926742553711 1 14.188657760620117 8.2506225299835201 0 0 0 0 0
636 31.800000000000001 31.850000000000001 341.572 4527 2871178 9445 133 1 3118 0.66395670648605143 12 0.9209681720960714 0.77486729746300131 4548 0.81432950786642122 12 0.92856889028806944 0.78112479540464019 538 12.781133651733398 1 13.845636367797852 7.1466800117492673 0 0 0 0 0
637 31.850000000000001 31.900000000000002 348.92500000000001 4471 2875649 9446 133 1 3123 0.69887939580376202 12 0.92659171552412112 0.75907628542374095 4556 0.89008298870679492 12 0.92640795047218738 0.78986643954869851 539 14.026008605957031 1 14.893328666687012 8.7675325870513916 0 0 0 0 0
638 31.900000000000002 31.949999999999999 341.67700000000002 4509 2880158 9446 133 1 3128 0.75674304886469768 12 0.96200885280730231 0.73636375411517097 4564 0.8609320255550178 12 1.1161568443517427 0.89372531734447203 539 5.1598820686340332 1 13.748274803161621 8.7777638912200935 0 0 0 0 0
639 31.949999999999999 32 345.13799999999998 4510 2884668 9448 133 1 3132 0.61948219178214903 12 1.0419858902219743 0.7708135244959875 4571 0.8060686867583442 12 0.96496019868834604 0.81107332435934931 540 6.7173833847045898 1 13.8004150390625 8.4580188226699828 0 0 0 0 0
640 32 32.049999999999997 343.92399999999998 4552 2889220 9449 133 1 3137 0.64880931566631983 12 0.98746265305413139 0.76461600182548406 4575 0.519335755293031 12 0.92755343642186472 0.71630771992738163 541 8.9763870239257812 1 13.661712646484375 7.7635110759735104 0 0 0 0 0
641 32.049999999999997 32.100000000000001 347.95299999999997 4432 2893652 9450 133 1 3143 0.93151110647216673 12 0.96952678665282233 0.67249662952763689 4584 0.73847343782969821 12 0.92055439035332687 0.75601932825802531 542 11.247695922851562 1 14.015490531921387 7.7513281917572021 0 0 0 0 0
642 32.100000000000001 32.149999999999999 338.60899999999998 4520 2898172 9451 133 1 3147 0.75476503182971288 12 1.017046470490713 0.80990521722842768 4592 0.78841134408312674 12 1.0287716027160452 0.81542475137348613 543 13.650246620178223 1 14.20732307434082 7.6213928222656246 0 0 0 0 0
643 32.149999999999999 32.200000000000003 335.5 4577 2902749 9453 133 1 3154 0.88725803011939641 12 1.0977678563859727 0.97993854403495761 4598 0.67542921799404954 12 0.93186750362148962 0.76050469408446697 543 5.0216469764709473 1 13.379953384399414 8.5426049423217769 0 0 0 0 0
644 32.200000000000003 32.25 341.72300000000001 4452 2907201 9453 133 1 3159 0.89772256215413415 12 0.97619574032132583 0.78329067729768298 4606 0.75655793689625539 12 0.96812432334424825 0.78454466544082579 544 6.2960147857666016 1 14.01203727722168 8.7383317089080812 0 0 0 0 0
645 32.25 32.299999999999997 340.92899999999997 4461 2911662 9454 133 1 3165 1.1153664059109158 12 1.1153664059109158 0.73690629418880216 4613 0.69723349776444643 12 1.0195536939508276 0.8154898889512785 545 7.9715232849121094 1 13.955523490905762 8.3411906909942619 0 0 0 0 0
646 32.299999999999997 32.350000000000001 340.70499999999998 4543 2916205 9454 133 1 3168 0.84358933993748253 12 1.0932806928952534 0.74525897473096836 4621 0.75913127442867878 12 0.91973655367151341 0.80358391814003804 546 9.0589265823364258 1 14.639894485473633 8.9234352207183836 0 0 0 0 0
647 32.350000000000001 32.399999999999999 338.59699999999998 4472 2920677 9455 133 1 3173 0.84941560189638821 12 0.98174312533367247 0.78788254691731385 4630 0.8337627797513395 12 1.035650628160786 0.89908522496585386 547 10.667183876037598 1 14.399190902709961 8.4077707004547122 0 0 0 0 0
648 32.399999999999999 32.450000000000003 339.12900000000002 4593 2925270 9456 133 1 3178 0.85606219353420399 12 0.95710283742537572 0.78707048494960119 4638 0.84038512771194041 12 0.96372035290743852 0.8583085985892529 548 11.712374687194824 1 14.889345169067383 8.9652260971069335 0 0 0 0 0
649 32.450000000000003 32.5 332.40699999999998 4476 2929746 9456 133 1 3182 0.7420349613290339 12 0.9785572257159012 0.74781153136524292 4647 1.0158063344858788 12 1.0572621368878596 0.79930010742271274 549 12.096879959106445 1 15.378146171569824 9.6193283653259272 0 0 0 0 0
650 32.5 32.549999999999997 335.529 4533 2934279 9456 133 1 3186 0.61683220496135094 12 0.9444994556141042 0.75887563610612052 4653 0.83920074926840293 12 0.99569202001030377 0.82349415550199689 550 13.589655876159668 1 14.721498489379883 8.5221014308929437 0 0 0 0 0
651 32.549999999999997 32.600000000000001 337.077 4525 2938804 9456 133 1 3192 0.7994483824133769 12 1.0368285627133909 0.77158480153932774 4660 0.81455735287352193 12 0.882399445772171 0.7811544644099635 551 14.70396900177002 1 15.001008987426758 8.8967900943756106 0 0 0 0 0
652 32.600000000000001 32.649999999999999 332.15600000000001 4455 2943259 9456 133 1 3198 0.97370750437692055 12 0.97370750437692055 0.7798585462148232 4666 0.72227135648497853 12 0.85758036155555695 0.74001486840431374 551 5.4092898368835449 1 14.412811279296875 9.2020455551147453 0 0 0 0 0
653 32.649999999999999 32.700000000000003 333.09699999999998 4561 2947820 9457 133 1 3201 0.68202156795600855 12 0.95442679954604026 0.76496950160257848 4672 0.6461357074449896 12 0.87219190094116572 0.72402551913792523 552 7.1071381568908691 1 13.750833511352539 8.3190740823745735 0 0 0 0 0
654 32.700000000000003 32.75 335.35300000000001 4457 2952277 9457 133 1 3204 0.51286414793012514 12 0.75007442796454094 0.64366198992936785 4680 0.73356876875450083 12 0.92832692186348142 0.77830331637556827 553 8.9909582138061523 1 13.960323333740234 8.1349562263488764 0 0 0 0 0
655 32.75 32.799999999999997 336.584 4553 2956830 9457 133 1 3210 0.68868428941756965 12 1.0273960561506332 0.77831312795672347 4687 0.69901291491633688 12 0.98292725134445857 0.79096830444096444 554 9.9442024230957031 1 14.835003852844238 9.056257600784301 0 0 0 0 0
656 32.799999999999997 32.850000000000001 335.55500000000001 4481 2961311 9458 133 1 3215 0.7698663682455108 12 1.0186330216035011 0.71327781823182845 4694 0.78623085241997615 12 0.80211375889240932 0.67040807684891024 555 12.265490531921387 1 14.108671188354492 7.7018488502502445 0 0 0 0 0
657 32.850000000000001 32.899999999999999 340.839 4518 2965829 9459 133 1 3221 0.96594465535784524 12 0.98545802585662357 0.75825687036982581 4701 0.68266374190806767 12 1.0831962870634113 0.85929173171279516 555 4.5122232437133789 1 12.022617340087891 7.6759946537017818 0 0 0 0 0
658 32.899999999999999 32.950000000000003 333.84699999999998 4533 2970362 9460 133 1 3225 0.79553793441681631 12 0.95948583408007548 0.80362913129821634 4709 0.80549172780617506 12 0.93610499817970427 0.7432610457102683 556 6.1086106300354004 1 13.594956398010254 8.4195247602462775 0 0 0 0 0
659 32.950000000000003 33 335.15699999999998 4464 2974826 9460 133 1 3230 0.81634682405089576 12 0.91476005410391192 0.77304943672484816 4716 0.7190807592041204 12 1.0268355465362835 0.84230664178114723 557 7.4677772521972656 1 14.162492752075195 8.6543792915344238 0 0 0 0 0
660 33 33.049999999999997 334.25099999999998 4513 2979339 9460 133 1 3234 0.6959323456126546 12 0.93941027322222315 0.75413502255247666 4722 0.65239452980263068 12 0.87692660429464109 0.71467034952539532 558 11.886703491210938 1 12.876711845397949 5.6251139497756961 0 0 0 0 0
661 33.049999999999997 33.100000000000001 331.01100000000002 4539 2983878 9460 133 1 3239 0.72885144768016674 12 0.97341067663260872 0.76105986283530302 4730 0.70559216778227263 12 1.0223334937418112 0.81219736819224442 558 4.3728747367858887 1 11.651330947875977 7.4389426231384279 0 0 0 0 0
662 33.100000000000001 33.149999999999999 334.02999999999997 4493 2988371 9460 133 1 3243 0.61592912166157654 12 0.91915499217926511 0.74671752907454003 4739 0.8444008196709607 12 1.0220872074474088 0.83554775989469088 559 5.3995866775512695 1 14.102071762084961 8.98352352142334 0 0 0 0 0
663 33.149999999999999 33.200000000000003 335.54599999999999 4522 2992893 9461 133 1 3249 0.79148625774634263 12 1.0061761290943694 0.77857346039901065 4744 0.62550164603162561 12 0.86523496061248861 0.75725806373521631 560 6.3469629287719727 1 14.410774230957031 9.062065324783326 0 0 0 0 0
664 33.200000000000003 33.25 337.37299999999999 4547 2997440 9463 133 1 3254 0.76747226388663026 12 0.92643764701908426 0.81742540640741734 4755 0.99117574622096316 12 1.0524665803453457 0.82715948165081299 561 8.1045112609863281 1 13.907394409179688 8.2599679946899407 0 0 0 0 0
665 33.25 33.299999999999997 333.08100000000002 4543 3001983 9466 133 1 3258 0.75553776951698914 12 0.865619535782441 0.64673614209650876 4763 0.90652852896097547 12 1.1067853450775147 0.9486685234931318 562 11.762582778930664 1 13.262273788452148 6.3783865261077883 0 0 0 0 0
666 33.299999999999997 33.350000000000001 332.95499999999998 4459 3006442 9467 133 1 3262 0.61500189102754654 12 1.1105221810444381 0.77405597667968595 4770 0.87765162828806287 12 0.98024935657913626 0.78534588681684947 562 4.3272147178649902 1 11.529667854309082 7.3612663078308103 0 0 0 0 0
667 33.350000000000001 33.399999999999999 334.50700000000001 4581 3011023 9469 133 1 3267 0.62907142443088115 12 1.0186628333221528 0.77972149831607451 4779 0.99581747498061202 12 1.100548447628279 0.8559848239389628 563 5.3827862739562988 1 14.058201789855957 8.9549463558197022 0 0 0 0 0
668 33.399999999999999 33.450000000000003 335.23099999999999 4485 3015508 9469 133 1 3273 0.75048002394992686 12 1.1369187042844657 0.8321823653558893 4784 0.73243664237293038 12 0.976098978841627 0.80129644469634898 564 6.5187430381774902 1 14.220447540283203 8.8753686523437505 0 0 0 0 0
669 33.450000000000003 33.5 333.97800000000001 4550 3020058 9470 133 1 3278 0.78543776791061715 12 0.94638276561750356 0.75904141016842186 4795 1.0854806607538783 12 1.1074088271405247 0.83966361311219018 565 7.8317117691040039 1 14.270305633544922 8.7001185035705575 0 0 0 0 0
670 33.5 33.549999999999997 331.97300000000001 4558 3024616 9471 133 1 3284 0.95753504685176771 12 0.95823080732976984 0.78199884721934554 4801 0.86225084356359538 12 1.0639867106402243 0.86965371191894281 566 10.070481300354004 1 13.868338584899902 7.7835415840148929 0 0 0 0 0
671 33.549999999999997 33.600000000000001 339.27999999999997 4473 3029089 9472 133 1 3288 0.74550869310360934 12 1.0771428878431144 0.84483377653172387 4806 0.60615422380836426 12 0.92254320704755755 0.79408482818204817 567 11.650190353393555 1 14.517029762268066 8.4360342216491695 0 0 0 0 0
672 33.600000000000001 33.649999999999999 338.14499999999998 4501 3033590 9472 133 1 3294 0.90613510708506906 12 1.0423034135260785 0.79335539454389292 4816 0.97561269564919073 12 1.0154281841056119 0.7153047026098025 568 13.798316955566406 1 14.36143684387207 7.8732835483551025 0 0 0 0 0
673 33.649999999999999 33.700000000000003 334.22800000000001 4493 3038083 9472 133 1 3300 1.0582685523235642 12 1.1464086314002497 0.80176367598204035 4822 0.70062838061240729 12 1.1821544959316836 0.92089242149759221 568 5.0761189460754395 1 13.525092124938965 8.6352699756622311 0 0 0 0 0
674 33.700000000000003 33.75 337.25599999999997 4556 3042639 9472 133 1 3304 0.83088464545435381 12 1.0373134400488901 0.86003838663977461 4831 0.93553486859144308 12 0.93553486859144308 0.74040766037528483 569 5.8130035400390625 1 14.586507797241211 9.2704597568511957 0 0 0 0 0
675 33.75 33.799999999999997 334.245 4445 3047084 9473 133 1 3309 0.79499153126975319 12 1.0106322228618272 0.82918617365889802 4837 0.72666218363529711 12 1.0649948795937234 0.85543971116966133 570 6.9576554298400879 1 14.294034957885742 8.8667572879791265 0 0 0 0 0
676 33.799999999999997 33.850000000000001 331.654 4460 3051544 9473 133 1 3315 0.9972557814139571 12 0.9972557814139571 0.7521325519516191 4843 0.63806991868335206 12 0.93163089118921516 0.7363580634246718 571 7.8855862617492676 1 14.658732414245605 9.08131802558899 0 0 0 0 0
677 33.850000000000001 33.899999999999999 330.745 4522 3056066 9473 133 1 3318 0.69285849413575762 12 0.97750879855041817 0.77755417152650297 4851 0.78879264267356175 12 0.885662929029845 0.71564431544255935 572 9.1510715484619141 1 14.4959716796875 8.7471261119842527 0 0 0 0 0
678 33.899999999999999 33.950000000000003 335.577 4517 3060583 9473 133 1 3324 0.85069688617525374 12 1.0007991267083272 0.79611561326322411 4857 0.68203974355044528 12 0.87850301384533191 0.75433760504099046 573 10.555846214294434 1 14.536748886108398 8.6092244911193845 0 0 0 0 0
679 33.950000000000003 34 333.58999999999997 4502 3065085 9474 133 1 3329 0.83277989559183541 12 1.0056262408392524 0.81138925242492699 4865 0.807231136680575 12 0.9473907437907465 0.74092112861882953 574 12.841768264770508 1 14.192347526550293 7.7368605422973635 0 0 0 0 0
680 34 34.049999999999997 331.78899999999999 4542 3069627 9475 133 1 3334 0.90501568748913341 12 0.92329821402403922 0.72213498561931944 4870 0.60707924817899606 12 0.92378497675293492 0.73869762001191308 574 4.7242259979248047 1 12.587484359741211 8.0366439533233649 0 0 0 0 0
681 34.049999999999997 34.100000000000001 332.904 4478 3074105 9477 133 1 3337 0.62038955133687124 12 1.0094650142158845 0.75798000331080628 4878 0.71214407685776226 12 0.85615642746331222 0.76084705983698375 575 5.5288400650024414 1 14.439645767211914 9.2034060668945319 0 0 0 0 0
682 34.100000000000001 34.149999999999999 332.69900000000001 4533 3078638 9479 133 1 3343 0.72794991785711916 12 0.98262951580651159 0.84589248142400753 4884 0.69486444595881092 12 0.77770621745753921 0.6657560522450322 576 6.0592565536499023 1 14.903361320495605 9.4748706722259524 0 0 0 0 0
683 34.149999999999999 34.200000000000003 333.10000000000002 4505 3083143 9479 133 1 3348 0.74975358385697355 12 0.99202120960015272 0.7720644120249186 4893 0.86755303019643337 12 0.95879435480792385 0.80200544003787788 577 7.0482463836669922 1 14.480147361755371 9.0208663463592522 0 0 0 0 0
684 34.200000000000003 34.25 332.15199999999999 4527 3087670 9480 133 1 3352 0.69679524847144791 12 0.85106758340364219 0.68735124018378468 4902 0.98856265465563753 12 1.0456958377687418 0.85316929105535178 578 7.4120774269104004 1 15.227609634399414 9.639797506332398 0 0 0 0 0
685 34.25 34.300000000000004 329.97399999999999 4499 3092169 9480 133 1 3356 0.60068332137731906 12 0.84501096899131178 0.73007471127728263 4910 0.88557585961109886 12 1.0751345943923445 0.96682533350072875 579 7.5459213256835938 1 15.502588272094727 9.8674898815155032 0 0 0 0 0
686 34.300000000000004 34.350000000000001 333.01400000000001 4441 3096610 9480 133 1 3361 0.65853756992182799 12 0.88893261946888524 0.73637315261761016 4916 0.78076939808355794 12 0.86804027879560319 0.75241056338516432 580 7.5951600074768066 1 15.603744506835938 9.9512521266937259 0 0 0 0 0
687 34.350000000000001 34.399999999999999 331.45100000000002 4617 3101227 9481 133 1 3367 0.78908802648345444 12 1.1771808411617153 0.8231315538065338 4921 0.6549757894631979 12 0.78947478049510234 0.66508040302347493 581 8.6802520751953125 1 14.600419998168945 8.9257243061065665 0 0 0 0 0
688 34.399999999999999 34.450000000000003 332.70999999999998 4501 3105728 9482 133 1 3373 0.98937960393155955 12 1.0297569038967123 0.75408552768190362 4928 0.72292072398437035 12 0.80684574500129025 0.68948896934937798 582 9.9639673233032227 1 14.570154190063477 8.7290786170959471 0 0 0 0 0
689 34.450000000000003 34.5 331.399 4516 3110244 9482 133 1 3377 0.80008912870108284 12 0.99697236179059812 0.82232460161159249 4934 0.65916751110674565 12 0.85489407940893558 0.71176652624055348 583 11.000128746032715 1 14.848620414733887 8.9741634559631347 0 0 0 0 0
690 34.5 34.550000000000004 331.35700000000003 4540 3114784 9483 133 1 3384 1.0428947337230805 12 1.129754338661163 0.87072524971360599 4941 0.67335523094075755 12 0.91322910560143955 0.74271046701476384 584 12.653943061828613 1 14.555499076843262 8.3626681041717532 0 0 0 0 0
691 34.550000000000004 34.600000000000001 330.70999999999998 4465 3119249 9484 133 1 3387 0.66262953930077528 12 1.0288694718060141 0.85266591149388971 4949 0.8111242539501069 12 0.85847782371817405 0.72846882488518139 584 4.6551260948181152 1 12.403378486633301 7.9190962791442869 0 0 0 0 0
692 34.600000000000001 34.649999999999999 331.21800000000002 4488 3123737 9485 133 1 3393 0.81931597274651047 12 1.0625954020585158 0.79725614395992739 4954 0.59353645235312646 12 0.89746758992456499 0.75595988852060014 585 5.4283537864685059 1 14.463607788085938 9.2344764137268065 0 0 0 0 0
693 34.649999999999999 34.700000000000003 330.17700000000002 4500 3128237 9486 133 1 3398 0.79989589435715247 12 0.9680518335327607 0.81287734878368378 4961 0.62541792116952255 12 0.90457032315017705 0.7251930050700085 586 6.4456338882446289 1 14.345020294189453 8.9928565502166755 0 0 0 0 0
694 34.700000000000003 34.75 331.94099999999997 4495 3132732 9486 133 1 3403 0.79642066259000588 12 1.0750552895612453 0.79709143244572123 4968 0.67146551434935475 12 0.84773950911067253 0.71116803640694159 587 8.0265636444091797 1 14.051881790161133 8.4348238277435303 0 0 0 0 0
695 34.75 34.800000000000004 334.79399999999998 4519 3137251 9487 133 1 3408 0.84171217359887163 12 0.87606309569444774 0.74881061526969073 4975 0.66130692871009011 12 0.98630193189908189 0.76681414566320638 588 9.3291969299316406 1 14.485507965087891 8.7103516864776616 0 0 0 0 0
696 34.800000000000004 34.850000000000001 336.04500000000002 4551 3141802 9488 133 1 3413 0.8094177216164552 12 1.0289715064998286 0.8256233462857111 4982 0.71140277252140816 12 0.83445773568854675 0.70716022612445439 589 9.9372196197509766 1 15.124063491821289 9.3980380725860595 0 0 0 0 0
697 34.850000000000001 34.899999999999999 333.44600000000003 4437 3146239 9489 133 1 3419 0.9817224138127979 12 1.0217872472651042 0.78179345543842271 4989 0.71336872135510732 12 0.87719857084075803 0.75481039057719879 590 10.990290641784668 1 14.835338592529297 8.9574248123168942 0 0 0 0 0
698 34.899999999999999 34.950000000000003 332.601 4539 3150778 9489 133 1 3423 0.81413807844600206 12 0.96228300654692056 0.80083473898070845 4999 0.95097964036111549 12 1.0593877432905936 0.84583824935082419 591 11.83123779296875 1 15.040451049804688 9.1674328231811515 0 0 0 0 0
699 34.950000000000003 35 333.601 4508 3155286 9490 133 1 3428 0.82262660205193439 12 0.9653612330790653 0.78524688699774603 5004 0.66887484657951013 12 1.039183144885939 0.8198338328873932 592 13.310958862304688 1 14.710884094238281 8.5350269508361816 0 0 0 0 0
700 35 35.050000000000004 333.97899999999998 4492 3159778 9491 133 1 3432 0.71905042221234616 12 0.8864327204256105 0.73746451756890641 5015 1.0321230436343922 12 1.1180855217312848 0.82956118789300692 592 4.8968300819396973 1 13.047384262084961 8.3302713394165036 0 0 0 0 0
701 35.050000000000004 35.100000000000001 332.505 4562 3164340 9491 133 1 3438 0.92144889557334841 12 0.92144889557334841 0.75199969579218262 5020 0.77231314724630729 12 1.0116856425354106 0.79776108795886957 593 5.8267531394958496 1 14.33149528503418 9.0793449783325197 0 0 0 0 0
702 35.100000000000001 35.149999999999999 332.41500000000002 4503 3168843 9491 133 1 3441 0.6729673565387112 12 0.91157193031007755 0.72219560106872349 5029 0.89820369676716671 12 0.97698455940755724 0.84833717301026224 594 6.8672871589660645 1 14.393386840820312 8.969835805892945 0 0 0 0 0
703 35.149999999999999 35.200000000000003 332.47199999999998 4506 3173349 9491 133 1 3445 0.60572248395906836 12 0.94669394772855897 0.70149536842866966 5034 0.66039751575072159 12 0.91976250617669786 0.77597663628887925 595 7.6435050964355469 1 14.788591384887695 9.2315177917480469 0 0 0 0 0
704 35.200000000000003 35.25 332.048 4516 3177865 9491 133 1 3451 0.76924203606822106 12 0.96650551606874524 0.79049115304591044 5040 0.59841471158888349 12 0.91391288678615035 0.7100138198664776 596 9.85888671875 1 13.851217269897461 7.8066988086700437 0 0 0 0 0
705 35.25 35.300000000000004 332.05799999999999 4526 3182391 9492 133 1 3455 0.70204491535052671 12 0.89623296312694689 0.70144811266005302 5049 0.7697367741163581 12 1.0145728132401288 0.8033584323333629 597 12.234104156494141 1 14.072568893432617 7.6484555339813234 0 0 0 0 0
706 35.300000000000004 35.350000000000001 334.46699999999998 4496 3186887 9493 133 1 3461 0.78156486155371818 12 1.1595075509272739 0.87365350427408517 5056 0.7731850905178862 12 0.87066171539958848 0.75334276739471928 598 14.205290794372559 1 14.492256164550781 8.0484588813781741 0 0 0 0 0
707 35.350000000000001 35.399999999999999 332.81799999999998 4533 3191420 9493 133 1 3467 0.87711906625185387 12 1.0713155633681468 0.85777906994376407 5062 0.65115145786413409 12 0.92570456754092045 0.76946601596943909 598 5.2258362770080566 1 13.924007415771484 8.8899618053436278 0 0 0 0 0
708 35.399999999999999 35.450000000000003 331.44600000000003 4525 3195945 9494 133 1 3472 0.91294951736631402 12 0.93139231087855223 0.75817743786795855 5071 0.86429577472677777 12 0.87381215893043651 0.76195294906988753 599 6.6462230682373047 1 13.930048942565918 8.5937704372406003 0 0 0 0 0
709 35.450000000000003 35.5 331.64100000000002 4467 3200412 9494 133 1 3476 0.74330006920606395 12 0.95203460259248696 0.80287933022957947 5078 0.75135817410097128 12 1.0316316194217212 0.86856883866676104 600 6.8936648368835449 1 15.342126846313477 9.7550251483917236 0 0 0 0 0
710 35.5 35.550000000000004 331.303 4511 3204923 9495 133 1 3480 0.67848573232556031 12 0.87130819830060635 0.69908904873374023 5088 0.99192318271946267 12 1.0745375528528884 0.84291359126415943 601 9.4434957504272461 1 13.535637855529785 7.4755822896957396 0 0 0 0 0
711 35.550000000000004 35.600000000000001 332.60000000000002 4449 3209372 9496 133 1 3485 0.66794340008514719 12 0.99645423137524125 0.80408805749081158 5095 0.93867733865170866 12 0.97228181176894424 0.80947199749382748 602 12.613530158996582 1 13.664073944091797 6.8615590381622313 0 0 0 0 0
712 35.600000000000001 35.649999999999999 333.77300000000002 4562 3213934 9497 133 1 3491 0.89525496014875028 12 1.0624028794534692 0.72733487201897984 5104 1.0219063127363051 12 1.0219063127363051 0.8905735144486302 602 4.6402602195739746 1 12.363765716552734 7.8938067150115963 0 0 0 0 0
713 35.649999999999999 35.700000000000003 332.07400000000001 4514 3218448 9497 133 1 3495 0.77850915622146588 12 0.95087313061304191 0.75050298002841065 5110 0.79200303755901957 12 1.0888709620849506 0.87626060412058981 603 5.4979500770568848 1 14.358972549438477 9.1508569145202632 0 0 0 0 0
714 35.700000000000003 35.75 335.14299999999997 4518 3222966 9497 133 1 3502 1.0566904709529321 12 1.144699057566037 0.83570220565869169 5116 0.69468717353569498 12 0.86241497920977106 0.74499469231351001 604 5.8900589942932129 1 15.078433990478516 9.6118007183074958 0 0 0 0 0
715 35.75 35.800000000000004 333.899 4524 3227490 9497 133 1 3505 0.80662108849916769 12 1.0357666242411823 0.72376761917518839 5125 0.85235437645098644 12 0.99603685255388952 0.81687714569331016 605 7.1826763153076172 1 14.177720069885254 8.7202648735046395 0 0 0 0 0
716 35.800000000000004 35.850000000000001 332.279 4532 3232022 9497 133 1 3511 0.87875604913371952 12 1.0557999341710254 0.8809649578227241 5130 0.63220569534176907 12 0.90975128743495493 0.75849507209568001 606 9.1475610733032227 1 13.922229766845703 8.0547017860412602 0 0 0 0 0
717 35.850000000000001 35.899999999999999 332.49900000000002 4517 3236539 9499 133 1 3516 0.77055486185218813 12 1.0611523612152269 0.90077358287966125 5137 0.66237672467313302 12 0.88786060783156273 0.72688649010633066 607 10.847959518432617 1 14.353256225585938 8.3165474987030024 0 0 0 0 0
718 35.899999999999999 35.950000000000003 338.19999999999999 4498 3241037 9499 133 1 3521 0.74068754225499467 12 1.0616490466018031 0.82322053328871492 5144 0.72090046089205484 12 0.9043391380786292 0.69881641018166618 607 3.9907436370849609 1 10.633155822753906 6.7888768577575682 0 0 0 0 0
719 35.950000000000003 36 333.435 4513 3245550 9499 133 1 3527 0.84783388748174848 12 1.1675754256901449 0.84630246375467688 5150 0.60024471879839214 12 0.91354922181989595 0.76810191453484222 608 5.4137153625488281 1 13.584580421447754 8.5912090301513668 0 0 0 0 0
720 36 36.050000000000004 332.71300000000002 4499 3250049 9500 133 1 3533 0.95734319155888381 12 1.0580278072092315 0.84396304330656235 5161 0.95971130740717114 12 1.0943806722274088 0.83330516681149491 609 7.317603588104248 1 13.602890968322754 8.115089392662048 0 0 0 0 0
721 36.050000000000004 36.100000000000001 334.47899999999998 4606 3254655 9500 133 1 3537 0.77346255093635707 12 0.938386541865179 0.81696867669141926 5166 0.71780673867627209 12 1.0477419187284132 0.78003421806234452 610 8.9421234130859375 1 14.164981842041016 8.3916720104217521 0 0 0 0 0
722 36.100000000000001 36.149999999999999 330.92700000000002 4466 3259121 9501 133 1 3542 0.70553049423347569 12 1.02254819325615 0.86090593114787339 5175 0.90334674569391138 12 1.0696391179409614 0.78928204039180361 611 10.624216079711914 1 14.341188430786133 8.3346729373931883 0 0 0 0 0
723 36.149999999999999 36.200000000000003 332.29199999999997 4521 3263642 9501 133 1 3547 0.71843280080735472 12 0.96978273150780891 0.78087717406575563 5181 0.71815885487821274 12 0.95173280368576962 0.83199085956601326 612 11.696566581726074 1 14.869250297546387 8.9383357238769534 0 0 0 0 0
724 36.200000000000003 36.25 332.58800000000002 4544 3268186 9502 133 1 3552 0.72973638619961489 12 0.93577033259013376 0.78245994197402924 5188 0.74367494928225852 12 0.92667599006997836 0.73149492136874239 613 12.910149574279785 1 14.850205421447754 8.7985135746002197 0 0 0 0 0
725 36.25 36.300000000000004 332.62900000000002 4467 3272653 9502 133 1 3558 0.87198513908030384 12 0.99782193771268735 0.81154998851621729 5194 0.69132862945689089 12 0.80740086370720454 0.70047338209148036 613 4.7493805885314941 1 12.654511451721191 8.0794363212585445 0 0 0 0 0
726 36.300000000000004 36.350000000000001 333.51799999999997 4530 3277183 9502 133 1 3562 0.69992706356046375 12 1.0032259610109446 0.80526390552764426 5204 0.94949054293200419 12 1.0493492689987847 0.82549211491072383 614 6.2857246398925781 1 13.712126731872559 8.4789692974090585 0 0 0 0 0
727 36.350000000000001 36.399999999999999 347.55799999999999 4462 3281645 9502 133 1 3567 0.74889358907274162 12 0.95185743536589262 0.7451723520002641 5208 0.62999291089612741 12 0.93068939296852515 0.74874591181250738 615 7.6383962631225586 1 14.199224472045898 8.6608104801177976 0 0 0 0 0
728 36.399999999999999 36.450000000000003 332.80000000000001 4590 3286235 9503 133 1 3572 0.74222106111206843 12 0.93672334530987833 0.80025682271867726 5216 0.78464183331927195 12 0.83524503239315118 0.7117573166952792 616 8.3533735275268555 1 14.91944408416748 9.2921471023559565 0 0 0 0 0
729 36.450000000000003 36.5 333.96100000000001 4437 3290672 9503 133 1 3577 0.66881342717039616 12 1.1145566925882713 0.86632680500701609 5222 0.74271488257240992 12 0.83134990475208159 0.69015779693695334 617 9.3231601715087891 1 14.768573760986328 9.0398767471313484 0 0 0 0 0
730 36.5 36.550000000000004 333.74200000000002 4539 3295211 9503 133 1 3583 0.86639517552624057 12 0.93753107867566976 0.75676841942729856 5229 0.73436552200551808 12 0.95010173928659603 0.76502296324818464 618 10.764389038085938 1 14.530405044555664 8.5731335353851321 0 0 0 0 0
731 36.550000000000004 36.600000000000001 332.50700000000001 4559 3299770 9503 133 1 3587 0.7804766902538085 12 0.95693691818133664 0.71998294053247036 5237 0.78316945903562074 12 0.95437592178841912 0.81654729747359278 619 13.47244930267334 1 14.022270202636719 7.3189319133758541 0 0 0 0 0
732 36.600000000000001 36.649999999999999 336.61399999999998 4495 3304265 9503 133 1 3592 0.82694681188534613 12 0.99282055942734515 0.74764384009560159 5244 0.76049106111878861 12 1.0053629166369553 0.77920912297101197 619 4.9562406539916992 1 13.205677032470703 8.431336688995362 0 0 0 0 0
733 36.649999999999999 36.700000000000003 334.78199999999998 4503 3308768 9504 133 1 3596 0.60363746960679376 12 1.2225644063360681 0.85600449728172445 5251 0.77419031925567094 12 0.85561256560412802 0.74319403495157543 620 5.6141939163208008 1 14.662563323974609 9.3486054325103751 0 0 0 0 0
734 36.700000000000003 36.75 334.53500000000003 4501 3313269 9504 133 1 3602 0.74750337321145122 12 1.024687738306334 0.80994886958232126 5258 0.77442725225256415 12 0.89147938677151672 0.75652227953698459 621 6.8845152854919434 1 14.143775939941406 8.7423362636566164 0 0 0 0 0
735 36.75 36.800000000000004 334.20499999999998 4542 3317811 9504 133 1 3607 0.81713215291186858 12 0.97845942660238072 0.72471589542817749 5265 0.73655284204813998 12 0.90113085881269639 0.79425370778102899 622 7.858680248260498 1 14.608715057373047 9.0355462074279789 0 0 0 0 0
736 36.800000000000004 36.850000000000001 333.98000000000002 4467 3322278 9504 133 1 3613 1.0729099167728366 12 1.1622693642786088 0.69915239182020072 5272 0.74692492609749384 12 0.91962108372204721 0.74648805151403697 623 8.8961019515991211 1 14.667191505432129 8.9729166793823243 0 0 0 0 0
737 36.850000000000001 36.899999999999999 333.06200000000001 4564 3326842 9504 133 1 3616 0.77499176476411002 12 1.051664872779785 0.77113944198136919 5279 0.71660580019544973 12 1.0067934020364242 0.7867737606169497 623 3.2726931571960449 1 8.7199478149414062 5.567362656593323 0 0 0 0 0
738 36.899999999999999 36.950000000000003 333.584 4474 3331316 9504 133 1 3620 0.77737886653795829 12 0.82475618355205216 0.63255732236871665 5287 0.88105356663148426 12 0.88105356663148426 0.70205600201664808 624 5.7424798011779785 1 12.527057647705078 7.5548272800445559 0 0 0 0 0
739 36.950000000000003 37 334.31999999999999 4572 3335888 9508 133 1 3626 0.89667685471027903 12 1.0145619486305657 0.83427193419853451 5293 0.73441672265267066 12 1.0526608955414394 0.7938241314007134 625 7.6559066772460938 1 13.673738479614258 8.1056446218490592 0 0 0 0 0
740 37 37.050000000000004 329.71800000000002 4479 3340367 9508 133 1 3630 0.73139388985941467 12 1.0016118195581605 0.79855642276259642 5298 0.59070012843903774 12 0.79736165748885746 0.68282478627449061 626 9.4530620574951172 1 14.102311134338379 8.2207540321350105 0 0 0 0 0
741 37.050000000000004 37.100000000000001 376.59699999999998 4477 3344844 9511 133 1 3634 0.59763334670964374 12 0.98635647796640336 0.767348039373145 5307 0.78525414840088714 12 0.94011985563981848 0.78035792125124048 627 10.812178611755371 1 14.594912528991699 8.6544289875030511 0 0 0 0 0
742 37.100000000000001 37.149999999999999 332.529 4531 3349375 9512 133 1 3639 0.57468166995807746 12 1.0537247184976335 0.81637374335854407 5314 0.76385494278164223 12 0.9554252099196342 0.77794279523009602 628 12.58480167388916 1 14.475966453552246 8.2450459671020511 0 0 0 0 0
743 37.149999999999999 37.200000000000003 344.09699999999998 4554 3353929 9512 133 1 3645 0.73547483413410908 12 0.96748552980724722 0.79319040211895653 5320 0.66148095026063214 12 0.96027577219584626 0.75000241327913186 628 4.6296906471252441 1 12.335605621337891 7.8758260917663572 0 0 0 0 0
744 37.200000000000003 37.25 337.64100000000002 4555 3358484 9512 133 1 3650 0.68539898629853413 12 1.107655548507855 0.84322769085828109 5327 0.70518065189864176 12 0.89646020100585322 0.71349259695755562 629 5.9773883819580078 1 13.845822334289551 8.6657330417633052 0 0 0 0 0
745 37.25 37.300000000000004 339.726 4475 3362959 9513 133 1 3656 0.83074014211159719 12 1.0146681624989011 0.80848839608486989 5334 0.70887434602718047 12 0.89972881179759268 0.75309991906444917 630 7.7423238754272461 1 13.828083992004395 8.2526549625396726 0 0 0 0 0
746 37.300000000000004 37.350000000000001 342.39699999999999 4497 3367456 9513 133 1 3660 0.67621806198160594 12 0.91279870360408255 0.78790280480697605 5343 0.96704442553954206 12 1.0268430932361685 0.71737590320701505 631 8.7343893051147461 1 14.691482543945312 9.0178215789794915 0 0 0 0 0
747 37.350000000000001 37.399999999999999 337.52999999999997 4503 3371959 9514 133 1 3665 0.67128611542661731 12 0.977134718138574 0.79853365454835812 5350 0.93215547844644386 12 1.0177623198766754 0.79129804330489495 632 11.001338958740234 1 13.985441207885742 7.7556431007385251 0 0 0 0 0
748 37.399999999999999 37.450000000000003 336.45499999999998 4536 3376495 9515 133 1 3671 0.79535254881819872 12 0.99632574593476164 0.829550974136821 5357 0.87440326278275693 12 0.94722971014076063 0.81393339228377326 633 12.654388427734375 1 14.556011199951172 8.3634248161315909 0 0 0 0 0
749 37.450000000000003 37.5 334.73399999999998 4532 3381027 9515 133 1 3675 0.7060402650954416 12 0.89755295306937022 0.72334281752059626 5364 0.80150843311001096 12 1.0170474232854214 0.82892514453064114 634 14.555951118469238 1 14.555951118469238 8.1173898601531977 0 0 0 0 0
750 37.5 37.550000000000004 333.70800000000003 4501 3385528 9515 133 1 3680 0.78542363822646732 12 0.88268669843623426 0.71505860408715594 5371 0.79714589505582456 12 0.86444102364617736 0.76107576090581064 634 5.3548374176025391 1 14.26772403717041 9.1094130706787109 0 0 0 0 0
751 37.550000000000004 37.600000000000001 331.23500000000001 4506 3390034 9515 133 1 3684 0.68184081405805119 12 0.95923454011929288 0.73747110024766982 5380 0.88289243079520563 12 1.0281008459426262 0.88808086317616586 635 6.8864612579345703 1 13.867620468139648 8.4836439990997317 0 0 0 0 0
752 37.600000000000001 37.649999999999999 331.72000000000003 4554 3394588 9516 133 1 3691 0.94955145714334011 12 1.0898127591100346 0.84606855462253006 5385 0.66955406851059684 12 0.86836469858079346 0.75175280369939035 636 7.6505599021911621 1 14.802239418029785 9.2435180282592775 0 0 0 0 0
753 37.649999999999999 37.700000000000003 333.07400000000001 4537 3399125 9516 133 1 3695 0.80527482390992955 12 0.93074908965337277 0.77775939629531776 5393 0.77934175955282681 12 0.82591148010782289 0.75617133570925588 637 8.9408493041992188 1 14.449074745178223 8.7225694847106929 0 0 0 0 0
754 37.700000000000003 37.75 332.101 4506 3403631 9516 133 1 3699 0.65745816160818915 12 0.90540385142752189 0.7812640365365684 5402 0.86725355773358737 12 1.0658387325905465 0.8859373419768104 638 10.478511810302734 1 14.430246353149414 8.4776623058319096 0 0 0 0 0
755 37.75 37.800000000000004 330.81 4493 3408124 9517 133 1 3705 0.77600303578963448 12 0.98411307491549282 0.83501759737334835 5407 0.65634058931389372 12 0.87066222010432059 0.7493514576054906 639 12.124557495117188 1 14.515728950500488 8.3703594017028813 0 0 0 0 0
756 37.800000000000004 37.850000000000001 332.07400000000001 4521 3412645 9517 133 1 3711 0.92541819963152949 12 1.0325007458519428 0.80445492714327227 5413 0.59058083066263711 12 0.85319750047213327 0.71375302043919631 639 4.4603776931762695 1 11.884475708007812 7.5877976512908933 0 0 0 0 0
757 37.850000000000001 37.899999999999999 334.16899999999998 4500 3417145 9518 133 1 3716 0.88442673380412751 12 1.0141516318396917 0.83423368382541696 5421 0.70510711939753712 12 0.96699520424008367 0.75147993898693766 640 5.7475075721740723 1 13.856658935546875 8.7256982898712163 0 0 0 0 0
758 37.899999999999999 37.950000000000003 331.01100000000002 4522 3421667 9520 133 1 3722 0.90059845220474966 12 1.1215835563720218 0.93637039177001458 5429 0.84685787563086357 12 0.89922463123158025 0.72452683045352617 641 6.4749555587768555 1 14.701381683349609 9.2798016548156745 0 0 0 0 0
759 37.950000000000003 38 331.20100000000002 4530 3426197 9520 133 1 3728 1.0541844566663106 12 1.1885896258884006 0.80032557035249385 5436 0.81800714564836907 12 0.92068628234839123 0.78531996023813511 642 7.8156037330627441 1 14.24095344543457 8.6727154159545901 0 0 0 0 0
760 38 38.050000000000004 331.94499999999999 4544 3430741 9521 133 1 3731 0.80065917684918353 12 1.0333102127862355 0.72718909953321709 5442 0.69469850802529809 12 0.88770369384186087 0.7707282558684363 643 9.5118131637573242 1 14.189955711364746 8.320696306228637 0 0 0 0 0
761 38.050000000000004 38.100000000000001 333.221 4470 3435211 9521 133 1 3738 1.2014217946737531 12 1.2256920988124513 0.71434272576892199 5449 0.70251554404810146 12 0.90429358568287932 0.74901762772749192 644 11.287339210510254 1 14.349017143249512 8.2421721267700203 0 0 0 0 0
762 38.100000000000001 38.149999999999999 331.07400000000001 4524 3439735 9522 133 1 3741 0.76721181886063683 12 1.2886098293321473 0.90607306101965523 5455 0.66402619863487466 12 0.86119543990242997 0.68675443280947457 645 12.589166641235352 1 14.773523330688477 8.711145467758179 0 0 0 0 0
763 38.149999999999999 38.200000000000003 332.07499999999999 4528 3444263 9522 133 1 3746 0.78440587618757807 12 0.97817673841639174 0.77662809920925957 5462 0.66703350182630139 12 0.90040089269428247 0.75377942484098182 646 13.955387115478516 1 14.818340301513672 8.6473952007293704 0 0 0 0 0
764 38.200000000000003 38.25 334.71199999999999 4528 3448791 9524 133 1 3750 0.62999625638541246 12 0.92602692068450976 0.78779136153544072 5470 0.84306711636535192 12 0.87747333147799023 0.69058576461218513 646 5.1339011192321777 1 13.679052352905273 8.7335664081573494 0 0 0 0 0
765 38.25 38.300000000000004 332.07400000000001 4453 3453244 9524 133 1 3756 0.7965499188913594 12 0.97290818401361034 0.78748719604885475 5475 0.65098710972847951 12 0.82637328993971737 0.73070615775835013 647 6.0782418251037598 1 14.363859176635742 9.0650696372985848 0 0 0 0 0
766 38.300000000000004 38.350000000000001 333.053 4549 3457793 9525 133 1 3761 0.82367353536657961 12 0.94508320967748116 0.76679745737997285 5481 0.64140300040946163 12 0.83606093170637663 0.65813721222238863 648 7.2519059181213379 1 14.314371109008789 8.8380351829528809 0 0 0 0 0
767 38.350000000000001 38.399999999999999 333.26499999999999 4475 3462268 9527 133 1 3765 0.71358972697681378 12 0.8570545136656923 0.74390734000126857 5487 0.63460369043248566 12 0.83866734169706014 0.65538022738715385 649 9.3044395446777344 1 13.880590438842773 7.9679225349426268 0 0 0 0 0
768 38.399999999999999 38.450000000000003 332.16199999999998 4582 3466850 9528 133 1 3770 0.70695815533494288 12 0.93668799333011965 0.80021634091735605 5494 0.60769805985515735 12 0.91969525286879095 0.78339422788171786 650 11.056833267211914 1 14.339938163757324 8.2650712013244636 0 0 0 0 0
769 38.450000000000003 38.5 355.68400000000003 4483 3471333 9528 133 1 3774 0.64797995994295987 12 0.82263122589973225 0.69331090306169751 5503 0.864703797443652 12 0.91817406403406987 0.71852859644124711 650 4.0675845146179199 1 10.837893486022949 6.9195941638946534 0 0 0 0 0
770 38.5 38.550000000000004 344.608 4532 3475865 9529 133 1 3781 0.89472990626061455 12 1.0440644613462653 0.86682044144415582 5510 0.82163613426696125 12 0.97475863782938443 0.79939525386392363 652 14.170698165893555 1 15.661043167114258 9.997578058242798 0 0 0 0 0
771 38.550000000000004 38.600000000000001 338.01299999999998 4515 3480380 9529 133 1 3786 0.90412507009643872 12 0.94102308522204636 0.78434917614725241 5517 0.75016641047051158 12 0.99599801108257036 0.82751427142550338 652 5.213111400604248 1 13.89009952545166 8.8683143901824959 0 0 0 0 0
772 38.600000000000001 38.649999999999999 337.21199999999999 4469 3484849 9529 133 1 3790 0.7806690135620924 12 0.8862222038672386 0.75714631912085495 5524 0.78107716128143279 12 0.88338702288028226 0.72615406753045209 653 6.1073818206787109 1 14.432720184326172 9.1146412277221671 0 0 0 0 0
773 38.649999999999999 38.700000000000003 340.16300000000001 4537 3489386 9530 133 1 3796 0.87363777659602093 12 1.0315900313196489 0.86033873077532097 5531 0.76487671369313748 12 0.95309502041288452 0.77279577916884523 654 7.7901444435119629 1 13.913496017456055 8.3340070533752435 0 0 0 0 0
774 38.700000000000003 38.75 349.94999999999999 4451 3493837 9531 133 1 3800 0.78801427024084947 12 0.87242750739605823 0.71969097910633695 5536 0.57385849628265884 12 0.86857096463282735 0.72965499678811685 655 9.3710346221923828 1 14.262350082397461 8.4348675918579108 0 0 0 0 0
775 38.75 38.800000000000004 335.38600000000002 4571 3498408 9531 133 1 3805 0.75702923615491213 12 0.96877788982149537 0.82432702520778367 5546 0.8696644610243498 12 0.9420962535269749 0.78822320509080002 656 11.23554801940918 1 14.283178329467773 8.1540687084197998 0 0 0 0 0
776 38.800000000000004 38.850000000000001 340.55700000000002 4545 3502953 9531 133 1 3810 0.82759139620671263 12 0.93310662064473127 0.72379189063125426 5552 0.74010194524930129 12 0.94442594233260957 0.77692000386683091 657 12.239304542541504 1 14.949118614196777 9.0062482547760006 0 0 0 0 0
777 38.850000000000001 38.899999999999999 357.16300000000001 4476 3507429 9533 133 1 3815 0.87549810353831015 12 0.94841575914131226 0.7462214821758536 5559 0.73352629602703789 12 0.8713435280643993 0.76326687598178056 658 14.403249740600586 1 14.403249740600586 7.8576205825805667 0 0 0 0 0
778 38.899999999999999 38.950000000000003 420.166 4507 3511936 9533 133 1 3819 0.74991012666197054 12 0.91594223527326468 0.75925696900397599 5565 0.65078004758960517 12 0.82879441715632385 0.73057018892915693 658 5.2986621856689453 1 14.118046760559082 9.0138495159149166 0 0 0 0 0
779 38.950000000000003 39 341.125 4521 3516457 9534 133 1 3825 0.81792736263383947 12 1.0397893084242704 0.88504166586235866 5571 0.55019710022925927 12 0.91783228061621158 0.74822913137547375 659 6.3979249000549316 1 14.238838195800781 8.9116943359375007 0 0 0 0 0
780 39 39.050000000000004 336.62700000000001 4468 3520925 9534 133 1 3830 0.79974499320433967 12 1.0305912664810579 0.81165194744303337 5579 0.72134003059848506 12 0.83164870738896035 0.69542751032116901 660 7.4708371162414551 1 14.454513549804688 8.9377821731567391 0 0 0 0 0
781 39.050000000000004 39.100000000000001 334.95299999999997 4513 3525438 9537 133 1 3835 0.82731957999353722 12 1.0517292313262938 0.76635102673951105 5586 0.66736742435275331 12 0.92109210458962398 0.81019150984847887 661 8.5179624557495117 1 14.616877555847168 8.9633113861083977 0 0 0 0 0
782 39.100000000000001 39.149999999999999 333.654 4550 3529988 9537 133 1 3839 0.70159407449878808 12 0.94013033084763542 0.75939330481574874 5593 0.7152352187279124 12 0.85036114430105714 0.7093661388191046 662 12.273046493530273 1 13.295230865478516 6.2823409461975102 0 0 0 0 0
783 39.149999999999999 39.200000000000003 333.39499999999998 4533 3534521 9538 133 1 3845 0.84771903780601288 12 0.99426826414428582 0.80771232745262755 5601 0.7944798746624514 12 0.91145753087224313 0.78640992946560417 662 4.5150027275085449 1 12.030023574829102 7.6807233715057377 0 0 0 0 0
784 39.200000000000003 39.25 334.02100000000002 4541 3539062 9538 133 1 3850 0.79906418140042601 12 1.122643265320683 0.84182067325980636 5609 0.81078942981926205 12 0.99281643049137069 0.84871793989233113 663 5.6065802574157715 1 14.068532943725586 8.919301605224609 0 0 0 0 0
785 39.25 39.300000000000004 333.04700000000003 4424 3543486 9539 133 1 3854 0.67321079956696306 12 0.90873931118934825 0.75951985538102273 5616 0.78289104466502735 12 0.94278953945314581 0.78437716141584768 664 6.881716251373291 1 14.138021469116211 8.7375724792480476 0 0 0 0 0
786 39.300000000000004 39.350000000000001 333.49099999999999 4528 3548014 9540 133 1 3860 0.84538709065516682 12 0.99577686660917863 0.78192059358317079 5624 0.92514836844560266 12 0.96290436519964318 0.72402531503020096 665 7.1618504524230957 1 15.314010620117188 9.7226581001281733 0 0 0 0 0
787 39.350000000000001 39.399999999999999 334.94 4586 3552600 9541 133 1 3864 0.73659325174198853 12 0.94144674699668573 0.74263021003383256 5632 1.0144567864871508 12 1.0349501587249137 0.77644653865674851 666 8.7610645294189453 1 14.158527374267578 8.4167254638671878 0 0 0 0 0
788 39.399999999999999 39.450000000000003 336.36900000000003 4554 3557154 9541 133 1 3868 0.66129814007203935 12 0.92908914649615326 0.70946530946462216 5638 0.83050306552165265 12 1.0624136005301734 0.83076902006918929 667 10.557605743408203 1 14.251276016235352 8.2213619327545171 0 0 0 0 0
789 39.450000000000003 39.5 334.44600000000003 4486 3561640 9541 133 1 3875 0.97551152505274064 12 1.0732226552147188 0.8000293157273094 5645 0.82272127264154116 12 0.85631711537119104 0.7644610349151334 668 11.672061920166016 1 14.83809757232666 8.8966489410400396 0 0 0 0 0
790 39.5 39.550000000000004 333.74599999999998 4438 3566078 9542 133 1 3878 0.71172727903288002 12 0.95619511929515877 0.73734578321620703 5653 0.90408337858593646 12 0.93534585536092618 0.78431362604694699 669 13.433374404907227 1 14.552200317382812 8.2562409305572508 0 0 0 0 0
791 39.550000000000004 39.600000000000001 336.851 4581 3570659 9542 133 1 3885 0.96283762530446337 12 1.0817396633450962 0.8625034485102353 5658 0.70999400927213252 12 0.88618132989236931 0.73269562447061631 669 4.9418649673461914 1 13.167375564575195 8.406881952285767 0 0 0 0 0
792 39.600000000000001 39.649999999999999 333.774 4532 3575191 9544 133 1 3887 0.49014219759710165 12 1.0692312226757945 0.78544481514199416 5667 0.84326479102782215 12 0.99690114487233139 0.84103035586278085 670 5.6854853630065918 1 14.554733276367188 9.263789787292481 0 0 0 0 0
793 39.649999999999999 39.700000000000003 333.74400000000003 4520 3579711 9544 133 1 3892 0.54417438908739135 12 1.0115807565313757 0.74015711677028662 5673 0.73572837080278697 12 0.88868482696030893 0.75511335392663259 671 7.6349387168884277 1 13.636290550231934 8.069976363182068 0 0 0 0 0
794 39.700000000000003 39.75 333.76900000000001 4461 3584172 9544 133 1 3896 0.55582241491104889 12 0.76886961352096395 0.62338873627423164 5679 0.59729923605878577 12 1.0249692630975324 0.78569824798094201 672 9.9980926513671875 1 13.768650054931641 7.6603971481323239 0 0 0 0 0
795 39.75 39.800000000000004 335.88099999999997 4530 3588702 9545 133 1 3902 0.69369946743114086 12 1.0191466303136907 0.81587808464152944 5686 0.66963351120284642 12 0.80790543381920765 0.68514340559618259 673 12.636582374572754 1 13.965581893920898 7.3878072929382324 0 0 0 0 0
796 39.800000000000004 39.850000000000001 337.976 4538 3593240 9546 133 1 3908 0.82684600361127925 12 1.0715218886712015 0.8205614100033557 5694 0.75366882563538073 12 0.99054044910336736 0.78166705324654739 673 4.6487407684326172 1 12.386361122131348 7.9082333564758303 0 0 0 0 0
797 39.850000000000001 39.899999999999999 339.49000000000001 4446 3597686 9546 133 1 3913 0.82007165538548144 12 1.0593560630225989 0.80035760370872433 5701 0.8152242274083128 12 0.8152242274083128 0.69581483329484228 674 5.7354841232299805 1 14.107014656066895 8.9240840530395502 0 0 0 0 0
798 39.899999999999999 39.950000000000003 338.76999999999998 4565 3602251 9548 133 1 3920 1.0113474830764078 12 1.1272257017731 0.92174168042662563 5709 0.88051511316395059 12 0.97762073169249109 0.80022474737277038 675 6.2165918350219727 1 14.987577438354492 9.5236848163604737 0 0 0 0 0
799 39.950000000000003 40 335.93299999999999 4472 3606723 9549 133 1 3924 0.75822497928010479 12 1.0363766428037555 0.88552053262414221 5715 0.74493620820755901 12 0.92824758580569688 0.78287629229403644 676 8.2920131683349609 1 13.67121410369873 7.9452648019790653 0 0 0 0 0
800 40 40.050000000000004 334.14100000000002 4529 3611252 9549 133 1 3930 0.79658502624169436 12 1.1907422769641016 0.91440326087094292 5724 0.88964261208837936 12 0.99746100790195513 0.82970868315532487 677 9.957921028137207 1 14.272975921630859 8.3506970977783208 0 0 0 0 0
801 40.050000000000004 40.100000000000001 333.85899999999998 4543 3615795 9549 133 1 3934 0.68116958841452691 12 0.97634023238753254 0.74918586291977207 5733 1.0649298076475853 12 1.0649298076475853 0.79943277651405198 678 10.710309982299805 1 15.04742431640625 9.2551060485839844 0 0 0 0 0
802 40.100000000000001 40.149999999999999 336.88 4494 3620289 9551 133 1 3940 0.86136711779097719 12 1.2101755224996542 0.7739792898013963 5737 0.66528510601424606 12 1.0438427791156346 0.82809418456313511 679 13.452553749084473 1 14.001562118530273 7.2850855350494381 0 0 0 0 0
803 40.149999999999999 40.200000000000003 335.82900000000001 4559 3624848 9551 133 1 3945 0.89080120079102132 12 1.0043754684073702 0.76451006129504084 5745 0.82980147859808606 12 0.87033415084595256 0.70198809162974951 679 4.9489202499389648 1 13.186175346374512 8.4188841152191163 0 0 0 0 0
804 40.200000000000003 40.25 334.64400000000001 4545 3629393 9551 133 1 3949 0.77007936369923757 12 0.90965473347358849 0.75443940935213605 5750 0.67138147721307384 12 0.87626601265360093 0.69738172526669229 680 5.5364360809326172 1 14.751585006713867 9.4183408927917487 0 0 0 0 0
805 40.25 40.300000000000004 334.779 4511 3633904 9551 133 1 3955 0.85162452666739519 12 1.1598681209106316 0.87164860877933004 5759 0.8676721158488111 12 0.90597571292089152 0.77863862031205888 681 6.2263264656066895 1 14.71380615234375 9.3169845008850096 0 0 0 0 0
806 40.300000000000004 40.350000000000001 335.02999999999997 4515 3638419 9552 133 1 3959 0.72174982533287602 12 0.95918313955651757 0.76350107549216739 5767 0.86760874446481462 12 0.98529271661631157 0.86492763428169794 682 7.207059383392334 1 14.513235092163086 9.0290377426147455 0 0 0 0 0
807 40.350000000000001 40.399999999999999 334.28899999999999 4526 3642945 9552 133 1 3964 0.68829433495984504 12 1.0268143237779097 0.8267727875352342 5773 0.69514561289468324 12 0.9948812502008435 0.81939292581032053 683 8.0849285125732422 1 14.731697082519531 9.1308805561065682 0 0 0 0 0
808 40.399999999999999 40.450000000000003 336.23200000000003 4470 3647415 9552 133 1 3969 0.6981911165422634 12 0.98092179222721687 0.78385254959533324 5780 0.74266697712355867 12 0.85427033683738196 0.70970900907728662 684 8.4078798294067383 1 15.320150375366211 9.6802691936492913 0 0 0 0 0
809 40.450000000000003 40.5 334.73200000000003 4558 3651973 9552 133 1 3974 0.64080952789490331 12 1.144974988157166 0.85046042072103267 5788 0.81243775406399288 12 0.96530425892639404 0.79578938493914786 685 8.6364517211914062 1 15.425031661987305 9.7737060832977303 0 0 0 0 0
810 40.5 40.550000000000004 338.82400000000001 4484 3656457 9553 133 1 3979 0.70037774543206543 12 0.90978350630122429 0.73467624817994148 5797 1.0370694727511018 12 1.0370694727511018 0.75058013086141773 686 9.4273014068603516 1 14.933538436889648 9.2170344638824471 0 0 0 0 0
811 40.550000000000004 40.600000000000001 333.11000000000001 4566 3661023 9555 133 1 3984 0.67365233958471871 12 1.0178256343736551 0.82010997275737874 5802 0.71138499298611202 12 1.0165341287045866 0.862979173492741 687 9.594477653503418 1 15.50538444519043 9.834490613937378 0 0 0 0 0
812 40.600000000000001 40.649999999999999 334.41500000000002 4464 3665487 9556 133 1 3989 0.72387654499254406 12 0.94458572226532911 0.7439270671866095 5810 0.80452294961826221 12 0.92542163294714852 0.77265522025082578 688 11.317748069763184 1 14.387676239013672 8.2939044475555423 0 0 0 0 0
813 40.649999999999999 40.700000000000003 333.40699999999998 4569 3670056 9557 133 1 3994 0.72409454987177557 12 0.93446286075626028 0.79343501642641556 5817 0.80259020312412366 12 0.92319842351449499 0.75867024034422814 689 13.122056007385254 1 14.502114295959473 8.213674173355102 0 0 0 0 0
814 40.700000000000003 40.75 334.58999999999997 4488 3674544 9557 133 1 3998 0.71141130732824343 12 0.81234118386457033 0.64747744260470752 5825 0.87178225166894296 12 0.9507581929097304 0.79636241137578689 689 4.827336311340332 1 12.862221717834473 8.2120519256591802 0 0 0 0 0
815 40.75 40.800000000000004 335.49200000000002 4541 3679085 9557 133 1 4003 0.708893123544724 12 1.1030890578786039 0.79614386383504498 5831 0.74387425458109058 12 0.90158667326778974 0.77528192457838674 690 5.5667724609375 1 14.538713455200195 9.2679340553283698 0 0 0 0 0
816 40.800000000000004 40.850000000000001 333.12099999999998 4518 3683603 9557 133 1 4008 0.72831438858310482 12 0.9880335721897594 0.77442308571796548 5839 0.81502165933315818 12 0.97575795140016719 0.79442660788033848 691 5.9153780937194824 1 15.143248558044434 9.6548715305328372 0 0 0 0 0
817 40.850000000000001 40.899999999999999 333.01299999999998 4445 3688048 9557 133 1 4013 0.75275440565338803 12 0.96416090938466492 0.76945450317154762 5846 0.78637680141506971 12 0.92415378482357879 0.78511611218861221 692 7.2933173179626465 1 14.111051559448242 8.635794553756714 0 0 0 0 0
818 40.899999999999999 40.950000000000003 334.19299999999998 4504 3692552 9557 133 1 4019 0.93521401697025597 12 1.0335712801196637 0.77173982851486078 5854 0.86955795709320616 12 0.94198083216324446 0.78251276759513844 693 9.8724174499511719 1 13.595578193664551 7.4466027402877808 0 0 0 0 0
819 40.950000000000003 41 333.15300000000002 4488 3697040 9557 133 1 4024 0.95733793416680701 12 0.95733793416680701 0.77174735395455363 5859 0.64276613585046816 12 0.90322765031376395 0.76507206946523298 694 12.590348243713379 1 13.914485931396484 7.3091569709777833 0 0 0 0 0
820 41 41.050000000000004 333.23700000000002 4553 3701593 9557 133 1 4027 0.70629692750705386 12 0.93838137322381154 0.72472952062563067 5868 0.82017214776495018 12 1.0349781086315979 0.79733509225599675 695 13.955821990966797 1 14.818801879882812 8.6481343555450447 0 0 0 0 0
821 41.050000000000004 41.100000000000001 333.34399999999999 4538 3706131 9557 133 1 4032 0.70737045486954853 12 0.92857949749485857 0.79258794901522822 5874 0.75608266139956748 12 0.8356005142191173 0.71209946974054783 695 5.1340622901916504 1 13.679478645324707 8.7338399600982672 0 0 0 0 0
822 41.100000000000001 41.149999999999999 333.41500000000002 4495 3710626 9557 133 1 4039 1.0042684873091241 12 1.2766753075800528 0.81717200609546647 5882 0.77109206527647733 12 1.0476611575690677 0.85000515129812382 696 6.9045600891113281 1 13.628754615783691 8.247147283554078 0 0 0 0 0
823 41.149999999999999 41.200000000000003 333.40300000000002 4538 3715164 9558 133 1 4043 0.80266776918010163 12 1.0620335851467941 0.8345120539832338 5890 0.84698851490456206 12 0.95453785952885406 0.7897248542218821 697 9.1766567230224609 1 13.689963340759277 7.7505460166931153 0 0 0 0 0
824 41.200000000000003 41.25 338.11900000000003 4510 3719674 9559 133 1 4048 0.78881481715808766 12 0.94392720858782819 0.80736566907219964 5898 0.9169302442317161 12 0.95435086416184423 0.79562027183571826 698 11.812691688537598 1 13.862321853637695 7.3902375221252443 0 0 0 0 0
825 41.25 41.300000000000004 346.89800000000002 4512 3724186 9559 133 1 4053 0.7862657857326939 12 0.97974746757174103 0.79617437196280094 5906 0.98548084721987839 12 0.98548084721987839 0.79699755333393485 699 13.858097076416016 1 14.423656463623047 7.9749792575836178 0 0 0 0 0
826 41.300000000000004 41.350000000000001 333.70999999999998 4489 3728675 9559 133 1 4058 0.74597235899149683 12 1.0697425433574581 0.83354269288880556 5911 0.71370160955980155 12 0.96596702856945371 0.80961115464524458 699 5.0981121063232422 1 13.583688735961914 8.6726819324493416 0 0 0 0 0
827 41.350000000000001 41.399999999999999 338.221 4450 3733125 9559 133 1 4063 0.78410201602521767 12 0.90043512601718279 0.75590113745812093 5918 0.69427326138840628 12 0.94690066800322781 0.77599142651213138 700 5.9008011817932129 1 14.513622283935547 9.2053114795684809 0 0 0 0 0
828 41.399999999999999 41.450000000000003 335.69 4615 3737740 9560 133 1 4067 0.67876464696161176 12 1.0035807348433867 0.73920818675138178 5926 0.79744531991638379 12 0.88678551795810312 0.76272103415579506 701 7.496790885925293 1 13.935991287231445 8.4199172782897946 0 0 0 0 0
829 41.450000000000003 41.5 334.77699999999999 4485 3742225 9562 133 1 4073 0.88952621959505962 12 0.92269571054551469 0.74371996269341867 5931 0.58566567533467806 12 0.90936712843941625 0.75020955843641945 702 8.6440620422363281 1 14.539549827575684 8.8641613483428952 0 0 0 0 0
830 41.5 41.550000000000004 333.25599999999997 4539 3746764 9563 133 1 4076 0.60415403568555937 12 0.938074275614731 0.75871845195218568 5941 0.85050090022028824 12 1.0860481436275493 0.81888520032613044 703 10.087430000305176 1 14.458608627319336 8.5710160541534428 0 0 0 0 0
831 41.550000000000004 41.600000000000001 334.43599999999998 4537 3751301 9563 133 1 4082 0.77875252422832486 12 1.0707016771747984 0.77952253859194809 5947 0.72880713404008401 12 0.89214547763120489 0.76912959732451402 704 11.816935539245605 1 14.433235168457031 8.287731657028198 0 0 0 0 0
832 41.600000000000001 41.649999999999999 333.339 4485 3755786 9564 133 1 4086 0.68862503081087145 12 0.93153361030041337 0.72414992714448689 5955 0.79960589302591112 12 1.0793549786697751 0.79477173840060988 705 13.305697441101074 1 14.705068588256836 8.5260760974884029 0 0 0 0 0
833 41.649999999999999 41.700000000000003 337.947 4536 3760322 9565 133 1 4093 1.0023182800837926 12 1.0857984300643679 0.80054431936807124 5961 0.68039167656313215 12 0.87269809991489711 0.76667489096873209 705 4.8948945999145508 1 13.042226791381836 8.3269790458679207 0 0 0 0 0
834 41.700000000000003 41.75 333.88999999999999 4486 3764808 9565 133 1 4098 0.93997266179039363 12 1.1030680868360732 0.85537498807150214 5969 0.72763589772992254 12 1.0285138940076799 0.81809138918943003 706 6.074951171875 1 14.071813583374023 8.8317021846771233 0 0 0 0 0
835 41.75 41.800000000000004 336.71199999999999 4494 3769302 9566 133 1 4102 0.76780948184785391 12 0.97708550521305626 0.8053680628821962 5976 0.71946700934935182 12 0.90441435903745648 0.76484422841719135 707 7.250694751739502 1 14.311979293823242 8.8359751033782956 0 0 0 0 0
836 41.800000000000004 41.850000000000001 334.06400000000002 4504 3773806 9566 133 1 4106 0.69851721704952296 12 0.83331336199291173 0.70352221124702008 5984 0.79395976365616461 12 1.0297101621016975 0.79111464383489549 708 8.3227300643920898 1 14.570371627807617 8.9386486625671395 0 0 0 0 0
837 41.850000000000001 41.899999999999999 333.43200000000002 4506 3778312 9566 133 1 4112 0.97072079162749036 12 1.0103366251975772 0.68289026080142889 5992 0.84708228464028723 12 0.97689647969520954 0.81227179858595899 709 9.4381484985351562 1 14.654680252075195 8.8956983852386475 0 0 0 0 0
838 41.899999999999999 41.950000000000003 333.63600000000002 4532 3782844 9566 133 1 4114 0.53851092033206471 12 1.0532415979911411 0.74536267882538221 6001 0.92346711481075561 12 1.1184069633502225 0.89734943916698529 710 12.430588722229004 1 13.73792552947998 7.0373823165893556 0 0 0 0 0
839 41.950000000000003 42 337.88200000000001 4501 3787345 9566 133 1 4120 0.71049725057350266 12 0.95263775325720268 0.78210875426256465 6005 0.65209697903863528 12 0.90518125650178205 0.70109798338047202 710 4.5729608535766602 1 12.184446334838867 7.7793186664581295 0 0 0 0 0
840 42 42.050000000000004 333.738 4473 3791818 9566 133 1 4126 0.88357719682925751 12 0.93821452055422083 0.7810260219082592 6014 0.81207568758261228 12 0.9722310630858535 0.81458860639171715 711 5.549774169921875 1 14.20731258392334 9.0329232311248777 0 0 0 0 0
841 42.050000000000004 42.100000000000001 333.339 4574 3796392 9567 133 1 4131 0.81238690585947582 12 1.1288675399098014 0.86413155051820467 6020 0.68990680764662582 12 0.94063564756448736 0.76960006923703128 712 6.7653923034667969 1 14.17982292175293 8.7964973831176749 0 0 0 0 0
842 42.100000000000001 42.149999999999999 334.721 4455 3800847 9568 133 1 4136 0.87584655172383741 12 0.9487932306300435 0.73082362938557721 6026 0.62895290931135484 12 0.86439516594688515 0.7089951013919088 713 7.8148560523986816 1 14.527252197265625 8.9609969329833987 0 0 0 0 0
843 42.149999999999999 42.200000000000003 335.07499999999999 4520 3805367 9568 133 1 4142 1.012092698377461 12 1.0746769825373554 0.81749269322339746 6034 0.73183267859088519 12 0.93662679422950346 0.76301039713431407 714 8.6445169448852539 1 14.834050178527832 9.1786047649383544 0 0 0 0 0
844 42.200000000000003 42.25 334.483 4551 3809918 9568 133 1 4146 0.81063276441169108 12 1.0101105767678256 0.83437259970043454 6039 0.61709589224208383 12 0.74712611380965099 0.65413385710125804 715 9.5565280914306641 1 14.838486671447754 9.0970781517028811 0 0 0 0 0
845 42.25 42.300000000000004 335.79599999999999 4471 3814389 9568 133 1 4149 0.60450423964657751 12 0.89064419941051809 0.68026475819550836 6048 0.75519337378807383 12 1.008797296460066 0.83625175448200184 716 10.562647819519043 1 14.839964866638184 9.0039071559905999 0 0 0 0 0
846 42.300000000000004 42.350000000000001 332.74200000000002 4594 3818983 9568 133 1 4155 0.79292091721773816 12 0.92154630398420967 0.76584208200022785 6055 0.75816680291585825 12 0.89873238460796434 0.75381294279010103 717 12.666879653930664 1 14.281866073608398 7.9167383003234866 0 0 0 0 0
847 42.350000000000001 42.399999999999999 332.65300000000002 4515 3823498 9568 133 1 4158 0.6239832350660407 12 0.79348732721192639 0.64344452072353109 6062 0.70656999625380457 12 1.0222772957411019 0.80783937072016143 717 4.6598873138427734 1 12.416058540344238 7.9271935367584225 0 0 0 0 0
848 42.399999999999999 42.450000000000003 333.601 4462 3827960 9569 133 1 4163 0.69591008935608512 12 0.946848404184919 0.72244080495425278 6071 0.85426205700496216 12 0.98837877811181274 0.82675290658837342 718 5.4301085472106934 1 14.46827507019043 9.2374582386016844 0 0 0 0 0
849 42.450000000000003 42.5 333.15800000000002 4490 3832450 9569 133 1 4168 0.73606432394045362 12 0.94053078479668872 0.75389682731419616 6079 0.89547904458480398 12 0.98965735559905699 0.82405865897183805 719 7.0134706497192383 1 13.843728065490723 8.4324196624755867 0 0 0 0 0
850 42.5 42.550000000000004 342.06400000000002 4556 3837006 9569 133 1 4172 0.61753730693266196 12 0.99798603356014393 0.75226639301141729 6085 0.68982364709335264 12 1.0180981248142464 0.8522545138675609 720 8.2354612350463867 1 14.417591094970703 8.7901893711090082 0 0 0 0 0
851 42.550000000000004 42.600000000000001 333.38099999999997 4465 3841471 9569 133 1 4178 0.78160882838733436 12 1.1429343896600053 0.78994471628102048 6096 1.0291467420152716 12 1.0291467420152716 0.85324791115949394 721 9.0347146987915039 1 14.895719528198242 9.2087142562866209 0 0 0 0 0
852 42.600000000000001 42.649999999999999 333.30399999999997 4494 3845965 9569 133 1 4182 0.71108297639098905 12 0.81794006813750786 0.70474358754725586 6102 0.87282409059840282 12 1.0198055177927017 0.80341336019538534 722 10.094367980957031 1 14.760835647583008 8.9509089851379393 0 0 0 0 0
853 42.649999999999999 42.700000000000003 335.44099999999997 4543 3850508 9570 133 1 4187 0.73978868741121939 12 0.95945416422259699 0.76523109449084259 6109 0.84571331409183703 12 0.95353904618202034 0.78359737708661226 723 11.50164794921875 1 14.621458053588867 8.6067461013793949 0 0 0 0 0
854 42.700000000000003 42.75 333.06700000000001 4544 3855052 9572 133 1 4191 0.694749089519337 12 0.85386010497981646 0.67951131088125161 6116 0.84644579148876509 12 0.95436490736398338 0.75603164980520265 724 13.935835838317871 1 14.217358589172363 7.5900735569000242 0 0 0 0 0
855 42.75 42.800000000000004 341.11099999999999 4448 3859500 9572 133 1 4195 0.5404386336922995 12 0.96524384284874998 0.7876932768090481 6123 0.82317937851153511 12 0.97373100725078099 0.77979133973784143 724 5.1267104148864746 1 13.65988826751709 8.7213320922851558 0 0 0 0 0
856 42.800000000000004 42.850000000000001 338.233 4540 3864040 9572 133 1 4200 0.57291266654647099 12 0.96365472250933892 0.7615004816894132 6131 0.86202345111633882 12 1.0124256311336886 0.8264079287517816 725 5.8316144943237305 1 14.633209228515625 9.3021201801300055 0 0 0 0 0
857 42.850000000000001 42.899999999999999 334.911 4478 3868518 9572 133 1 4206 0.71607611482611122 12 1.0133073065119869 0.81064432773239137 6139 0.9049464134373576 12 0.95198840959047948 0.82236966308412718 726 6.5058956146240234 1 14.771633148193359 9.3324363040924077 0 0 0 0 0
858 42.899999999999999 42.950000000000003 334.84300000000002 4515 3873033 9575 133 1 4211 0.7759882637451242 12 0.93238578429575247 0.73433577238883685 6145 0.8095309879272119 12 0.96202055507534612 0.74311315483465878 727 7.7193922996520996 1 14.349790573120117 8.7985969543457028 0 0 0 0 0
859 42.950000000000003 43 333.35300000000001 4517 3877550 9576 133 1 4215 0.65594037113750092 12 0.9370518880245966 0.75377218941017787 6150 0.61919024883017471 12 0.8848229798331001 0.72898425759390506 728 9.7472629547119141 1 13.971036911010742 7.9923387622833255 0 0 0 0 0
860 43 43.050000000000004 332.65600000000001 4519 3882069 9577 133 1 4222 0.92430316834247872 12 1.1769507347595169 0.84542292970556321 6158 0.77130432529595205 12 0.85104804684650281 0.71426685026947667 729 12.366916656494141 1 13.943659782409668 7.4064551639556884 0 0 0 0 0
861 43.050000000000004 43.100000000000001 334.72000000000003 4554 3886623 9577 133 1 4226 0.79199249403826577 12 1.0103927415517073 0.76591272891529627 6164 0.6893741626103882 12 0.90180112502794885 0.72976224642280729 729 4.5495357513427734 1 12.122035026550293 7.7394693946838382 0 0 0 0 0
862 43.100000000000001 43.149999999999999 337.57600000000002 4519 3891142 9577 133 1 4232 0.87076942504401811 12 1.1551332398067105 0.87438916747537987 6170 0.66269939509786768 12 0.90622212472527108 0.67505747878898636 730 5.6192846298217773 1 14.100410461425781 8.9409135055541995 0 0 0 0 0
863 43.149999999999999 43.200000000000003 335.60700000000003 4507 3895649 9577 133 1 4235 0.57486877365719069 12 0.94779816506403003 0.76914213793620445 6178 0.69056609462795182 12 1.0861598314677885 0.83727605919305548 731 7.1843891143798828 1 13.900299072265625 8.4504913043975822 0 0 0 0 0
864 43.200000000000003 43.25 335.17200000000003 4481 3900130 9577 133 1 4242 0.90967818006637069 12 0.94680285453796864 0.77963856415143884 6186 0.76083087289941453 12 0.99340588611026093 0.79530045146455675 732 8.4125823974609375 1 14.436047554016113 8.7840462398529056 0 0 0 0 0
865 43.25 43.300000000000004 332.98599999999999 4512 3904642 9577 133 1 4247 0.86266502501472764 12 0.96953451822674741 0.84019539781979435 6193 0.78963990720383515 12 0.87992504543468086 0.72823483717081072 733 9.7314300537109375 1 14.517584800720215 8.6942983627319332 0 0 0 0 0
866 43.300000000000004 43.350000000000001 333.07100000000003 4478 3909120 9578 133 1 4252 0.90846908092498846 12 0.9841327894301648 0.74830318814232344 6200 0.81819749995713875 12 0.86879198655458567 0.72848377633544015 734 11.368128776550293 1 14.451723098754883 8.3796109867095954 0 0 0 0 0
867 43.350000000000001 43.399999999999999 333.34199999999998 4576 3913696 9579 133 1 4256 0.7867988934592598 12 0.92488806399088097 0.75537829215564489 6204 0.57493357537652745 12 0.80199610695034829 0.67327184573676957 735 13.694549560546875 1 14.253435134887695 7.6967621707916258 0 0 0 0 0
868 43.399999999999999 43.450000000000003 333.66500000000002 4484 3918180 9580 133 1 4261 0.75896327268509634 12 0.99431952361076603 0.82120898457746672 6212 0.73616815495156029 12 0.8813532584396282 0.70523715990217239 736 14.742558479309082 1 15.040377616882324 8.9624353981018068 0 0 0 0 0
869 43.450000000000003 43.5 333.154 4476 3922656 9580 133 1 4265 0.70818946652469184 12 0.8824583261259018 0.68518839477073612 6217 0.6113476705978903 12 0.78660304296123962 0.66411709259779383 736 5.4234862327575684 1 14.45063591003418 9.2261952400207523 0 0 0 0 0
870 43.5 43.550000000000004 350.78699999999998 4567 3927223 9581 133 1 4272 0.9704554005274697 12 1.0133061636061895 0.85145896608867333 6226 0.88347882315702408 12 0.97115460035535328 0.70355397763395444 737 5.8626651763916016 1 15.008306503295898 9.5651994705200192 0 0 0 0 0
871 43.550000000000004 43.600000000000001 336.42399999999998 4498 3931721 9581 133 1 4276 0.81744859142908977 12 0.95123910147046287 0.78640252223090545 6232 0.80203026012312217 12 0.865984783740257 0.72928551412456555 738 6.6952781677246094 1 14.605558395385742 9.1756849479675289 0 0 0 0 0
872 43.600000000000001 43.649999999999999 336.33199999999999 4565 3936286 9582 133 1 4281 0.77931263900938486 12 0.99311961824931794 0.83140670201135081 6240 0.89825727726100346 12 0.91640328366232637 0.76959687187048909 739 7.7890634536743164 1 14.479302406311035 8.9171175670623786 0 0 0 0 0
873 43.649999999999999 43.700000000000003 343.226 4487 3940773 9584 133 1 4286 0.7579548302150908 12 1.0863987793998113 0.8147957052692536 6247 0.80656790505120535 12 0.94158812457003926 0.84753241001153246 740 9.1155614852905273 1 14.439723968505859 8.6867204761505121 0 0 0 0 0
874 43.700000000000003 43.75 337.803 4495 3945268 9584 133 1 4291 0.81877697176403474 12 0.88538835540650385 0.73343490470023409 6255 0.81524535619417349 12 1.0759412783725348 0.85627389308300661 741 11.141565322875977 1 14.163703918457031 7.9941895198822017 0 0 0 0 0
875 43.75 43.800000000000004 335.98000000000002 4532 3949800 9584 133 1 4295 0.6250806557280677 12 1.0978670962273129 0.82668654084205639 6263 0.86075186357587097 12 0.91314322628109623 0.81981193510479988 742 12.535538673400879 1 14.710590362548828 8.6199166297912591 0 0 0 0 0
876 43.800000000000004 43.850000000000001 338.86000000000001 4518 3954318 9587 133 1 4301 0.78871533499350621 12 0.97280794997063891 0.79037707543562352 6268 0.64776978926875439 12 1.0389502179851531 0.75140005925222597 742 4.6115689277648926 1 12.287318229675293 7.8449970436096192 0 0 0 0 0
877 43.850000000000001 43.899999999999999 360.04899999999998 4524 3958842 9587 133 1 4304 0.53105324849722879 12 0.98718946953378028 0.73128474598839177 6278 0.91312257023867438 12 1.0613324633413646 0.81837291055020689 743 6.1451559066772461 1 13.676292419433594 8.4816956329345707 0 0 0 0 0
878 43.899999999999999 43.950000000000003 366.36399999999998 4469 3963311 9587 133 1 4309 0.58630690738440505 12 0.96665643888806541 0.73894776895464898 6284 0.80695728990258364 12 0.95747304597537231 0.75375583982213679 744 7.6942782402038574 1 14.019882202148438 8.4663205814361575 0 0 0 0 0
879 43.950000000000003 44 340.76900000000001 4576 3967887 9587 133 1 4315 0.78127362236144049 12 0.93535426921314668 0.7593573773440917 6290 0.73231860879564992 12 0.79789393516720331 0.72254340750627799 745 9.8775644302368164 1 13.877458572387695 7.8384731483459475 0 0 0 0 0
880 44 44.050000000000004 341.28899999999999 4463 3972350 9587 133 1 4319 0.66407464042542474 12 0.92172637179730432 0.75095160616768752 6295 0.59509534325909674 12 0.83810640191445385 0.67639625297666639 746 11.739728927612305 1 14.338935852050781 8.1563934230804449 0 0 0 0 0
881 44.050000000000004 44.100000000000001 334.07600000000002 4586 3976936 9587 133 1 4323 0.54197420108885996 12 1.0278435037249611 0.75580415835456249 6304 0.83462948891498112 12 0.85149011196199564 0.73582618798927968 746 4.3188066482543945 1 11.507266998291016 7.346963005065918 0 0 0 0 0
882 44.100000000000001 44.149999999999999 333.327 4482 3981418 9587 133 1 4329 0.73554889361063636 12 0.924005129034557 0.76073540618495317 6309 0.68532095674649807 12 0.81810271796632972 0.68836101008819806 747 5.9493660926818848 1 13.508030891418457 8.3856913089752201 0 0 0 0 0
883 44.149999999999999 44.200000000000003 333.19499999999999 4588 3986006 9588 133 1 4335 0.84044865577939953 12 0.98627557451762848 0.84852665042120312 6316 0.67797049071299986 12 0.93597439847895703 0.76403399825301532 748 7.4091944694519043 1 14.0513916015625 8.5547203063964847 0 0 0 0 0
884 44.200000000000003 44.25 331.84699999999998 4460 3990466 9588 133 1 4338 0.56110693916441901 12 0.87333646653190489 0.75274821875587339 6325 0.86116195243323757 12 0.93175571599784179 0.79160723829508006 749 8.3810386657714844 1 14.672451019287109 9.0378405952453615 0 0 0 0 0
885 44.25 44.300000000000004 330.99299999999999 4528 3994994 9588 133 1 4344 0.76792601838944452 12 0.99594623039639185 0.7476231757989007 6330 0.66174839073571723 12 0.8441098239738497 0.73796677308340453 750 9.5884113311767578 1 14.593191146850586 8.8046614646911614 0 0 0 0 0
886 44.300000000000004 44.350000000000001 331.834 4468 3999462 9588 133 1 4348 0.71853662435970611 12 0.83824263347519767 0.68381781632938088 6339 0.81360226515177136 12 0.99373597631583344 0.82263250756182427 751 10.71673583984375 1 14.75831413269043 8.8829207229614262 0 0 0 0 0
887 44.350000000000001 44.399999999999999 335.88299999999998 4541 4004003 9588 133 1 4353 0.76705801392358441 12 0.9001508790349203 0.74561292544480362 6346 0.77271378966602122 12 0.88883239248314416 0.79723778534579925 752 13.843127250671387 1 13.843127250671387 6.9047658348083498 0 0 0 0 0
888 44.399999999999999 44.450000000000003 333.10599999999999 4477 4008480 9588 133 1 4359 0.90988882382710778 12 1.0406199334159729 0.81097368136284853 6354 0.8686302503621256 12 0.91455821370756307 0.76990435612241936 752 5.0926055908203125 1 13.569015502929688 8.6633146476745608 0 0 0 0 0
889 44.450000000000003 44.5 334.30099999999999 4527 4013007 9588 133 1 4362 0.59639018490200946 12 1.0991639731422302 0.78656473725561127 6360 0.75466057808213938 12 0.9088809357502976 0.76148247107037836 753 7.0940103530883789 1 13.45365047454834 8.0185427951812738 0 0 0 0 0
890 44.5 44.550000000000004 334.22199999999998 4550 4017557 9588 133 1 4368 0.82354747870611766 12 0.97967651912144249 0.72748755618693328 6368 0.91799178666410008 12 0.95545572432865566 0.70316147568897436 754 9.7990961074829102 1 13.494606018066406 7.3218726205825808 0 0 0 0 0
891 44.550000000000004 44.600000000000001 333.96699999999998 4430 4021987 9588 133 1 4373 0.9657688409326568 12 0.9657688409326568 0.65284678558035492 6373 0.72251390271216032 12 0.95444740500754199 0.73407030105608428 755 13.117336273193359 1 13.652665138244629 6.7148297405242916 0 0 0 0 0
892 44.600000000000001 44.649999999999999 331.27600000000001 4529 4026516 9590 133 1 4376 0.69127396807547603 12 0.94664534961893443 0.74794971710869262 6380 0.7467980995830904 12 1.0080717989973522 0.73271467537488921 756 14.530213356018066 1 14.823742866516113 8.6012034320831301 0 0 0 0 0
893 44.649999999999999 44.700000000000003 332.91199999999998 4457 4030973 9590 133 1 4381 0.74257309192288967 12 0.97536355239294825 0.74286285897480353 6387 0.72798216514968994 12 0.99263649348962446 0.77538519881691215 756 5.3453688621520996 1 14.242495536804199 9.093305416107178 0 0 0 0 0
894 44.700000000000003 44.75 332.55900000000003 4586 4035559 9592 133 1 4385 0.6475848268037514 12 0.8918069560997306 0.72896209957669411 6395 0.80411389788641829 12 1.0428793829577074 0.7894919692627137 757 6.2406711578369141 1 14.455682754516602 9.1136190128326415 0 0 0 0 0
895 44.75 44.800000000000004 334.90800000000002 4456 4040015 9592 133 1 4390 0.71240334412718698 12 0.88090110293382573 0.72947838410173405 6400 0.61500563628848082 12 0.82389603594170158 0.72776419121120239 758 7.6218218803405762 1 14.168414115905762 8.6326148033142083 0 0 0 0 0
896 44.800000000000004 44.850000000000001 332.45299999999997 4549 4044564 9592 133 1 4395 0.76551071290178074 12 0.94303993464794955 0.74107284521977856 6407 0.66609032863673967 12 0.83554575042321266 0.70618118341416636 759 9.3091115951538086 1 14.168106079101562 8.3295271968841558 0 0 0 0 0
897 44.850000000000001 44.899999999999999 334.20800000000003 4465 4049029 9595 133 1 4399 0.60466099731505862 12 1.0585631151047965 0.79416731390829509 6416 0.878235286657292 12 0.98831260748531502 0.76294233477015072 760 11.530606269836426 1 14.083514213562012 7.8006445312499997 0 0 0 0 0
898 44.899999999999999 44.950000000000003 335.49000000000001 4582 4053611 9596 133 1 4405 0.78142456781296499 12 1.0919872541276237 0.77737902620482058 6421 0.64245061284829008 12 0.94468598480074484 0.77397534041818716 761 13.022972106933594 1 14.683359146118164 8.5225072193145746 0 0 0 0 0
899 44.950000000000003 45 335.41500000000002 4449 4058060 9597 133 1 4410 0.82934503233621992 12 0.97324532554263166 0.74620791777731865 6431 0.86590914233211858 12 1.1230235011084755 0.85984969904296416 761 4.7908849716186523 1 12.765100479125977 8.150042886734008 0 0 0 0 0
900 45 45.050000000000004 334.07799999999997 4512 4062572 9599 133 1 4416 0.88294774388510089 12 1.1002204985845656 0.89931259329356872 6435 0.56386813559111404 12 0.85981944800653309 0.73146323757751508 762 5.7080717086791992 1 14.323204040527344 9.0919547939300536 0 0 0 0 0
901 45.050000000000004 45.100000000000001 334.17700000000002 4535 4067107 9599 133 1 4420 0.71165443980504595 12 0.94161112346346421 0.80450675192333376 6447 1.0091182746495246 12 1.0091182746495246 0.85648464756500697 763 7.0164055824279785 1 14.129302978515625 8.7047042083740234 0 0 0 0 0
902 45.100000000000001 45.149999999999999 333.51799999999997 4492 4071599 9599 133 1 4425 0.72690005434883964 12 0.98500932776738725 0.77855706347359577 6454 0.88304817374723776 12 1.1099044209841551 0.8815704094382153 764 8.4673404693603516 1 14.24229621887207 8.5635279846191406 0 0 0 0 0
903 45.149999999999999 45.200000000000003 331.20400000000001 4544 4076143 9601 133 1 4431 0.82802661070747985 12 1.0232855251857214 0.85226223226577547 6459 0.67303357582883339 12 0.91866882312371878 0.7484620629244908 765 9.241328239440918 1 14.93466854095459 9.2337288188934323 0 0 0 0 0
904 45.200000000000003 45.25 331.45499999999998 4507 4080650 9602 133 1 4436 0.87371199850052117 12 0.92151823876396055 0.74842070428151952 6467 0.79059237760000978 12 0.92776869023181152 0.74847767753392802 766 10.446693420410156 1 14.67705249786377 8.8066484737396244 0 0 0 0 0
905 45.25 45.300000000000004 333.56799999999998 4496 4085146 9602 133 1 4439 0.64870790072849815 12 0.97998431183042978 0.69895218139603021 6471 0.57452587333288474 12 0.77493762070548133 0.64634553740750778 767 12.982585906982422 1 14.063867568969727 7.489379749298096 0 0 0 0 0
906 45.300000000000004 45.350000000000001 333.30099999999999 4534 4089680 9602 133 1 4443 0.52540268382382771 12 0.99641593912291149 0.75699699218311023 6479 0.78031662521703116 12 0.78031662521703116 0.66112512924371414 767 4.7760281562805176 1 12.725513458251953 8.1247689056396482 0 0 0 0 0
907 45.350000000000001 45.399999999999999 331.30399999999997 4516 4094196 9602 133 1 4449 0.70037138651287745 12 0.97776391605536139 0.77915611655939188 6487 0.76799577194693924 12 0.97734099177492628 0.87706297201017147 768 6.031224250793457 1 13.970522880554199 8.7573142242431636 0 0 0 0 0
908 45.399999999999999 45.450000000000003 336.94799999999998 4497 4098693 9604 133 1 4454 0.64970381676204625 12 1.0571830764649406 0.84381342846249752 6493 0.65613360735210213 12 0.903579685081904 0.75939596321524439 769 7.874112606048584 1 13.784987449645996 8.1754784774780269 0 0 0 0 0
909 45.450000000000003 45.5 332.036 4528 4103221 9606 133 1 4460 0.84102710655757362 12 0.97455579137045245 0.76296451515621622 6503 1.01332336767778 12 1.0759837763761548 0.7274511916140044 770 9.4019241333007812 1 14.309364318847656 8.4874168586730949 0 0 0 0 0
910 45.5 45.550000000000004 334.56700000000001 4482 4107703 9607 133 1 4465 0.79631744774561075 12 1.0297377137910753 0.83791480193062429 6509 0.71185279472454177 12 1.1989481797089447 0.94711472800620722 771 10.793364524841309 1 14.56951904296875 8.6224260044097907 0 0 0 0 0
911 45.550000000000004 45.600000000000001 335.529 4488 4112191 9607 133 1 4470 0.77206970798590824 12 0.9977628735322801 0.81765686418328953 6516 0.71355853467374231 12 0.95423779874234582 0.75506803297352121 771 3.9706587791442871 1 10.579641342163086 6.7547096633911137 0 0 0 0 0
912 45.600000000000001 45.649999999999999 340.34300000000002 4535 4116726 9607 133 1 4475 0.82056174563273554 12 0.92075440524116392 0.74564212292314513 6523 0.75541397397582599 12 0.83675237861839502 0.71531849104649292 772 5.3281979560852051 1 13.640085220336914 8.6559892749786371 0 0 0 0 0
913 45.649999999999999 45.700000000000003 336.33100000000002 4489 4121215 9607 133 1 4481 0.95955145264428754 12 0.98747865902999088 0.81477646246138546 6531 0.7783290486078005 12 0.99419929755700598 0.84217817260445771 773 7.0773053169250488 1 13.693113327026367 8.2683235263824457 0 0 0 0 0
914 45.700000000000003 45.75 333.39999999999998 4522 4125737 9607 133 1 4485 0.77833500238401554 12 0.97666150319670875 0.81433106146989365 6536 0.63068111095879531 12 0.82552245565362881 0.68671697983226276 774 8.9799823760986328 1 13.943281173706055 8.1162852573394773 0 0 0 0 0
915 45.75 45.800000000000004 332.858 4487 4130224 9609 133 1 4490 0.81447640309731162 12 1.0354023241097965 0.75786957708379588 6544 0.74993051395222943 12 0.90981366743107095 0.74680393949231583 775 10.21100902557373 1 14.635738372802734 8.7812425899505619 0 0 0 0 0
916 45.800000000000004 45.850000000000001 331.92000000000002 4504 4134728 9610 133 1 4495 0.80309215915345011 12 1.0415542587519637 0.80492167689320127 6550 0.67846626327247228 12 0.83338614467632122 0.71940060401003092 776 11.544556617736816 1 14.676006317138672 8.6797424030303958 0 0 0 0 0
917 45.850000000000001 45.899999999999999 331.97800000000001 4451 4139179 9610 133 1 4501 0.88697604563767241 12 1.0408759882954497 0.86933309235513945 6557 0.72910307638246463 12 0.82421249583162171 0.70662455066001484 777 13.386466979980469 1 14.501386642456055 8.1764464473724363 0 0 0 0 0
918 45.899999999999999 45.950000000000003 332.77499999999998 4532 4143711 9610 133 1 4506 0.92924192445796161 12 1.0269711167525708 0.75180611335417424 6565 0.88572824743349809 12 1.0126603570389183 0.70980077411594322 778 14.62922191619873 1 14.924751281738281 8.7696310520172123 0 0 0 0 0
919 45.950000000000003 46 335.202 4575 4148286 9611 133 1 4510 0.79822861941278145 12 0.91084171895359067 0.76462829982297364 6572 0.83661035524832239 12 1.0133033557618791 0.80538525844163988 778 5.3817920684814453 1 14.339544296264648 9.1552674293518059 0 0 0 0 0
920 46 46.050000000000004 332.428 4479 4152765 9611 133 1 4514 0.68340964629458045 12 0.94547172161724624 0.74859524164392721 6579 0.76730741906810451 12 0.92486128033818427 0.82536904635944874 779 6.6100583076477051 1 14.134127616882324 8.7839744186401365 0 0 0 0 0
921 46.050000000000004 46.100000000000001 331.66300000000001 4562 4157327 9611 133 1 4520 0.78895958383353515 12 1.0126193254052649 0.84788293128523196 6586 0.73038218238869224 12 0.93600029945373531 0.793314062176524 780 7.975071907043457 1 14.243778228759766 8.6485935974121091 0 0 0 0 0
922 46.100000000000001 46.149999999999999 331.76900000000001 4480 4161807 9611 133 1 4524 0.64232439156220944 12 1.0071300598489568 0.78009452065604934 6594 0.77186853432574787 12 1.0419134083631876 0.82379201977881222 781 9.7045478820800781 1 14.190807342529297 8.28776307106018 0 0 0 0 0
923 46.149999999999999 46.200000000000003 336.53100000000001 4490 4166297 9611 133 1 4530 0.70042418386415983 12 1.2262131407150596 0.89486011300912993 6604 0.98160488951850577 12 1.0892612795370655 0.87343507596810144 782 11.052865028381348 1 14.624372482299805 8.6651227283477787 0 0 0 0 0
924 46.200000000000003 46.25 331.32400000000001 4483 4170780 9611 133 1 4534 0.56897952596603407 12 1.0367480894951262 0.76505532879752025 6610 0.76437490437481859 12 0.99134064816139844 0.86371378808891452 783 12.335850715637207 1 14.768693923950195 8.7298027133941645 0 0 0 0 0
925 46.25 46.300000000000004 332.17500000000001 4562 4175342 9613 133 1 4541 0.83529838254074429 12 1.1275347850231925 0.84744648375935083 6616 0.65415242447240929 12 0.96873695079136535 0.75777264094755437 784 12.974893569946289 1 15.226178169250488 9.3673257827758789 0 0 0 0 0
926 46.300000000000004 46.350000000000001 332.75599999999997 4506 4179848 9614 133 1 4545 0.68817292294362198 12 0.94921293771593473 0.78057978315332721 6625 0.80575722930701199 12 0.99659387254835785 0.8228790906884178 784 4.773198127746582 1 12.717973709106445 8.1199541950225829 0 0 0 0 0
927 46.350000000000001 46.399999999999999 329.98200000000003 4494 4184342 9618 133 1 4549 0.64363387013135398 12 0.8574265176764142 0.67901588877219954 6631 0.67811515397719435 12 0.90621584245582687 0.77501855488197036 785 5.4717903137207031 1 14.579341888427734 9.308368453979492 0 0 0 0 0
928 46.399999999999999 46.450000000000003 333.16399999999999 4618 4188960 9618 133 1 4555 0.90355401997499041 12 0.92180704246332545 0.69505124079135439 6639 0.77329493926183601 12 1.0345077784480274 0.77063372284415588 786 6.1195855140686035 1 14.753702163696289 9.3586602210998535 0 0 0 0 0
929 46.450000000000003 46.5 337.06799999999998 4524 4193484 9618 133 1 4558 0.64776830886134329 12 0.8856624425933185 0.72942699849575865 6646 0.76517715076538362 12 0.96567849307446862 0.76479369492541882 787 7.577277660369873 1 14.085609436035156 8.5568373394012447 0 0 0 0 0
930 46.5 46.550000000000004 335.60199999999998 4534 4198018 9620 133 1 4563 0.72627558983415386 12 0.91602886978813325 0.71592594313358138 6652 0.71681273377475307 12 0.80820405510682114 0.69653102363180364 788 8.9138879776000977 1 14.40550708770752 8.6767069911956796 0 0 0 0 0
931 46.550000000000004 46.600000000000001 341.54700000000003 4545 4202563 9621 133 1 4569 0.89028552888590806 12 0.94533770948195739 0.79000561976691397 6660 0.86897561925186495 12 0.90443918121588496 0.71421842638668731 789 10.913156509399414 1 14.153600692749023 8.0206552886962896 0 0 0 0 0
932 46.600000000000001 46.649999999999999 332.28699999999998 4559 4207122 9621 133 1 4574 0.88537329511510499 12 0.99825555795307219 0.79851416552012078 6667 0.86025022612632929 12 0.89399041134952195 0.76539514647267215 790 11.96019458770752 1 14.903317451477051 8.963397998809814 0 0 0 0 0
933 46.649999999999999 46.700000000000003 334.63900000000001 4531 4211653 9621 133 1 4580 1.0522361085828633 12 1.1629007222492249 0.78718108833700551 6673 0.761001898346365 12 0.89304391200232591 0.74690784759829254 791 13.358399391174316 1 14.763313293457031 8.6157299423217779 0 0 0 0 0
934 46.700000000000003 46.75 340.267 4460 4216113 9623 133 1 4583 0.73244079049775856 12 1.0904031159652068 0.79279875575536607 6680 0.74094749333471066 12 0.90299102937794018 0.77661136395582164 791 4.9142813682556152 1 13.09388542175293 8.359960117340087 0 0 0 0 0
935 46.75 46.800000000000004 339.37900000000002 4500 4220613 9623 133 1 4589 0.81587439515694204 12 1.0298593981014057 0.86977896486228023 6688 0.87378771911954156 12 0.94656290830037482 0.73334853047499082 792 5.5987582206726074 1 14.622249603271484 9.322346115112305 0 0 0 0 0
936 46.800000000000004 46.850000000000001 339.55900000000003 4564 4225177 9623 133 1 4594 0.72312433154364264 12 1.1425373052828458 0.88547659649682486 6695 0.81394333388983597 12 0.98063099100380335 0.81600469699892098 793 6.508324146270752 1 14.484535217285156 9.0995000839233402 0 0 0 0 0
937 46.850000000000001 46.899999999999999 333.11900000000003 4566 4229743 9623 133 1 4600 0.79535667799304977 12 1.204117191571271 0.88086842378588925 6702 0.88912431963568406 12 0.90708582931909254 0.68232500871042479 794 7.410120964050293 1 14.626673698425293 9.1071880435943608 0 0 0 0 0
938 46.899999999999999 46.950000000000003 332.61099999999999 4508 4234251 9624 133 1 4605 0.83839030900885092 12 0.87260564076644154 0.75104613129262798 6707 0.68948412531046066 12 0.87151848954538735 0.73819112424737743 795 8.9761571884155273 1 14.218894958496094 8.449570646286011 0 0 0 0 0
939 46.950000000000003 47 335.40899999999999 4465 4238716 9625 133 1 4611 0.97180272661343037 12 0.99143443706018075 0.82029823961204373 6713 0.62604876163174128 12 0.8443077173021093 0.71145179840663797 796 11.090278625488281 1 14.098506927490234 7.9069459533691404 0 0 0 0 0
940 47 47.050000000000004 333.69499999999999 4549 4243265 9625 133 1 4615 0.77891229437886389 12 1.0514215193651979 0.82588866245756332 6721 0.71878925486077627 12 0.96905306816176584 0.77304858115225916 797 12.51667308807373 1 14.688449859619141 8.5878197669982903 0 0 0 0 0
941 47.050000000000004 47.100000000000001 330.863 4468 4247733 9626 133 1 4620 0.79080166337625601 12 1.0053058083682891 0.78187992233258496 6729 0.8221873289115752 12 0.93801717823748854 0.76249728855507026 797 4.6046285629272461 1 12.268826484680176 7.8331912899017331 0 0 0 0 0
942 47.100000000000001 47.149999999999999 332.07499999999999 4514 4252247 9626 133 1 4624 0.66381471261584513 12 0.95146512967443919 0.76064195032508797 6735 0.72071683183642787 12 0.86535674300913168 0.74910781402974802 798 5.5614223480224609 1 14.23713493347168 9.0527402973175057 0 0 0 0 0
943 47.149999999999999 47.200000000000003 331.86000000000001 4521 4256768 9626 133 1 4630 0.86021964625973557 12 1.0094770062948111 0.75793343487021003 6741 0.67264176673244847 12 0.82813066812987268 0.69624456723862183 799 7.2664780616760254 1 13.780733108520508 8.3119376087188712 0 0 0 0 0
944 47.200000000000003 47.25 343.72199999999998 4489 4261257 9627 133 1 4633 0.58867173788331428 12 0.90499239776360674 0.74503208090567685 6749 0.82350518026482977 12 0.92849942535834307 0.71550508242159749 800 8.9233131408691406 1 14.135189056396484 8.3596763515472414 0 0 0 0 0
945 47.25 47.300000000000004 336.947 4530 4265787 9627 133 1 4641 0.85233415523503531 12 1.2128171532083452 1.0088065588241604 6755 0.75073482535045588 12 0.83885541688901577 0.72069378079094404 801 11.552431106567383 1 13.830769538879395 7.397083673477173 0 0 0 0 0
946 47.300000000000004 47.350000000000001 334.46699999999998 4498 4270285 9627 133 1 4647 0.88429625135824164 12 1.1875589361545411 0.92073747420246232 6765 1.0002963133435441 12 1.0002963133435441 0.83400678051639388 802 13.95451831817627 1 14.236417770385742 7.6218541622161862 0 0 0 0 0
947 47.350000000000001 47.399999999999999 332.77699999999999 4540 4274825 9627 133 1 4651 0.75585244414258934 12 0.93443603136674147 0.76208433123343566 6771 0.81016907610092748 12 1.071958725725801 0.83688111361420869 802 5.1335830688476562 1 13.678200721740723 8.7330246639251712 0 0 0 0 0
948 47.399999999999999 47.450000000000003 334.149 4497 4279322 9627 133 1 4657 0.8343175519797259 12 1.0652981594233273 0.87469796023306268 6778 0.82226239671553436 12 0.89858887648941599 0.74478398771015708 803 5.6043701171875 1 14.932590484619141 9.5339060974121086 0 0 0 0 0
949 47.450000000000003 47.5 331.32900000000001 4465 4283787 9627 133 1 4662 0.83628392249302275 12 1.0571458662399864 0.79170399798237467 6786 0.90071405829559714 12 0.97573186332750061 0.78719508152678874 804 6.4222989082336426 1 14.581823348999023 9.19022334098816 0 0 0 0 0
950 47.5 47.550000000000004 330.74700000000001 4599 4288386 9627 133 1 4669 1.0002445457369422 12 1.1262162230452579 0.94878470874700038 6792 0.73593829827905455 12 0.99341267810291234 0.81178223275026384 805 8.3676910400390625 1 13.795982360839844 8.07400086402893 0 0 0 0 0
951 47.550000000000004 47.600000000000001 333.81 4467 4292853 9628 133 1 4672 0.62699013845900797 12 1.0991482008666678 0.84572496720109891 6798 0.74469847984398041 12 0.74469847984398041 0.63997579373525315 806 9.9857587814331055 1 14.312880516052246 8.3980574607849121 0 0 0 0 0
952 47.600000000000001 47.649999999999999 344.43900000000002 4534 4297387 9628 133 1 4679 0.88766621827978176 12 1.0860348741838441 0.85303301097935447 6805 0.74725748422745197 12 0.89462956128774895 0.75422338641545095 807 12.454655647277832 1 14.042583465576172 7.5557100677490237 0 0 0 0 0
953 47.649999999999999 47.700000000000003 336.54700000000003 4506 4301893 9628 133 1 4683 0.65233035482499935 12 1.2250930020334325 0.86791111968510914 6812 0.83020529990169811 12 0.90666066677530999 0.67463566827888399 807 4.581812858581543 1 12.208037376403809 7.7943789577484131 0 0 0 0 0
954 47.700000000000003 47.75 337.98000000000002 4498 4306391 9628 133 1 4690 0.89441949522647413 12 1.0708144739607266 0.8714347600085991 6818 0.77859672278434144 12 0.81376614320801599 0.69974284303329282 808 5.5530300140380859 1 14.215648651123047 9.0384622573852536 0 0 0 0 0
955 47.75 47.800000000000004 332.58499999999998 4489 4310880 9630 133 1 4693 0.61014427398502158 12 0.93472434384756764 0.75763255234141336 6826 0.84993826687650165 12 0.97766165929857818 0.79423433294107793 809 6.1494717597961426 1 14.825756072998047 9.4095019531249999 0 0 0 0 0
956 47.800000000000004 47.850000000000001 339.774 4545 4315425 9631 133 1 4701 1.0607572677233423 12 1.129837281348522 0.82371927382541144 6830 0.60237806784970405 12 0.83310837531484438 0.6775253835987648 810 8.3886318206787109 1 13.556648254394531 7.7831586313247678 0 0 0 0 0
957 47.850000000000001 47.899999999999999 384.91800000000001 4528 4319953 9633 133 1 4705 0.77443817728676045 12 1.0665002361938749 0.91838615488137298 6839 0.79099633502325584 12 1.0397943003427212 0.78623449011766111 811 10.568764686584473 1 13.983846664428711 7.8415952110290528 0 0 0 0 0
958 47.899999999999999 47.950000000000003 333.43400000000003 4504 4324457 9633 133 1 4711 0.86339487129907144 12 1.0493824251025505 0.86431080879851507 6847 0.88444247150866828 12 0.97746007428563519 0.77235005060827433 811 3.8880331516265869 1 10.359489440917969 6.6141498231887814 0 0 0 0 0
959 47.950000000000003 48 333.33199999999999 4503 4328960 9633 133 1 4716 0.83136270136388446 12 1.0568689556060611 0.82536378795648191 6853 0.71760660096819318 12 1.0596342260078755 0.81382173141016034 812 5.5369534492492676 1 13.349035263061523 8.3675126743316657 0 0 0 0 0
960 48 48.050000000000004 333.45800000000003 4536 4333496 9633 133 1 4720 0.69452220001500198 12 1.0155889773369229 0.77039730280168162 6862 0.92165704372818669 12 0.97864911778172403 0.77095620281653621 813 7.5802979469299316 1 13.538698196411133 7.9770218753814701 0 0 0 0 0
961 48.050000000000004 48.100000000000001 332.83100000000002 4509 4338005 9633 133 1 4726 0.79273351545096049 12 1.1362481067381898 0.855148476171817 6866 0.61987071734952959 12 0.90340700668837448 0.73121100235155279 814 9.6960935592651367 1 13.897693634033203 7.9052906990051266 0 0 0 0 0
962 48.100000000000001 48.149999999999999 332.69900000000001 4545 4342550 9633 133 1 4730 0.7040854362973894 12 0.96961546488561923 0.72268523666251483 6877 0.94653295211942101 12 1.1560978585214885 0.86578258483437098 815 11.20091438293457 1 14.526802062988281 8.5101760292053221 0 0 0 0 0
963 48.149999999999999 48.200000000000003 335.13400000000001 4488 4347038 9634 133 1 4735 0.69144273495184627 12 1.0315111817688811 0.80616759404895488 6884 0.85039859452785649 12 1.1012826467570866 0.85193306254699108 815 4.1205883026123047 1 10.979121208190918 7.0097623825073239 0 0 0 0 0
964 48.200000000000003 48.25 332.90600000000001 4471 4351509 9635 133 1 4741 0.79399248665871813 12 1.1844974136524475 0.85085329844912483 6891 0.74858752483707203 12 0.98354080656666421 0.85755313708951553 816 5.3833556175231934 1 13.781283378601074 8.7498191547393791 0 0 0 0 0
965 48.25 48.300000000000004 331.70800000000003 4547 4356056 9636 133 1 4745 0.71802851428136749 12 0.85963610766827248 0.71012756158831269 6902 1.0824170853776471 12 1.1265913580187943 0.85868663179323657 817 7.2009711265563965 1 13.656498908996582 8.2004995918273931 0 0 0 0 0
966 48.300000000000004 48.350000000000001 339.19 4573 4360629 9638 133 1 4752 0.99338121332910267 12 1.0978559524100411 0.83850279458849319 6907 0.79475807133023668 12 1.0609837867187617 0.82533270633614253 818 9.285700798034668 1 13.85263729095459 7.9360462474822997 0 0 0 0 0
967 48.350000000000001 48.399999999999999 337.245 4465 4365094 9638 133 1 4756 0.86887169650705931 12 0.9737109382141288 0.75818921460525357 6914 0.77376807924574897 12 0.87921312961279008 0.77753761524282172 819 11.521994590759277 1 14.072995185852051 7.7859933471679685 0 0 0 0 0
968 48.399999999999999 48.450000000000003 341.97399999999999 4504 4369598 9638 133 1 4762 0.97288160854533623 12 0.97660399863802705 0.8494076965137759 6921 0.78321646507990905 12 0.90033909746926999 0.74740258448656116 820 13.943321228027344 1 14.224994659423828 7.6028068065643311 0 0 0 0 0
969 48.450000000000003 48.5 340.33300000000003 4493 4374091 9641 133 1 4766 0.75981835344262239 12 0.96591826929649138 0.84586055384469294 6929 0.8091026312556906 12 0.96202383870238828 0.83923661699819707 820 5.1294641494750977 1 13.667224884033203 8.7260177898406983 0 0 0 0 0
970 48.5 48.550000000000004 332.34699999999998 4558 4378649 9642 133 1 4770 0.65938664735663877 12 0.93023131460231812 0.73435157508725302 6934 0.66355953632098508 12 0.83914048463360591 0.6846330555795439 821 6.0766115188598633 1 14.360002517700195 9.0622943305969237 0 0 0 0 0
971 48.550000000000004 48.600000000000001 332.38499999999999 4526 4383175 9643 133 1 4776 0.80481558128781938 12 1.0896914285175452 0.80840143083268334 6942 0.74048858523024164 12 0.97976238608873145 0.78870260172921891 822 7.251305103302002 1 14.313185691833496 8.8370138931274411 0 0 0 0 0
972 48.600000000000001 48.649999999999999 336.59800000000001 4513 4387688 9643 133 1 4783 0.98550220386471576 12 1.1912788634065508 0.93222530375903301 6947 0.58621262321499512 12 0.83576916835535253 0.69327901314025775 823 9.0439920425415039 1 14.042671203613281 8.2251775074005131 0 0 0 0 0
973 48.649999999999999 48.700000000000003 333.404 4559 4392247 9643 133 1 4788 0.92219786771118883 12 1.0607799895499361 0.85632428817022244 6957 0.87568126060614748 12 0.95922221353383874 0.79449736052933373 824 12.83954906463623 1 13.363540649414062 6.2422699260711667 0 0 0 0 0
974 48.700000000000003 48.75 334.50299999999999 4458 4396705 9643 133 1 4794 1.0054354552527356 12 1.1111779925188416 0.86997297889180047 6962 0.69711049966316896 12 0.86899647139812541 0.71733162580429377 824 4.7234072685241699 1 12.585309028625488 8.0352524757385257 0 0 0 0 0
975 48.75 48.800000000000004 340.72699999999998 4501 4401206 9644 133 1 4798 0.7916748845841538 12 1.0669090164637414 0.8465509315251859 6969 0.66824611763697939 12 0.99679728558138891 0.78533361048737294 825 5.6051206588745117 1 14.348997116088867 9.1270752429962165 0 0 0 0 0
976 48.800000000000004 48.850000000000001 333.56900000000002 4498 4405704 9644 133 1 4802 0.61687114537984589 12 0.97397242684875573 0.80798223030971927 6977 0.78179771936927045 12 0.95488981481994617 0.75244491427820637 826 6.6005330085754395 1 14.39887523651123 9.0145086479187011 0 0 0 0 0
977 48.850000000000001 48.899999999999999 335.36799999999999 4474 4410178 9644 133 1 4809 0.79427428918268017 12 1.1614548468287205 0.93547601897314536 6983 0.64354774928777814 12 0.91690223482186062 0.7855208347814846 827 7.7542095184326172 1 14.414510726928711 8.8578240299224849 0 0 0 0 0
978 48.899999999999999 48.950000000000003 333.202 4525 4414703 9645 133 1 4814 0.77011006464943821 12 0.99877888444288709 0.81757415527870103 6991 0.75613484653940022 12 0.86976202581725959 0.75339995626449618 828 8.2862138748168945 1 15.09846305847168 9.4732983970642088 0 0 0 0 0
979 48.950000000000003 49 334.28500000000003 4532 4419235 9645 133 1 4820 0.87572786882591358 12 0.98695414971725526 0.84781582358405427 6999 0.79421678718188904 12 1.0300435744383296 0.82716241773353361 829 8.3743352890014648 1 15.567281723022461 9.9127574920654293 0 0 0 0 0
980 49 49.050000000000004 331.69299999999998 4475 4423710 9645 133 1 4826 0.86102205724172587 12 1.1392438324484662 0.96694024376661902 7005 0.67575724543791227 12 0.89242389710821413 0.76592766437085003 830 10.563504219055176 1 13.976887702941895 7.8326477336883542 0 0 0 0 0
981 49.050000000000004 49.100000000000001 333.74299999999999 4504 4428214 9645 133 1 4831 0.81031608328737614 12 1.0301135523916021 0.84385141589346635 7015 0.94253235951040848 12 0.9615727792368145 0.81696475477126118 831 12.322883605957031 1 14.461036682128906 8.258155088424683 0 0 0 0 0
982 49.100000000000001 49.149999999999999 333.49099999999999 4507 4432721 9645 133 1 4836 0.81506683768844923 12 0.96444224037924975 0.78894734278027912 7021 0.81191144196278842 12 1.0309031492703267 0.77796783201721209 831 4.5333361625671387 1 12.078874588012695 7.7119132518768314 0 0 0 0 0
983 49.149999999999999 49.200000000000003 334.56999999999999 4531 4437252 9645 133 1 4840 0.72573503623753566 12 0.88812047688124018 0.72336212762658614 7028 0.79256160183199309 12 0.91754049325827514 0.77591371559694933 832 5.6133241653442383 1 14.085456848144531 8.930774822235108 0 0 0 0 0
984 49.200000000000003 49.25 332.423 4585 4441837 9645 133 1 4845 0.76122961949835477 12 0.96771239270257592 0.75850999457100032 7035 0.80780965327379617 12 0.85344060788708231 0.74166069535261681 833 6.6952328681945801 1 14.316257476806641 8.9288710689544679 0 0 0 0 0
985 49.25 49.300000000000004 331.93799999999999 4472 4446309 9646 133 1 4850 0.71234390120312263 12 1.1077755429023586 0.84204935461442265 7039 0.57348584457067775 12 0.89884809685746725 0.66442096241240134 834 7.8966374397277832 1 14.388608932495117 8.8105683326721191 0 0 0 0 0
986 49.300000000000004 49.350000000000001 332.89400000000001 4509 4450818 9648 133 1 4855 0.74980459305958336 12 0.93764237730143007 0.75656348657453809 7047 0.72413027059758595 12 0.84858374101708789 0.71572177356900823 835 10.094367980957031 1 13.90123176574707 7.8241737842559811 0 0 0 0 0
987 49.350000000000001 49.399999999999999 333.01400000000001 4481 4455299 9648 133 1 4860 0.75031674806451565 12 1.0080818460092236 0.79314370079829577 7054 0.82127951918283126 12 0.82127951918283126 0.66057575477923536 836 12.150297164916992 1 14.258504867553711 7.9645596981048588 0 0 0 0 0
988 49.399999999999999 49.450000000000003 331.85599999999999 4602 4459901 9648 133 1 4864 0.64504716841412302 12 0.95164562201851033 0.73914107382081196 7063 0.94204189629180712 12 1.000294496656106 0.85341419314083966 836 4.469846248626709 1 11.90970516204834 7.6039052963256832 0 0 0 0 0
989 49.450000000000003 49.5 333.04000000000002 4436 4464337 9648 133 1 4868 0.56219577488604178 12 0.93245351589263559 0.7169462391758209 7069 0.7871772748824819 12 0.9633628702656416 0.80196992244499865 837 5.4352588653564453 1 14.195240020751953 9.0442087554931643 0 0 0 0 0
990 49.5 49.550000000000004 334.34199999999998 4563 4468900 9648 133 1 4875 0.90208240746734913 12 1.0621833251676815 0.77461189339652459 7076 0.77565841368176169 12 0.93392694018902322 0.76816085932236322 838 6.6297273635864258 1 14.176185607910156 8.8174344635009767 0 0 0 0 0
991 49.550000000000004 49.600000000000001 334.48599999999999 4485 4473385 9651 133 1 4878 0.66689243406444276 12 0.9106359000529235 0.70903647725981445 7084 0.82755935496592237 12 1.0107832477828984 0.81348113858243754 839 7.2581114768981934 1 14.911300659179688 9.3778794860839838 0 0 0 0 0
992 49.600000000000001 49.649999999999999 331.88900000000001 4504 4477889 9651 133 1 4883 0.68496801261096008 12 0.99658273888399396 0.77575546340853507 7089 0.62445205500028567 12 0.98917798944843327 0.74162373623342415 840 8.4397029876708984 1 14.482585906982422 8.830182237625122 0 0 0 0 0
993 49.649999999999999 49.700000000000003 334.572 4503 4482392 9652 133 1 4889 0.7793993804313496 12 1.1346698301327933 0.85889081880017726 7096 0.66989706042283637 12 0.95485135578620994 0.71176467745589567 841 10.738715171813965 1 13.927361488342285 7.7239018917083744 0 0 0 0 0
994 49.700000000000003 49.75 331.68099999999998 4527 4486919 9654 133 1 4894 0.89906100547126588 12 0.91722324234728669 0.67518183350338257 7103 0.71143119928823628 12 0.83721293125888552 0.71563661130568823 842 13.09001636505127 1 14.180244445800781 7.6721343708038328 0 0 0 0 0
995 49.75 49.800000000000004 330.67700000000002 4424 4491343 9654 133 1 4898 0.74674463014194337 12 1.0384117456345745 0.78571894594525415 7109 0.56127097968052742 12 1.0024512310765652 0.79731239867358605 842 4.8155508041381836 1 12.830817222595215 8.1920016193389884 0 0 0 0 0
996 49.800000000000004 49.850000000000001 332.32600000000002 4543 4495886 9655 133 1 4903 0.81704612510109642 12 0.92121689535795981 0.72404992985102323 7116 0.6097684025180693 12 0.89950044433074672 0.70874274106823909 843 5.4873719215393066 1 14.620856285095215 9.3348742961883548 0 0 0 0 0
997 49.850000000000001 49.899999999999999 333.62 4481 4500367 9655 133 1 4908 0.87345719717717596 12 0.94620487422080735 0.73780190516872124 7125 0.80115590617691423 12 0.95277293390143369 0.7834928886501451 844 6.5572161674499512 1 14.304378509521484 8.9408190917968753 0 0 0 0 0
998 49.899999999999999 49.950000000000003 333.88099999999997 4547 4504914 9656 133 1 4913 0.87007247591073478 12 1.1174974324161628 0.79700172774331945 7131 0.75070022037922524 12 0.81333581019196766 0.69860151713559138 845 7.8458633422851562 1 14.296093940734863 8.72419469833374 0 0 0 0 0
999 49.950000000000003 50 333.02999999999997 4502 4509416 9657 133 1 4917 0.70487534671266561 12 1.127548018475518 0.79847144446348151 7138 0.73986732242013953 12 0.91893174296789915 0.76748171501398832 846 9.2627191543579102 1 14.382287979125977 8.5972644042968742 0 0 0 0 0
1000 50 50.050000000000004 334.81599999999997 4481 4513897 9657 133 1 4922 0.6509430183246766 12 1.1790236371201983 0.84704571728651279 7143 0.65636960521194265 12 0.72521697924313699 0.62320607018805918 847 11.51353931427002 1 14.062667846679688 7.7716107177734379 0 0 0 0 0
1001 50.050000000000004 50.100000000000001 331.71899999999999 4513 4518410 9657 133 1 4928 0.79539632993210319 12 1.0736726125992264 0.80936730509838728 7153 0.939698529491929 12 0.99780621232151323 0.80057590703264725 848 13.016694068908691 1 14.67628002166748 8.5118264484405515 0 0 0 0 0
1002 50.100000000000001 50.149999999999999 333.596 4556 4522966 9657 133 1 4932 0.67798177403707227 12 0.97177110686908508 0.75116500979816736 7159 0.81986428531646272 12 1.0281254364730572 0.76728869932610078 849 14.689235687255859 1 14.689235687255859 8.3441269969940191 0 0 0 0 0
1003 50.149999999999999 50.200000000000003 332.166 4542 4527508 9657 133 1 4937 0.68250585265543029 12 0.97923697367221973 0.78917184886612635 7166 0.81150120844033979 12 0.87915329569280865 0.76503655774215806 849 5.4038701057434082 1 14.398369789123535 9.1928249073028567 0 0 0 0 0
1004 50.200000000000003 50.25 332.19600000000003 4426 4531934 9657 133 1 4942 0.70247415891105314 12 0.98578876304836194 0.77388160827475938 7171 0.6730721702607837 12 0.79543240363866818 0.67758987770566748 850 5.8554472923278809 1 14.989832878112793 9.5529216766357425 0 0 0 0 0
1005 50.25 50.300000000000004 334.65699999999998 4596 4536530 9657 133 1 4946 0.60013865478578665 12 1.050646066667813 0.73623624793685816 7179 0.74353826754814178 12 0.90815966532051962 0.79510102452422127 851 6.9732694625854492 1 14.326111793518066 8.8933182716369625 0 0 0 0 0
1006 50.300000000000004 50.350000000000001 335.72500000000002 4504 4541034 9657 133 1 4952 0.82629913564757751 12 0.90550340925020678 0.72847434180200821 7186 0.70818786121707966 12 0.97734073674363731 0.7917549516269442 852 8.4514694213867188 1 14.215602874755859 8.5365308570861824 0 0 0 0 0
1007 50.350000000000001 50.399999999999999 332.27699999999999 4495 4545529 9657 133 1 4955 0.53635944165897453 12 0.93898953521091744 0.76324059246106846 7192 0.6273664805333522 12 0.86791518862186623 0.72866458635034992 853 10.016580581665039 1 14.357057571411133 8.4504884529113777 0 0 0 0 0
1008 50.399999999999999 50.450000000000003 334.62299999999999 4592 4550121 9657 133 1 4960 0.60639293562804431 12 0.90463174997823304 0.72431533703738782 7201 0.77235169864788866 12 0.99540970141220153 0.82943280297760458 854 12.643383026123047 1 13.973097801208496 7.3993766117095952 0 0 0 0 0
1009 50.450000000000003 50.5 332.435 4475 4554596 9657 133 1 4966 0.84789356187224763 12 0.89933182724888161 0.7132872669730308 7206 0.5829414462393826 12 0.90233976023423101 0.72806306418197952 855 14.551902770996094 1 14.551902770996094 8.1105021762847898 0 0 0 0 0
1010 50.5 50.550000000000004 330.79199999999997 4537 4559133 9657 133 1 4971 0.76782204630593309 12 1.1685953615085596 0.8729244064776337 7213 0.66323146132022426 12 0.78971107411450148 0.67726685240394191 855 5.3533468246459961 1 14.263755798339844 9.106878223419189 0 0 0 0 0
1011 50.550000000000004 50.600000000000001 331.64299999999997 4497 4563630 9657 133 1 4976 0.79943862008965971 12 1.0162855375203383 0.76234931025506736 7220 0.70413533936166617 12 0.91592108418447704 0.71626052459070777 856 5.8368620872497559 1 14.942252159118652 9.5213045501708979 0 0 0 0 0
1012 50.600000000000001 50.649999999999999 336.81099999999998 4524 4568154 9657 133 1 4980 0.70834349781747963 12 0.84804105569446031 0.72510792300874005 7226 0.66792901604203514 12 0.78802775851029261 0.6844941425967862 857 6.3368477821350098 1 14.974984169006348 9.5049975872039791 0 0 0 0 0
1013 50.649999999999999 50.700000000000003 333.334 4485 4572639 9657 133 1 4986 0.81985053751203796 12 1.1723664289429083 0.84198512624653621 7233 0.6335892273403777 12 0.9962156562090575 0.79075425938994559 858 7.0549426078796387 1 14.786696434020996 9.2890638351440433 0 0 0 0 0
1014 50.700000000000003 50.75 335.18000000000001 4513 4577152 9658 133 1 4989 0.60839673498320224 12 0.86989716925318317 0.68553692579978998 7242 0.87228360110264569 12 0.92622259398190798 0.73665742731718031 859 7.8159165382385254 1 14.822727203369141 9.2466141223907474 0 0 0 0 0
1015 50.75 50.800000000000004 335.93000000000001 4451 4581603 9658 133 1 4994 0.69005434244634611 12 1.0126862401763599 0.71280709364466244 7248 0.73384019397546241 12 0.92860204178257455 0.78571233824639419 860 9.2517023086547852 1 14.365180969238281 8.5785225963592531 0 0 0 0 0
1016 50.800000000000004 50.850000000000001 331.75299999999999 4553 4586156 9659 133 1 4998 0.6769300002959513 12 0.78154033180030569 0.64791426748037362 7256 0.81579638411692545 12 0.92530756883794263 0.78372548091403016 861 10.174190521240234 1 14.877561569213867 9.0867027854919442 0 0 0 0 0
1017 50.850000000000001 50.899999999999999 333.11200000000002 4513 4590669 9659 133 1 5003 0.72131637201481869 12 0.90260721839195679 0.7497068357661304 7262 0.7434775738708902 12 0.85034451445074266 0.72024670724171969 862 10.789873123168945 1 15.159204483032227 9.3904525375366212 0 0 0 0 0
1018 50.899999999999999 50.950000000000003 334.048 4474 4595143 9660 133 1 5009 0.78661709646731315 12 1.0677303877836537 0.88773107138211049 7268 0.64928664805777803 12 1.0031362076867985 0.74190088206551408 863 13.870033264160156 1 13.870033264160156 6.9505365753173827 0 0 0 0 0
1019 50.950000000000003 51 331.32100000000003 4511 4599654 9660 133 1 5014 0.84015789107855643 12 0.92851801088637864 0.74064371617815794 7277 0.92734724852567862 12 0.98469117202935352 0.69768363808375267 863 5.1025018692016602 1 13.595388412475586 8.6801511859893807 0 0 0 0 0
1020 51 51.050000000000004 335.97199999999998 4504 4604158 9660 133 1 5020 0.93333791428599466 12 1.0467804053646794 0.86012959395193422 7283 0.74865801359900208 12 0.99618571229918562 0.82555702513230111 864 5.9024167060852051 1 14.517594337463379 9.2080587673187253 0 0 0 0 0
1021 51.050000000000004 51.100000000000001 333.54199999999997 4560 4608718 9662 133 1 5024 0.78755529378845712 12 0.91485659094085725 0.77925040559406866 7289 0.69449976958106918 12 0.8022425955123923 0.7022672010606652 865 7.0879015922546387 1 14.273277282714844 8.8263295650482174 0 0 0 0 0
1022 51.100000000000001 51.149999999999999 337.79399999999998 4533 4613251 9662 133 1 5029 0.79398195779148883 12 0.95922931139711942 0.78728816378103761 7299 0.98195781805047111 12 1.0549362179217066 0.79648790403415604 866 8.2628421783447266 1 14.465526580810547 8.8367696762084957 0 0 0 0 0
1023 51.149999999999999 51.200000000000003 333.95299999999997 4516 4617767 9663 133 1 5034 0.74811856590928538 12 1.0510672508341183 0.83905710289662228 7303 0.60394937012551353 12 0.99574398225085192 0.80667354992813856 867 9.0447845458984375 1 14.912326812744141 9.2258488655090325 0 0 0 0 0
1024 51.200000000000003 51.25 330.005 4476 4622243 9663 133 1 5041 1.0547899509233141 12 1.0547899509233141 0.80749616078223607 7311 0.73794252144598027 12 0.85592139869535844 0.7322070686098856 868 10.234848022460938 1 14.669907569885254 8.8217965221405024 0 0 0 0 0
1025 51.25 51.300000000000004 332.32600000000002 4549 4626792 9663 133 1 5046 1.0189867927914573 12 1.0339037000186859 0.82909709832971046 7317 0.73471686854837448 12 0.76664669132117513 0.65184217722516213 869 11.099781036376953 1 14.983135223388672 9.1436858081817629 0 0 0 0 0
1026 51.300000000000004 51.350000000000001 334.00700000000001 4541 4631333 9663 133 1 5049 0.72852535664089146 12 0.99880953062148325 0.76375709369069045 7324 0.72150008589127723 12 0.96047426054554463 0.76984181243304395 870 12.520167350769043 1 14.69255256652832 8.5937673473358149 0 0 0 0 0
1027 51.350000000000001 51.399999999999999 335.86599999999999 4477 4635810 9663 133 1 5054 0.7504810179982867 12 0.99815248970001458 0.77191395094943427 7331 0.74013394292870127 12 0.90353377433147819 0.73830865922800337 871 13.564401626586914 1 14.990982055664062 8.9661729526519771 0 0 0 0 0
1028 51.399999999999999 51.450000000000003 331.75799999999998 4479 4640289 9663 133 1 5058 0.72159034415842993 12 0.89277381580027326 0.6635233654886008 7338 0.70321716575096749 12 0.92306176467263701 0.79330567233818028 871 4.9900665283203125 1 13.295808792114258 8.4888806247711184 0 0 0 0 0
1029 51.450000000000003 51.5 335.76799999999997 4516 4644805 9663 133 1 5063 0.80050681552125347 12 0.87263679202823408 0.71552088241728529 7346 0.87970303290724639 12 0.8887807305094193 0.69013779922826513 872 5.703218936920166 1 14.600128173828125 9.2939563941955559 0 0 0 0 0
1030 51.5 51.550000000000004 330.74799999999999 4453 4649258 9663 133 1 5066 0.52106497858074452 12 1.0492957127058791 0.75284730757719698 7353 0.81191652249500201 12 0.91543328505163701 0.82386763553757603 873 7.424105167388916 1 13.800871849060059 8.2962664270401003 0 0 0 0 0
1031 51.550000000000004 51.600000000000001 332.459 4563 4653821 9663 133 1 5071 0.57594337417847585 12 1.0706370153966995 0.73931932156055524 7361 0.87461432140931872 12 0.92869741081959634 0.80279189415110874 874 8.736231803894043 1 14.403608322143555 8.7009509277343753 0 0 0 0 0
1032 51.600000000000001 51.649999999999999 336.54199999999997 4563 4658384 9664 133 1 5076 0.70347009194711785 12 0.80852322021336664 0.66739501121919587 7368 0.90980229462163775 12 0.96606134764859952 0.72191949304532388 875 10.121337890625 1 14.507208824157715 8.6286978626251223 0 0 0 0 0
1033 51.649999999999999 51.700000000000003 332.45400000000001 4476 4662860 9665 133 1 5082 0.82407545881015098 12 0.96583520252043231 0.83297756089178476 7375 0.80903944195927924 12 1.0081251311946575 0.85651546345530538 876 13.624094009399414 1 13.624094009399414 6.5321548223495487 0 0 0 0 0
1034 51.700000000000003 51.75 333.517 4504 4667364 9666 133 1 5087 0.76944385940464965 12 1.0180740184467083 0.84773800276861977 7383 0.94160084192817273 12 0.98002827199729714 0.73362473221727398 876 5.0120267868041992 1 13.354318618774414 8.5262380218505864 0 0 0 0 0
1035 51.75 51.800000000000004 334.81099999999998 4525 4671889 9666 133 1 5092 0.77967459103519865 12 0.94784835853224936 0.78352203540547383 7390 0.92220080696247719 12 0.92295589318146576 0.77596351822002485 877 5.5596513748168945 1 14.813442230224609 9.4578332519531259 0 0 0 0 0
1036 51.800000000000004 51.850000000000001 335.15300000000002 4464 4676353 9667 133 1 5099 1.1180207346908337 12 1.1406062304932487 0.7761369778778916 7397 0.87582078813701059 12 0.90394001796438883 0.80267457260231723 878 6.7690248489379883 1 14.187438011169434 8.8026782035827633 0 0 0 0 0
1037 51.850000000000001 51.899999999999999 333.68200000000002 4528 4680881 9667 133 1 5103 0.80226963238110616 12 1.2481561364635589 0.94752496211416504 7404 0.84241413780160856 12 0.87679368865651053 0.78983044412087777 879 8.7403106689453125 1 13.845297813415527 8.048359193801879 0 0 0 0 0
1038 51.899999999999999 51.950000000000003 332.66000000000003 4477 4685358 9667 133 1 5110 1.0078168483007521 12 1.1363103011297802 0.90761244403227948 7411 0.80805578493840391 12 0.92169245534349942 0.79077259983026704 880 11.652167320251465 1 13.673945426940918 7.1171631860733031 0 0 0 0 0
1039 51.950000000000003 52 331.98599999999999 4581 4689939 9667 133 1 5115 0.90698986867117504 12 1.0643623584792727 0.89347312710587945 7420 1.0156838558010153 12 1.0156838558010153 0.76741417620293295 881 13.799044609069824 1 14.362194061279297 7.8745208263397215 0 0 0 0 0
1040 52 52.050000000000004 333.31799999999998 4482 4694421 9668 133 1 5118 0.70220904690878727 12 0.88903028198650902 0.67893048114719834 7426 0.8175852305784419 12 0.99828684785076094 0.8447731062987367 881 5.076387882232666 1 13.525805473327637 8.635725984573364 0 0 0 0 0
1041 52.050000000000004 52.100000000000001 332.26400000000001 4449 4698870 9668 133 1 5124 0.86062647284023341 12 0.97035360738398535 0.79554235081114488 7434 0.85995737978735487 12 1.0015998098898578 0.82291514252690023 882 7.3010983467102051 1 13.303464889526367 7.7974625682830814 0 0 0 0 0
1042 52.100000000000001 52.149999999999999 332.56700000000001 4550 4703420 9669 133 1 5128 0.76906951892352293 12 0.88467711245729808 0.72556508664869601 7440 0.7141277507350251 12 1.0037122067366098 0.79302495616231428 883 9.5933828353881836 1 13.750473976135254 7.7305621910095219 0 0 0 0 0
1043 52.149999999999999 52.200000000000003 332.012 4478 4707898 9670 133 1 5133 0.77148630881002023 12 1.0324270206370525 0.79125817308291091 7448 0.77241821337390593 12 0.96000497427743836 0.80715533665386419 883 3.5292098522186279 1 9.4034214019775391 6.0037359046936034 0 0 0 0 0
1044 52.200000000000003 52.25 331.178 4572 4712470 9672 133 1 5137 0.60129686464954701 12 0.97884261693125441 0.80341388952060944 7454 0.69951548841152644 12 0.82006606536137094 0.72082491060467202 884 5.0892167091369629 1 13.291486740112305 8.4555383014678949 0 0 0 0 0
1045 52.25 52.300000000000004 332.15600000000001 4486 4716956 9673 133 1 5143 0.82639747407723452 12 0.87749899526141462 0.72952375980474726 7461 0.75878889351529444 12 0.83123690218639534 0.69807411786339979 885 5.8975305557250977 1 14.505573272705078 9.1997462654113775 0 0 0 0 0
1046 52.300000000000004 52.350000000000001 330.72800000000001 4517 4721473 9674 133 1 5148 0.74338700129587709 12 1.2013684578742536 0.87583398757825803 7468 0.78411807485327523 12 0.87188362586186141 0.7316800983040973 886 6.3591666221618652 1 15.027727127075195 9.5429652023315423 0 0 0 0 0
1047 52.350000000000001 52.399999999999999 331.55000000000001 4541 4726014 9674 133 1 5153 0.79391319511803826 12 1.0003709053952849 0.74362819316365947 7474 0.74533660721184836 12 0.84036458902693401 0.68704373749589065 887 7.0631518363952637 1 14.803905487060547 9.3030314922332771 0 0 0 0 0
1048 52.399999999999999 52.450000000000003 333.62900000000002 4437 4730451 9674 133 1 5158 0.81510157288808149 12 1.0311687271397594 0.77267360943221153 7480 0.63551731407878342 12 0.92038455292931753 0.75737336471076799 888 7.614234447479248 1 15.029561042785645 9.4544119167327878 0 0 0 0 0
1049 52.450000000000003 52.5 332.76100000000002 4560 4735011 9675 133 1 5162 0.71158359605134236 12 0.94151738141322094 0.73740698180524278 7487 0.69755527095204906 12 0.81045659782366541 0.69533714256451351 889 8.3444833755493164 1 14.903568267822266 9.2770253658294681 0 0 0 0 0
1050 52.5 52.550000000000004 333.46600000000001 4499 4739510 9675 133 1 5167 0.76881716477687623 12 0.97735809255163264 0.73698761897346854 7494 0.74989257820085875 12 0.86350269943062374 0.70494109502120783 890 10.404354095458984 1 14.044408798217773 7.9606576919555661 0 0 0 0 0
1051 52.550000000000004 52.600000000000001 335.464 4518 4744028 9676 133 1 5173 0.79228830036671505 12 1.0979064896529804 0.92914382612533741 7503 0.85912552460580682 12 0.9747752967623603 0.86482869954753983 891 11.933524131774902 1 14.575638771057129 8.4860698413848876 0 0 0 0 0
1052 52.600000000000001 52.649999999999999 332.46699999999998 4554 4748582 9677 133 1 5178 0.78168556799956268 12 1.0386597853780153 0.80414786735471921 7510 0.80835461305976886 12 0.93238824269592691 0.80702174040052654 891 4.3900985717773438 1 11.697224617004395 7.4682438564300533 0 0 0 0 0
1053 52.649999999999999 52.700000000000003 333.50599999999997 4530 4753112 9677 133 1 5182 0.6418490382481058 12 1.0622486454416555 0.77336354411753672 7517 0.73439079959826148 12 1.0610746679425525 0.82998340710240404 892 5.405921459197998 1 14.118619918823242 8.9943014430999764 0 0 0 0 0
1054 52.700000000000003 52.75 332.41399999999999 4492 4757604 9678 133 1 5188 0.76217844413444424 12 1.0683122297075109 0.83325080244773064 7525 0.80536302143636729 12 0.92138084048754421 0.79459994979280291 893 6.5272526741027832 1 14.239013671875 8.8898464679718021 0 0 0 0 0
1055 52.75 52.800000000000004 335.79700000000003 4467 4762071 9679 133 1 5194 0.90179831619222262 12 0.99480235571833764 0.81415258195535289 7532 0.79476842576046491 12 0.8997388643061468 0.76724579829029804 894 7.834841251373291 1 14.276008605957031 8.7054427623748776 0 0 0 0 0
1056 52.800000000000004 52.850000000000001 335.197 4486 4766557 9679 133 1 5200 1.0409412470520942 12 1.0409412470520942 0.81462474916564742 7541 0.97723781111244978 12 0.97723781111244978 0.79232212941534585 895 9.518890380859375 1 14.20051383972168 8.3327356815338138 0 0 0 0 0
1057 52.850000000000001 52.899999999999999 332.69299999999998 4537 4771094 9680 133 1 5203 0.72638578817521593 12 1.1572787026716129 0.78761102276034056 7545 0.66496806476966186 12 0.95788721988566128 0.74159003009430802 896 12.460291862487793 1 13.770751953125 7.0879116868972778 0 0 0 0 0
1058 52.899999999999999 52.950000000000003 333.53199999999998 4517 4775611 9680 133 1 5211 1.1423486785031733 12 1.1889688014971633 0.85802397306442146 7554 0.76933399361006916 12 1.0599780871400755 0.86964724545639738 896 4.5838871002197266 1 12.21356201171875 7.7979074668884278 0 0 0 0 0
1059 52.950000000000003 53 339.339 4480 4780091 9682 133 1 5214 0.6872731587535148 12 1.2563940813296286 0.92673067105284412 7560 0.67688120920440475 12 0.87097215646191428 0.74018003246818864 897 6.0468850135803223 1 13.72944450378418 8.5515854024887084 0 0 0 0 0
1060 53 53.050000000000004 332.93099999999998 4508 4784599 9683 133 1 5220 0.76862774457288152 12 1.0423782260234502 0.87183731249895347 7567 0.72132143097537171 12 0.90136186204249347 0.71275951188196496 898 7.6581239700317383 1 13.954010009765625 8.4048199462890629 0 0 0 0 0
1061 53.050000000000004 53.100000000000001 334.80399999999997 4571 4789170 9684 133 1 5225 0.7438699598202575 12 1.0431024424935578 0.81816173323521213 7574 0.65849402604676821 12 0.98836000671177726 0.81895800496010618 899 10.923242568969727 1 13.341677665710449 6.7674225950241089 0 0 0 0 0
1062 53.100000000000001 53.149999999999999 332.863 4429 4793599 9684 133 1 5231 0.82478382743222434 12 1.135832565351683 0.87227349257844145 7580 0.61416262034355273 12 0.81570174707572007 0.69253830430916752 899 4.0184402465820312 1 10.706948280334473 6.835991497039795 0 0 0 0 0
1063 53.149999999999999 53.200000000000003 335.81299999999999 4574 4798173 9684 133 1 5235 0.67023637714794815 12 0.98141655856350807 0.78792798791044261 7588 0.75608594089883907 12 0.8267801261544685 0.72435604601779335 900 5.3457765579223633 1 13.685084342956543 8.6858919239044194 0 0 0 0 0
1064 53.200000000000003 53.25 333.99299999999999 4526 4802699 9684 133 1 5240 0.76066347278027446 12 0.98652721247293329 0.70412497489392678 7596 0.83159014874400206 12 0.91904919372357197 0.79011318832878519 901 6.6903448104858398 1 14.022529602050781 8.6688309097290031 0 0 0 0 0
1065 53.25 53.300000000000004 336.37599999999998 4501 4807200 9684 133 1 5245 0.74325561486675729 12 1.0868510572810239 0.81088513589113731 7604 0.85927910733702684 12 0.94950324794005669 0.83745186084930656 902 8.5876054763793945 1 13.878208160400391 8.1216476345062247 0 0 0 0 0
1066 53.300000000000004 53.350000000000001 331.72300000000001 4533 4811733 9685 133 1 5250 0.75542181191625379 12 0.97972917446116192 0.78160594766721758 7610 0.72499965012057899 12 0.90740095383139485 0.78158979169461473 903 10.947340965270996 1 13.91679573059082 7.6637833023071291 0 0 0 0 0
1067 53.350000000000001 53.399999999999999 334.38999999999999 4462 4816195 9686 133 1 5255 0.78133825616900221 12 1.0032521694434036 0.76799274936337325 7618 0.80393923210299767 12 0.92475016393028808 0.78671206408854477 904 13.166763305664062 1 14.263383865356445 7.8026950168609623 0 0 0 0 0
1068 53.399999999999999 53.450000000000003 336.18400000000003 4514 4820709 9686 133 1 5259 0.63741772258563434 12 0.9230200617951011 0.77740687119898921 7624 0.68110775942936352 12 0.89048744269964086 0.77025598256476702 905 14.744441986083984 1 14.744441986083984 8.4380430984497075 0 0 0 0 0
1069 53.450000000000003 53.5 334.65800000000002 4508 4825217 9686 133 1 5263 0.57299270787686474 12 0.83787827147747229 0.69870362257085783 7633 0.88007331881655848 12 0.95424318765627358 0.77599046819002027 905 5.4241800308227539 1 14.452482223510742 9.2273747825622561 0 0 0 0 0
1070 53.5 53.550000000000004 332.67700000000002 4564 4829781 9686 133 1 5269 0.74229788942348696 12 0.90664461995817625 0.78476313111467577 7639 0.75831653689233558 12 0.8626467004282703 0.76919204809816977 906 6.4440994262695312 1 14.341602325439453 8.9902452659606933 0 0 0 0 0
1071 53.550000000000004 53.600000000000001 333.05099999999999 4492 4834273 9687 133 1 5273 0.64617574950186452 12 0.90784290936240897 0.73008474224353448 7645 0.69840931111610749 12 0.870451220962695 0.70795885393539237 907 8.4970207214355469 1 13.731810569763184 7.9675432348251345 0 0 0 0 0
1072 53.600000000000001 53.649999999999999 334.42099999999999 4532 4838805 9687 133 1 5280 0.92996900309186326 12 1.1053645684815523 0.83014626229294597 7653 0.84788037283904338 12 0.90031035534321879 0.71688348722757878 908 10.914015769958496 1 13.874432563781738 7.6070934772491459 0 0 0 0 0
1073 53.649999999999999 53.700000000000003 332.88499999999999 4530 4843335 9688 133 1 5284 0.85422015323087652 12 0.91155439048256193 0.7099146383411653 7660 0.77529185015047619 12 0.96570340472794836 0.82862181964284165 909 13.527492523193359 1 14.079560279846191 7.4125695800781246 0 0 0 0 0
1074 53.700000000000003 53.75 332.96899999999999 4524 4847859 9688 133 1 5290 0.96667465736861902 12 1.0264504495585498 0.84104727247950506 7668 0.78428725830807877 12 1.0513016830613786 0.85595911737226471 909 4.9764890670776367 1 13.25963020324707 8.4657827568054191 0 0 0 0 0
1075 53.75 53.800000000000004 333.63900000000001 4510 4852369 9688 133 1 5293 0.6674907023196468 12 0.947533240437333 0.77239276489644471 7674 0.67889360095345974 12 0.9318235553124592 0.75299200786499809 910 6.4609560966491699 1 13.815304756164551 8.5303275060653689 0 0 0 0 0
1076 53.800000000000004 53.850000000000001 335.74200000000002 4523 4856892 9688 133 1 5299 0.84070102909553424 12 0.92993357705888635 0.78089692623775231 7680 0.64872971852254946 12 0.83852549147842503 0.67851193999150761 911 7.4940242767333984 1 14.49937629699707 8.9772274112701425 0 0 0 0 0
1077 53.850000000000001 53.899999999999999 333.52800000000002 4498 4861390 9688 133 1 5303 0.71854437685376304 12 0.92503083625681615 0.75585979398360181 7689 0.83447235330063818 12 0.95987163976197076 0.789081493304151 912 9.0070247650146484 1 14.267789840698242 8.5020791625976564 0 0 0 0 0
1078 53.899999999999999 53.950000000000003 334.209 4512 4865902 9688 133 1 5309 0.8680254582612138 12 0.99005824766106632 0.8043897834353062 7695 0.73207118178427144 12 0.84208223956902162 0.75002926882752374 913 10.36049747467041 1 14.555953025817871 8.6600165271759035 0 0 0 0 0
1079 53.950000000000003 54 333.59800000000001 4562 4870464 9688 133 1 5315 0.94933652507199551 12 1.0905766943179089 0.87188019485782309 7704 0.91296888829528566 12 0.958208898173733 0.79387800046291246 914 12.418634414672852 1 14.284829139709473 7.962372455596924 0 0 0 0 0
1080 54 54.050000000000004 337.822 4436 4874900 9688 133 1 5320 1.0232176270091928 12 1.0649759022316336 0.72050607250968657 7710 0.77521727834198928 12 0.92810353940805879 0.7850273472618291 914 4.5685629844665527 1 12.1727294921875 7.7718369102478029 0 0 0 0 0
1081 54.050000000000004 54.100000000000001 334.077 4547 4879447 9688 133 1 5323 0.82646527367092903 12 1.0029565635464102 0.67098201772434707 7717 0.75038407130569618 12 0.88905409433551741 0.78134243210480614 915 5.6262836456298828 1 14.117975234985352 8.9528205680847162 0 0 0 0 0
1082 54.100000000000001 54.149999999999999 336.053 4506 4883953 9689 133 1 5329 0.90955562440565896 12 1.1717097749877943 0.87011863929129118 7724 0.70472296925601419 12 1.0243919549233003 0.80196272478811448 916 8.3199195861816406 1 13.179367065429688 7.3332086133956906 0 0 0 0 0
1083 54.149999999999999 54.200000000000003 334.77499999999998 4526 4888479 9689 133 1 5334 0.91490520371474593 12 0.98015331843895603 0.78835447050520358 7731 0.7533397844935944 12 0.80249026738723894 0.70862442347688637 917 11.166704177856445 1 13.639041900634766 7.1815881443023679 0 0 0 0 0
1084 54.200000000000003 54.25 334.97300000000001 4483 4892962 9689 133 1 5338 0.7165210985007342 12 0.96055120513639736 0.83132766958356752 7737 0.658779526614927 12 0.89844388315655488 0.74226651765969809 918 13.432093620300293 1 14.262687683105469 7.7571907615661617 0 0 0 0 0
1085 54.25 54.300000000000004 332.84100000000001 4519 4897481 9689 133 1 5344 0.91451556389313393 12 0.93298998617010398 0.75635974066631118 7746 0.85036765841776629 12 0.97815560282497493 0.78329424290889638 918 4.9413924217224121 1 13.166120529174805 8.4060789966583247 0 0 0 0 0
1086 54.300000000000004 54.350000000000001 353.452 4512 4901993 9689 133 1 5347 0.6812308738156686 12 0.89640695518936542 0.70715012420276646 7752 0.70138951006790462 12 0.90965302644951929 0.79614203204491862 919 6.0920562744140625 1 14.11143684387207 8.8608012676239021 0 0 0 0 0
1087 54.350000000000001 54.399999999999999 334.31700000000001 4495 4906488 9689 133 1 5352 0.69888207227703858 12 0.94339198796525592 0.77617558378908114 7760 0.77980606003821851 12 0.91480823269039568 0.78722982436408384 920 7.7845077514648438 1 13.903427124023438 8.3244168663024904 0 0 0 0 0
1088 54.399999999999999 54.450000000000003 335.91000000000003 4501 4910989 9689 133 1 5359 0.92167912210736958 12 1.1034501809922477 0.89053449891627312 7767 0.78459455972170455 12 0.86711104065560829 0.75201606298423807 921 9.6344413757324219 1 14.088293075561523 8.1685033416748052 0 0 0 0 0
1089 54.450000000000003 54.5 338.87 4543 4915532 9689 133 1 5363 0.69503078952668207 12 1.0163327133844768 0.8593101091990395 7774 0.8009001305968062 12 0.86753607071896599 0.74061370844719432 922 12.502801895141602 1 13.817731857299805 7.1602258586883547 0 0 0 0 0
1090 54.5 54.550000000000004 336.74200000000002 4567 4920099 9690 133 1 5369 0.81249063544803191 12 1.1189032982266138 0.8360917043307472 7781 0.75871172470760873 12 0.90656999977245811 0.79852475002497714 922 4.5995259284973145 1 12.255229949951172 7.8245107078552243 0 0 0 0 0
1091 54.550000000000004 54.600000000000001 336.25 4480 4924579 9691 133 1 5375 0.93987638704360477 12 1.0811151119451674 0.82626483514195403 7788 0.78529342568425986 12 0.85352285130621885 0.73044007964633262 923 5.4079008102416992 1 14.409109115600586 9.1996821880340569 0 0 0 0 0
1092 54.600000000000001 54.649999999999999 334.19 4482 4929061 9692 133 1 5378 0.65087944269180298 12 0.92126558413581239 0.76230719107957146 7795 0.76344282935197294 12 0.85990176812015673 0.77838960546983327 924 6.1790428161621094 1 14.602062225341797 9.2365454578399664 0 0 0 0 0
1093 54.649999999999999 54.700000000000003 338.642 4537 4933598 9692 133 1 5385 0.85135809314392863 12 1.21622822504668 0.9126305682850735 7802 0.72843753784592891 12 0.90768899489949284 0.79141321124332764 925 7.3903160095214844 1 14.298720359802246 8.8008022403717039 0 0 0 0 0
1094 54.700000000000003 54.75 334.92000000000002 4519 4938117 9692 133 1 5390 0.84887445020297214 12 0.97643798799623571 0.79610959586524754 7810 0.82334149285672686 12 0.86260007516405468 0.77090683907262869 926 9.9081010818481445 1 13.644721031188965 7.5073075389862058 0 0 0 0 0
1095 54.75 54.800000000000004 336.88299999999998 4558 4942675 9693 133 1 5395 0.78621808087660205 12 1.0612832903270684 0.85568277053150654 7817 0.86865210440827889 12 0.90410243329195605 0.71189779613430071 927 12.252209663391113 1 14.093395233154297 7.6792550563812254 0 0 0 0 0
1096 54.800000000000004 54.850000000000001 334.41500000000002 4491 4947166 9693 133 1 5400 0.77893774212515421 12 1.0309255638987653 0.8008586726359106 7822 0.72446139799179254 12 0.85145164534757922 0.68329417190153963 927 4.5073366165161133 1 12.009599685668945 7.6676834106445311 0 0 0 0 0
1097 54.850000000000001 54.899999999999999 335.52600000000001 4555 4951721 9693 133 1 5407 1.0873341279525666 12 1.1092997166949015 0.80578822148390983 7830 0.8301972882082761 12 0.9371600227955118 0.76018284135868885 928 5.3739843368530273 1 14.318744659423828 9.1419871139526361 0 0 0 0 0
1098 54.899999999999999 54.950000000000003 334.46699999999998 4503 4956224 9693 133 1 5410 0.70945759704484357 12 1.0658034741608722 0.85030092252480316 7836 0.72219207933222929 12 0.85721747942671578 0.75557752995707217 929 5.9225835800170898 1 14.861473083496094 9.4568715667724614 0 0 0 0 0
1099 54.950000000000003 55 334.86799999999999 4494 4960718 9693 133 1 5415 0.80006843072705025 12 0.92029773572086548 0.70394295788414862 7842 0.64603457279956422 12 0.89545392657353262 0.72404706812262365 930 6.8090047836303711 1 14.559530258178711 9.1224136924743657 0 0 0 0 0
1100 55 55.050000000000004 337.548 4523 4965241 9693 133 1 5419 0.70480868359531057 12 0.90690290109018357 0.72923095090675449 7850 0.72550135966314855 12 0.886129312301558 0.78619001650289189 931 8.631260871887207 1 13.94875431060791 8.1959081363677981 0 0 0 0 0
1101 55.050000000000004 55.100000000000001 354.30399999999997 4480 4969721 9694 133 1 5425 0.84238971354164871 12 0.99173554548923715 0.81617116545777857 7858 0.78909992947104712 12 0.93310080778256466 0.80190011275558448 932 10.222261428833008 1 14.361739158630371 8.4248563671112056 0 0 0 0 0
1102 55.100000000000001 55.149999999999999 340.47899999999998 4520 4974241 9694 133 1 5431 1.0018173961124057 12 1.0018173961124057 0.79454223000842428 7866 0.80844196330101503 12 1.0500187559877647 0.84571558209655895 933 12.719051361083984 1 14.056724548339844 7.5280975818634035 0 0 0 0 0
1103 55.149999999999999 55.200000000000003 340.34699999999998 4490 4978731 9694 133 1 5434 0.67267454847656727 12 0.98198009018392807 0.80205301371891136 7872 0.72985953707334494 12 0.85649805009000102 0.72644792468023989 933 4.6790800094604492 1 12.467197418212891 7.9598430919647214 0 0 0 0 0
1104 55.200000000000003 55.25 336.10399999999998 4584 4983315 9695 133 1 5439 0.72373953850836148 12 0.87090904036193073 0.74309491808560879 7880 0.7754061613533948 12 1.0173957158332356 0.81977217048489803 934 5.7466468811035156 1 14.134466171264648 8.9430721092224115 0 0 0 0 0
1105 55.25 55.300000000000004 344.81599999999997 4422 4987737 9696 133 1 5445 0.87184912225927791 12 1.025121072048145 0.80574751504953479 7889 0.98641926594884011 12 1.0063462577055435 0.76406279804527355 935 7.7694220542907715 1 13.601711273193359 7.9973852443695073 0 0 0 0 0
1106 55.300000000000004 55.350000000000001 351.10599999999999 4530 4992267 9697 133 1 5450 0.83527909584752269 12 1.1051825935839354 0.82985633493857169 7893 0.61913599613550552 12 0.96688686648534761 0.79605526453226372 936 9.2346000671386719 1 14.338624954223633 8.5494270133972172 0 0 0 0 0
1107 55.350000000000001 55.399999999999999 339.29199999999997 4453 4996720 9697 133 1 5455 0.84263018272921753 12 1.0711927366523637 0.7863730476038826 7901 0.79243382779327598 12 0.85843332921519777 0.69329409325348124 937 11.03113842010498 1 14.306615829467773 8.2213632106781009 0 0 0 0 0
1108 55.399999999999999 55.450000000000003 338.30900000000003 4541 5001261 9697 133 1 5460 0.86617747638525799 12 0.93499907304142194 0.77033819151916694 7907 0.70098285179308339 12 0.90912562833274591 0.73918816977715407 938 13.016620635986328 1 14.385589599609375 8.0343090057373043 0 0 0 0 0
1109 55.450000000000003 55.5 336.81900000000002 4509 5005770 9697 133 1 5465 0.87948315636052377 12 0.92221699998846152 0.78047769068627904 7915 0.82022116554089242 12 0.9249535978612855 0.74681488312873823 938 4.7885494232177734 1 12.75887393951416 8.1460686492919923 0 0 0 0 0
1110 55.5 55.550000000000004 338.44400000000002 4516 5010286 9698 133 1 5470 0.91128803722319374 12 1.0021514550571202 0.76216279675405996 7921 0.71545739179875112 12 0.8470786719425657 0.75236838193104161 939 5.6290836334228516 1 14.410345077514648 9.1678417682647702 0 0 0 0 0
1111 55.550000000000004 55.600000000000001 340.97399999999999 4521 5014807 9698 133 1 5473 0.65246057692074377 12 0.90098313812266195 0.73243846435380933 7929 0.91080968454249112 12 1.0066003618425827 0.6714595116893648 940 7.840418815612793 1 13.454208374023438 7.8107044696807861 0 0 0 0 0
1112 55.600000000000001 55.649999999999999 332.11200000000002 4452 5019259 9698 133 1 5479 0.85206745762045688 12 0.92303365992830289 0.75476340910701079 7935 0.75213724634804013 12 0.96430620252430266 0.80573984263121223 941 9.520939826965332 1 14.203573226928711 8.3362253952026375 0 0 0 0 0
1113 55.649999999999999 55.700000000000003 332.298 4537 5023796 9698 133 1 5483 0.67038323009007217 12 1.0550585508404422 0.81479418593754194 7943 0.81751854135678459 12 0.97077286355991887 0.80013514300962585 942 11.448025703430176 1 14.265116691589355 8.0921199131011967 0 0 0 0 0
1114 55.700000000000003 55.75 332.19799999999998 4491 5028287 9699 133 1 5488 0.66834426493938837 12 1.0537430085846615 0.79566946690158813 7949 0.66461474352442096 12 0.94592340116790652 0.80002866169452114 943 13.169981002807617 1 14.555080413818359 8.2952044486999519 0 0 0 0 0
1115 55.75 55.800000000000004 333.17000000000002 4530 5032817 9701 133 1 5493 0.72264334275633646 12 0.86516116630492912 0.73989271245347477 7958 0.85032751010020469 12 0.98734557470312656 0.78911110614287394 943 4.8449668884277344 1 12.909197807312012 8.2420443725585937 0 0 0 0 0
1116 55.800000000000004 55.850000000000001 335.10000000000002 4505 5037322 9701 133 1 5498 0.74243752114365591 12 0.99175469648293613 0.774053912293025 7965 0.75426908822618 12 1.1219107776273951 0.85185786160924204 944 5.6498403549194336 1 14.463478088378906 9.2031501579284676 0 0 0 0 0
1117 55.850000000000001 55.899999999999999 332.78300000000002 4500 5041822 9702 133 1 5504 0.87399428042157801 12 0.98609195058316157 0.82213533066100541 7974 0.85070720035621006 12 1.0909319959511432 0.87749594886002091 945 6.3526802062988281 1 14.71513557434082 9.3041631507873532 0 0 0 0 0
1118 55.899999999999999 55.950000000000003 333.57299999999998 4504 5046326 9703 133 1 5510 0.93963903850980501 12 1.1249520665123496 0.88739041894203308 7984 1.0858243409091153 12 1.0858243409091153 0.84830723164024435 946 7.1561903953552246 1 14.701911926269531 9.2044967651367191 0 0 0 0 0
1119 55.950000000000003 56 345.673 4536 5050862 9703 133 1 5515 0.90998643920535582 12 0.96815882410322796 0.8230078602215678 7990 0.82603988669863027 12 1.1296250371363115 0.90584402254153362 947 8.1759805679321289 1 14.602612495422363 8.9903732395172113 0 0 0 0 0
1120 56 56.050000000000004 339.94499999999999 4467 5055329 9704 133 1 5520 0.92945240698163645 12 1.0479545971703925 0.77437885070604295 7998 0.86173116341107403 12 0.97159909579928061 0.82952936425304191 948 9.6443872451782227 1 14.387733459472656 8.5462273693084718 0 0 0 0 0
1121 56.050000000000004 56.100000000000001 341.71699999999998 4490 5059819 9704 133 1 5525 0.91492103395007973 12 0.93340366227286276 0.8080373577276877 8005 0.78154416352013323 12 0.93628382850815917 0.83614462381788213 949 12.329071044921875 1 13.900988578796387 7.3420735836029056 0 0 0 0 0
1122 56.100000000000001 56.149999999999999 340.89400000000001 4486 5064305 9704 133 1 5528 0.61429434352450918 12 0.93679764157249856 0.77382104173539201 8012 0.79775397020653271 12 0.83031091666623091 0.74070848346656082 950 13.859702110290527 1 14.716737747192383 8.4846205425262458 0 0 0 0 0
1123 56.149999999999999 56.200000000000003 341.44499999999999 4558 5068863 9704 133 1 5534 0.78920104673930591 12 1.0032710565461054 0.77921730187204175 8019 0.73445865308847813 12 0.99479562676404731 0.81942121670940959 950 5.0987019538879395 1 13.585261344909668 8.6736863708496088 0 0 0 0 0
1124 56.200000000000003 56.25 342.98000000000002 4504 5073367 9704 133 1 5539 0.71296128394111757 12 1.1293832763792977 0.86913059936629422 8024 0.62891239761831108 12 0.76934024315131544 0.64503495513413345 951 5.6666021347045898 1 14.7994384765625 9.4377599143981925 0 0 0 0 0
1125 56.25 56.300000000000004 335.32299999999998 4571 5077938 9705 133 1 5544 0.74140674821914188 12 0.94325320682828384 0.7654887608687081 8032 0.75046374623755063 12 0.98741795313685177 0.74452484797424223 952 7.0011496543884277 1 14.098583221435547 8.6787522411346441 0 0 0 0 0
1126 56.300000000000004 56.350000000000001 345.47800000000001 4520 5082458 9705 133 1 5550 0.88853055617165944 12 1.0071996488268413 0.80672350514502766 8038 0.69439055383586368 12 0.79873919898186985 0.70416299159514484 953 9.3462610244750977 1 13.666889190673828 7.6782617425918582 0 0 0 0 0
1127 56.350000000000001 56.399999999999999 344.02999999999997 4418 5086876 9705 133 1 5553 0.63019435935550261 12 0.87093648645612931 0.73195204284456028 8045 0.69359444747254484 12 0.95799821834086929 0.75754487433247863 954 12.396786689758301 1 13.700567245483398 6.9798772811889647 0 0 0 0 0
1128 56.399999999999999 56.450000000000003 338.21800000000002 4539 5091415 9705 133 1 5559 0.77054244232556179 12 0.97390971935930704 0.81343166628527253 8053 0.84315690371232277 12 0.88632341836460371 0.71679300451247441 954 4.5605249404907227 1 12.151313781738281 7.7581639862060543 0 0 0 0 0
1129 56.450000000000003 56.5 333.02600000000001 4459 5095874 9705 133 1 5565 0.89114685664101256 12 1.0109747553628587 0.83297851315803018 8061 0.89158478493997328 12 0.96584224124616835 0.81691960414803988 955 5.4686174392700195 1 14.282363891601562 9.1009574794769286 0 0 0 0 0
1130 56.5 56.550000000000004 336.06299999999999 4534 5100408 9706 133 1 5568 0.57432316030774799 12 1.1473950961279491 0.78985668121822306 8066 0.72250275064023883 12 0.87393024000046204 0.70793750343211026 956 6.5503158569335938 1 14.289329528808594 8.9290826034545905 0 0 0 0 0
1131 56.550000000000004 56.600000000000001 333.952 4482 5104890 9706 133 1 5573 0.63742946348493057 12 0.96969126708923825 0.73117341527863133 8073 0.75089648877523651 12 0.87753707647082813 0.72864591521286703 957 8.1793203353881836 1 14.035767555236816 8.3872302150726323 0 0 0 0 0
1132 56.600000000000001 56.649999999999999 332.07400000000001 4521 5109411 9707 133 1 5580 0.95037017928229439 12 1.009137755348569 0.80128938419478257 8078 0.6408835093783557 12 0.7730196098706934 0.64945702115300574 958 8.7785987854003906 1 15.064130783081055 9.4066948986053465 0 0 0 0 0
1133 56.649999999999999 56.700000000000003 340.69099999999997 4550 5113961 9707 133 1 5585 1.0015764652736603 12 1.0424515463057018 0.74295491055836738 8087 0.82572314068408004 12 0.95106148312324812 0.78997557436335197 959 10.276463508605957 1 14.437891006469727 8.5170629501342781 0 0 0 0 0
1134 56.700000000000003 56.75 336.625 4526 5118487 9707 133 1 5588 0.70846880617595853 12 1.0634172379024445 0.76637698748755068 8094 0.8153189730640148 12 0.88322446390255749 0.76705724315045942 960 12.387722969055176 1 14.249271392822266 7.9097846031188963 0 0 0 0 0
1135 56.75 56.800000000000004 335.08999999999997 4503 5122990 9708 133 1 5592 0.68939320908652413 12 0.8111524941429259 0.65380607277627978 8104 1.0428277113283377 12 1.0428277113283377 0.85583982697640204 961 14.457849502563477 1 14.457849502563477 7.9505043983459469 0 0 0 0 0
1136 56.800000000000004 56.850000000000001 337.26999999999998 4456 5127446 9709 133 1 5598 0.76629076306782073 12 1.0587899590295458 0.8762498016206044 8109 0.76597009913179404 12 1.0221783404226257 0.81463897686809872 961 5.3187470436096191 1 14.171565055847168 9.0480182552337638 0 0 0 0 0
1137 56.850000000000001 56.899999999999999 333.529 4523 5131969 9709 133 1 5604 0.90956252718728681 12 0.97737600311400397 0.81053703822786849 8116 0.80923046479933725 12 0.84068155689273827 0.71392759041928 962 5.8241329193115234 1 14.909667015075684 9.4996511840820315 0 0 0 0 0
1138 56.899999999999999 56.950000000000003 332.03899999999999 4510 5136479 9709 133 1 5607 0.61360131085865077 12 0.94788907066224115 0.76920213426862427 8122 0.71162185919919274 12 0.88453426593285323 0.74528454463929605 963 6.6811027526855469 1 14.574636459350586 9.1515710258483889 0 0 0 0 0
1139 56.950000000000003 57 332.01900000000001 4538 5141017 9709 133 1 5614 0.963614925505623 12 1.0649591551886664 0.76458578508997721 8128 0.67793826092396159 12 0.80209022948368414 0.68199659734781126 964 8.0012073516845703 1 14.290458679199219 8.6930549144744873 0 0 0 0 0
1140 57 57.050000000000004 331.78500000000003 4514 5145531 9709 133 1 5619 0.90299481437319806 12 0.97820256248353021 0.85366687570299415 8136 0.77152380853919489 12 0.94491988862996945 0.77221213312092718 965 8.9485340118408203 1 14.753637313842773 9.0621123981475833 0 0 0 0 0
1141 57.050000000000004 57.100000000000001 331.779 4518 5150049 9709 133 1 5624 0.88879699934096568 12 1.0430128650059776 0.80770706063225139 8142 0.67083673561587087 12 0.93854267358481236 0.74833232338904931 966 10.481339454650879 1 14.434141159057617 8.4824724006652836 0 0 0 0 0
1142 57.100000000000001 57.149999999999999 334.08999999999997 4502 5154551 9709 133 1 5628 0.81659332485426039 12 0.88460495784169146 0.70640479209877194 8148 0.63362771505207138 12 0.80029268537079123 0.68548681216571539 967 13.368320465087891 1 13.913891792297363 7.1417917442321777 0 0 0 0 0
1143 57.149999999999999 57.200000000000003 331.20400000000001 4465 5159016 9710 133 1 5633 0.7264951335059272 12 1.0428534538026839 0.88285111140637151 8156 0.7701743137870245 12 0.87125141407588569 0.72967905272761169 967 4.917933464050293 1 13.103610038757324 8.3661698627471921 0 0 0 0 0
1144 57.200000000000003 57.25 330.56099999999998 4491 5163507 9710 133 1 5638 0.71568754362681553 12 1.0243075877901107 0.80435068508935315 8163 0.7342813114995782 12 0.88892252519818193 0.7922920567687376 968 5.7548108100891113 1 14.440485000610352 9.171464567184449 0 0 0 0 0
1145 57.25 57.300000000000004 332.12400000000002 4534 5168041 9710 133 1 5645 0.91789130559043275 12 1.3156404646616133 0.91092255232826058 8172 0.85461959551494271 12 1.0453859094038467 0.85383398286177326 969 7.0336017608642578 1 14.163928985595703 8.7339553642272953 0 0 0 0 0
1146 57.300000000000004 57.350000000000001 334.75200000000001 4486 5172527 9711 133 1 5650 0.91045782301161027 12 0.96988011163378518 0.80101021070328959 8179 0.82812655164745419 12 0.90613870868828905 0.78298561101468178 970 8.1308832168579102 1 14.522066116333008 8.9136550617218013 0 0 0 0 0
1147 57.350000000000001 57.399999999999999 331.73399999999998 4471 5176998 9712 133 1 5654 0.73473875579379855 12 1.0115981537198264 0.80888845479677585 8186 0.75934505316507894 12 0.98977169338054038 0.82485281077294248 971 9.1175508499145508 1 14.734638214111328 9.0231663131713873 0 0 0 0 0
1148 57.399999999999999 57.450000000000003 333.505 4592 5181590 9713 133 1 5660 0.97259775702915496 12 1.012290215208417 0.71689248092590818 8193 0.73473989304292497 12 0.96478703804044796 0.78111675632525446 972 12.866609573364258 1 13.391706466674805 6.2883050394058229 0 0 0 0 0
1149 57.450000000000003 57.5 335.19400000000002 4467 5186057 9714 133 1 5665 0.88084407623798133 12 0.99314885172579026 0.88449000602676764 8201 0.88083501907559814 12 0.91678257760364978 0.72022570035170586 972 4.7333626747131348 1 12.611833572387695 8.0521881103515618 0 0 0 0 0
1150 57.5 57.550000000000004 331.10500000000002 4538 5190595 9714 133 1 5671 1.0317867046429052 12 1.095588795012898 0.8029427260195926 8207 0.76943289736570442 12 0.89677210563932686 0.75894047635077111 973 6.2798309326171875 1 13.699272155761719 8.4689449214935308 0 0 0 0 0
1151 57.550000000000004 57.600000000000001 330.649 4457 5195052 9714 133 1 5675 0.86038904341440348 12 1.0113559847786313 0.80461023608784388 8213 0.71698956224622512 12 0.8583923040111664 0.70056932089115154 974 7.427393913269043 1 14.370456695556641 8.8638764476776117 0 0 0 0 0
1152 57.600000000000001 57.649999999999999 331.70400000000001 4570 5199622 9715 133 1 5680 0.75433823986658977 12 1.2025824491939847 0.89864463061094302 8221 0.83843888154420199 12 0.89592835995681375 0.74462598276487713 975 8.2757501602172852 1 14.780805587768555 9.1600973701477049 0 0 0 0 0
1153 57.649999999999999 57.700000000000003 330.50099999999998 4490 5204112 9715 133 1 5685 0.73339652163641789 12 0.97037867977032588 0.81438388324446143 8226 0.65263098189598345 12 0.83593795607897936 0.72449670737647087 976 9.049534797668457 1 14.920156478881836 9.2339274978637693 0 0 0 0 0
1154 57.700000000000003 57.75 332.23000000000002 4516 5208628 9716 133 1 5691 0.85873533619774711 12 1.0049935075498762 0.82829132746018119 8234 0.78788249636854502 12 0.8910966028156605 0.73096145361314735 977 9.8343353271484375 1 14.967479705810547 9.2230184841156007 0 0 0 0 0
1155 57.75 57.800000000000004 331.31799999999998 4512 5213140 9717 133 1 5695 0.74852570110843297 12 0.88891935499296304 0.74403193559379344 8240 0.61984526939026319 12 0.95298013083095356 0.81501120646623448 978 10.807206153869629 1 14.882902145385742 9.0368247032165527 0 0 0 0 0
1156 57.800000000000004 57.850000000000001 333.27699999999999 4493 5217633 9717 133 1 5700 0.75191965167381103 12 1.0485233701543795 0.79029070058918838 8247 0.66976876648949502 12 0.89769090142212338 0.70733079945385724 979 12.081727027893066 1 14.75665283203125 8.738183422088623 0 0 0 0 0
1157 57.850000000000001 57.899999999999999 332.65499999999997 4533 5222166 9719 133 1 5706 0.95787444200536742 12 0.95787444200536742 0.7484786838659323 8256 0.83207173521262512 12 1.0428502235955244 0.81228752068391341 980 14.345279693603516 1 14.345279693603516 7.759005069732666 0 0 0 0 0
1158 57.899999999999999 57.950000000000003 330.678 4480 5226646 9720 133 1 5710 0.80064523224728112 12 0.93890726077739917 0.79058288561429702 8261 0.6422774801361989 12 0.85563859569840206 0.7284433079453112 980 5.2773351669311523 1 14.061223983764648 8.9775701427459715 0 0 0 0 0
1159 57.950000000000003 58 330.58999999999997 4518 5231164 9720 133 1 5715 0.79613176290900267 12 0.9799499626489474 0.7981193370369748 8269 0.73658284407393326 12 0.99428272859241063 0.77149945577838897 981 5.966733455657959 1 14.675789833068848 9.3174729633331292 0 0 0 0 0
1160 58 58.050000000000004 332.63400000000001 4515 5235679 9720 133 1 5719 0.68459287064298036 12 0.92206832554051832 0.7453479585201106 8276 0.78295657135553398 12 0.86316187200064476 0.71084523265662658 982 7.0142116546630859 1 14.410219192504883 8.9629648780822748 0 0 0 0 0
1161 58.050000000000004 58.100000000000001 333.31200000000001 4567 5240246 9722 133 1 5725 0.89191173995355455 12 1.0678121606742934 0.7471283179831657 8284 0.8650820956580979 12 0.95606355556776002 0.78355784330916178 983 8.0139856338500977 1 14.602426528930664 9.0101925754547114 0 0 0 0 0
1162 58.100000000000001 58.149999999999999 333.31299999999999 4475 5244721 9722 133 1 5730 0.98031427269301818 12 1.1276297675723028 0.70612930174079092 8290 0.77204762025724993 12 0.92430876039900167 0.74075595298874619 984 9.0745458602905273 1 14.665140151977539 8.9500089073181144 0 0 0 0 0
1163 58.149999999999999 58.200000000000003 330.803 4581 5249302 9722 133 1 5734 0.87446076137048867 12 0.98595171689465577 0.73971928481991744 8297 0.76122413998917138 12 0.9832721279306702 0.76747243722668368 985 10.109021186828613 1 14.782262802124023 8.9758359336853033 0 0 0 0 0
1164 58.200000000000003 58.25 330.75599999999997 4512 5253814 9724 133 1 5739 0.80017209204820683 12 1.0214816653259955 0.86719908800163736 8304 0.72648088048063442 12 1.0004568713839188 0.79115383428541863 986 11.053494453430176 1 14.920654296875 9.064943161010742 0 0 0 0 0
1165 58.25 58.300000000000004 333.46499999999997 4409 5258223 9724 133 1 5745 0.95022741809369415 12 1.0501636485801484 0.80382112126228888 8310 0.59755069466636135 12 0.94999228739038211 0.77629385997933209 987 11.113351821899414 1 15.613674163818359 9.9407394981384272 0 0 0 0 0
1166 58.300000000000004 58.350000000000001 333.33300000000003 4527 5262750 9724 133 1 5749 0.81813747767652911 12 0.93141166402046194 0.76569412406756032 8319 0.84075368041828269 12 0.9291764975829373 0.73219377842792033 988 12.695596694946289 1 14.603410720825195 8.4335254573822027 0 0 0 0 0
1167 58.350000000000001 58.399999999999999 332.92399999999998 4577 5267327 9725 133 1 5752 0.5955822400407812 12 0.80395186437794675 0.69652766474750849 8324 0.60046980159592689 12 0.93235356942968084 0.77842976758193483 988 4.6704511642456055 1 12.444207191467285 7.9451659488677979 0 0 0 0 0
1168 58.399999999999999 58.450000000000003 331.786 4465 5271792 9725 133 1 5757 0.60808122425082567 12 0.99212052594391065 0.78127635207300206 8331 0.65468170499381162 12 0.96966338160301979 0.70308525013275047 989 5.8247876167297363 1 14.042978286743164 8.8571649742126457 0 0 0 0 0
1169 58.450000000000003 58.5 331.798 4542 5276334 9725 133 1 5762 0.65616624139473267 12 0.88573168162326588 0.74604501470855866 8339 0.71457925301951331 12 0.92893641619263467 0.80556432897646335 990 6.9619894027709961 1 14.302940368652344 8.8741312026977539 0 0 0 0 0
1170 58.5 58.550000000000004 336.82400000000001 4477 5280811 9727 133 1 5768 0.78152314069123197 12 1.0508644884262011 0.82827336887446013 8346 0.67374821439184052 12 1.0888269764144678 0.79718096365779645 991 8.8112983703613281 1 13.957746505737305 8.1691201686859127 0 0 0 0 0
1171 58.550000000000004 58.600000000000001 332.13499999999999 4552 5285363 9727 133 1 5774 0.92901743027525585 12 1.1037315906300877 0.80635669729757764 8353 0.71071109967557966 12 0.8817787264045831 0.72016226476420808 992 12.565587043762207 1 13.342598915100098 6.283127775192261 0 0 0 0 0
1172 58.600000000000001 58.649999999999999 333.14499999999998 4579 5289942 9727 133 1 5779 0.89326556145757496 12 0.98721110253724476 0.82904636005564913 8360 0.68139031552835494 12 0.8933961505145841 0.78578532030330206 992 4.6226210594177246 1 12.316771507263184 7.8638009071350101 0 0 0 0 0
1173 58.649999999999999 58.700000000000003 332.61900000000003 4491 5294433 9727 133 1 5783 0.70005767307789801 12 1.0250070738458816 0.82620298673585868 8370 0.93767146970195747 12 0.95661367858395085 0.82735411671141323 993 5.8071937561035156 1 14.000556945800781 8.8272335529327393 0 0 0 0 0
1174 58.700000000000003 58.75 330.24200000000002 4519 5298952 9728 133 1 5787 0.5541312164738057 12 1.0294244365103458 0.77939280014318102 8376 0.80556289389842772 12 1.007939022724718 0.77944059979759528 994 6.7665553092956543 1 14.46876049041748 9.0501991081237794 0 0 0 0 0
1175 58.75 58.800000000000004 336.57900000000001 4471 5303423 9728 133 1 5792 0.64750564524133425 12 0.85113600227613739 0.70120699821057786 8383 0.82497425650174072 12 0.94894621724686024 0.73753888209794349 995 9.1258888244628906 1 13.614224433898926 7.6641793632507325 0 0 0 0 0
1176 58.800000000000004 58.850000000000001 330.88499999999999 4538 5307961 9728 133 1 5798 0.77928564023414137 12 1.0180256480264014 0.82191440044904907 8390 0.81886576084641116 12 0.87973117977538073 0.76280450878806993 996 11.626955032348633 1 13.919991493225098 7.5238603401184081 0 0 0 0 0
1177 58.850000000000001 58.899999999999999 332.07499999999999 4497 5312458 9730 133 1 5802 0.63043635379940732 12 0.94050043703077268 0.78228638270432782 8396 0.69564228729903188 12 0.92042499330341954 0.77064402187476122 996 4.2773194313049316 1 11.396725654602051 7.2763867473602293 0 0 0 0 0
1178 58.899999999999999 58.950000000000003 332.07400000000001 4599 5317057 9730 133 1 5809 0.87496961960718245 12 1.0950333447683629 0.86901487694730351 8404 0.74612658699828205 12 0.94938207086087878 0.81488364364765853 997 5.5988483428955078 1 13.770938873291016 8.691643042564392 0 0 0 0 0
1179 58.950000000000003 59 333.26999999999998 4460 5321517 9732 133 1 5813 0.75796274486042714 12 0.8775803598146682 0.75076144049092819 8411 0.7734150545896461 12 0.92594587604252332 0.72974026997376729 998 6.7834458351135254 1 14.217660903930664 8.8272082805633545 0 0 0 0 0
1180 59 59.050000000000004 331.14400000000001 4533 5326050 9732 133 1 5818 0.85313152143406668 12 0.85313152143406668 0.69943044787125319 8417 0.69271873135841722 12 0.85682686314164891 0.72854081326872133 999 8.2650852203369141 1 14.182939529418945 8.5331283187866216 0 0 0 0 0
1181 59.050000000000004 59.100000000000001 330.63499999999999 4558 5330608 9732 133 1 5821 0.62299065640758022 12 0.89883031979912964 0.70403773478335907 8425 0.78093580945080476 12 0.87186346040431284 0.77752696411042987 1000 10.674474716186523 1 13.844046592712402 7.6146209621429444 0 0 0 0 0
1182 59.100000000000001 59.149999999999999 331.79199999999997 4453 5335061 9734 133 1 5825 0.4850961846107294 12 1.1014104628018921 0.77144080583213148 8432 0.73088924745205264 12 0.94212945488719035 0.80630464742873098 1001 12.363706588745117 1 14.508943557739258 8.3276024913787836 0 0 0 0 0
1183 59.149999999999999 59.200000000000003 331.20800000000003 4547 5339608 9735 133 1 5832 0.75702928829317306 12 1.029330834007216 0.84188818285448719 8439 0.70323935521553693 12 0.993252686787642 0.78413111363087962 1002 14.449014663696289 1 14.449014663696289 7.9354749774932865 0 0 0 0 0
1184 59.200000000000003 59.25 332.50200000000001 4495 5344103 9736 133 1 5836 0.67901497801751021 12 0.89185328407597442 0.71215742262235526 8447 0.79581139689664249 12 0.90920564025954409 0.77321549400993983 1002 5.3154959678649902 1 14.162904739379883 9.0424894428253175 0 0 0 0 0
1185 59.25 59.300000000000004 332.64400000000001 4512 5348615 9736 133 1 5842 0.82994234924932708 12 0.99271993572631523 0.80295776436862998 8455 0.88779474501295585 12 0.88779474501295585 0.77379832349603872 1003 6.5856690406799316 1 14.081976890563965 8.7424849414825445 0 0 0 0 0
1186 59.300000000000004 59.350000000000001 336.90800000000002 4480 5353095 9736 133 1 5847 0.82562100568588537 12 1.0928050924539714 0.79792911521169296 8464 0.9518959851847657 12 1.07294325848028 0.90951049717262589 1004 8.4277887344360352 1 13.89507007598877 8.1762400531768797 0 0 0 0 0
1187 59.350000000000001 59.399999999999999 332.75400000000002 4530 5357625 9736 133 1 5853 0.83818622685147504 12 1.2140542906346372 0.93994101135559815 8470 0.81658760692419563 12 1.021605790482619 0.78260841150117177 1005 10.888546943664551 1 13.84205436706543 7.5637662601470943 0 0 0 0 0
1188 59.399999999999999 59.450000000000003 332.59699999999998 4481 5362106 9736 133 1 5858 0.86318344043274198 12 0.97323655569146339 0.76890260431595736 8477 0.7897344646846548 12 0.93858042349687842 0.78334231156105416 1006 13.710288047790527 1 13.98725414276123 7.2063821601867675 0 0 0 0 0
1189 59.450000000000003 59.5 333.46499999999997 4575 5366681 9736 133 1 5862 0.82445933402155669 12 0.86386820904729011 0.67325874537339425 8485 0.90440811807925059 12 0.97973360264812537 0.75133405731304137 1007 14.748349189758301 1 15.046285629272461 8.9722866058349613 0 0 0 0 0
1190 59.5 59.550000000000004 332.99599999999998 4492 5371173 9736 133 1 5867 0.83477652686986492 12 0.97961930760938853 0.78343642893013365 8491 0.79814997733147575 12 0.88650425617822626 0.7538477965608763 1007 5.4256167411804199 1 14.45631217956543 9.2298193836212157 0 0 0 0 0
1191 59.550000000000004 59.600000000000001 332.16399999999999 4508 5375681 9736 133 1 5873 0.85612937534693945 12 1.0692604346636796 0.93124099369340807 8497 0.69471255710510538 12 0.87160704809615186 0.75105512041923161 1008 6.2701940536499023 1 14.524065017700195 9.1638403320312491 0 0 0 0 0
1192 59.600000000000001 59.649999999999999 331.94099999999997 4506 5380187 9736 133 1 5879 0.97811784336797236 12 1.0809873153660838 0.83160834491355828 8506 0.88708128138996845 12 0.98037641424598954 0.78252136823443363 1009 7.3225197792053223 1 14.453755378723145 8.9581612586975101 0 0 0 0 0
1193 59.649999999999999 59.700000000000003 332.303 4542 5384729 9736 133 1 5883 0.79805025033288401 12 0.95874981338782361 0.81319375291439244 8511 0.6448385524587239 12 0.90969852040434229 0.78036895390100669 1010 8.0198116302490234 1 14.908248901367188 9.309657974243164 0 0 0 0 0
1194 59.700000000000003 59.75 332.13799999999998 4494 5389223 9736 133 1 5889 0.93120691177792025 12 1.0785738764587061 0.82055131004245696 8518 0.69598947766589903 12 0.83334765279130685 0.70611561062538186 1011 9.3267135620117188 1 14.481649398803711 8.7061257648468011 0 0 0 0 0
1195 59.75 59.800000000000004 330.82400000000001 4595 5393818 9736 133 1 5893 0.77586137087557328 12 0.99974423749479757 0.78871803147344333 8524 0.62769984590151184 12 0.83052827906582738 0.71625773803448456 1012 12.570569038391113 1 13.617534637451172 6.7884746646881107 0 0 0 0 0
1196 59.800000000000004 59.850000000000001 333.59500000000003 4455 5398273 9737 133 1 5898 0.86083111375051535 12 0.89850561403909912 0.70952785860750356 8534 0.93732869206248182 12 0.99290938253554006 0.77453801468835592 1012 4.624455451965332 1 12.3216552734375 7.8669202804565428 0 0 0 0 0
1197 59.850000000000001 59.899999999999999 333.572 4560 5402833 9737 133 1 5904 0.98510757867272714 12 1.088712188654587 0.82934307076822111 8539 0.63924680764635899 12 1.0961176482331316 0.83565152003346799 1013 6.7170882225036621 1 13.25870418548584 7.9282256746292115 0 0 0 0 0
1198 59.899999999999999 59.950000000000003 332.64600000000002 4467 5407300 9737 133 1 5905 0.45771929601707201 12 0.96560113818820015 0.68086238973855018 8547 0.71396149548047494 12 0.90517602733059543 0.79089489255391243 1014 8.9762783050537109 1 13.661547660827637 7.7633268260955814 0 0 0 0 0
1199 59.950000000000003 60 331.63 4532 5411832 9738 133 1 5910 0.53908577119200907 12 0.943762442028519 0.71309519696676171 8553 0.65955842854109015 12 0.81998101655343492 0.7025095298453421 1015 10.936110496520996 1 14.183368682861328 8.05970142364502 0 0 0 0 0
