0 0 0.050000000000000003 342.80099999999999 6261 6261 2129 510 1 1058 105.45774611215742 126 109.59114873976935 63.529783457498709 1593 108.68489610826647 185 110.52293280524177 64.614503717783322 3 22.082816123962402 2 26.437929153442383 8.1372656154632566 0 0 0 0 0
1 0.050000000000000003 0.10000000000000001 345.19299999999998 10085 16346 5660 510 1 2209 155.33324529254247 126 155.33324529254247 133.3200064874074 3305 157.92565851984799 185 157.92565851984799 136.33107819263353 6 25.683146476745605 2 37.556058883666992 26.435550317764282 0 0 0 0 0
2 0.10000000000000001 0.14999999999999999 344.49299999999999 9650 25996 6698 510 1 3279 166.27673969571552 126 169.66333758641804 159.00682772924031 4927 170.45775674355997 185 172.9041219350454 162.94413319025813 10 31.893755912780762 2 42.193405151367188 33.851299724578858 1 8.781097412109375 1 9.9006595611572266 1.3064171600341796
3 0.14999999999999999 0.20000000000000001 341.82799999999997 9659 35655 7165 510 1 4349 167.93283722892639 126 174.96546463739304 168.2016373649476 6544 172.65115661621093 185 178.83151319349133 172.63923285736911 14 35.929988861083984 2 44.454494476318359 36.003996734619143 1 3.23038649559021 1 8.6072196960449219 5.495390658378601
4 0.20000000000000001 0.25 343.21199999999999 9900 45555 7437 510 1 5486 176.75856151278057 126 176.75856151278057 171.73838251991879 8258 181.49938214276287 185 181.91804916794234 176.5372153336809 18 38.123233795166016 2 45.641792297363281 37.828614616394042 1 1.1883938312530518 1 3.1664206981658936 2.021642577648163
5 0.25 0.29999999999999999 343.43000000000001 9747 55302 7646 510 1 6568 175.18698083786737 126 177.9655301533048 173.30193775237552 9885 179.51621943293392 185 182.07414097141574 177.85527538897534 21 30.767562866210938 2 44.990926742553711 37.282367038726804 1 0.43718576431274414 1 1.1648620367050171 0.7437212026119232
6 0.29999999999999999 0.35000000000000003 346.73099999999999 9567 64869 7771 510 1 7628 169.99768199617901 126 177.97459338960192 173.39151196434389 11510 177.00748794143266 185 181.9643173630173 178.15936614330397 26 42.258813858032227 2 45.24091911315918 38.623270893096922 1 0.16083168983459473 1 0.42852890491485596 0.27359980911016463
7 0.35000000000000003 0.40000000000000002 350.58999999999997 9892 74761 7898 510 1 8769 177.5392098805261 126 178.12572866772848 173.64470424833752 13207 182.15624925768054 185 182.15624925768054 178.36197337547506 29 34.100078582763672 2 46.030288696289062 38.077423934936526 2 4.5078206062316895 1 10.032337188720703 5.6963334304094317
8 0.40000000000000002 0.45000000000000001 344.471 9699 84460 7995 510 1 9848 174.93592664930554 126 178.67916337270586 173.84714786347885 14836 179.68556823730469 185 182.16009208060601 178.55413158024967 33 36.07869815826416 2 45.849233627319336 38.041101837158202 2 1.65833580493927 1 4.4185600280761719 2.8210872006416321
9 0.45000000000000001 0.5 344.19999999999999 9676 94136 8088 510 1 10914 170.62277064247738 126 178.45874568394251 173.476467907618 16458 176.71066968763196 185 182.15261519148544 178.29655214216902 36 29.726799011230469 2 45.952503204345703 36.288584480285643 2 0.61006802320480347 1 1.6254985332489014 1.0378207027912141
10 0.5 0.55000000000000004 345.012 9907 104043 8169 510 1 12052 177.71655818394251 126 178.29262312631758 173.61180915227015 18150 181.39463558712521 185 181.72345556310705 178.28161069962781 41 41.752162933349609 2 47.600917816162109 38.094483070373535 2 0.22443157434463501 1 0.59798789024353027 0.38179313510656354
11 0.55000000000000004 0.59999999999999998 342.76400000000001 9699 113742 8232 510 1 13132 175.19251311771453 126 178.32341257731119 173.927426798987 19785 179.72332969871727 185 181.58980218010979 178.41136897401555 44 33.761651039123535 2 48.391561508178711 37.910880718231198 2 0.082563772797584534 1 0.21998752653598785 0.14045386433601378
12 0.59999999999999998 0.65000000000000002 343.28800000000001 9644 123386 8287 510 1 14199 170.83189864385696 126 178.25009385366289 173.68219748602974 21403 176.35001905286634 185 181.48878734691723 178.25857479940879 48 35.955554008483887 2 46.631547927856445 37.827956542968749 3 5.1475439071655273 1 9.9594259262084961 4.9854986450076106
13 0.65000000000000002 0.70000000000000007 344.60300000000001 9956 133342 8343 510 1 15337 177.96968223935082 126 178.46870446583583 173.56824795677551 23098 181.48372777990392 185 181.53376118428 178.16066740788636 52 38.564888000488281 2 45.682504653930664 37.416674385070799 3 1.8936762809753418 1 5.0456156730651855 3.2214387059211731
14 0.70000000000000007 0.75 343.07600000000002 9666 143008 8373 510 1 16411 174.75666857522631 126 178.29939851306733 173.65708923582051 24733 179.90594960805532 185 181.78890785011086 178.3187160034179 56 40.990976333618164 2 44.795612335205078 37.598083477020261 3 0.69664502143859863 1 1.8561789989471436 1.1851015734672545
15 0.75 0.80000000000000004 342.07900000000001 9664 152672 8416 510 1 17481 171.00417109898157 126 178.10121578640408 173.55627669561471 26352 176.70588040738491 185 181.85198207545926 178.19510818069045 59 33.583395957946777 2 44.435188293457031 37.333747272491458 4 6.2613368034362793 1 10.323196411132812 4.4907684087753292
16 0.80000000000000004 0.84999999999999998 345.58699999999999 9900 162572 8464 510 1 18616 177.59945424397787 126 178.21737368144687 173.62907255869067 28047 181.48459134488493 185 181.9215947331609 178.51205206133866 63 36.9376220703125 2 43.889669418334961 36.679210472106931 4 2.3034179210662842 1 6.1373538970947266 3.9184733486175536
17 0.84999999999999998 0.90000000000000002 348.75299999999999 9670 172242 8505 510 1 19693 174.85993230910529 126 177.66544765896268 173.6644985138424 29687 180.07669281830658 185 181.79180198875633 178.6910623960753 67 38.00098705291748 2 47.352136611938477 38.947239475250242 5 8.7928466796875 1 10.956560134887695 3.5752469182014464
18 0.90000000000000002 0.95000000000000007 341.31700000000001 9684 181926 8541 510 1 20760 170.58241841149709 126 177.87741270519439 173.59987336416097 31303 176.3618706780511 185 181.67451056403084 178.38040456740916 71 40.248783111572266 2 47.066188812255859 37.774601612091061 5 3.2347090244293213 1 8.6187362670898438 5.5027440452575682
19 0.95000000000000007 1 343.31299999999999 9913 191839 8588 510 1 21902 178.07143038795107 126 178.46414305671814 173.85536504351899 32997 181.31563893911002 185 181.31563893911002 178.23063514833186 74 32.778343200683594 2 47.685897827148438 37.395990447998045 5 1.1899834871292114 1 3.1706576347351074 2.0243474435806275
20 1 1.05 343.67000000000002 9751 201590 8622 510 1 22979 175.13263702392578 126 178.24615054660373 173.86178699311753 34637 180.01804925042231 185 181.50292457374366 178.58185018178577 79 45.716485977172852 2 48.297445297241211 37.190808620452884 5 0.43777066469192505 1 1.1664202213287354 0.74471611738204957
21 1.05 1.1000000000000001 351.76900000000001 9623 211213 8655 510 1 24046 170.6965362306625 126 178.32926795596168 173.75687873234818 36253 176.38966815020586 185 181.38287015347868 178.29482403399496 82 37.203173637390137 2 48.249908447265625 38.428467292785648 6 6.2874116897583008 1 10.160923004150391 4.2086581397056584
22 1.1000000000000001 1.1500000000000001 342.57900000000001 9861 221074 8694 510 1 25188 178.10847545805433 126 178.73534344869947 173.93167114984425 37948 181.37577762088259 185 181.37577762088259 178.30672277172189 86 39.576450347900391 2 47.921972274780273 37.650370979309081 6 2.31300950050354 1 6.1629128456115723 3.9347908878326416
23 1.1500000000000001 1.2 344.75200000000001 9706 230780 8710 510 1 26269 175.63683052668495 126 178.3177252875434 174.03421829708029 39587 180.10834185626055 185 181.3777370143581 178.44388978040544 89 32.894051551818848 2 46.670082092285156 36.61579682350159 7 5.6700787544250488 1 11.648794174194336 6.6763877844810482
24 1.2 1.25 345.61500000000001 9644 240424 8740 510 1 27334 170.73940785725912 126 178.65590825156559 173.8961438521128 41212 177.30907526789485 185 181.52963949667441 178.44694706932273 94 45.496818542480469 2 47.831783294677734 37.522841758728028 7 2.0859065055847168 1 5.5578036308288574 3.5484520339965822
25 1.25 1.3 341.07600000000002 9912 250336 8772 510 1 28473 177.85841248527404 126 178.57100701710536 173.74549905201741 42897 181.00115612133129 185 181.19350272513725 178.50677393237964 97 36.793025970458984 2 46.773099899291992 38.617046813964841 7 0.76736241579055786 1 2.0446028709411621 1.3054031074047088
26 1.3 1.3500000000000001 346.077 9751 260087 8802 510 1 29554 175.44786883157397 126 178.62042115226623 173.9737275720021 44544 180.59294087177997 185 181.24339525377428 178.45809889344906 101 39.58460807800293 2 46.69325065612793 37.236245517730715 7 0.28229707479476929 1 0.75216764211654663 0.48023124396800992
27 1.3500000000000001 1.4000000000000001 344.077 9583 269670 8826 510 1 30618 170.60279579768104 126 177.51738448370071 173.68558588179323 46157 176.57392017261401 185 181.16932447278822 178.35725058230838 105 41.999408721923828 2 46.476394653320312 37.609271373748783 8 4.2104768753051758 1 10.151034355163574 6.1109690475463871
28 1.4000000000000001 1.45 342.54300000000001 9845 279515 8843 510 1 31758 177.84115491594588 126 178.39203098842077 173.78606612190364 47845 180.80669407200168 185 180.93367342562289 178.29579879513304 109 43.774408340454102 2 45.560874938964844 38.242697830200193 8 1.5489485263824463 1 4.1271038055419922 2.635002944469452
29 1.45 1.5 343.11399999999998 9748 289263 8865 510 1 32835 174.86976078578405 126 178.77062358553448 173.89406433832082 49483 179.35491794895481 185 181.17554609968855 178.51829313041068 112 35.488775253295898 2 45.115070343017578 38.203052845001224 9 5.4863500595092773 1 11.048149108886719 6.1018399977684021
30 1.5 1.55 341.10500000000002 9679 298942 8878 510 1 33906 171.04354906839038 126 178.53030092754062 173.78799036419579 51103 176.32357788085938 185 181.22801827095651 178.1361722577069 116 38.852845191955566 2 44.064103126525879 36.669458160400389 9 2.0183155536651611 1 5.3777132034301758 3.4334702491760254
31 1.55 1.6000000000000001 346.11599999999999 9845 308787 8906 510 1 35042 177.59794156513516 126 178.64747159443203 173.82829471406487 52795 180.86284732303105 185 181.3164365201383 178.42479102057388 120 40.04807186126709 2 47.946243286132812 38.81668704986572 10 6.2858619689941406 1 11.226787567138672 5.7749856376647948
32 1.6000000000000001 1.6500000000000001 342.86599999999999 9688 318475 8917 510 1 36123 175.29261295379155 126 177.91039748418899 173.86956119355705 54437 179.81512508907835 185 181.37986087283574 178.55069746027763 123 31.980170249938965 2 47.708799362182617 37.987494258880616 10 2.3124403953552246 1 6.1613936424255371 3.9338212823867797
33 1.6500000000000001 1.7 343.07799999999997 9717 328192 8932 510 1 37192 171.3144044421968 126 177.79715377565415 173.62101331196135 56064 176.99110371357685 185 181.92417940706821 178.6876806624129 127 34.210297584533691 2 46.330842971801758 37.792102279663084 10 0.85069966316223145 1 2.266650915145874 1.4471726191043854
34 1.7 1.75 343.08999999999997 9808 338000 8951 510 1 38326 177.54171692378938 126 178.07470739455451 173.83465353345113 57755 181.34587064175992 185 181.69263940759606 178.49934931079761 131 37.4892578125 2 47.614297866821289 36.753716287612917 10 0.31295514106750488 1 0.83385467529296875 0.53238534808158877
35 1.75 1.8 347.00999999999999 9744 347744 8968 510 1 39408 175.31847090948196 126 177.6214103093223 173.94702795846123 59392 179.70947471824852 185 181.13935068491344 178.59296320239918 135 38.95436954498291 2 46.647581100463867 38.549487094879147 11 4.4756941795349121 1 10.16206169128418 5.8787464296817777
36 1.8 1.8500000000000001 346.38499999999999 9633 357377 8985 510 1 40474 170.9335218157087 126 177.98319607689268 173.54751113407201 61015 176.74879051414695 185 181.1890168885927 178.39054897328967 138 31.409317970275879 2 45.929353713989258 37.469862403869627 11 1.6465167999267578 1 4.3870697021484375 2.8009813499450682
37 1.8500000000000001 1.9000000000000001 342.79000000000002 9817 367194 9001 510 1 41611 177.80546182299418 126 178.05953555636935 173.67264253404406 62704 181.048083166174 185 181.16844226734059 178.33805443511133 143 43.404096603393555 2 45.120134353637695 38.124768562316895 12 5.7228894233703613 1 11.072601318359375 5.9642526340484618
38 1.9000000000000001 1.95 343.553 9765 376959 9016 510 1 42688 174.85092756483289 126 178.38288964165582 173.87737461392837 64345 179.88538422455659 185 181.34232416926204 178.55642108649172 146 35.293286323547363 2 44.866554260253906 38.02998737335205 12 2.1053342819213867 1 5.6095685958862305 3.581501908302307
39 1.95 2 343.40100000000001 9634 386593 9030 510 1 43755 170.47271595303974 126 178.59142061263796 173.69957069033666 65968 176.82724130991343 185 181.50065687024914 178.4870362812764 150 37.413527488708496 2 44.727758407592773 37.900892925262454 12 0.77450960874557495 1 2.0636458396911621 1.3175615000724792
40 2 2.0499999999999998 343.82799999999997 9865 396458 9044 510 1 44898 178.1161861116924 126 178.33789994981555 173.86118056039962 67658 181.0740613782728 185 181.18871542440877 178.49811077880861 153 31.315560340881348 2 43.125520706176758 36.037188186645508 12 0.28492623567581177 1 0.75917327404022217 0.48470394551753998
41 2.0499999999999998 2.1000000000000001 343.38799999999998 9718 406176 9054 510 1 45975 175.03743828667535 126 178.54463643876332 174.00034669906373 69304 180.32232121648016 185 181.39986943425359 178.690099107897 158 43.850423812866211 2 46.561981201171875 37.590065269470216 13 4.3790383338928223 1 10.143457412719727 5.9466900748014453
42 2.1000000000000001 2.1499999999999999 342.44900000000001 9684 415860 9062 510 1 47048 171.51598636687748 126 178.23812793550036 173.8037305147686 70921 176.64364302351669 185 181.56752278095968 178.4527344706768 161 35.768197059631348 2 47.325962066650391 38.001681690216067 13 1.6109585762023926 1 4.2923274040222168 2.7404920363426211
43 2.1499999999999999 2.2000000000000002 343.87700000000001 9806 425666 9074 510 1 48184 177.9211663140191 126 178.02726951478019 173.97601771036781 72610 180.80175632786106 185 181.67609508617505 178.47782116204334 165 38.397367477416992 2 46.633354187011719 37.397035217285158 14 5.6084814071655273 1 11.070455551147461 6.0423162508010861
44 2.2000000000000002 2.25 342.00599999999997 9777 435443 9089 510 1 49267 175.59825206938245 126 178.39007253495473 174.20442937941777 74255 179.89592928499789 185 181.56453362542229 178.7345351760452 168 31.195887565612793 2 48.050743103027344 37.129702453613284 14 2.0632457733154297 1 5.4974260330200195 3.5099025630950926
45 2.25 2.3000000000000003 342.35700000000003 9685 445128 9102 510 1 50334 171.10475582546658 126 177.81329793778676 173.81370692419625 75878 176.67888323809649 185 181.64728311074748 178.6443522586307 173 42.450738906860352 2 47.267328262329102 38.857319507598874 15 5.297551155090332 1 11.556453704833984 6.7979314160346984
46 2.3000000000000003 2.3500000000000001 341.31200000000001 9872 455000 9118 510 1 51469 177.37644401429191 126 177.77875857883029 173.94944824460947 77567 180.81358988993875 185 181.3051788330078 178.50099749425939 176 34.472391128540039 2 46.532857894897461 37.89883434295654 15 1.9488611221313477 1 5.192652702331543 3.3153163194656372
47 2.3500000000000001 2.3999999999999999 345.17599999999999 9758 464758 9131 510 1 52550 174.8926490904793 126 177.91130235460071 174.04624617803663 79207 179.623614666913 185 181.22864643818625 178.47531278373094 180 37.487736701965332 2 45.812918663024902 37.014703102111817 15 0.71694624423980713 1 1.9102710485458374 1.2196372914314271
48 2.3999999999999999 2.4500000000000002 342.10700000000003 9632 474390 9139 510 1 53620 171.02503785632905 126 178.06514485677084 173.67024520874028 80829 176.45811553130278 185 181.10776391931483 178.48520823875631 184 39.260261535644531 2 45.392074584960938 38.245146598815921 16 4.9874939918518066 1 10.453462600708008 5.772014964818954
49 2.4500000000000002 2.5 341.435 9851 484241 9149 510 1 54755 177.3790770031157 126 178.04247344486296 173.86792056613496 82522 181.06037267736485 185 181.51608730006862 178.47053699885183 188 40.722956657409668 2 45.269552230834961 38.551882934570315 16 1.8347975015640259 1 4.8887348175048828 3.1212763214111328
50 2.5 2.5500000000000003 342.13400000000001 9761 494002 9155 510 1 55838 175.14503575885107 126 178.35148717486669 174.11644675845193 84161 179.71109503668708 185 181.1643455711571 178.52492277073222 191 32.913344383239746 2 46.337539672851562 37.731778182983398 16 0.67498469352722168 1 1.7984660863876343 1.1482540309429168
51 2.5500000000000003 2.6000000000000001 341.50400000000002 9647 503649 9166 510 1 56909 171.16901603577628 126 177.50925191243491 173.93630651564825 85783 176.61549740353146 185 181.70553844555005 178.41600767723284 196 45.723733901977539 2 46.647415161132812 37.317280826568606 17 7.8822340965270996 1 10.22270393371582 2.8645810937881468
52 2.6000000000000001 2.6499999999999999 345.20100000000002 9837 513486 9177 510 1 58041 177.10390956818111 126 178.25964960976253 173.80670160202754 87470 180.64510060903189 185 181.65055377032306 178.38884034192881 199 37.42540454864502 2 45.711484909057617 38.215624771118165 17 2.8997130393981934 1 7.7261552810668945 4.9328639125823974
53 2.6499999999999999 2.7000000000000002 341.13400000000001 9723 523209 9183 510 1 59127 175.5843981788272 126 177.82593996562656 173.88523044646729 89109 179.42331757416596 185 181.34655341071053 178.39869928308434 203 39.954081535339355 2 46.61766242980957 37.496525821685793 17 1.0667451620101929 1 2.8422949314117432 1.8147001457214356
54 2.7000000000000002 2.75 340.827 9717 532926 9200 510 1 60193 170.97768426319911 126 177.20640697176495 173.76707032218812 90735 176.7380760399071 185 181.45176218393686 178.44217242431642 206 32.566557884216309 2 48.239452362060547 37.313907337188724 17 0.39243382215499878 1 1.0456222295761108 0.66759105205535885
55 2.75 2.8000000000000003 339.947 9812 542738 9211 510 1 61323 176.78235250806051 126 177.50168694390192 173.61816698104613 92428 181.15955992002745 185 181.86101453626478 178.64951110509924 211 45.705472946166992 2 47.570747375488281 36.992024192810057 17 0.14436843991279602 1 0.38466310501098633 0.24559316605329515
56 2.8000000000000003 2.8500000000000001 342.64600000000002 9773 552511 9221 510 1 62412 175.71429625011626 126 177.51928832039002 173.91446295601986 94074 180.42696013579499 185 181.56031007508975 178.67115029164913 214 36.89979362487793 2 47.856443405151367 38.717923545837401 18 3.9987132549285889 1 10.033928871154785 6.1840691006183626
57 2.8500000000000001 2.8999999999999999 343.98500000000001 9714 562225 9235 510 1 63480 171.38500128851996 126 177.54660324823288 173.80987507653614 95695 177.08572998046876 185 181.74930626121727 178.55108717799831 218 38.979110717773438 2 45.753084182739258 37.941409111022949 18 1.4710448980331421 1 3.9195334911346436 2.5024768733978271
58 2.8999999999999999 2.9500000000000002 340.83199999999999 9822 572047 9246 510 1 64617 178.01011548723494 126 178.01011548723494 173.91701020740334 97384 181.2099695978938 185 181.56737431706608 178.5113626049145 222 41.190282821655273 2 45.365188598632812 37.810861186981199 18 0.54116731882095337 1 1.4419162273406982 0.92061004996299745
59 2.9500000000000002 3 343.18900000000002 9718 581765 9260 510 1 65693 174.99680255708239 126 178.22714790465341 173.7768430316259 99022 179.66682153650231 185 181.52244254447319 178.60875129328551 226 42.912798881530762 2 45.731904983520508 38.294654750823973 19 6.204139232635498 1 10.228894233703613 4.3934671264886855
60 3 3.0500000000000003 342.327 9743 591508 9266 510 1 66763 171.1653567117358 126 177.96662636408729 173.63444651043602 100648 176.99305923049513 185 181.19649864402976 178.43081042480472 229 34.491811752319336 2 48.370590209960938 38.337061653137205 19 2.2823770046234131 1 6.0812892913818359 3.8826785945892333
61 3.0500000000000003 3.1000000000000001 343.64699999999999 9832 601340 9278 510 1 67898 177.52562326098246 126 178.07714274572947 173.86176543220643 102338 181.10500513025232 185 181.69604789115286 178.63164291464312 234 46.759239196777344 2 48.611303329467773 37.854838161468507 20 7.3448381423950195 1 11.178559303283691 4.9879928946495058
62 3.1000000000000001 3.1499999999999999 342.363 9696 611036 9286 510 1 68976 174.67560637943328 126 178.13308316185362 173.93263362581766 103978 179.75900342786633 185 181.42484147355364 178.62979101232577 237 37.52023983001709 2 46.753095626831055 39.146924114227296 20 2.7020165920257568 1 7.1994004249572754 4.5965506935119631
63 3.1499999999999999 3.2000000000000002 342.41399999999999 9662 620698 9291 510 1 70053 171.70588684082031 126 178.19429064553881 173.89242195734892 105598 176.41401111499684 185 181.88152144148543 178.44670130054371 241 40.470363616943359 2 45.60462760925293 37.07928226470947 20 0.99401652812957764 1 2.6485130786895752 1.6909772992134093
64 3.2000000000000002 3.25 342.60899999999998 9827 630525 9299 510 1 71187 177.73678697858537 126 178.35235305059524 174.02911569988919 107286 180.69987982672615 185 181.40458679199219 178.24323438984641 245 42.834686279296875 2 45.29848575592041 37.659245166778561 20 0.36567839980125427 1 0.97433370351791382 0.6220760005712509
65 3.25 3.3000000000000003 340.51400000000001 9727 640252 9302 510 1 72268 175.23160250224765 126 177.80267794170078 174.06743066212491 108926 179.59756016086888 185 181.15094027132602 178.38853221006656 248 35.083803176879883 2 44.600254058837891 37.673631973266602 20 0.13452564179897308 1 0.35843747854232788 0.22884904563426972
66 3.3000000000000003 3.3500000000000001 347.161 9638 649890 9312 510 1 73336 171.01453435988654 126 177.37635948544457 173.6987657141307 110554 177.15257659087311 185 181.51009587468329 178.4205240659972 252 37.426251411437988 2 43.920111656188965 37.680896129608158 20 0.049489248543977737 1 0.1318618506193161 0.084188910573720938
67 3.3500000000000001 3.3999999999999999 342.488 9907 659797 9324 510 1 74465 176.53416152227493 126 177.48293534536211 173.74163656083363 112239 180.75127835660368 185 181.56405367464632 178.59922698149808 255 30.879158020019531 2 43.425018310546875 36.481846790313718 21 7.3527970314025879 1 9.9252347946166992 2.7694801981374622
68 3.3999999999999999 3.4500000000000002 340.608 9776 669573 9330 510 1 75552 175.36207604786708 126 177.64567396375867 173.69999390859456 113877 179.39074080183698 185 181.51180015770166 178.42796288897534 259 34.327846527099609 2 44.136759757995605 36.585688104629519 21 2.7049438953399658 1 7.2072019577026367 4.6015313196182248
69 3.4500000000000002 3.5 340.39299999999997 9573 679146 9333 510 1 76617 170.92692481146918 126 177.85926806737507 173.43848602052722 115495 176.03644285459777 185 181.38908328494509 178.23969339896536 263 36.595213890075684 2 45.600439071655273 37.755229988098144 21 0.99509388208389282 1 2.6513824462890625 1.6928096973896027
70 3.5 3.5500000000000003 343.15899999999999 9918 689064 9340 510 1 77754 177.61333501906623 126 178.13599977039155 173.85632494487461 117193 181.37715379869616 185 181.37715379869616 178.27998530372415 267 39.088098526000977 2 44.948089599609375 37.531966876983645 22 4.9962811470031738 1 10.683427810668945 6.0386884176731108
71 3.5500000000000003 3.6000000000000001 343.613 9729 698793 9349 510 1 78831 174.69644867427766 126 178.10601540217323 173.84010646517316 118833 180.06291338946369 185 181.73489091203018 178.59833862634613 270 32.105002403259277 2 45.770965576171875 36.913501071929929 22 1.838030219078064 1 4.8973484039306641 3.1267756199836731
72 3.6000000000000001 3.6499999999999999 344.363 9687 708480 9358 510 1 79903 171.3619866749597 126 177.94829656207372 173.45987492394826 120453 176.64651810929581 185 181.69391718684017 178.51738800213789 275 44.828046798706055 2 47.516021728515625 37.403754215240475 22 0.67617392539978027 1 1.8016347885131836 1.150277200937271
73 3.6499999999999999 3.7000000000000002 342.34899999999999 9826 718306 9361 510 1 81038 177.93010106162419 126 177.94322858537947 173.65598515344044 122147 181.22969550055427 185 181.9648039946685 178.59753398503486 278 36.8345947265625 2 46.825942993164062 37.91379192352295 23 9.761199951171875 1 10.159562110900879 1.0055180275440216
74 3.7000000000000002 3.75 342.67599999999999 9760 728066 9365 510 1 82111 174.46281881181019 126 177.87143380301339 173.75009628053689 123784 179.71991568900444 185 181.27576747584988 178.46760787551469 282 39.972471237182617 2 45.768125534057617 36.893404006958008 23 3.5909469127655029 1 9.5679149627685547 6.1087597227096557
75 3.75 3.8000000000000003 342.024 9637 737703 9374 510 1 83188 171.59475477914961 126 177.80391705225384 173.79177929832815 125405 176.38634272394953 185 181.8510823017842 178.5435052605707 285 32.78315258026123 2 44.964737892150879 37.117668094635007 24 7.8262338638305664 1 11.911225318908691 5.8069227743148808
76 3.8000000000000003 3.8500000000000001 339.786 9893 747596 9380 510 1 84324 178.03791809082031 126 178.26651218959265 173.93841669476217 127097 180.87408018369933 185 181.65509231154982 178.47580937730942 290 45.350437164306641 2 45.350437164306641 37.557963161468507 24 2.8791112899780273 1 7.6712641716003418 4.8978174448013307
77 3.8500000000000001 3.8999999999999999 341.072 9689 757285 9388 510 1 85400 174.77061014326793 126 178.27452898782397 174.02830291748046 128733 179.13413547825169 185 181.65098365577492 178.58737330586203 293 37.270073890686035 2 45.52176570892334 37.999836082458494 25 10.959826469421387 1 10.959826469421387 1.9998204326629638
78 3.8999999999999999 3.9500000000000002 344.07799999999997 9680 766965 9393 510 1 86475 171.5258075774662 126 178.25752161419581 173.84730178833007 130355 176.16883982065562 185 181.17097943280194 178.28700469475828 297 40.022833824157715 2 44.936995506286621 37.274680480957031 25 4.0318970680236816 1 10.742807388305664 6.8588846397399905
79 3.9500000000000002 4 343.52100000000002 9822 776787 9398 510 1 87608 177.60955665225075 126 177.71041022406683 173.81806132725308 132047 180.84386505951753 185 181.1771601496516 178.29039136402028 301 41.767801284790039 2 45.540462493896484 38.272425479888916 25 1.4832527637481689 1 3.9520602226257324 2.5232441282272338
80 4 4.0499999999999998 341.44799999999998 9681 786468 9403 510 1 88684 174.47353629460412 126 178.0119603474935 173.89832605755521 133688 179.69291629275759 185 181.5758123449377 178.54478782365132 305 43.569821357727051 2 44.78806209564209 38.215943889617918 26 8.6516332626342773 1 10.56712818145752 2.9030614030361175
81 4.0499999999999998 4.0999999999999996 341.31599999999997 9703 796171 9411 510 1 89763 171.62057822091239 126 178.10078611828033 174.09428421747117 135308 176.40320863466005 185 181.62459922996726 178.39196828811239 308 35.805118560791016 2 44.615921020507812 37.687319984436037 26 3.1827585697174072 1 8.4803199768066406 5.4143697166442868
82 4.0999999999999996 4.1500000000000004 341.92500000000001 9863 806034 9416 510 1 90895 177.4225587390718 126 177.72959015861389 173.93829175918819 137004 181.16892931139148 185 181.72623356999577 178.63302966143635 311 29.495151519775391 2 44.001588821411133 36.247073383331298 26 1.170871376991272 1 3.1197357177734375 1.9918352627754212
83 4.1500000000000004 4.2000000000000002 343.00200000000001 9745 815779 9419 510 1 91977 175.19310760498047 126 177.77566152905661 173.95317364405071 138642 179.79379693108635 185 181.60253337138408 178.44241290283205 316 42.081619262695312 2 44.323614120483398 37.538975048065183 27 5.2499079704284668 1 10.785585403442383 5.9616142189502712
84 4.2000000000000002 4.25 342.55099999999999 9632 825411 9428 510 1 93043 170.79432339138455 126 177.90179431249226 173.56121009221155 140261 176.29802823453335 185 181.58257495777028 178.48786232118343 320 44.173589706420898 2 45.347532272338867 37.928880615234377 27 1.9313342571258545 1 5.1459527015686035 3.2855004644393921
85 4.25 4.2999999999999998 342.68900000000002 9902 835313 9434 510 1 94179 177.40071529812283 126 177.90598829965742 173.77681167844742 141949 180.465182742557 185 181.52459634316935 178.36076432511609 323 36.313779830932617 2 44.423847198486328 37.781481132507324 28 6.2538623809814453 1 11.169636726379395 5.720550971031189
86 4.2999999999999998 4.3500000000000005 341.262 9709 845022 9438 510 1 95260 174.99091726636129 126 177.76795111762152 173.97299052647179 143588 179.58989670212205 185 180.8019174111856 178.05565590853305 326 29.721602439880371 2 45.942033767700195 36.526480998992923 28 2.300668478012085 1 6.1300277709960938 3.9137957429885866
87 4.3500000000000005 4.4000000000000004 341.32100000000003 9667 854689 9444 510 1 96336 171.7198471795945 126 178.10393063984219 174.03203419034446 145200 175.76583647856842 185 180.76275667757602 178.05612922297297 331 42.000716209411621 2 47.792072296142578 37.843273391723635 28 0.84636884927749634 1 2.2551121711730957 1.4398055577278137
88 4.4000000000000004 4.4500000000000002 344.5 9888 864577 9446 510 1 97467 177.24051484607514 126 177.65005553714812 174.05806801689997 146895 180.7477512668919 185 181.46268153834987 178.31088398206555 334 34.749317169189453 2 46.90666389465332 37.179129447937015 29 7.5007185935974121 1 10.329444885253906 3.4119711971282958
89 4.4500000000000002 4.5 342.00799999999998 9680 874257 9452 510 1 98550 175.08249095129588 126 177.54272909013051 174.04118915618412 148532 179.333076188371 185 180.88783511599979 178.37344921050203 338 37.699380874633789 2 46.154949188232422 37.079339141845701 29 2.7593607902526855 1 7.3521943092346191 4.6941031265258788
90 4.5 4.5499999999999998 340.46199999999999 9684 883941 9455 510 1 99624 171.7817120022244 126 177.77173989916605 173.74398878793866 150165 177.33673936998522 185 181.13743838748417 178.51689230429162 341 30.513233184814453 2 46.968509674072266 37.114526157379153 29 1.0151124000549316 1 2.7047216892242432 1.7268642759323121
91 4.5499999999999998 4.6000000000000005 340.358 9841 893782 9459 510 1 100754 177.33180697002109 126 177.91438366117933 173.87020893399676 151845 180.52701877903294 185 181.4147190403294 178.46304172495257 346 41.811492919921875 2 47.772539138793945 38.814342212677005 30 6.3784937858581543 1 10.516356468200684 4.690071882009506
92 4.6000000000000005 4.6500000000000004 341.87099999999998 9673 903455 9466 510 1 101835 174.99028862847223 126 177.57330055842323 173.90539230588888 153492 180.02516743427998 185 180.97128469106315 178.5508061275998 349 34.269321441650391 2 46.258739471435547 37.46700744628906 30 2.3465168476104736 1 6.2521910667419434 3.9917916727066038
93 4.6500000000000004 4.7000000000000002 343.63600000000002 9714 913169 9478 510 1 102910 171.77517058357361 126 177.42589447990295 173.81791458856492 155109 176.20885075749578 185 181.47049263619087 178.58900537439297 353 37.490072250366211 2 45.518311500549316 36.811350460052488 31 9.3000211715698242 1 10.913676261901855 3.1157958555221557
94 4.7000000000000002 4.75 356.44299999999998 9818 922987 9484 510 1 104038 176.98586285303509 126 177.32777743869357 173.88876869322766 156803 180.78432163547825 185 181.7927635399071 178.60516496648012 357 39.784309387207031 2 43.968460083007812 37.728630409240722 31 3.4212875366210938 1 9.1158685684204102 5.8201439285278322
95 4.75 4.7999999999999998 352.01999999999998 9730 932717 9489 510 1 105118 174.50355045379155 126 177.58782741001673 173.88605893574061 158448 180.06452067607157 185 181.37408851417337 178.55036683613542 361 42.473814010620117 2 43.802614212036133 37.337300605773926 32 7.3849873542785645 1 11.934685707092285 6.075804333686829
96 4.7999999999999998 4.8500000000000005 341.166 9623 942340 9492 510 1 106192 171.27711947002109 126 177.44418988909041 173.670383278983 160068 176.73122055466109 185 181.54136501002955 178.43511951343433 364 34.865756034851074 2 44.32305908203125 37.532234764099123 32 2.7167859077453613 1 7.2387547492980957 4.6216762113571166
97 4.8500000000000005 4.9000000000000004 341.86500000000001 9904 952244 9497 510 1 107326 177.53556169782365 126 177.53556169782365 173.80384172954254 161763 181.42075475744298 185 181.46965422759186 178.60034485193202 368 38.313299179077148 2 44.510950088500977 36.58681791305542 32 0.99945032596588135 1 2.6629898548126221 1.7002204585075378
98 4.9000000000000004 4.9500000000000002 342.54500000000002 9694 961938 9498 510 1 108405 174.63333965483167 126 177.56258561876086 174.14305266122975 163401 179.86871354386614 185 181.30494582717483 178.61755329853781 372 39.179093360900879 2 48.820154190063477 39.142837696075439 33 7.8504352569580078 1 10.387144088745117 3.2172932630777358
99 4.9500000000000002 5 340.983 9679 971617 9503 510 1 109485 172.00881049746559 126 177.70670706128317 174.02686515444802 165022 176.53752688846072 185 181.41859873178842 178.54113589395052 376 41.429740905761719 2 47.986040115356445 37.771789093017581 33 2.8880147933959961 1 7.6949863433837891 4.9129639101028442
100 5 5.0499999999999998 341.53399999999999 9845 981462 9508 510 1 110614 177.10086192781964 126 177.84395659915984 174.1649602520655 166718 181.34088373957454 185 181.5766478667388 178.59576184246998 379 33.69725227355957 2 46.630332946777344 37.655421466827391 33 1.0624415874481201 1 2.8308281898498535 1.8073788642883302
101 5.0499999999999998 5.1000000000000005 342.971 9739 991201 9513 510 1 111699 175.23214673239087 126 177.20119016132656 174.07222885616241 168359 180.07005120354731 185 181.07757683831292 178.66347349424615 383 35.618995666503906 2 46.096857070922852 38.097405090332032 33 0.39085054397583008 1 1.0414038896560669 0.66489772796630864
102 5.1000000000000005 5.1500000000000004 341.97399999999999 9687 1000888 9516 510 1 112772 171.81199185810391 126 177.1304683382549 173.70344867524645 169980 176.80029989706503 185 181.01620260702597 178.4803134353225 387 37.269039154052734 2 44.814352989196777 38.366411418914794 34 4.8675284385681152 1 10.202025413513184 5.5679359465837477
103 5.1500000000000004 5.2000000000000002 342.28199999999998 9853 1010741 9517 510 1 113895 176.47320689852276 126 177.07459549676804 173.63911895994156 171666 180.56449222049199 185 181.18111605257602 178.54349028881174 390 30.136895179748535 2 45.208759307861328 37.06107027053833 34 1.7906643152236938 1 4.7711448669433594 3.0461991810798645
104 5.2000000000000002 5.25 344.762 9720 1020461 9520 510 1 114980 174.72897992815291 126 177.63398367261129 173.94897949945363 173309 179.82947635135136 185 181.05311831912479 178.3492130407385 395 40.667245864868164 2 48.687534332275391 39.574599628448489 35 7.4294290542602539 1 10.863937377929688 4.4174331068992618
105 5.25 5.2999999999999998 344.80700000000002 9667 1030128 9528 510 1 116058 171.92169589088076 126 177.25319356766957 173.89033562796465 174925 176.3537516825908 185 181.17598621265307 178.1436904461834 398 33.268994331359863 2 47.685419082641602 37.324519805908203 35 2.7331364154815674 1 7.2823166847229004 4.6494902372360229
106 5.2999999999999998 5.3500000000000005 343.26299999999998 9829 1039957 9530 510 1 117179 176.08877515035962 126 177.02221364823598 173.81086878458657 176610 180.22499711320208 185 181.26690896523965 178.32939630456872 402 35.950050354003906 2 46.920480728149414 37.345656070709225 35 1.0054652690887451 1 2.6790168285369873 1.7104529762268066
107 5.3500000000000005 5.4000000000000004 345.99599999999998 9713 1049670 9534 510 1 118266 174.86471460735987 126 176.93499440995473 173.7514571901352 178262 180.32745287096179 185 181.56798912254538 178.49306106649863 405 29.768599510192871 2 47.324619293212891 36.119851207733156 36 4.2373652458190918 1 10.84757137298584 6.8003112006187436
108 5.4000000000000004 5.4500000000000002 343.09800000000001 9689 1059359 9536 510 1 119339 171.52042134602866 126 176.45538172646175 173.62834336295961 179875 176.40517685348922 185 181.46435299435177 178.26147292018584 410 41.460975646972656 2 46.892988204956055 38.424153099060057 37 10.517327308654785 1 11.623444557189941 3.7826255774497985
109 5.4500000000000002 5.5 341.37599999999998 9853 1069212 9547 510 1 120462 176.23041316441126 126 176.95152125282894 173.59082873874235 181565 180.72001887141047 185 181.77864297402871 178.43076417170349 413 33.511296272277832 2 46.149330139160156 37.870447731018068 37 3.8691096305847168 1 10.309070587158203 6.5819590759277347
110 5.5 5.5499999999999998 340.911 9732 1078944 9551 510 1 121550 175.23019142756385 126 176.89725312732514 173.688576643202 183211 180.027682742557 185 181.27304753483952 178.63128602228934 417 35.85749340057373 2 45.543241500854492 37.677190494537356 37 1.4233666658401489 1 3.7924962043762207 2.4213683891296385
111 5.5499999999999998 5.6000000000000005 342.447 9659 1088603 9557 510 1 122619 171.15675172351655 126 176.91413915724982 173.71530293055946 184835 177.04503767683698 185 181.3838708001214 178.5203991303315 421 38.406808853149414 2 45.270900726318359 37.476096572875974 38 9.1308479309082031 1 10.502974510192871 2.3693335568904876
112 5.6000000000000005 5.6500000000000004 343.05000000000001 9852 1098455 9566 510 1 123744 176.08981868198939 126 177.27251833961122 173.68743559337798 186526 181.27881411990603 185 181.37517865155195 178.61913269207929 425 40.076522827148438 2 45.354612350463867 38.346933860778812 38 3.3590521812438965 1 8.9500446319580078 5.7142720842361454
113 5.6500000000000004 5.7000000000000002 341.03100000000001 9677 1108132 9573 510 1 124831 174.9263419499473 126 177.04971156044613 173.69147435748388 188169 180.17930578283361 185 181.35930852116766 178.71007540316197 428 32.999505043029785 2 44.54466438293457 37.006489982604982 38 1.2357265949249268 1 3.2925384044647217 2.1021637988090514
114 5.7000000000000002 5.75 342.40199999999999 9688 1117820 9575 510 1 125906 171.70011538550966 126 177.33652011931889 173.82891710553847 189783 176.22296101338154 185 180.91405425200591 178.40331356234168 432 35.571866989135742 2 45.062801361083984 37.453284606933593 39 8.4000654220581055 1 10.467123985290527 2.90706365942955
115 5.75 5.7999999999999998 344.76499999999999 9916 1127736 9578 510 1 127038 177.46928199889169 126 177.73584589882503 173.97078115796293 191472 180.6091022388355 185 181.15185612858951 178.25207462620091 436 37.310725212097168 2 45.571418762207031 38.278468856811521 39 3.0902128219604492 1 8.2337331771850586 5.2569335412979123
116 5.7999999999999998 5.8500000000000005 350.154 9721 1137457 9581 510 1 128119 175.07876877557663 126 177.39813523065476 173.95390624757798 193114 179.79130463471284 185 181.34812374630491 178.32306697866079 440 38.964829444885254 2 47.532262802124023 38.362381076812746 40 8.3261823654174805 1 11.466214179992676 4.8162145113945005
117 5.8500000000000005 5.9000000000000004 341.28899999999999 9668 1147125 9585 510 1 129194 171.96406337193079 126 177.36781032501705 173.71850463140578 194736 176.82741121859164 185 180.86106732342694 178.28561963220548 443 31.950142860412598 2 47.339286804199219 36.944782886505124 40 3.0630326271057129 1 8.1613130569458008 5.2106958961486818
118 5.9000000000000004 5.9500000000000002 341.31999999999999 9859 1156984 9592 510 1 130319 176.66737220400856 126 177.14346434578064 173.91490790715292 196418 180.44909230825064 185 181.09287018647066 178.2521593067066 448 44.148496627807617 2 48.138557434082031 37.923226699829101 40 1.1268270015716553 1 3.0023806095123291 1.9169085025787354
119 5.9500000000000002 6 341.149 9665 1166649 9593 510 1 131400 174.45240226624503 126 177.67872534857855 173.78011136493981 198060 179.61933610245987 185 180.80567626953126 178.33490692633549 451 36.039416313171387 2 46.740598678588867 38.028260650634763 41 5.9579010009765625 1 10.641037940979004 5.21707376241684
120 6 6.0499999999999998 341.10599999999999 9721 1176370 9597 510 1 132474 171.22227986653647 126 177.91244579496839 173.67404326665968 199685 176.91133958971179 185 181.03205582902237 178.35659682815134 455 37.993006706237793 2 46.92193603515625 38.065877761840824 41 2.1917898654937744 1 5.8399267196655273 3.7285766363143922
121 6.0499999999999998 6.1000000000000005 345.45800000000003 9834 1186204 9599 510 1 133609 177.61465454101562 126 178.09929693312873 173.8299802604555 201372 180.74473992425041 185 181.3237571097709 178.58309053493196 458 30.858171463012695 2 47.370664596557617 37.063726387023927 41 0.80631482601165771 1 2.1483895778656006 1.3716671586036682
122 6.1000000000000005 6.1500000000000004 342.44600000000003 9745 1195949 9605 510 1 134685 174.37538595048207 126 177.85317133343409 174.00055325704915 203013 179.65451577676311 185 180.88145751953124 178.48467061470649 463 43.122662544250488 2 46.71422004699707 37.857746524810793 41 0.29662671685218811 1 0.79034870862960815 0.50460836112499241
123 6.1500000000000004 6.2000000000000002 342.34899999999999 9618 1205567 9609 510 1 135756 170.67897300114709 126 177.69581325470455 173.65949775332493 204634 176.51944703798037 185 181.15253551586255 178.34698157563079 466 36.09779167175293 2 46.816312789916992 36.954854478836062 42 8.8902196884155273 1 10.02369499206543 1.4920521649718284
124 6.2000000000000002 6.25 342.14800000000002 9855 1215422 9612 510 1 136889 177.14785790821864 126 177.58088514539929 173.43677125961062 206319 180.4342855917441 185 181.35561061549831 178.28624671729847 470 39.293573379516602 2 47.473859786987305 36.8360755443573 42 3.2705302238464355 1 8.7141819000244141 5.5636824607849125
125 6.25 6.2999999999999998 342.07400000000001 9681 1225103 9614 510 1 137971 175.06898655967106 126 177.71114179823132 173.80410029335624 207964 179.92981352934967 185 181.19029409047721 178.33718731854412 473 32.025561332702637 2 47.1927490234375 37.195571956634524 43 7.9738426208496094 1 11.66002368927002 5.3435638546943665
126 6.2999999999999998 6.3500000000000005 344.09899999999999 9668 1234771 9618 510 1 139037 170.70532153901598 126 177.13409847683377 173.52644669790115 209584 176.67677084433066 185 181.30214200406462 178.3556696068016 478 43.849610328674316 2 46.881807327270508 38.293791065216062 43 2.9334132671356201 1 7.8159499168395996 4.9901940727233889
127 6.3500000000000005 6.4000000000000004 341.036 9846 1244617 9620 510 1 140169 176.84302435980902 126 177.58887784443203 173.60592057485428 211271 180.64967346191406 185 181.55710820378485 178.44497390004753 481 35.38765811920166 2 45.895319938659668 38.377609157562254 43 1.079142689704895 1 2.8753278255462646 1.8357901883125305
128 6.4000000000000004 6.4500000000000002 342.858 9733 1254350 9625 510 1 141254 175.1441422719804 126 177.91771177261595 173.90408973088338 212916 180.00399211161846 185 181.54657254605681 178.47698611532675 485 38.108201026916504 2 45.596157073974609 37.306566677093507 43 0.39699456095695496 1 1.0577741861343384 0.67534962415695188
129 6.4500000000000002 6.5 340.30799999999999 9670 1264020 9630 510 1 142328 171.73628319634332 126 177.57972487192305 173.85000859820656 214532 176.34471328322951 185 181.24027008881441 178.32542233523804 488 31.308840751647949 2 45.806042671203613 36.731591129302977 44 4.2526726722717285 1 10.252761840820312 6.1827493298053744
130 6.5 6.5499999999999998 344.34699999999998 9848 1273868 9633 510 1 143459 177.28974151611328 126 177.76363530234684 174.02561555166099 216211 179.69485622096707 185 181.12926173854518 178.19666444520692 493 42.712141036987305 2 46.627597808837891 38.710349655151369 44 1.5644712448120117 1 4.168464183807373 2.6614098358154297
131 6.5499999999999998 6.6000000000000005 341.238 9702 1283570 9638 510 1 144542 175.13091072203622 126 177.30919853089347 174.04199171520418 217860 179.6293444659259 185 181.77667351800042 178.33503260597024 496 34.587921142578125 2 45.764300346374512 38.043264122009276 45 6.0091342926025391 1 10.949356079101562 5.5996320843696594
132 6.6000000000000005 6.6500000000000004 340.64600000000002 9715 1293285 9642 510 1 145612 171.16602494981555 126 176.92606147887216 173.76656112186495 219486 176.72251900337838 185 181.32418031434756 178.66155000428907 500 37.398439407348633 2 45.370235443115234 37.217492065429688 45 2.2106380462646484 1 5.8901453018188477 3.7606398630142213
133 6.6500000000000004 6.7000000000000002 341.18299999999999 9808 1303093 9649 510 1 146746 177.34986078171502 126 177.5568357195173 173.87770664033428 221177 180.87816409549197 185 181.7561477248733 178.69648412756018 504 40.320453643798828 2 44.465229988098145 37.107110414505001 45 0.81324857473373413 1 2.1668643951416016 1.3834626531600953
134 6.7000000000000002 6.75 342.14299999999997 9712 1312805 9655 510 1 147829 175.09033687531002 126 177.46649835980128 174.14168234204487 222820 179.89916093156145 185 181.34943773424303 178.59077040718697 508 42.542342185974121 2 45.173012733459473 37.800260009765623 46 5.8425412178039551 1 10.435002326965332 5.0208298206329349
135 6.75 6.7999999999999998 341.33600000000001 9668 1322473 9660 510 1 148903 171.53206162225632 126 176.95062982468377 173.99892447819786 224439 176.50957806561445 185 181.13165646114865 178.38273651123043 511 34.785503387451172 2 44.221038818359375 37.679532337188718 46 2.1493515968322754 1 5.7268509864807129 3.6563824892044066
136 6.7999999999999998 6.8500000000000005 341.90699999999998 9777 1332250 9666 510 1 150029 176.57292574927919 126 176.57292574927919 173.73944836086696 226126 180.38252852156356 185 181.0423692857897 178.54392878516947 515 38.197432518005371 2 44.277616500854492 36.62207633972168 46 0.79070258140563965 1 2.1067914962768555 1.3451082623004913
137 6.8500000000000005 6.9000000000000004 341.81999999999999 9807 1342057 9672 510 1 151118 175.40194217742436 126 177.05402071513828 174.01637238759841 227779 180.5474736394109 185 181.29264105719488 178.53930571025126 519 39.404568672180176 2 48.128849029541016 38.804893512725833 47 5.9462289810180664 1 10.409900665283203 4.8958521306514742
138 6.9000000000000004 6.9500000000000002 340.471 9688 1351745 9674 510 1 152194 172.13641987149677 126 177.06981404622397 174.02655137561615 229394 176.68308724068308 185 181.21697362951329 178.42037748099662 523 41.316641807556152 2 48.112281799316406 38.106988983154295 47 2.1874964237213135 1 5.8284859657287598 3.7212725114822387
139 6.9500000000000002 7 340.983 9850 1361595 9681 510 1 153320 176.95562877352276 126 177.2992904905289 173.95889772203233 231073 179.83750082479941 185 181.25428607012773 178.39044140954923 526 33.387545585632324 2 47.29498291015625 37.850073738098146 47 0.80473530292510986 1 2.1441810131072998 1.368980152606964
140 7 7.0499999999999998 341.12599999999998 9769 1371364 9687 510 1 154403 174.97695765419613 126 177.70904722667876 173.86363276890344 232726 180.05225219726563 185 181.6187399374472 178.48999607395479 531 45.165992736816406 2 46.225074768066406 38.338947296142578 48 5.3118896484375 1 10.485017776489258 5.5377657759189605
141 7.0499999999999998 7.1000000000000005 342.35500000000002 9645 1381009 9692 510 1 155477 171.53008730449375 126 177.53134857662141 173.88863612341504 234345 176.7674566320471 185 181.43857982738598 178.2789996024467 534 36.660416603088379 2 44.777132987976074 38.420806388854977 48 1.9541354179382324 1 5.2067070007324219 3.3242894458770751
142 7.1000000000000005 7.1500000000000004 341.01999999999998 9827 1390836 9694 510 1 156606 176.72816164531406 126 177.30663517543249 174.05999413142129 236035 180.91382083377323 185 181.56014330064929 178.59756485397756 537 29.91298770904541 2 44.775552749633789 36.680174274444582 49 4.908470630645752 1 11.599503517150879 7.075106546878815
143 7.1500000000000004 7.2000000000000002 341.077 9744 1400580 9700 510 1 157691 175.19240134102958 126 176.98264506506541 173.74259514218284 237683 180.36345882931272 185 181.79439697265624 178.70694486875797 542 40.938982009887695 2 48.042335510253906 39.083891620635988 50 11.706386566162109 1 11.706386566162109 3.2698350834846495
144 7.2000000000000002 7.25 341.07600000000002 9710 1410290 9702 510 1 158758 170.86288258386037 126 176.94858224051339 173.65137276301309 239303 176.99462156553525 185 181.4641452273807 178.47030978805958 545 33.336551666259766 2 46.836101531982422 37.526657714843751 50 4.3065404891967773 1 11.474584579467773 7.3260971927642826
145 7.25 7.2999999999999998 342.11000000000001 9784 1420074 9704 510 1 159887 176.48566424657429 126 177.23672158377511 173.63952175806438 240980 180.02198923471812 185 181.13957585515203 178.30000703388933 549 35.690232276916504 2 47.711843490600586 37.669782218933108 50 1.5842881202697754 1 4.2212653160095215 2.6951214814186097
146 7.2999999999999998 7.3500000000000005 343.04000000000002 9782 1429856 9708 510 1 160974 175.16814919123573 126 177.20717330206008 173.84398497808542 242632 180.15959662360115 185 181.51466113941089 178.45826208496095 553 38.879281997680664 2 46.378164291381836 36.84273418426514 50 0.58282727003097534 1 1.5529171228408813 0.99148013949394231
147 7.3500000000000005 7.4000000000000004 340.56700000000001 9655 1439511 9715 510 1 162044 171.29255252414279 126 177.24965352860707 173.67817140851704 244247 176.39328299857473 185 181.39297336887668 178.32328077986438 557 40.029942512512207 2 46.515789031982422 38.860809650421146 50 0.21441026031970978 1 0.57128649950027466 0.36474525630474092
148 7.4000000000000004 7.4500000000000002 343.303 9771 1449282 9719 510 1 163170 176.17404622880238 126 177.30868530273438 173.89723639351982 245937 180.71009117332665 185 181.44311729637352 178.42881834947741 560 32.132145881652832 2 46.986331939697266 37.819093112945559 51 5.6222424507141113 1 10.041537284851074 4.6460649251937864
149 7.4500000000000002 7.5 342.34199999999998 9802 1459084 9721 510 1 164257 174.76717413039435 126 177.64945136176215 173.93245058089968 247580 179.80950342126795 185 181.49524965028505 178.51313778769003 565 43.778038024902344 2 46.086385726928711 38.470174560546873 51 2.0683085918426514 1 5.5109148025512695 3.5185151767730711
150 7.5 7.5499999999999998 340.85500000000002 9643 1468727 9722 510 1 165329 171.22033715626551 126 177.1421380421472 173.6701411413768 249202 176.64682815139358 185 181.42514961861275 178.48241791266366 569 45.260377883911133 2 45.260377883911133 38.532438087463376 52 8.7063541412353516 1 10.848785400390625 3.4281107664108275
151 7.5499999999999998 7.6000000000000005 342.077 9817 1478544 9724 510 1 166454 176.07550618005178 126 177.3000969054207 173.76456073094931 250885 180.17387282912796 185 181.22416233372044 178.45395734962264 572 36.566333770751953 2 44.662217140197754 38.607405395507811 52 3.2028899192810059 1 8.5339565277099609 5.4486147117614747
152 7.6000000000000005 7.6500000000000004 341.07600000000002 9766 1488310 9727 510 1 167543 175.00862836080884 126 177.27109745570593 173.91330311850896 252529 179.56654918773754 185 180.9100291484111 178.33090221508121 575 30.087220191955566 2 43.996068000793457 36.414545688629147 52 1.1782779693603516 1 3.1394684314727783 2.0044343590736391
153 7.6500000000000004 7.7000000000000002 344.91899999999998 9629 1497939 9731 510 1 168620 172.07252357119606 126 177.16323767768012 173.85914665343265 254148 176.30288415857262 185 180.96035288217905 178.25807923353037 580 42.01661491394043 2 46.435539245605469 38.189498615264895 52 0.4334644079208374 1 1.1549465656280518 0.73739055573940282
154 7.7000000000000002 7.75 344.41300000000001 9869 1507808 9737 510 1 169742 176.41532595195469 126 177.65940675281342 173.79563127547979 255837 180.55722631506018 185 180.90164951633761 178.38255633544924 583 34.329311370849609 2 46.339714050292969 37.610691471099855 53 5.1753067970275879 1 10.215419769287109 5.305416235327721
155 7.75 7.7999999999999998 343.09699999999998 9741 1517549 9738 510 1 170828 174.79131074935671 126 177.44584534660217 173.98869873046874 257482 179.91771891825908 185 181.26138099464211 178.47087723685596 587 36.687570571899414 2 46.296661376953125 37.665247192382814 53 1.9038894176483154 1 5.0728287696838379 3.2388128876686095
156 7.7999999999999998 7.8500000000000005 340.755 9633 1527182 9739 510 1 171912 172.88075813414559 126 177.63318391830202 173.95492532881474 259099 176.39020328006228 185 181.04832013104414 178.30308061589417 590 29.991094589233398 2 48.089328765869141 36.629737873077396 54 9.3076229095458984 1 10.706314086914062 2.6700548052787783
157 7.8500000000000005 7.9000000000000004 343.20800000000003 9851 1537033 9740 510 1 173033 176.6143286568778 126 177.41110193161737 174.24006382533489 260784 180.18536393449114 185 180.96263304014462 178.40473166800831 595 41.581661224365234 2 48.045869827270508 38.524949321746824 54 3.4240844249725342 1 9.1233196258544922 5.8249011850357055
158 7.9000000000000004 7.9500000000000002 342.637 9749 1546782 9742 510 1 174121 175.26288156660777 126 176.90928528800842 174.0363066827683 262431 179.82464756321264 185 180.70332196209881 178.41108119490346 598 34.114777565002441 2 47.929473876953125 37.392462120056152 54 1.2596508264541626 1 3.3562829494476318 2.1428623199462891
159 7.9500000000000002 8 341.19200000000001 9681 1556463 9742 510 1 175191 171.29792434450181 126 177.53667958577475 173.76663199772918 264047 176.27295556970546 185 180.61866595294023 178.21890922917552 602 37.049125671386719 2 47.547592163085938 37.094898052215576 55 10.168013572692871 1 10.373420715332031 1.1804207503795623
160 8 8.0500000000000007 343.73000000000002 9806 1566269 9750 510 1 176321 177.04793839227585 126 177.36008853004091 173.67228891039653 265742 181.1099978885135 185 181.35383366765203 178.45431225420981 606 39.881280899047852 2 47.225879669189453 37.196073608398436 55 3.7406046390533447 1 9.9666738510131836 6.3633512926101687
161 8.0500000000000007 8.0999999999999996 340.98200000000003 9749 1576018 9753 510 1 177403 175.07598428877574 126 177.28024304102337 173.6982474796356 267383 179.92658130542651 185 180.94758234797297 178.57693339249894 610 42.031351089477539 2 46.715723037719727 37.871354198455812 56 8.8588495254516602 1 11.721407890319824 4.9327640342712407
162 8.0999999999999996 8.1500000000000004 340.858 9716 1585734 9754 510 1 178475 171.49585929749503 126 177.13816954597596 173.70309767223537 269003 176.55908640268686 185 181.05756918417441 178.4689802691486 613 34.466277122497559 2 45.603354454040527 37.489680519104006 56 3.2589902877807617 1 8.6834325790405273 5.5440498495101931
163 8.1500000000000004 8.1999999999999993 341.36799999999999 9794 1595528 9755 510 1 179599 176.504148937407 126 176.69635179307727 173.4542403423975 270694 180.72985320220121 185 181.57355288943728 178.68151571737755 617 37.272435188293457 2 45.464971542358398 37.221808471679687 56 1.1989157199859619 1 3.1944580078125 2.0395428943634033
164 8.1999999999999993 8.25 340.93400000000003 9756 1605284 9760 510 1 180686 175.38272893996466 126 177.04984985835969 173.64984196254179 272338 179.94382687130491 185 181.24203713906778 178.50782345498578 621 39.098094940185547 2 45.071978569030762 38.192536888122561 57 4.7152767181396484 1 10.922307968139648 6.5186833715438839
165 8.25 8.3000000000000007 342.10399999999998 9660 1614944 9763 510 1 181758 171.8576943533761 126 176.92751966203963 173.64855896480498 273957 176.52857286607897 185 181.15021048880911 178.40815444039004 625 41.238600730895996 2 44.673240661621094 37.880825939178465 57 1.7346535921096802 1 4.6219081878662109 2.9509165930747985
166 8.3000000000000007 8.3499999999999996 341.37299999999999 9836 1624780 9766 510 1 182886 177.28305562337241 126 177.28305562337241 173.67623985653833 275646 180.83078893713048 185 181.10775319692252 178.33515703355951 628 33.91956901550293 2 44.879987716674805 37.246091175079343 57 0.63814371824264526 1 1.7003051042556763 1.0855818164348603
167 8.3499999999999996 8.4000000000000004 343.435 9729 1634509 9769 510 1 183967 174.8208996000744 126 177.74160524398562 174.02483199831036 277287 179.54347163019955 185 181.02181907860009 178.67979895184493 632 37.071318626403809 2 45.139945030212402 36.879669380187991 57 0.23476001620292664 1 0.625507652759552 0.39936338812112809
168 8.4000000000000004 8.4499999999999993 343.51999999999998 9665 1644174 9770 510 1 185044 171.81775774274553 126 177.3555634513734 173.92551264929389 278912 176.70162617451436 185 181.32575551625845 178.48911263790649 636 39.838418960571289 2 45.089692115783691 37.260478382110598 58 5.2035341262817383 1 10.067754745483398 5.0807465234398839
169 8.4499999999999993 8.5 344.28100000000001 9903 1654077 9773 510 1 186171 176.81122952415831 126 177.23899211580792 173.94509654696026 280601 180.86257142762881 185 181.17611999511718 178.47502367504222 640 42.318791389465332 2 45.234165191650391 37.544339227676389 58 1.9142743349075317 1 5.1004972457885742 3.2564785742759703
170 8.5 8.5500000000000007 341.74900000000002 9680 1663757 9777 510 1 187258 175.37593659900483 126 177.21940830775671 173.96058641463986 282247 180.29188644821579 185 180.94167876372467 178.51084908975139 643 35.366306304931641 2 45.867620468139648 36.883193178176882 58 0.70422255992889404 1 1.8763692378997803 1.1979923164844513
171 8.5500000000000007 8.5999999999999996 341.61900000000003 9713 1673470 9778 510 1 188329 171.54320005386595 126 177.33450256832063 173.79446050976949 283861 176.43077821473818 185 180.7735153610642 178.30903004744246 647 39.279542922973633 2 45.591041564941406 36.12576934814453 59 5.4796142578125 1 10.391979217529297 5.2722027063369747
172 8.5999999999999996 8.6500000000000004 340.86099999999999 9759 1683229 9780 510 1 189458 176.94451480441623 126 177.11830635676307 173.8587751842681 285549 180.47539194467905 185 180.88877192316829 178.48209223896754 650 32.117756843566895 2 47.371124267578125 37.090412712097169 59 2.0158381462097168 1 5.3711104393005371 3.4292551565170286
173 8.6500000000000004 8.7000000000000011 341.077 9754 1692983 9783 510 1 190544 175.31275007459851 126 177.17337399437315 173.99636606852212 287199 180.02149790171029 185 181.60069241910367 178.82765534107111 655 44.72734260559082 2 47.723159790039062 37.516089458465579 59 0.74158585071563721 1 1.9759218692779541 1.2615530931949615
174 8.7000000000000011 8.75 341.07600000000002 9693 1702676 9783 510 1 191611 170.86096058194599 126 177.24066113668775 173.77241672818622 288823 176.87677975216428 185 181.43431478964317 178.68085979564768 658 35.589491844177246 2 47.089511871337891 39.046783638000491 59 0.27281427383422852 1 0.72690147161483765 0.46409961223602297
175 8.75 8.8000000000000007 341.07600000000002 9836 1712512 9786 510 1 192743 176.93502347431485 126 177.43626815553696 173.66892068772088 290506 180.34943641456397 185 181.3224577207823 178.50780922719591 662 37.582265853881836 2 45.965683937072754 38.027081413269045 60 5.2175335884094238 1 10.094841003417969 5.1045619612932205
176 8.8000000000000007 8.8499999999999996 342.077 9737 1722249 9788 510 1 193824 174.62969207763672 126 177.51455385722812 173.86957160344201 292155 179.78740597286739 185 181.78140671188766 178.82661286720068 666 39.472417831420898 2 45.460709571838379 38.128676261901859 60 1.9194238185882568 1 5.1142196655273438 3.2652393293380739
177 8.8499999999999996 8.9000000000000004 343.84399999999999 9673 1731922 9793 510 1 194894 170.90836939736019 126 176.89435528951978 173.52542450919984 293785 177.24598264951965 185 181.40069439862225 178.73222587131806 670 41.331894874572754 2 44.969282150268555 38.159056415557863 61 5.7219619750976562 1 11.294447898864746 6.2353606629371647
178 8.9000000000000004 8.9500000000000011 341.721 9860 1741782 9797 510 1 196027 177.07938905746218 126 177.46827019585504 173.73166718013701 295470 180.6372336722709 185 181.48622700459248 178.80461887174039 673 33.611597061157227 2 45.478397369384766 37.643353862762453 61 2.1049926280975342 1 5.6086597442626953 3.5809210062026979
179 8.9500000000000011 9 342.07600000000002 9744 1751526 9798 510 1 197108 174.57181113106864 126 177.49530683244978 174.0698032899887 297114 179.60917531606313 185 181.16279074179158 178.74744976971604 677 36.667933464050293 2 44.59803581237793 36.97412006378174 62 4.6418581008911133 1 11.88306713104248 7.4884167003631594
180 9 9.0500000000000007 343.38900000000001 9643 1761169 9801 510 1 198182 171.02289472307478 126 177.86135561504062 173.98965356251549 298740 176.82957862647805 185 181.28571356696051 178.53559535505963 681 38.140600204467773 2 45.842521667480469 38.542011871337891 62 1.7076452970504761 1 4.5499429702758789 2.9049704003334047
181 9.0500000000000007 9.0999999999999996 346.077 9811 1770980 9801 510 1 199308 176.03111836266896 126 177.3761498587472 173.77176285032246 300429 180.69358454523859 185 181.33519501557222 178.7690069909998 685 40.841946601867676 2 44.280929565429688 37.325578136444094 63 4.902428150177002 1 11.355818748474121 6.8370573329925541
182 9.0999999999999996 9.1500000000000004 343.077 9779 1780759 9803 510 1 200389 173.92521376836868 126 177.17837560744513 173.67213662525964 302078 180.04685611209354 185 181.72083228858742 178.91045793523011 688 33.629903793334961 2 44.496722221374512 37.140169267654422 63 1.8035032749176025 1 4.8053536415100098 3.0680401277542115
183 9.1500000000000004 9.2000000000000011 342.07600000000002 9661 1790420 9808 510 1 201465 171.06628199986048 126 177.42504362076048 173.62401405213367 303697 176.43971557617186 185 181.0238000818201 178.59813201739337 692 36.467952728271484 2 44.438272476196289 37.190237865447997 63 0.66347199678421021 1 1.7677915096282959 1.128669377565384
184 9.2000000000000011 9.25 341.94999999999999 9825 1800245 9809 510 1 202593 176.3127922179207 126 177.57623630099826 173.85331171187147 305388 180.71630595439188 185 180.9924722207559 178.57674714124522 696 37.975038528442383 2 45.464370727539062 38.507935619354249 64 6.3704423904418945 1 10.295106887817383 4.3499062144756317
185 9.25 9.3000000000000007 342.21800000000002 9758 1810003 9813 510 1 203678 174.7316205463712 126 177.05678618900359 173.78754969278972 307032 179.68322555954393 185 181.22170731828018 178.75241904428839 700 39.209216117858887 2 47.919384002685547 38.778118782043457 64 2.3435559272766113 1 6.2442994117736816 3.9867540168762208
186 9.3000000000000007 9.3499999999999996 341.85199999999998 9658 1819661 9813 510 1 204750 171.06571003747365 126 177.47171093168714 173.78802590264212 308652 176.32554346033044 185 181.12132221943622 178.45926278933962 703 31.839391708374023 2 48.077011108398438 37.296369876861576 64 0.86214613914489746 1 2.2971503734588623 1.4666451489925385
187 9.3499999999999996 9.4000000000000004 341.32900000000001 9795 1829456 9814 510 1 205881 176.97157154386005 126 177.2108889382983 173.67671660408138 310336 179.94825901340795 185 180.68355020059121 178.46734461603938 707 36.152045726776123 2 46.007606506347656 35.730323019027708 65 8.4231405258178711 1 10.288046836853027 2.5143599796295164
188 9.4000000000000004 9.4500000000000011 341.339 9797 1839253 9815 510 1 206964 175.03138648139105 126 177.63678717234777 173.82552792988128 311986 179.93929905247043 185 180.89557717813028 178.38715408737599 711 37.917703628540039 2 48.202844619750977 38.251936626434329 65 3.0987007617950439 1 8.2563514709472656 5.2713744640350342
189 9.4500000000000011 9.5 342.09800000000001 9611 1848864 9815 510 1 208039 171.55505794949002 126 177.64088561042908 174.07652665637789 313609 176.85150245460304 185 180.97024008261189 178.51639182755753 715 39.718008995056152 2 48.146202087402344 38.21764352798462 65 1.1399487257003784 1 3.0373423099517822 1.939230489730835
190 9.5 9.5500000000000007 341.17899999999997 9803 1858667 9816 510 1 209167 176.71819995698473 126 177.30568622407458 173.93584928966703 315293 180.42739389780405 185 180.95917350150444 178.51370745024806 718 32.127898216247559 2 47.68321418762207 37.514467067718506 66 6.7957496643066406 1 10.55180835723877 4.4005654978752133
191 9.5500000000000007 9.5999999999999996 342.10500000000002 9792 1868459 9819 510 1 210245 174.10088287837922 126 177.17520371694414 173.70226055084709 316933 179.31194532239761 185 180.70679543984903 178.4015342060811 723 43.643203735351562 2 48.233200073242188 38.599456958770752 66 2.5000174045562744 1 6.6611847877502441 4.252919511795044
192 9.5999999999999996 9.6500000000000004 341.91899999999998 9631 1878090 9821 510 1 211326 171.92706226167223 126 177.33663141159784 173.73937647259427 318556 176.46674722207558 185 180.7345093598237 178.27621579061972 726 34.943169593811035 2 47.168336868286133 38.613327159881592 66 0.91970539093017578 1 2.4505138397216797 1.5645622062683104
193 9.6500000000000004 9.7000000000000011 341.19200000000001 9796 1887886 9823 510 1 212449 176.39791930667937 126 177.03607117183626 173.82758231268988 320238 180.04292602539061 185 180.88379945497255 178.29720583199168 730 37.969318389892578 2 45.376152992248535 37.004010543823242 67 5.2548642158508301 1 10.58199405670166 5.7080464053153994
194 9.7000000000000011 9.75 342.17000000000002 9726 1897612 9824 510 1 213534 174.80778721400671 126 176.92955646817646 173.79642347063339 321879 179.2292611611856 185 180.47052653544657 178.21086702748892 733 31.442972183227539 2 46.065555572509766 36.46130185127258 68 9.1225128173828125 1 12.562864303588867 6.1708979272842406
195 9.75 9.8000000000000007 341.80399999999997 9660 1907272 9826 510 1 214606 171.25875963483537 126 177.23665255591982 173.67231284489699 323504 176.50296729835304 185 180.60835695008973 178.37470939017629 738 43.382012367248535 2 46.194356918334961 38.179953918457031 68 3.3559861183166504 1 8.9418754577636719 5.7090560626983642
196 9.8000000000000007 9.8499999999999996 340.63999999999999 9854 1917126 9828 510 1 215735 176.58846016535682 126 177.3123774452815 173.92968122694228 325189 180.18035591744089 185 180.52593400285051 178.52132786436337 741 35.473237037658691 2 45.095316886901855 37.829959011077882 68 1.2345986366271973 1 3.2895331382751465 2.1002448296546934
197 9.8499999999999996 9.9000000000000004 341.77600000000001 9714 1926840 9831 510 1 216819 174.81734393891833 126 177.27708120194691 173.81687482561384 326842 180.41366354452597 185 180.45478119721284 178.47162851364553 745 38.420940399169922 2 44.588040351867676 37.081668014526365 69 4.992706298828125 1 10.891448020935059 6.2793454551696781
198 9.9000000000000004 9.9500000000000011 343.15800000000002 9662 1936502 9833 510 1 217887 170.89184194897848 126 177.06891099233476 173.4101133679587 328459 176.64430162584461 185 180.88670076937288 178.54252224813922 749 40.65184211730957 2 44.037612915039062 37.791337432861326 69 1.8367140293121338 1 4.8938441276550293 3.1245375943183897
199 9.9500000000000011 10 340.71800000000002 9933 1946435 9834 510 1 219017 176.62882571750217 126 177.05788603283111 173.68518818204365 330138 179.74205437737541 185 180.80622674065668 178.44653937922297 753 42.773612022399902 2 44.638471603393555 37.899388866424559 70 5.3994345664978027 1 11.316861152648926 6.4727883195877078
200 10 10.050000000000001 341.17000000000002 9620 1956055 9836 510 1 220097 174.37950546022446 126 177.26583571661087 173.65539336673802 331781 178.96801056733003 185 180.94906014107369 178.3878573212495 756 35.133374214172363 2 43.937671661376953 37.564090137481692 70 1.9863424301147461 1 5.2925186157226562 3.3790773677825929
201 10.050000000000001 10.1 344.48899999999998 9712 1965767 9841 510 1 221167 170.79098656063988 126 177.17571488637773 173.39394940815274 333406 176.25269816630595 185 181.05844866778401 178.363840711439 760 39.027941703796387 2 43.514774322509766 36.144237556457519 71 5.7465801239013672 1 11.343040466308594 6.277240204811096
202 10.1 10.15 343.07600000000002 9832 1975599 9845 510 1 222294 176.35692075699095 126 177.25213477725075 173.378345329648 335092 180.39607799633129 185 180.81883116026182 178.1680928757126 764 40.645368576049805 2 46.753299713134766 38.398691406250002 71 2.1140491962432861 1 5.6327900886535645 3.5963273191452028
203 10.15 10.200000000000001 344.16699999999997 9741 1985340 9847 510 1 223378 174.65285261850508 126 176.98651401580327 173.75049394153416 336729 178.99270102011189 185 181.23699852195946 178.36227470439187 767 33.032480239868164 2 48.302885055541992 37.53701038360596 72 5.8948874473571777 1 11.405377388000488 6.2568449378013611
204 10.200000000000001 10.25 344.17099999999999 9728 1995068 9847 510 1 224455 171.97696201385014 126 176.98596130855501 173.60152350531686 338357 176.58372695510451 185 181.53095191749367 178.38488156870247 771 35.450488090515137 2 46.642364501953125 37.606090869903568 72 2.1686089038848877 1 5.7781610488891602 3.6891417503356934
205 10.25 10.300000000000001 340.17700000000002 9801 2004869 9852 510 1 225578 176.48783438546317 126 176.93273465595547 173.78796348692882 340050 181.07837821341849 185 181.07837821341849 178.57707763012036 774 29.074460029602051 2 46.74726676940918 36.312485141754152 72 0.79778695106506348 1 2.1256675720214844 1.3571599352359771
206 10.300000000000001 10.35 341.255 9768 2014637 9854 510 1 226659 174.17890821184432 126 177.39020138695128 173.87312986585835 341690 179.71798293654984 185 181.10367316168708 178.64403970089475 779 41.118579864501953 2 46.361066818237305 38.075915298461915 73 5.017235279083252 1 10.51579475402832 5.8226069676876069
207 10.35 10.4 344.29300000000001 9681 2024318 9856 510 1 227736 171.29307616703093 126 177.73124597943018 173.80937177143403 343317 177.05503911198795 185 181.0668578276763 178.5282072456979 782 33.711342811584473 2 47.362665176391602 37.333408012390137 73 1.8457385301589966 1 4.9178872108459473 3.1398887729644773
208 10.4 10.450000000000001 341.745 9807 2034125 9856 510 1 228863 176.31369599841889 126 177.41267504010881 173.91821967957509 345007 181.05344650680954 185 181.16877952781883 178.74404801817204 786 36.339015960693359 2 47.58793830871582 37.398515548706058 73 0.67900973558425903 1 1.8091905117034912 1.155101112127304
209 10.450000000000001 10.5 344.48500000000001 9768 2043893 9858 510 1 229950 174.98298475477429 126 177.4390383523608 173.85705007159518 346650 179.99810246648016 185 180.91521367253483 178.66635788046344 790 39.763525009155273 2 47.820577621459961 36.609620056152345 74 4.5240130424499512 1 10.479273796081543 6.1933151340484622
210 10.5 10.550000000000001 343.40499999999997 9632 2053525 9862 510 1 231019 171.04197971404545 126 176.89387136792379 173.58418547372966 348274 176.9222543252481 185 181.07049238875106 178.6126734190245 794 40.934494018554688 2 47.348537445068359 38.840696449279783 74 1.6642922163009644 1 4.4344315528869629 2.8312203192710879
211 10.550000000000001 10.6 347.226 9849 2063374 9865 510 1 232151 177.04942987835597 126 177.16499776688832 173.73487542046442 349965 181.09756568702491 185 181.51080899625211 178.67702070081555 797 33.206092834472656 2 46.652812957763672 37.651378631591797 75 5.0609145164489746 1 11.263266563415527 6.6372308921813961
212 10.6 10.65 347.36200000000002 9696 2073070 9866 510 1 233237 175.27805013505238 126 177.45979950919983 174.13459534175806 351606 179.79196232976139 185 181.28023962072425 178.69790392736491 801 35.024235725402832 2 46.838371276855469 38.1999765586853 75 1.8618068695068359 1 4.9607019424438477 3.1672240495681763
213 10.65 10.700000000000001 346.72399999999999 9724 2082794 9869 510 1 234308 171.397459484282 126 177.25596170576793 173.84184157840792 353230 176.91915670858847 185 181.24613103093327 178.41165614442568 805 37.000314712524414 2 46.78936767578125 38.043619308471676 75 0.68492060899734497 1 1.8249406814575195 1.1651568126678467
214 10.700000000000001 10.75 341.392 9793 2092587 9871 510 1 235436 176.53137873089503 126 177.50983392624627 173.96477562798401 354920 181.37225168588998 185 181.37225168588998 178.2938934969516 809 38.684046745300293 2 45.45017147064209 38.333053588867188 75 0.25196832418441772 1 0.67135828733444214 0.42863738775253296
215 10.75 10.800000000000001 342.90499999999997 9717 2102304 9874 510 1 236520 174.54911574106367 126 177.95590803358289 174.02591631934757 356548 178.92506425187395 185 181.15851894069363 178.4227039712442 812 31.424078941345215 2 45.04105281829834 37.187606105804441 76 7.0001511573791504 1 10.033520698547363 3.3190718090534208
216 10.800000000000001 10.85 341.67000000000002 9732 2112036 9875 510 1 237597 171.54504660954552 126 177.61624617803665 173.92643728347056 358179 176.81297491949957 185 180.63761101800043 178.41528051262935 816 33.981830596923828 2 44.720991134643555 37.467743148803713 76 2.5752122402191162 1 6.8615388870239258 4.3808378791809082
217 10.85 10.9 340.73399999999998 9813 2121849 9878 510 1 238725 176.82063923184833 126 177.77407388838512 173.82451903570268 359870 181.13732176084775 185 181.13732176084775 178.52946681667018 820 36.343147277832031 2 44.901440620422363 37.66221569061279 76 0.94736802577972412 1 2.5242197513580322 1.6116208362579345
218 10.9 10.950000000000001 340.81599999999997 9746 2131595 9880 510 1 239807 174.58937375507656 126 177.71439410012866 173.95497487143865 361509 179.65771327663111 185 181.26784164841109 178.65395598045555 824 37.94854736328125 2 45.524165153503418 38.410604095458986 77 6.4748811721801758 1 10.463889122009277 4.5275739777088164
219 10.950000000000001 11 340.74099999999999 9753 2141348 9885 510 1 240883 171.56307632204087 126 177.4278072781033 173.78971145387681 363131 176.45021782952387 185 180.99879991686021 178.52679573182803 827 31.057239532470703 2 44.633306503295898 36.822622566223146 77 2.381976842880249 1 6.3466701507568359 4.0521136522293091
220 11 11.050000000000001 340.06700000000001 9795 2151143 9886 510 1 242012 176.96028016105529 126 177.29859960646857 173.86284784952798 364817 180.29906203811234 185 180.90293471877641 178.45969529105517 832 43.169639587402344 2 46.765111923217773 38.00831653594971 77 0.87628042697906494 1 2.3348104953765869 1.4906897974014282
221 11.050000000000001 11.1 348.214 9719 2160862 9888 510 1 243096 175.022704593719 126 177.15000612773594 173.98167669387095 366463 179.74926972260346 185 180.89908422521643 178.49016416972393 835 34.986559867858887 2 47.226905822753906 38.101523857116696 78 10.026979446411133 1 10.229537963867188 0.94049980700016023
222 11.1 11.15 342.39800000000002 9661 2170523 9891 510 1 244171 171.82556067572699 126 177.17012920076886 173.80012734791589 368082 176.41963756664379 185 180.58800147804055 178.32338827927043 839 37.365252494812012 2 45.554840087890625 37.645008716583249 78 3.6887209415435791 1 9.8284320831298828 6.2750891399383546
223 11.15 11.200000000000001 341.89499999999998 9832 2180355 9891 510 1 245295 176.45709289066374 126 176.98126160152376 173.82724117945108 369761 179.76254800332561 185 180.60275491250528 178.20382429628123 842 30.433182716369629 2 47.093973159790039 36.862991695404055 78 1.3570051193237305 1 3.6156795024871826 2.3084773206710816
224 11.200000000000001 11.25 342.53399999999999 9729 2190084 9893 510 1 246380 174.79260266016399 126 177.19756874205575 173.87004411485464 371410 179.66869069692251 185 180.98782340384818 178.36310083007808 847 42.088615417480469 2 48.462213516235352 38.460739269256592 78 0.4992142915725708 1 1.3301346302032471 0.84924152255058294
225 11.25 11.300000000000001 341.44 9680 2199764 9895 510 1 247455 171.57704562232607 126 176.9086449032738 173.81835613190182 373036 177.14347723883552 185 180.78786777805638 178.28374660182644 850 34.449329376220703 2 46.501726150512695 37.563145790100094 79 6.8202629089355469 1 10.174633979797363 3.7419491553306581
226 11.300000000000001 11.35 340.74099999999999 9832 2209596 9897 510 1 248578 176.00354064456999 126 176.98916783408512 173.87150201222255 374714 180.17658254262562 185 180.84730348329288 178.40243760887358 854 36.275321006774902 2 47.106174468994141 38.192208995819094 79 2.5090348720550537 1 6.6852126121520996 4.268259997367859
227 11.35 11.4 343.96100000000001 9707 2219303 9901 510 1 249667 174.87515622093565 126 177.33004760742188 173.97419698079426 376361 179.73506634686444 185 180.963635583826 178.49108017875054 857 29.284360885620117 2 48.14045524597168 36.921287879943847 79 0.92302274703979492 1 2.4593527317047119 1.570205546617508
228 11.4 11.450000000000001 341.08100000000002 9665 2228968 9902 510 1 250739 170.98705158536396 126 177.20566692049542 174.00801043071442 377987 176.98488563331398 185 181.05168671479097 178.50646977934969 862 40.075314521789551 2 48.50581169128418 39.316588554382321 79 0.33956122398376465 1 0.90474569797515869 0.57764660656452183
229 11.450000000000001 11.5 340.90899999999999 9876 2238844 9902 510 1 251870 176.84245724148221 126 177.26241375151136 173.72667402479385 379677 181.1492105020059 185 181.24017614416175 178.57979072859479 865 32.82548713684082 2 47.049726486206055 37.17758268356323 80 6.501305103302002 1 10.094619750976562 3.8996670910716058
230 11.5 11.550000000000001 342.28100000000001 9688 2248532 9903 510 1 252955 175.07785240052237 126 177.26144845145089 173.9691588895283 381317 179.83616209287902 185 180.99828334499051 178.59716831516576 869 35.012343406677246 2 46.817550659179688 37.834947910308841 80 2.3916964530944824 1 6.3725705146789551 4.0686495208740237
231 11.550000000000001 11.6 342.702 9673 2258205 9905 510 1 254026 171.14981030660962 126 177.40393248058501 173.88881563701329 382939 176.80268983583193 185 180.91923572437184 178.35450330084717 873 37.337602615356445 2 47.13818359375 37.697913856506347 80 0.87985599040985107 1 2.3443377017974854 1.496772608757019
232 11.6 11.65 341.80000000000001 9821 2268026 9910 510 1 255160 177.20180790008061 126 177.54223911345952 174.00823106553821 384625 180.68604818808066 185 181.02232237119932 178.42552134250946 877 38.311656951904297 2 46.498928070068359 39.035651149749754 81 4.2692837715148926 1 10.712868690490723 6.6443517911434178
233 11.65 11.700000000000001 341.69600000000003 9763 2277789 9913 510 1 256242 174.8860870845734 126 177.65236385284908 174.03859020414805 386267 179.81002939585093 185 181.05666685362121 178.38071147032042 880 30.973651885986328 2 44.395442962646484 37.264867515563964 81 1.5705825090408325 1 4.184746265411377 2.6718054890632628
234 11.700000000000001 11.75 342.42700000000002 9649 2287438 9914 510 1 257319 171.8615479242234 126 177.40869540259951 173.94669940040228 387883 176.31980285644531 185 180.89792595940668 178.15805908862964 885 44.070978164672852 2 44.961269378662109 37.03320158004761 82 5.1163077354431152 1 11.161081314086914 6.4896112155914309
235 11.75 11.800000000000001 342.43099999999998 9818 2297256 9915 510 1 258448 177.09387764098153 126 177.41715204148065 174.02607503981818 389569 180.34740650073903 185 181.60332699337522 178.28271545245192 888 36.327310562133789 2 44.370273590087891 37.666485500335696 82 1.8821851015090942 1 5.0149979591369629 3.2018899893760682
236 11.800000000000001 11.85 341.11900000000003 9709 2306965 9916 510 1 259529 174.7849835592603 126 177.21853552924262 173.87309860956105 391212 179.58430604676943 185 180.9413981669658 178.3770266294737 892 38.523344993591309 2 46.832912445068359 37.825849113464358 83 10.593077659606934 1 10.593077659606934 1.3759235346317291
237 11.85 11.9 342.036 9715 2316680 9916 510 1 260605 171.60855683826264 126 176.92863524906218 173.93834143502369 392835 176.72950373469172 185 181.39979041847022 178.28572562387828 895 31.643603324890137 2 46.10157585144043 36.811166248321534 83 3.8969764709472656 1 10.383320808410645 6.6293649625778199
238 11.9 11.950000000000001 341.84100000000001 9908 2326588 9919 510 1 261732 176.68409765334357 126 177.02574896433995 173.86384513249476 394523 180.7134603964316 185 181.30784219277871 178.54214423102309 900 45.181982040405273 2 46.094718933105469 36.596555690765378 83 1.433618426322937 1 3.8198111057281494 2.4388079595565797
239 11.950000000000001 12 342.93900000000002 9706 2336294 9921 510 1 262815 174.67598893907336 126 177.04206048874627 173.8927733624171 396169 179.97065404943518 185 180.92588797904349 178.68126129645273 903 37.314969062805176 2 47.436618804931641 37.788606662750247 83 0.52739906311035156 1 1.4052308797836304 0.89718791246414187
240 12 12.050000000000001 341.70299999999997 9713 2346007 9922 510 1 263891 171.64410339839876 126 176.57094355991907 173.7952404930478 397794 177.00436186919342 185 181.66808009792018 178.61231901426567 907 39.377364158630371 2 47.606599807739258 37.958160667419435 83 0.19401936233043671 1 0.51695585250854492 0.3300571730732918
241 12.050000000000001 12.1 341.49700000000001 9891 2355898 9925 510 1 265020 176.98333037845671 126 177.14606003534226 173.92024786570713 399485 181.06800248429582 185 181.81977184398755 178.78757783961942 910 32.210606575012207 2 47.252389907836914 37.095334949493406 84 7.8595123291015625 1 9.9913959503173828 2.4109048861265183
242 12.1 12.15 346.67500000000001 9643 2365541 9927 510 1 266102 174.7869142804827 126 177.22848861936538 173.9204693651956 401129 180.12161436338681 185 181.26422366580448 178.6665958119986 915 45.030807495117188 2 46.307218551635742 37.307571334838869 84 2.8913531303405762 1 7.7038836479187012 4.9186435699462887
243 12.15 12.200000000000001 351.94200000000001 9698 2375239 9931 510 1 267176 171.59344167557973 126 176.85000053284659 173.63775670127262 402754 177.15524687895905 185 181.31444215516785 178.61239148774018 918 37.162812232971191 2 47.243194580078125 37.789578104019164 85 7.0687246322631836 1 11.654354095458984 5.8642613649368283
244 12.200000000000001 12.25 353.08699999999999 9837 2385076 9934 510 1 268300 176.22347780257937 126 176.85182480585007 173.82871950179816 404441 180.88758000554265 185 180.98966163429054 178.68314807623781 922 39.636005401611328 2 46.773056030273438 37.551451396942142 85 2.6004385948181152 1 6.9287543296813965 4.4237524652481079
245 12.25 12.300000000000001 350.15800000000002 9744 2394820 9935 510 1 269387 174.91172838967944 126 177.04421742757162 173.83827652219742 406086 180.08995155128272 185 181.18370955183698 178.6274208934887 926 42.029138565063477 2 46.160987854003906 37.630717067718507 86 5.2308683395385742 1 12.116607666015625 7.3957854509353638
246 12.300000000000001 12.35 340.786 9660 2404480 9939 510 1 270463 171.75190771193732 126 177.74852316720145 173.92190179734004 407703 176.51249694824219 185 180.98202192976669 178.3525243480785 930 43.624497413635254 2 45.715532302856445 38.420539417266845 86 1.9243292808532715 1 5.1272902488708496 3.2735844874382019
247 12.35 12.4 341.74299999999999 9801 2414281 9942 510 1 271588 176.40123349144346 126 177.3474394783141 173.96835638621502 409387 180.10422429265202 185 180.95159046069995 178.49802623686918 933 35.243488311767578 2 47.508882522583008 38.297492294311525 86 0.70792138576507568 1 1.8862249851226807 1.2042847549915314
248 12.4 12.450000000000001 344.33199999999999 9755 2424036 9946 510 1 272674 174.70669361901662 126 177.58912452818856 174.05851906186058 411036 179.82618713378906 185 181.45230935586466 178.54544310038801 937 38.67503547668457 2 46.399303436279297 36.602662544250485 87 5.694028377532959 1 10.37519359588623 5.0635861933231352
249 12.450000000000001 12.5 340.84800000000001 9709 2433745 9947 510 1 273749 171.431273324149 126 177.33620707194009 173.87762421623111 412660 177.00858896616342 185 181.04983842179581 178.35700132132871 941 39.995013236999512 2 47.059226989746094 38.693185577392576 87 2.0947167873382568 1 5.5812792778015137 3.5634399986267091
250 12.5 12.550000000000001 341.291 9801 2443546 9948 510 1 274877 176.67074887714688 126 177.23313383072141 173.86028254675486 414342 180.50532284298458 185 180.81793254130596 178.37585993751318 945 42.204472541809082 2 48.191619873046875 37.812561931610105 88 9.0403299331665039 1 10.823239326477051 3.1236086785793304
251 12.550000000000001 12.6 342.73599999999999 9719 2453265 9949 510 1 275962 175.10862114315941 126 176.72211371527777 173.76869821699839 415988 179.86160624736064 185 180.96181244721285 178.58315478020748 948 34.499336242675781 2 48.091829299926758 37.628346557617185 88 3.3257534503936768 1 8.8613195419311523 5.6576246023178101
252 12.6 12.65 341.73700000000002 9725 2462990 9950 510 1 277034 171.62530989873977 126 176.86534433516246 173.60725344461113 417613 177.05966450459249 185 180.78380951752533 178.44961015031143 952 37.619882583618164 2 46.545515060424805 36.910557537078859 89 9.6602630615234375 1 11.336422920227051 3.7286221194267273
253 12.65 12.700000000000001 341.346 9781 2472771 9951 510 1 278161 176.8680429609995 126 177.08396838960192 173.69832070002485 419300 180.8745617840741 185 180.91008779164906 178.60141238320841 956 38.703097343444824 2 46.775619506835938 38.927580642700192 89 3.5538136959075928 1 9.4689769744873047 6.0455910778045654
254 12.700000000000001 12.75 342.50599999999997 9768 2482539 9953 510 1 279243 174.8643316844153 126 177.15521482437376 173.72969218420604 420940 179.53943398965373 185 180.80256215688345 178.61903075347075 959 31.67364501953125 2 46.315879821777344 36.959392814636232 89 1.307375431060791 1 3.4834434986114502 2.2240494346618651
255 12.75 12.800000000000001 344.16300000000001 9659 2492198 9958 510 1 280319 171.7737085251581 126 177.65459684341673 173.85339457678413 422572 177.43049341150231 185 180.81757655788113 178.52027011850714 963 33.904749870300293 2 45.785125732421875 37.791127357482907 90 6.4860115051269531 1 10.693622589111328 4.8729757118225097
256 12.800000000000001 12.85 350.28199999999998 9833 2502031 9963 510 1 281446 176.90516577826605 126 177.49619438534691 173.80848891243099 424244 179.87820624274175 185 180.80865684715477 178.33334635801575 967 36.946840286254883 2 45.890960693359375 36.988229846954347 90 2.3860716819763184 1 6.3575797080993652 4.0590794515609741
257 12.85 12.9 342.53699999999998 9769 2511800 9965 510 1 282530 175.00183977399553 126 177.61251286097936 173.9477667793395 425899 180.35084880107158 185 180.72094404890731 178.45089553255656 971 39.108941078186035 2 45.894763946533203 37.859455308914185 90 0.87778711318969727 1 2.3388242721557617 1.4932527220249177
258 12.9 12.950000000000001 345.303 9682 2521482 9966 510 1 283604 171.58254847450863 126 177.37656826443143 173.86132639082658 427518 176.87867266680743 185 180.85636992583403 178.46451525713945 974 32.284485816955566 2 45.35800838470459 36.756441497802733 91 6.0925140380859375 1 10.454792022705078 4.8372457921504974
259 12.950000000000001 13 341.30200000000002 9767 2531249 9969 510 1 284732 176.78057582794673 126 177.31500571114677 173.90130972968211 429197 179.94776685560072 185 181.47050212138407 178.4749140311576 978 35.505489349365234 2 44.95115852355957 36.811089878082278 91 2.2413115501403809 1 5.9718742370605469 3.8128206396102904
260 13 13.050000000000001 344.18099999999998 9790 2541039 9970 510 1 285816 174.90309542701357 126 176.87081037248885 173.92217246645967 430848 180.01066754315352 185 180.9928890743771 178.42412218413483 982 38.668584823608398 2 45.516234397888184 36.868435440063479 92 6.1505393981933594 1 11.433406829833984 6.129733548164368
261 13.050000000000001 13.1 341.20299999999997 9640 2550679 9972 510 1 286893 172.02174474322607 126 177.31348055884951 173.80493704659594 432464 176.40899410763302 185 180.64850290659311 178.26839379222972 986 39.804262161254883 2 46.317360877990723 38.875644607543947 92 2.2626583576202393 1 6.0287504196166992 3.8491339540481566
262 13.1 13.15 341.86900000000003 9893 2560572 9977 510 1 288014 176.17127821180554 126 176.61030845036584 173.82824370611274 434147 180.11159140097129 185 181.11878596125422 178.28015638031829 989 32.325874328613281 2 44.516848564147949 37.403866119384766 92 0.83238565921783447 1 2.2178547382354736 1.4160179233551025
263 13.15 13.200000000000001 342.82799999999997 9757 2570329 9979 510 1 289103 174.96674480135479 126 177.23524947393508 174.04958787463966 435792 179.64495453705658 185 180.98089946025127 178.29973455645592 993 35.356860160827637 2 45.902557373046875 36.999219322204588 92 0.30621770024299622 1 0.81590330600738525 0.52092402517795566
264 13.200000000000001 13.25 343.13299999999998 9628 2579957 9985 510 1 290176 171.36370401533824 126 177.07384357755146 173.88451179383293 437414 176.71229396510768 185 181.27577613624368 178.25469763843429 997 38.505832672119141 2 47.225801467895508 36.882409200668334 92 0.11265125870704651 1 0.3001541793346405 0.19163734018802642
265 13.25 13.300000000000001 342.02699999999999 9847 2589804 9986 510 1 291304 176.66031029110863 126 176.98363519093348 173.80371462625169 439096 180.1652367669183 185 181.48727557208088 178.41921920858843 1001 39.892558097839355 2 46.164087295532227 38.627098102569583 93 5.6967892646789551 1 9.9732112884521484 4.47151427000761
266 13.300000000000001 13.35 342.99099999999999 9732 2599536 9987 510 1 292390 175.0986581227136 126 177.54647645496186 173.92695545014885 440745 179.76138693319785 185 181.42727322965055 178.67000771847287 1004 32.451450347900391 2 45.592585563659668 37.366946010589601 93 2.0957329273223877 1 5.5839853286743164 3.5651681423187256
267 13.35 13.4 340.82100000000003 9668 2609204 9987 510 1 293463 171.49081929524741 126 177.43134053548178 173.88926302470855 442373 177.05502764727618 185 181.36994736130174 178.67930573004648 1008 34.640421867370605 2 45.873976707458496 37.832843246459959 93 0.77097773551940918 1 2.0542347431182861 1.3115529668331147
268 13.4 13.450000000000001 341.31799999999998 9836 2619040 9990 510 1 294590 176.41495865110366 126 177.52732316274492 174.01373808119035 444056 180.52058303420608 185 181.24273079537056 178.51484052008553 1012 37.429239273071289 2 46.108272552490234 37.238975563049316 93 0.28362694382667542 1 0.75571137666702271 0.48249366223812101
269 13.450000000000001 13.5 343.15800000000002 9743 2628783 9992 510 1 295678 175.14263879685174 126 177.67386833069816 173.95796860710027 445707 180.47293635187921 185 180.91903991699218 178.5335691891232 1016 38.987068176269531 2 45.862278938293457 38.457698268890383 94 6.1093945503234863 1 10.072688102722168 4.2322924366593364
270 13.5 13.550000000000001 342.18200000000002 9676 2638459 9995 510 1 296751 171.67421032133558 126 177.19541676839194 173.75124117654468 447327 177.17913917335304 185 181.23184080381651 178.39602289808124 1019 31.675100326538086 2 44.501848220825195 37.239099178314206 94 2.2475216388702393 1 5.9884204864501953 3.8233843755722048
271 13.550000000000001 13.6 342.39699999999999 9759 2648218 9997 510 1 297877 176.72467670743427 126 177.11123705667163 173.7299409969269 449007 180.40609963906778 185 181.30597204259925 178.42673045060437 1023 34.714126586914062 2 44.615140914916992 36.991266994476319 95 6.047360897064209 1 11.46870231628418 6.2380302524566646
272 13.6 13.65 341.38099999999997 9755 2657973 10001 510 1 298963 175.19358062744141 126 177.12720441061353 173.89670329018242 450651 179.55794496278506 185 180.9141381341058 178.56934384402717 1027 36.440437316894531 2 45.407577514648438 38.290893688201905 95 2.2247004508972168 1 5.9276151657104492 3.7845623922348022
273 13.65 13.700000000000001 341.63999999999999 9700 2667673 10001 510 1 300028 170.75990622384208 126 176.80900028773718 173.43702969021265 452281 177.16352728766364 185 180.77832649849557 178.58668796518685 1031 38.02359676361084 2 48.21272087097168 38.432622737884522 96 9.2552080154418945 1 10.861086845397949 3.0395606136322022
274 13.700000000000001 13.75 345.12299999999999 9775 2677448 10004 510 1 301157 176.53809150816903 126 176.74481552366225 173.48567007640054 453962 180.38149018158785 185 180.84740691313871 178.54374817884283 1034 30.913154602050781 2 47.773847579956055 37.039580230712893 96 3.4048020839691162 1 9.0719423294067383 5.792099304199219
275 13.75 13.800000000000001 351.072 9771 2687219 10005 510 1 302242 174.91992102728949 126 177.44949885777064 173.82418425544856 455609 179.92491125158361 185 180.63945337243982 178.50599119444152 1039 42.383277893066406 2 47.949550628662109 38.64418941497803 96 1.2525571584701538 1 3.3373825550079346 2.1307951784133912
276 13.800000000000001 13.85 341.803 9676 2696895 10006 510 1 303318 171.96302105131605 126 177.46451459612166 173.72100494142566 457228 176.59483667322107 185 180.3739925900021 178.32382953540699 1042 34.275722503662109 2 47.202041625976562 38.026753673553465 96 0.46079018712043762 1 1.2277548313140869 0.78387597739696502
277 13.85 13.9 342.791 9813 2706708 10009 510 1 304444 176.80625491672092 126 176.97184595986019 173.93511028471445 458915 180.63169860839844 185 181.16806483913112 178.3816561922641 1046 36.442730903625488 2 46.527622222900391 37.854591083526614 97 9.3089761734008789 1 10.084293365478516 1.2399974405765533
278 13.9 13.950000000000001 344.57400000000001 9737 2716445 10009 510 1 305529 175.151735457163 126 176.58745175316221 173.86017013549801 460559 179.75553258947423 185 180.92024503140837 178.59707377665754 1050 39.393892288208008 2 46.224584579467773 37.078246326446532 97 3.42458176612854 1 9.1246461868286133 5.8257476997375486
279 13.950000000000001 14 342.964 9687 2726132 10009 510 1 306599 171.41287170894563 126 176.3982915726919 173.54279452611533 462191 177.35796013909416 185 180.83554794723923 178.8060251745276 1054 40.920598983764648 2 47.069890975952148 38.488505840301514 97 1.2598335742950439 1 3.3567705154418945 2.1431733679771425
280 14 14.050000000000001 341.45499999999998 9784 2735916 10011 510 1 307722 176.29679761614119 126 176.64683411613342 173.41863312736393 463871 180.32750648292335 185 180.80943149875949 178.68157779178102 1057 33.732048988342285 2 47.391756057739258 37.116905584335328 97 0.46346703171730042 1 1.2348872423171997 0.78842964947223659
281 14.050000000000001 14.1 343.63400000000001 9754 2745670 10012 510 1 308811 175.32586028083924 126 177.16928088475788 173.81832020108661 465527 180.47214454444679 185 181.15396604795714 178.88373884871197 1061 36.658675193786621 2 46.249019622802734 37.102541742324831 98 5.2876701354980469 1 10.230541229248047 5.2238760268688198
282 14.1 14.15 343.40199999999999 9662 2755332 10017 510 1 309883 171.74868822854663 126 176.85829538012308 173.70017397199356 467149 177.02083055650866 185 181.17313009726035 178.76818483589784 1064 30.075885772705078 2 47.311305999755859 36.517181301116942 98 1.9452263116836548 1 5.1829671859741211 3.3091323089599611
283 14.15 14.200000000000001 344.08600000000001 9867 2765199 10018 510 1 311004 176.30189356728206 126 176.33689807710192 173.42859704638289 468834 180.64409790039062 185 181.32290946341848 178.57491407569677 1069 42.308435440063477 2 48.125722885131836 37.889370269775391 99 4.8222346305847168 1 11.625920295715332 7.1516643524169918
284 14.200000000000001 14.25 344.42599999999999 9699 2774898 10022 510 1 312090 175.07797362312439 126 176.55450487893725 173.59258832174635 470476 179.71818699192357 185 180.80865288811762 178.43010391977674 1072 34.201257705688477 2 48.050970077514648 38.026384143829347 99 1.7740017175674438 1 4.726747989654541 3.0178531289100645
285 14.25 14.300000000000001 342.71100000000001 9677 2784575 10024 510 1 313161 171.56209745861236 126 176.49892607189361 173.48075792585098 472104 177.15260422165329 185 181.04322419037689 178.53992800820842 1076 36.337212562561035 2 46.350128173828125 37.885338401794435 99 0.65261936187744141 1 1.7388741970062256 1.1102069759368896
286 14.300000000000001 14.35 342.53800000000001 9839 2794414 10026 510 1 314285 176.50882769387866 126 176.70810784233942 173.51517946031359 473785 180.4133250468486 185 180.69847552325274 178.50141424395585 1080 39.586662292480469 2 46.322225570678711 36.782944259643557 100 7.574676513671875 1 10.224740982055664 3.1469316279888151
287 14.35 14.4 343.233 9734 2804148 10029 510 1 315372 175.2347407265315 126 176.69016786605593 173.80098469809877 475427 179.44174120103992 185 180.74254966942038 178.47532573968004 1084 41.838926315307617 2 45.72015380859375 37.770185375213622 100 2.7865688800811768 1 7.4246878623962402 4.7403880548477169
288 14.4 14.450000000000001 340.983 9636 2813784 10029 510 1 316443 171.55169919937376 126 177.01758236355252 173.6462565128387 477056 177.0258024473448 185 180.61388030181061 178.49988131631383 1087 34.01665210723877 2 45.008443832397461 37.744312953948977 101 5.2993402481079102 1 12.275217056274414 7.5122686195373536
289 14.450000000000001 14.5 344.30200000000002 9829 2823613 10030 510 1 317575 177.35957978263733 126 177.68474760509673 173.93245226421047 478735 180.02329175794446 185 180.47620107289907 178.54580653670027 1091 36.92676830291748 2 44.017145156860352 37.118890151977538 101 1.9495187997817993 1 5.1944065093994141 3.3164357709884644
290 14.5 14.550000000000001 346.779 9787 2833400 10032 510 1 318661 175.70985606360057 126 177.2076942807152 174.01414695618644 480385 179.86438326449007 185 180.68210111050993 178.53561207539323 1095 38.211566925048828 2 45.379508972167969 38.728006439208983 101 0.71718811988830566 1 1.910915732383728 1.2200488340854645
291 14.550000000000001 14.6 341.83199999999999 9707 2843107 10034 510 1 319726 171.04788256448413 126 177.3879875304207 173.6630505080451 482015 177.37978243441196 185 180.86963212296769 178.67596441320472 1099 40.457663536071777 2 46.445829391479492 37.776281909942625 102 7.3108353614807129 1 10.271339416503906 3.4720667678117754
292 14.6 14.65 342.12599999999998 9797 2852904 10035 510 1 320857 176.8269280327691 126 177.01179153200181 173.80227340698241 483694 180.26145514410896 185 181.0727855785473 178.66046493777719 1102 32.650482177734375 2 48.401840209960938 37.72937141418457 102 2.6895077228546143 1 7.1660714149475098 4.5752712821960451
293 14.65 14.700000000000001 343.02499999999998 9703 2862607 10040 510 1 321949 176.26083483014787 126 177.44919029114737 173.89369868929421 485343 179.82516372268265 185 181.14284981392527 178.70211964540221 1107 44.572050094604492 2 48.186285018920898 38.197242279052738 102 0.98941546678543091 1 2.6362519264221191 1.6831494271755219
294 14.700000000000001 14.75 343.16199999999998 9664 2872271 10042 510 1 323015 171.73976256355408 126 177.14344412183004 173.682285073901 486965 176.71726082466745 185 180.78471506479625 178.42819357052369 1110 35.904528617858887 2 47.506351470947266 38.58113302230835 102 0.36398577690124512 1 0.96982371807098389 0.61919655323028566
295 14.75 14.800000000000001 345.03100000000001 9861 2882132 10043 510 1 324140 176.52469126383463 126 177.6525402977353 173.83409977019775 488645 180.05874378101245 185 180.99834635966533 178.31334906830659 1114 38.658977508544922 2 46.468624114990234 37.273001956939694 103 4.6724262237548828 1 10.192765235900879 5.7344984817504887
296 14.800000000000001 14.85 344.51900000000001 9728 2891860 10045 510 1 325227 175.12902396065849 126 177.72139970083086 173.92135281275193 490296 180.07844015585408 185 181.10569845663534 178.46689287835198 1117 31.7921142578125 2 46.741065979003906 36.79843488693237 103 1.7188899517059326 1 4.5799059867858887 2.9241000294685362
297 14.85 14.9 341.262 9681 2901541 10047 510 1 326300 171.44755372546967 126 177.50383516341921 173.96216287522086 491919 177.11891561972129 185 180.63964522078231 178.38940047145536 1122 44.10804271697998 2 46.835533142089844 37.806817226409912 103 0.63234442472457886 1 1.6848536729812622 1.0757165539264679
298 14.9 14.950000000000001 343.57999999999998 9831 2911372 10047 510 1 327430 177.05760168650792 126 177.32496945820156 173.81085529145739 493597 180.10253865010029 185 181.0827953441723 178.45142970894483 1125 35.614152908325195 2 46.189065933227539 38.409243431091312 104 6.4827523231506348 1 10.269157409667969 4.2078994184732439
299 14.950000000000001 15 341.40899999999999 9724 2921096 10047 510 1 328513 175.15357656327504 126 177.50825851682632 173.78972971840506 495251 180.17086198136613 185 181.18984226536105 178.743076455606 1130 48.071710586547852 2 48.071710586547852 37.6666005897522 104 2.3848721981048584 1 6.3543853759765625 4.0570390653610229
300 15 15.050000000000001 343.49200000000002 9672 2930768 10049 510 1 329584 171.44050755576481 126 176.98774670797681 173.67598824637275 496873 176.97446503510346 185 181.03079537056587 178.51580792071374 1133 38.176036834716797 2 48.531253814697266 39.797049388885497 104 0.87734580039978027 1 2.3376486301422119 1.4925020039081573
301 15.050000000000001 15.1 341.22199999999998 9878 2940646 10050 510 1 330708 176.21559227837457 126 176.72214847140842 173.68511860438758 498557 180.56460084657411 185 180.87825581318623 178.49960700947537 1137 40.775791168212891 2 48.24443244934082 37.42615503311157 105 5.0465021133422852 1 10.577138900756836 5.872396010160446
302 15.1 15.15 341.22300000000001 9734 2950380 10050 510 1 331799 175.55276331825863 126 177.21099683973523 173.83074520050533 500204 180.13098746634819 185 180.82217011322845 178.48325513685072 1140 33.188573837280273 2 46.925113677978516 37.511596851348877 105 1.8565053939819336 1 4.9465746879577637 3.1582046461105349
303 15.15 15.200000000000001 341.74700000000001 9748 2960128 10051 510 1 332865 170.9620092482794 126 177.39709993392702 173.75127757965569 501828 177.19239699904983 185 181.04882177404454 178.47678560659054 1145 46.129171371459961 2 47.061040878295898 37.188367862701419 105 0.68297052383422852 1 1.8197441101074219 1.1618392479419708
304 15.200000000000001 15.25 345.94600000000003 9803 2969931 10055 510 1 333996 176.77141026088171 126 177.52343943762401 173.77222233847965 503512 180.74000730772275 185 180.94504163587416 178.54170887550143 1148 37.576045036315918 2 46.8226318359375 38.467888164520261 106 5.3684206008911133 1 10.386777877807617 5.3612453097105028
305 15.25 15.300000000000001 341.39600000000002 9731 2979662 10056 510 1 335080 175.08756352984716 126 177.26711539616662 173.7304747881208 505165 180.69081561114336 185 181.507162393106 178.75131331160264 1152 40.398891448974609 2 46.715505599975586 37.205288829803465 106 1.9749326705932617 1 5.2621188163757324 3.3596680259704588
306 15.300000000000001 15.35 341.483 9648 2989310 10059 510 1 336150 171.19557807559059 126 177.01530553424169 173.69439276559009 506784 177.16754818478145 185 181.46019179885451 178.51509749293976 1155 33.031710624694824 2 45.41763973236084 37.293761806488035 106 0.72653752565383911 1 1.9358264207839966 1.235953575372696
307 15.35 15.4 341.45400000000001 9817 2999127 10062 510 1 337282 177.05703032962859 126 177.53193773542131 173.87942443847652 508463 180.15323387352197 185 181.15631590147277 178.55749312942086 1159 35.356585502624512 2 45.21446418762207 37.698300094604491 107 8.2127437591552734 1 10.233708381652832 2.5884026527404784
308 15.4 15.450000000000001 341.62 9707 3008834 10065 510 1 338367 175.24234832279265 126 177.19762432764446 174.01873430040149 510115 180.08832917084564 185 181.32910956305426 178.65876368837101 1163 36.767566680908203 2 44.908003807067871 38.603079872131346 107 3.0212998390197754 1 8.0501203536987305 5.1397028207778934
309 15.450000000000001 15.5 342.90600000000001 9722 3018556 10068 510 1 339438 171.515987698994 126 177.18182954334077 173.68914225502621 511736 176.90967704154349 185 181.19246553988071 178.39013707836256 1166 30.071376800537109 2 43.972903251647949 36.629451446533203 107 1.1114740371704102 1 2.9614741802215576 1.8907913088798523
310 15.5 15.550000000000001 341.29700000000003 9833 3028389 10071 510 1 340565 176.70347122918992 126 176.96150897798083 173.75302016243106 513423 180.92706373060071 185 181.03238764582454 178.40093926836994 1171 41.575887680053711 2 45.948459625244141 38.610149898529052 108 5.6294341087341309 1 10.676108360290527 5.52706885933876
311 15.550000000000001 15.6 340.53699999999998 9651 3038040 10074 510 1 341649 174.8350561232794 126 177.59601253933377 173.9132008386037 515066 179.89920736776816 185 181.13109188595334 178.63914586577536 1174 33.15086841583252 2 48.475992202758789 38.341055927276614 108 2.070953369140625 1 5.5179638862609863 3.5230150413513184
312 15.6 15.65 342.51999999999998 9744 3047784 10076 510 1 342731 172.56450265551371 126 177.76035950675842 173.99387658255438 516693 176.98136844119509 185 181.30125658189928 178.78056544123467 1178 35.217514991760254 2 47.831399917602539 37.953954677581784 108 0.76186150312423706 1 2.0299458503723145 1.2960452806949616
313 15.65 15.700000000000001 340.899 9863 3057647 10078 510 1 343857 177.21207270546566 126 177.35543690030536 174.12882037450396 518374 180.1864316373258 185 181.01506925015835 178.55651955434439 1182 37.558584213256836 2 46.38484001159668 37.682266178131101 108 0.28027325868606567 1 0.74677562713623047 0.47678854703903201
314 15.700000000000001 15.75 341.30200000000002 9677 3067324 10079 510 1 344940 175.06859285869297 126 177.34513951861669 174.02679341634118 520021 179.85058041134397 185 180.79283133841849 178.38647171597873 1186 38.777956962585449 2 45.986551284790039 38.792784290313719 108 0.10310681909322739 1 0.27472347021102905 0.17540077120065689
315 15.75 15.800000000000001 342.67200000000003 9729 3077053 10079 510 1 346015 171.75448717389787 126 176.94526018415178 173.91592026725644 521645 176.98236941775761 185 180.87524570774389 178.40710898404501 1189 31.362368583679199 2 45.200511932373047 37.341688537597655 109 4.0632400512695312 1 9.9939546585083008 6.0793344172835351
316 15.800000000000001 15.85 342.22500000000002 9798 3086851 10079 510 1 347139 176.40505375937809 126 176.54108344184027 173.80839278932606 523328 180.39770911964212 185 181.40758122624578 178.5645519392684 1193 34.688950538635254 2 43.676776885986328 36.706580028533935 110 11.395442962646484 1 11.395442962646484 2.7408724117279051
317 15.85 15.9 342.58499999999998 9724 3096575 10080 510 1 348231 175.85263654920789 126 176.81045762319414 173.88016114734464 524975 180.01418861182961 185 180.86597817910683 178.43366178110477 1197 36.900680541992188 2 44.178133010864258 37.810328502655032 110 4.1921505928039551 1 11.169797897338867 7.1315015983581542
318 15.9 15.950000000000001 343.59699999999998 9706 3106281 10081 510 1 349301 171.81302000984314 126 176.71599191332621 173.84054861159555 526595 176.8849744642103 185 181.08624110866236 178.2330738574878 1201 39.200469970703125 2 45.115732192993164 37.723132705688478 110 1.5422060489654541 1 4.1091403961181641 2.6235332703590393
319 15.950000000000001 16 344.94299999999998 9879 3116160 10082 510 1 350427 176.77588641454304 126 176.96549842471168 173.81666752164324 528270 179.76211927259291 185 181.17891342575484 178.23252027851828 1204 32.008407592773438 2 44.958625793457031 37.120382137298584 111 7.4748034477233887 1 10.71385383605957 4.1265293312072755
320 16 16.050000000000001 345.11000000000001 9732 3125892 10084 510 1 351516 175.61605265783885 126 177.07821885366289 174.00533472212541 529922 180.05295665844068 185 180.63276919803104 178.30656422053158 1209 44.476734161376953 2 48.181070327758789 37.65593328475952 111 2.749828577041626 1 7.3267927169799805 4.6778861188888552
321 16.050000000000001 16.100000000000001 342.45600000000002 9658 3135550 10084 510 1 352582 171.03366343180338 126 177.54009271046473 173.74299220251658 531538 176.47863530339421 185 180.95753479003906 178.2413152267869 1212 36.095956802368164 2 47.759626388549805 38.297252941131589 111 1.0116058588027954 1 2.695378303527832 1.7208990216255189
322 16.100000000000001 16.149999999999999 341.97699999999998 9877 3145427 10084 510 1 353713 176.83418019612631 126 177.19348834809801 173.78101846604116 533225 180.47334743190456 185 180.91816983609587 178.42338364554737 1216 38.698917388916016 2 46.824359893798828 37.422984428405762 111 0.372149258852005 1 0.99157470464706421 0.63308375716209409
323 16.149999999999999 16.199999999999999 343.20699999999999 9765 3155192 10084 510 1 354800 175.42989276704333 126 177.31172204396083 173.92989418393088 534869 179.62494737779772 185 180.9369162894584 178.56958461122252 1220 42.058351516723633 2 47.150014877319336 36.674045143127444 111 0.13690610229969025 1 0.36478021740913391 0.23289862781763077
324 16.199999999999999 16.25 340.971 9585 3164777 10084 510 1 355866 170.93670254661924 126 177.28533172607422 173.65468257843503 536489 176.47411053631757 185 180.84729787465687 178.25448446077917 1224 44.312514305114746 2 45.207686424255371 37.768306694030763 111 0.050364967435598373 1 0.13419517874717712 0.085678658783435821
325 16.25 16.300000000000001 340.88 9889 3174666 10087 510 1 357003 177.67137703062997 126 177.67346651591953 173.80854943896099 538173 180.29700721534522 185 180.82477219040328 178.2691691086228 1227 36.343819618225098 2 45.287184715270996 37.889273109436033 112 4.5570516586303711 1 9.9410781860351562 5.5382289201021191
326 16.300000000000001 16.350000000000001 341.49599999999998 9672 3184338 10088 510 1 358079 174.55784703814794 126 177.29257456461588 173.87606617761037 539816 179.51569164379222 185 180.68714871793179 178.39505942019903 1231 39.59587287902832 2 45.493337631225586 36.780354442596433 112 1.6764459609985352 1 4.4668159484863281 2.8518960857391358
327 16.350000000000001 16.399999999999999 342.05700000000002 9667 3194005 10088 510 1 359150 170.8809287661598 126 177.21754734099858 173.64019696432445 541443 176.86901731748839 185 181.08763007086677 178.51210843472873 1235 41.888959884643555 2 45.415542602539062 37.729769973754884 112 0.6167302131652832 1 1.6432501077651978 1.0491542494297028
328 16.399999999999999 16.449999999999999 344.541 9881 3203886 10092 510 1 360283 177.15546610998729 126 177.28416927277095 173.62918447585332 543127 180.43014625343116 185 181.18330960660367 178.52832499076226 1239 43.925937652587891 2 44.889264106750488 37.983327827453614 113 4.0177736282348633 1 10.493206977844238 6.6328483235836027
329 16.449999999999999 16.5 340.85399999999998 9714 3213600 10092 510 1 361366 174.98822251577226 126 177.44382985432944 174.05032210334895 544774 179.84510498046876 185 181.21182844832137 178.63317729888087 1242 35.807309150695801 2 44.61865234375 38.037708549499513 113 1.4780566692352295 1 3.9382164478302002 2.5144049763679504
330 16.5 16.550000000000001 344.89299999999997 9743 3223343 10093 510 1 362443 172.01391407800099 126 177.03182244679286 173.89696978614447 546395 176.53778084419869 185 181.05306784140097 178.51752299705709 1246 38.889782905578613 2 45.921733856201172 36.948247642517089 114 5.2674899101257324 1 11.040317535400391 6.2483323717117312
331 16.550000000000001 16.600000000000001 349.20999999999998 9806 3233149 10095 510 1 363569 176.96030922541541 126 177.18072642977276 173.83297865852469 548082 180.41925824139568 185 180.76592852618242 178.53549618777717 1250 41.284614562988281 2 45.089590072631836 37.629029636383059 114 1.9378015995025635 1 5.1631865501403809 3.2965032815933228
332 16.600000000000001 16.649999999999999 348.36399999999998 9755 3242904 10095 510 1 364654 175.26313624306331 126 177.3790749443902 173.90239555722189 549729 179.83563174685915 185 180.59020468222127 178.63177492048925 1253 33.543966293334961 2 47.127508163452148 37.66350217819214 114 0.71287757158279419 1 1.899430513381958 1.2127159082889556
333 16.649999999999999 16.699999999999999 341.60700000000003 9695 3252599 10095 510 1 365723 171.12125069754464 126 177.03028942289808 173.78307263328915 551352 176.81817593961148 185 180.54840871450062 178.44675953303155 1257 35.755207061767578 2 46.231328964233398 37.810797004699708 115 7.8961730003356934 1 10.24078369140625 2.888295193910599
334 16.699999999999999 16.75 342.137 9866 3262465 10097 510 1 366852 176.63452160547649 126 177.37311505514478 173.7479434615847 553034 180.15705624142208 185 180.83091191472235 178.53214280247045 1261 38.67806339263916 2 48.299501419067383 37.106280059814452 115 2.9048411846160889 1 7.7398185729980469 4.9415873289108276
335 16.75 16.800000000000001 341.54599999999999 9753 3272218 10100 510 1 367941 175.49182576981801 126 176.90955086359901 173.98836970253598 554686 180.08496695853569 185 180.72164488096496 178.66587856478304 1265 39.700011253356934 2 48.489700317382812 38.988232898712155 116 9.6758518218994141 1 11.129878997802734 3.2964708256721496
336 16.800000000000001 16.850000000000001 343.17099999999999 9612 3281830 10103 510 1 369013 171.77809760684059 126 176.86186472574869 173.83537391057087 556304 176.58892484097868 185 180.62222174567145 178.38003667223131 1268 32.556000709533691 2 46.663467407226562 37.072810592651365 116 3.5595474243164062 1 9.4842567443847656 6.0553463506698613
337 16.850000000000001 16.899999999999999 344.79700000000003 9846 3291676 10104 510 1 370142 177.01524510459294 126 177.05077180408296 174.02131273784329 557986 180.11255600387986 185 181.17564853977512 178.34923393125791 1272 35.25069522857666 2 46.643987655639648 37.33216510772705 116 1.3094847202301025 1 3.4890637397766113 2.22763783454895
338 16.899999999999999 16.949999999999999 344.851 9734 3301410 10105 510 1 371224 174.89498392740884 126 176.68993946862599 173.84508053976396 559640 180.46453230574323 185 180.62923245816617 178.46225318702491 1276 37.465452194213867 2 45.350489616394043 37.807314319610597 117 4.5070419311523438 1 11.085530281066895 6.8343101882934567
339 16.949999999999999 17 342.18200000000002 9687 3311097 10108 510 1 372301 171.95892176552425 126 176.84063030424574 173.85910912165571 561257 177.02799154745566 185 181.10951752533785 178.21301913699585 1280 38.764087677001953 2 45.490074157714844 38.714308910369873 117 1.6580489873886108 1 4.4177966117858887 2.8205996656417849
340 17 17.050000000000001 344.69200000000001 9843 3320940 10110 510 1 373428 176.97429293677919 126 177.1111847408234 173.92342190212676 562944 180.8996184477935 185 180.8996184477935 178.54524686081339 1283 31.481085777282715 2 44.229269027709961 37.210419445037843 117 0.60996216535568237 1 1.6252174377441406 1.0376409637928008
341 17.050000000000001 17.100000000000001 343.17000000000002 9717 3330657 10111 510 1 374512 175.14841885036893 126 176.9820096454923 173.87108733646454 564593 180.38328700709988 185 180.82855768976984 178.78136570121143 1288 44.269237518310547 2 45.163536071777344 37.339301280975342 118 4.0918679237365723 1 10.475100517272949 6.5527976202964782
342 17.100000000000001 17.150000000000002 341.512 9629 3340286 10113 510 1 375583 171.47059655567958 126 176.54359557136658 173.6410980975439 566219 177.25774503140835 185 180.91627164273649 178.87808981075798 1291 36.54548454284668 2 44.636749267578125 37.646778068542481 118 1.5053149461746216 1 4.0108437538146973 2.5607751822471618
343 17.150000000000002 17.199999999999999 343.11700000000002 9811 3350097 10115 510 1 376706 176.11327471051897 126 176.64753347729879 173.65748130919437 567895 179.82613426414696 185 180.92324144518054 178.64630475018475 1295 38.938385963439941 2 45.62824821472168 37.630945873260501 119 5.4702968597412109 1 11.015824317932129 6.0745321083068848
344 17.199999999999999 17.25 344.64999999999998 9779 3359876 10116 510 1 377795 175.05084398057727 126 176.58054630340092 173.90890543861994 569542 179.63250534470018 185 180.54670236948374 178.24566202854464 1298 31.249688148498535 2 48.451541900634766 37.612072677612304 119 2.0124106407165527 1 5.3619775772094727 3.4234244632720947
345 17.25 17.300000000000001 341.31200000000001 9624 3369500 10119 510 1 378866 171.23926822722905 126 176.80706557016524 173.77351372128436 571163 176.64925413389463 185 180.67423722550674 178.19667559649488 1303 42.802333831787109 2 47.881162643432617 38.562489662170407 119 0.74032491445541382 1 1.972562313079834 1.259408016204834
346 17.300000000000001 17.350000000000001 341.82100000000003 9893 3379393 10119 510 1 379990 175.90168289911179 126 177.16538492838541 173.7966678534614 572841 179.61305863663958 185 180.68465031804266 178.47104465299037 1306 34.706202507019043 2 47.794872283935547 38.015447368621828 119 0.27235040068626404 1 0.72566550970077515 0.46331052958965302
347 17.350000000000001 17.400000000000002 343.97000000000003 9750 3389143 10122 510 1 381079 174.8283955407521 126 177.74940720815508 173.91965502542163 574495 179.97221341519742 185 180.56858322555954 178.45514493375214 1310 36.955460548400879 2 48.347391128540039 37.773156757354734 119 0.10019215941429138 1 0.26695749163627625 0.17044247403740884
348 17.400000000000002 17.449999999999999 344.08999999999997 9644 3398787 10122 510 1 382152 171.3453141469804 126 176.92398010738313 173.76575755043635 576121 177.13606691102723 185 180.6237689868824 178.59158070167342 1314 39.864910125732422 2 46.789485931396484 37.119547138214109 120 4.1434836387634277 1 9.9895219802856445 5.9970041953027247
349 17.449999999999999 17.5 344.08300000000003 9814 3408601 10124 510 1 383280 176.49953630235461 126 177.15305001395089 173.94467952425515 577804 180.55688072410788 185 180.57984313964843 178.5591358741554 1318 41.680605888366699 2 46.70060920715332 38.202398586273191 121 9.9610891342163086 1 11.689445495605469 4.2403743529319762
350 17.5 17.550000000000001 342.42599999999999 9766 3418367 10126 510 1 384365 174.76337614513579 126 177.54974341014074 173.94100016276042 579456 180.33275682603991 185 180.76332999564505 178.81639497994081 1321 34.082170486450195 2 45.095131874084473 37.522705497741697 121 3.6644818782806396 1 9.7638463973999023 6.2338545513153072
351 17.550000000000001 17.600000000000001 342.04700000000003 9636 3428003 10127 510 1 385442 171.96500675261967 126 177.05389367966424 173.72278778802783 581079 177.15854582915435 185 180.46993837098819 178.60194610925623 1325 37.336149215698242 2 44.373162269592285 36.778453941345212 122 10.129184722900391 1 11.420623779296875 3.5997248554229735
352 17.600000000000001 17.650000000000002 342.01100000000002 9873 3437876 10129 510 1 386565 176.36207411024304 126 177.19119068932912 173.90063821701773 582757 180.10521842337943 185 180.79185403359904 178.4880097705738 1329 39.039125442504883 2 44.905679702758789 38.314001941680907 122 3.7263200283050537 1 9.9286136627197266 6.3390519571304322
353 17.650000000000002 17.699999999999999 343.60899999999998 9677 3447553 10131 510 1 387656 175.45896790519592 126 177.21915011935764 174.06862669929629 584411 180.18651304502745 185 180.92729417955553 178.73023345617344 1333 41.221314430236816 2 45.449245452880859 37.839561080932619 122 1.3708374500274658 1 3.652534008026123 2.3320079278945922
354 17.699999999999999 17.75 345.327 9715 3457268 10133 510 1 388730 171.92722090463789 126 176.78373379177518 173.97266214764306 586031 176.8673000851193 185 180.70738698598501 178.42117961821688 1336 33.393703460693359 2 48.560457229614258 37.749598350524906 123 6.8806886672973633 1 10.683694839477539 4.5450604283809666
355 17.75 17.800000000000001 344.42899999999997 9773 3467041 10133 510 1 389854 176.43675982762898 126 177.20082322378008 173.94801876007568 587716 180.50370062750738 185 180.72759745829813 178.5619117679081 1341 45.969133377075195 2 48.06151008605957 37.549905452728268 123 2.5312652587890625 1 6.7444419860839844 4.3060764837265015
356 17.800000000000001 17.850000000000001 342.93000000000001 9766 3476807 10137 510 1 390943 175.3401405697777 126 176.56561376178075 173.94275113544774 589366 180.1450873297614 185 181.16354683540962 178.73332290237013 1344 37.66534423828125 2 46.933900833129883 38.221042575836179 123 0.93120056390762329 1 2.4811427593231201 1.5841175019741058
357 17.850000000000001 17.900000000000002 341.38600000000002 9714 3486521 10137 510 1 392016 171.65448228139726 126 176.83791218106708 173.96631391494984 590989 177.17933432089316 185 180.92508454193941 178.39556992484435 1348 40.312835693359375 2 46.584527969360352 37.378895797729491 124 10.047183036804199 1 10.250149726867676 0.9748699063062668
358 17.900000000000002 17.949999999999999 341.39600000000002 9823 3496344 10139 510 1 393139 176.12965950133309 126 176.57403927757628 173.82330761621873 592672 180.43874082823058 185 181.15183600348396 178.71893271946266 1351 32.755473136901855 2 47.350065231323242 37.482044239044193 124 3.6961526870727539 1 9.8482351303100586 6.2877323579788209
359 17.949999999999999 18 341.05099999999999 9749 3506093 10140 510 1 394229 175.34807780432322 126 176.58268483479819 173.78958790854801 594319 179.78563133445945 185 180.94475543047932 178.7005647005648 1356 44.958109855651855 2 46.952493667602539 37.918971595764162 125 8.2671947479248047 1 11.849613189697266 5.4745128297805783
360 18 18.050000000000001 340.851 9663 3515756 10140 510 1 395300 171.73982626294332 126 176.7871357751271 173.57221634637739 595941 176.55706283981735 185 181.37843768145586 178.54765895534209 1359 36.447256088256836 2 45.416075706481934 38.426034374237062 125 3.0413317680358887 1 8.1034936904907227 5.1737799930572512
361 18.050000000000001 18.100000000000001 345.39499999999998 9816 3525572 10140 510 1 396422 176.2510494656033 126 176.51541161915614 173.62889398968409 597620 179.52795839051942 185 181.47793034733954 178.57213592859219 1363 38.966940879821777 2 45.43581485748291 37.505433330535887 126 9.5556306838989258 1 11.213634490966797 3.5506250309944152
362 18.100000000000001 18.150000000000002 348.58199999999999 9692 3535264 10143 510 1 397511 175.11959863087489 126 177.50470576210628 173.97723473442923 599274 179.88710813780088 185 181.32638137404984 178.45514817026503 1367 40.590410232543945 2 45.159404754638672 38.39271095275879 126 3.5153217315673828 1 9.3664169311523438 5.9801098823547365
363 18.150000000000002 18.199999999999999 347.31700000000001 9723 3544987 10146 510 1 398587 171.95008535233754 126 177.19568331279453 173.93150311666821 600898 176.9272519498258 185 181.21419916926203 178.49784017366974 1371 42.74580192565918 2 46.145698547363281 37.86609041213989 126 1.2932150363922119 1 3.4457137584686279 2.1999606418609621
364 18.199999999999999 18.25 344.18599999999998 9773 3554760 10148 510 1 399712 176.73890928238157 126 176.96414874848864 173.8302519419837 602585 180.78523295634503 185 181.37303672996728 178.55875728957716 1374 35.260796546936035 2 45.675151824951172 37.410414180755616 127 6.1310968399047852 1 10.733537673950195 5.210336654186249
365 18.25 18.300000000000001 342.43299999999999 9792 3564552 10151 510 1 400796 174.98027910505022 126 177.11556546650235 173.80451755826434 604229 179.73015598606418 185 181.27965112634607 178.77420421703442 1379 48.582050323486328 2 48.582050323486328 36.811501865386965 127 2.2555055618286133 1 6.0096931457519531 3.836966438293457
366 18.300000000000001 18.350000000000001 343.79899999999998 9644 3574196 10152 510 1 401871 171.85537513854013 126 177.19652957007997 173.72860584561786 605863 177.66960325498837 185 181.04446006981101 178.68858555314347 1382 39.580604553222656 2 47.620061874389648 38.9117395401001 127 0.82975411415100098 1 2.210843563079834 1.4115413296222687
367 18.350000000000001 18.400000000000002 342.28100000000001 9806 3584002 10156 510 1 402992 176.18226684085906 126 176.88970656622024 173.65265678284663 607537 180.08771964408257 185 180.73741958205764 178.57886695490654 1386 42.178271293640137 2 45.623777389526367 37.428225803375241 127 0.30524954199790955 1 0.81332391500473022 0.51927712261676784
368 18.400000000000002 18.449999999999999 341.70499999999998 9804 3593806 10158 510 1 404078 174.77395750984314 126 176.8426994444832 173.77514345199347 609189 180.11916512154244 185 180.80951183422192 178.56337267076648 1389 34.443344116210938 2 46.389097213745117 37.657836322784426 128 5.2294659614562988 1 10.117927551269531 5.1248602637648579
369 18.449999999999999 18.5 343.04000000000002 9675 3603481 10159 510 1 405154 171.73141649034289 126 176.91194164942181 173.80579293871685 610810 176.80065983952701 185 180.70916385135135 178.52859106280354 1394 46.749542236328125 2 49.152000427246094 37.816450805664061 128 1.9238137006759644 1 5.12591552734375 3.2727069234848023
370 18.5 18.550000000000001 343.60599999999999 9908 3613389 10161 510 1 406278 176.40334804474361 126 177.12816898406498 173.78724815247551 612493 180.25687453811233 185 180.69462560705236 178.52408973817572 1397 37.283880233764648 2 48.354579925537109 39.37131853103638 129 7.6151885986328125 1 10.915072441101074 4.3653471064567562
371 18.550000000000001 18.600000000000001 341.95999999999998 9751 3623140 10162 510 1 407362 174.63139452253068 126 177.14003075493707 173.81770310659257 614143 180.04812259158572 185 180.50745206265836 178.58495844330662 1401 39.064739227294922 2 47.403850555419922 38.236883621215817 129 2.8014726638793945 1 7.4643979072570801 4.7657415914535521
372 18.600000000000001 18.650000000000002 341.76900000000001 9653 3632793 10162 510 1 408433 170.83717079768104 126 177.31517888629247 173.75633535718171 615764 176.89312653412691 185 180.53210300754856 178.36671363624365 1405 41.40058708190918 2 47.406946182250977 37.687429618835452 129 1.0306048393249512 1 2.745999813079834 1.7532191753387452
373 18.650000000000002 18.699999999999999 343.36900000000003 9799 3642592 10167 510 1 409565 176.76574731251551 126 177.39661528572205 173.81296963888499 617448 180.42794775060705 185 180.84290144636824 178.55437329596441 1409 42.570331573486328 2 47.047487258911133 38.841920471191408 130 5.2956619262695312 1 10.664150238037109 5.7774494302272794
374 18.699999999999999 18.75 342.34199999999998 9776 3652368 10169 510 1 410646 174.61809382362972 126 176.96073477608817 173.71347233847973 619094 179.78614106049409 185 180.79734925966005 178.5812668044631 1412 34.682543754577637 2 46.816535949707031 37.809169254302979 130 1.9481660127639771 1 5.190800666809082 3.3141340494155882
375 18.75 18.800000000000001 342.25200000000001 9642 3662010 10169 510 1 411726 172.23033069428942 126 176.97619943770152 173.79246411520333 620717 176.66874637088259 185 180.86139823294974 178.54570530906881 1416 37.291213989257812 2 46.712759017944336 37.417324657440183 130 0.71669059991836548 1 1.9095897674560547 1.2192023837566375
376 18.800000000000001 18.850000000000001 343.98500000000001 9844 3671854 10171 510 1 412849 176.61319078717912 126 177.42655121334016 173.91470551748122 622397 179.92095848289696 185 181.13546117834142 178.40173471151812 1419 30.418440818786621 2 46.485162734985352 36.804272937774655 130 0.26365581154823303 1 0.7024991512298584 0.4485196363925934
377 18.850000000000001 18.900000000000002 346.05599999999998 9680 3681534 10171 510 1 413935 174.84135061597067 126 176.96772935655383 174.13505241757346 624046 179.71018693253799 185 181.17481928644955 178.47885351562493 1424 42.502227783203125 2 46.972225189208984 38.036650257110594 130 0.096993595361709595 1 0.25843507051467896 0.1650012193620205
378 18.900000000000002 18.949999999999999 341.96800000000002 9672 3691206 10172 510 1 415011 171.78657543848431 126 177.1923072451637 173.81791005210272 625670 176.66214319177575 185 181.14421238254857 178.58515044176264 1427 35.22434139251709 2 46.606369018554688 37.205356369018553 131 6.8063626289367676 1 9.9528369903564453 3.3574990808218717
379 18.949999999999999 19 341.959 9871 3701077 10174 510 1 416134 176.18529837472099 126 176.82018267919148 173.89900418236141 627358 180.48368670489336 185 181.01098368876688 178.70293997604782 1431 38.174798011779785 2 46.923257827758789 37.078946008682252 131 2.5039217472076416 1 6.6715874671936035 4.2595613670349124
380 19 19.050000000000001 343.88999999999999 9740 3710817 10175 510 1 417221 174.72248537578281 126 177.16466849190849 173.98783250112382 629013 180.47567113927892 185 181.00109970505173 178.92676209980732 1434 31.458852767944336 2 47.325868606567383 36.649009742736816 132 5.8376660346984863 1 11.755610466003418 6.6994817066192631
381 19.050000000000001 19.100000000000001 343.17599999999999 9661 3720478 10177 510 1 418301 172.21631864517454 126 176.75863574800036 173.90968649970156 630628 176.48174364244616 185 181.1296039478199 178.54863381380653 1439 43.006144523620605 2 46.941621780395508 38.567796878814697 132 2.1475584506988525 1 5.7220726013183594 3.6533316516876222
382 19.100000000000001 19.150000000000002 342.88400000000001 9846 3730324 10177 510 1 419424 176.67290097191221 126 176.74370078435021 173.84171662587971 632307 179.6834839691987 185 180.51807754104203 178.3435928757126 1442 35.360871315002441 2 47.732177734375 37.569078311920165 133 10.114133834838867 1 10.739556312561035 2.1128223955631258
383 19.150000000000002 19.199999999999999 343.69 9724 3740048 10178 510 1 420507 174.58260902525888 126 177.02879999554347 173.97414297679114 633958 179.80334654112119 185 180.70570596230996 178.36772739224816 1446 37.283664703369141 2 46.992776870727539 38.096373367309567 133 3.7207827568054199 1 9.9138603210449219 6.3296325778961178
384 19.199999999999999 19.25 344.03899999999999 9664 3749712 10178 510 1 421585 171.88472626701233 126 176.67806098574684 173.78203155759778 635569 175.79514737515836 185 180.84129919103674 178.13033220280823 1450 39.696416854858398 2 47.972381591796875 37.611299457550047 133 1.3688000440597534 1 3.647106409072876 2.3285423970222472
385 19.25 19.300000000000001 343.04899999999998 9793 3759505 10178 510 1 422710 176.71396479530941 126 176.95040094284784 173.79023314703079 637256 179.96456389556059 185 181.13247771391997 178.25042776406778 1454 40.592507362365723 2 48.040555953979492 39.112846298217775 133 0.50355350971221924 1 1.34169602394104 0.85662303209304813
386 19.300000000000001 19.350000000000001 341.964 9759 3769264 10178 510 1 423794 174.80201430547805 126 177.08063712952628 173.95630600217788 638905 179.65738640862543 185 181.20361757020692 178.57429733193888 1457 32.884335517883301 2 47.134077072143555 37.631354141235349 133 0.18524709343910217 1 0.49358248710632324 0.31513415962457658
387 19.350000000000001 19.400000000000002 342.61500000000001 9742 3779006 10178 510 1 424873 172.15776376875621 126 176.93122052389478 173.88766139923581 640527 176.63518520045926 185 181.12306930954392 178.34335035664333 1461 35.45893669128418 2 46.077714920043945 37.451060523986818 134 6.7047600746154785 1 10.002325057983398 3.5454620832204817
388 19.400000000000002 19.449999999999999 343.89800000000002 9800 3788806 10179 510 1 425996 176.52478669181701 126 177.38656192355685 173.93038394746327 642206 179.74319523991764 185 181.28780583562079 178.43638902653882 1464 29.318286418914795 2 46.380786895751953 36.079452657699584 134 2.4665441513061523 1 6.5719971656799316 4.1959764289855954
389 19.449999999999999 19.5 342.70400000000001 9698 3798504 10181 510 1 427084 175.03417532784599 126 177.46786608014787 174.17408102610759 643855 179.46523157068202 185 180.85651443069045 178.54537312110696 1469 41.516546249389648 2 46.2889404296875 37.923308086395267 134 0.90739107131958008 1 2.41770339012146 1.5436138463020326
390 19.5 19.550000000000001 343.20999999999998 9716 3808220 10183 510 1 428163 172.32342928931826 126 177.15619756305028 173.95349529205802 645480 176.68880903914169 185 180.86051272830449 178.4243452956741 1472 34.029406547546387 2 45.934885025024414 37.412527446746829 134 0.33381062746047974 1 0.88942354917526245 0.56786397516727449
391 19.550000000000001 19.600000000000001 341.12799999999999 9796 3818016 10183 510 1 429286 176.54868207659041 126 177.23239438495938 174.0707414826893 647155 179.53574062038112 185 180.73390263737858 178.2624349447714 1476 36.927034378051758 2 44.906770706176758 37.131257801055909 134 0.12280211597681046 1 0.32720074057579041 0.20890554562211036
392 19.600000000000001 19.650000000000002 341.84399999999999 9805 3827821 10184 510 1 430369 174.50958663698228 126 177.27820405505952 173.92345452687104 648802 179.24541939400339 185 180.7179661106419 178.34139255668018 1480 38.987398147583008 2 44.503331184387207 37.960178241729736 135 4.4938316345214844 1 10.001201629638672 5.6725346545875075
393 19.650000000000002 19.699999999999999 341.82499999999999 9669 3837490 10184 510 1 431444 171.4317408970424 126 177.0216799539233 173.68201252286389 650435 177.36127253351984 185 180.99355328534099 178.40582534872522 1484 41.468084335327148 2 44.895988464355469 37.544037685394287 135 1.6531890630722046 1 4.4048476219177246 2.8123323369026183
394 19.699999999999999 19.75 342.596 9785 3847275 10186 510 1 432575 177.00896708170572 126 177.3152579655723 174.00208452739412 652109 180.0448835218275 185 180.73818433606948 178.31601966816666 1487 33.807311058044434 2 46.471229553222656 37.584433116912841 136 6.6132287979125977 1 10.903369903564453 5.0893927645683288
395 19.75 19.800000000000001 345.56599999999997 9745 3857020 10187 510 1 433655 174.35432918488033 126 177.26598115951296 174.05666756523979 653755 179.61269572489971 185 180.72959652462521 178.3737412736223 1492 46.56498908996582 2 47.50566291809082 37.369476490020752 136 2.4328720569610596 1 6.4822783470153809 4.1386944198608395
396 19.800000000000001 19.850000000000001 343.79500000000002 9710 3866730 10190 510 1 434737 172.25899069649833 126 176.85693141392298 173.82040897429934 655380 176.87966094145904 185 180.61001026050465 178.38139098296287 1495 38.151125907897949 2 45.675188064575195 38.330009689331057 136 0.89500397443771362 1 2.3846979141235352 1.5225412702560426
397 19.850000000000001 19.900000000000002 344.19 9820 3876550 10190 510 1 435860 176.68638707721044 126 177.17588624500092 173.87061485653831 657067 180.6462469152502 185 180.86131096917231 178.64924437651763 1499 40.304021835327148 2 47.15025520324707 37.868564796447757 136 0.32925370335578918 1 0.87728172540664673 0.5601119035482407
398 19.900000000000002 19.949999999999999 346.005 9789 3886339 10191 510 1 436945 174.88644009544737 126 177.04733179485987 174.00414621262323 658714 180.00002994021852 185 180.79250842944995 178.69374616963151 1502 33.011713027954102 2 46.241348266601562 37.219628105163572 137 3.9120182991027832 1 10.217002868652344 6.4529395091533663
399 19.949999999999999 20 343.73099999999999 9674 3896013 10192 510 1 438023 172.1980219038706 126 177.19562869601779 173.77265820700023 660334 176.63411230138831 185 180.68658686457454 178.46742723289699 1507 44.570428848266602 2 48.500324249267578 38.556482276916505 138 11.143765449523926 1 11.368884086608887 2.8403268957138064
