0 0 0.050000000000000003 337.38999999999999 3183 3183 1728 210 1 696 70.106743403843467 126 71.667483738490517 41.068148781307151 1047 72.440802909232474 185 73.193389913198104 41.470351101849531 2 15.709667205810547 1 16.027023315429688 4.4468984508514406 0 0 0 0 0
1 0.050000000000000003 0.10000000000000001 345.62700000000001 6688 9871 5186 274 1 1450 100.28494517008464 126 104.85365477062408 89.805109334673205 2151 101.1208098540435 185 104.71758026947846 90.957187899615306 5 26.947454929351807 2 29.326155662536621 18.874210538864137 0 0 0 0 0
2 0.10000000000000001 0.14999999999999999 351.81400000000002 6453 16324 6205 277 1 2191 110.49871729290675 126 116.12300394451808 107.50707537090967 3258 112.19291501431852 185 117.30090389767209 108.71392791748048 7 25.007104158401489 2 26.91215181350708 21.92101722240448 0 0 0 0 0
3 0.14999999999999999 0.20000000000000001 342.685 6565 22889 6662 277 1 2952 116.8302235679021 126 119.34384118942987 114.52525787353514 4393 119.11747156091639 185 120.75942560144372 115.84716628863363 10 34.156072616577148 2 34.156072616577148 20.942208029031754 0 0 0 0 0
4 0.20000000000000001 0.25 338.30700000000002 6545 29434 6940 277 1 3710 120.51294066414 126 122.04540634155273 116.67144744146439 5500 120.76539129308752 185 122.64789560678842 118.04418539181272 12 27.847363710403442 2 33.479736328125 26.245833992958069 0 0 0 0 0
5 0.25 0.29999999999999999 337.298 6501 35935 7153 277 1 4421 115.5059454176161 126 123.31011744907924 117.81423576839383 6567 116.93860758188609 185 123.80448035162848 119.1399920332625 15 34.548004150390625 2 36.684332847595215 23.366140384674072 0 0 0 0 0
6 0.29999999999999999 0.35000000000000003 336.81999999999999 6508 42443 7279 277 1 5207 122.43856327117436 126 122.43856327117436 117.89837503705706 7722 122.49653604868296 185 123.21905707281989 119.36232410492768 17 26.924201726913452 2 33.863907814025879 27.547822813987732 0 0 0 0 0
7 0.35000000000000003 0.40000000000000002 338.48700000000002 6482 48925 7391 277 1 5923 117.9721213446723 126 122.98977055625311 118.07271869598875 8800 119.44797091097445 185 124.42541042018581 119.55872540448165 19 23.838092684745789 2 28.31308388710022 23.055353388786315 0 0 0 0 0
8 0.40000000000000002 0.45000000000000001 345.40899999999999 6496 55421 7489 277 1 6678 119.57264679197282 126 122.74346409146747 118.25669889419794 9917 120.67296905517578 185 124.00531917262721 119.54396224068309 22 29.639204978942871 2 35.484570503234863 24.256707977056504 0 0 0 0 0
9 0.45000000000000001 0.5 337.06400000000002 6504 61925 7578 277 1 7389 114.2828011285691 126 122.16767992292132 118.09424785795669 10975 115.69250484157253 185 123.19868131070524 119.30918532500397 24 24.290555953979492 2 30.996965885162354 25.29534176826477 0 0 0 0 0
10 0.5 0.55000000000000004 338.75299999999999 6607 68532 7654 277 1 8178 121.27366317264618 126 122.6633910527305 118.31692428709968 12130 121.10468176764411 185 124.07031530431799 119.50664879133892 27 27.713171005249023 2 34.325763702392578 26.611501977443694 0 0 0 0 0
11 0.55000000000000004 0.59999999999999998 336.70699999999999 6462 74994 7715 277 1 8892 116.47480683099656 126 122.90748323713031 118.08436252412341 13223 119.69586412584459 185 124.06986607732 119.55693504374733 29 23.057103872299194 2 30.431087970733643 24.60967153072357 0 0 0 0 0
12 0.59999999999999998 0.65000000000000002 337.72000000000003 6533 81527 7773 277 1 9645 117.74528212774368 126 122.96453645494249 118.26599192785841 14327 119.38165048135293 185 124.20118688634923 119.66242768241266 32 25.018923282623291 2 35.784854888916016 28.057735872268676 0 0 0 0 0
13 0.65000000000000002 0.70000000000000007 339.26799999999997 6565 88092 7824 277 1 10397 119.27355630057198 126 122.79206829979306 117.85203803168407 15431 119.34405472214158 185 124.34095331140466 119.38857289907094 34 21.968589901924133 2 28.809561491012573 23.019939119815827 0 0 0 0 0
14 0.70000000000000007 0.75 337.10300000000001 6483 94575 7859 277 1 11138 118.75704907614087 126 122.69779780554393 118.13041147141229 16543 120.02648084485853 185 123.68147648991766 119.54059284024623 37 25.04989767074585 2 34.120858192443848 26.949401776790619 0 0 0 0 0
15 0.75 0.80000000000000004 339.19400000000002 6594 101169 7906 277 1 11901 121.76616965399847 126 122.78305683438739 118.1319568876236 17674 122.75581413475243 185 123.92528867979307 119.5681108555149 39 22.401593565940857 2 28.458081007003784 22.621906867027281 0 0 0 0 0
16 0.80000000000000004 0.84999999999999998 342.22399999999999 6457 107626 7954 277 1 12612 116.43139848254975 126 122.29343426416791 118.13872517298141 18742 118.60820081556166 185 123.02552778914168 119.56571371624921 42 27.367961406707764 2 33.427301406860352 25.083126621246336 0 0 0 0 0
17 0.84999999999999998 0.90000000000000002 341.08199999999999 6495 114121 7993 277 1 13363 117.5582636878604 126 122.67750906565833 118.09069244142563 19848 118.69929665230416 185 123.24778137207031 119.47735265618402 45 32.634714126586914 2 33.293979644775391 24.785733680725098 0 0 0 0 0
18 0.90000000000000002 0.95000000000000007 338.46300000000002 6499 120620 8031 277 1 14104 117.17472463940817 126 122.4555547199552 117.99874177720811 20957 119.16881788099134 185 123.6527463758314 119.42702346224399 47 24.612949371337891 2 34.565446853637695 27.941816425323488 0 0 0 0 0
19 0.95000000000000007 1 341.68200000000002 6595 127215 8075 277 1 14868 120.19673380776057 126 122.26773113674588 118.27792545136948 22087 121.57934768264359 185 123.48943110285579 119.77562826538086 49 21.318724632263184 2 29.261891841888428 23.261387252807616 0 0 0 0 0
20 1 1.05 348.303 6473 133688 8103 277 1 15580 115.26188350859142 126 122.53439173622736 117.90152194189646 23158 117.83761423471812 185 123.99535683296823 119.48820504183385 51 19.955689489841461 2 26.670565605163574 21.349452428817749 0 0 0 0 0
21 1.05 1.1000000000000001 346.346 6522 140210 8135 277 1 16332 116.45974852546813 126 122.53547553410606 118.17913015093123 24264 117.82035868876689 185 123.45904363683752 119.58462665207318 54 29.263232231140137 2 29.263232231140137 20.78522010564804 0 0 0 0 0
22 1.1000000000000001 1.1500000000000001 344.48399999999998 6551 146761 8170 277 1 17112 122.31647715492853 126 122.31647715492853 118.0111441839309 25410 122.28217901281408 185 123.25559333595069 119.47451374115818 56 22.786632061004639 2 33.384956359863281 26.412058525085449 0 0 0 0 0
23 1.1500000000000001 1.2 348.28199999999998 6470 153231 8188 277 1 17834 118.58062120467898 126 122.12393000769237 118.30177478971936 26506 121.06331630397487 185 123.63767811543232 119.69317557917412 59 28.84080982208252 2 33.845002174377441 24.006169626712801 0 0 0 0 0
24 1.2 1.25 345.62599999999998 6551 159782 8220 277 1 18587 119.87919840736994 126 122.58093921721928 118.23815169319271 27610 120.93519427325275 185 123.20981602024388 119.47817242431644 61 22.483062028884888 2 33.04595422744751 26.29439061641693 0 0 0 0 0
25 1.25 1.3 350.42500000000001 6464 166246 8253 277 1 19298 114.61388421437097 126 122.0868906899104 118.06996043492877 28673 116.34783576759132 185 123.04036539438609 119.46053293506516 64 24.778046131134033 2 36.560349464416504 27.727886490821838 0 0 0 0 0
26 1.3 1.3500000000000001 351.58800000000002 6590 172836 8281 277 1 20082 121.03354432847765 126 122.17916113232809 118.08874121045308 29830 121.96259967700855 185 123.00265816353463 119.52224870506494 66 20.522902965545654 2 30.597026824951172 24.212741165161134 0 0 0 0 0
27 1.3500000000000001 1.4000000000000001 345.57999999999998 6453 179289 8305 277 1 20806 117.81524204072498 126 122.67934284512958 118.10683985997758 30917 119.8738256093618 185 123.29210584485853 119.58144500649942 69 25.247563362121582 2 35.471493721008301 25.322428197860717 0 0 0 0 0
28 1.4000000000000001 1.45 335.64600000000002 6482 185771 8324 277 1 21558 118.90239225115094 126 122.51011197529142 118.28874173603363 32024 119.85138751880542 185 123.57238402495513 119.69786548511404 71 20.46974515914917 2 31.415217399597168 24.730210666656493 0 0 0 0 0
29 1.45 1.5 335.517 6462 192233 8342 277 1 22272 114.15468627687484 126 121.8088622320266 118.0337019868881 33094 116.09073024440455 185 122.47329146926468 119.39882957747177 73 18.627445757389069 2 27.696203708648682 21.82394359946251 0 0 0 0 0
30 1.5 1.55 335.86799999999999 6624 198857 8351 277 1 23050 119.45248358590263 126 122.41936468699622 118.24704304649718 34246 121.07022358662374 185 123.416145365947 119.61064826429215 75 17.866734176874161 2 26.421723604202271 20.753122589588166 0 0 0 0 0
31 1.55 1.6000000000000001 336.88499999999999 6503 205360 8375 277 1 23811 122.24972945924789 126 122.26934148394872 118.02426157391261 35364 122.46301463359111 185 123.63252934636296 119.48592925200587 78 22.352241516113281 2 32.685333251953125 25.559195964336396 0 0 0 0 0
32 1.6000000000000001 1.6500000000000001 336.67899999999997 6428 211788 8386 277 1 24526 117.53800383068267 126 121.73526176573738 118.15681231423031 36436 118.78487256024334 185 123.23762000831398 119.53335454909865 81 28.723538398742676 2 30.125803470611572 23.692203226089479 0 0 0 0 0
33 1.6500000000000001 1.7 335.90199999999999 6555 218343 8400 277 1 25275 118.40570480104476 126 122.54041586981879 118.02981497991654 37538 118.54901609678527 185 123.32874450683593 119.3686184931575 83 21.310039043426514 2 35.376152992248535 27.339610395431517 0 0 0 0 0
34 1.7 1.75 335.149 6490 224833 8420 277 1 26017 118.1055044143919 126 121.85178199646965 118.07496534680566 38652 119.55351426408097 185 123.58588652739654 119.43792030293234 86 26.527715682983398 2 32.40102481842041 24.834322078227999 0 0 0 0 0
35 1.75 1.8 336.56200000000001 6569 231402 8438 277 1 26776 120.41554635668558 126 121.60338780236623 118.18914612179711 39784 122.39616270323057 185 123.55837179647909 119.56403547874656 88 20.420923709869385 2 33.9039306640625 26.04592882156372 0 0 0 0 0
36 1.8 1.8500000000000001 335.673 6445 237847 8452 277 1 27494 116.29115900917658 126 121.40936467004201 118.05151686411054 40850 118.08673524598818 185 123.16617262556746 119.5097007685481 91 23.489782333374023 2 36.472742080688477 26.961731576919554 0 0 0 0 0
37 1.8500000000000001 1.9000000000000001 336.75799999999998 6455 244302 8466 277 1 28241 116.80417917645167 126 121.59113463144453 118.0634993804447 41956 118.08314258472339 185 123.18652937605574 119.57110010837864 93 18.68242883682251 2 32.469395637512207 24.759439702033998 0 0 0 0 0
38 1.9000000000000001 1.95 335.65600000000001 6571 250873 8482 277 1 28989 117.59540442814902 126 121.88395666697669 117.94679959130666 43072 119.33349295951224 185 123.35919115221178 119.41073566498625 96 26.690803229808807 2 27.85054087638855 22.071441901922228 0 0 0 0 0
39 1.95 2 337.18700000000001 6516 257389 8497 277 1 29745 119.33082120380705 126 121.5529914129348 118.281857000684 44195 121.02502309438344 185 123.28554543160104 119.73070883426152 99 29.592192649841309 2 35.037113189697266 27.127529485225679 0 0 0 0 0
40 2 2.0499999999999998 338.04300000000001 6492 263881 8511 277 1 30495 120.31594237070234 126 122.57705052693684 118.07229983132981 45295 120.38473358154297 185 123.37185178189664 119.55280656061946 101 26.596031308174133 2 29.006228923797607 22.966302695274354 0 0 0 0 0
41 2.0499999999999998 2.1000000000000001 336.61700000000002 6480 270361 8521 277 1 31211 115.83964702061245 126 122.21092096964519 118.08245794750397 46374 117.37369067217853 185 123.24762870169975 119.6296604135874 104 30.001899719238281 2 34.46381664276123 26.62807028532028 0 0 0 0 0
42 2.1000000000000001 2.1499999999999999 335.79599999999999 6574 276935 8528 277 1 31994 122.04291564699203 126 122.04291564699203 118.14424852764792 47523 122.03075903815193 185 122.3415156184016 119.60553624416042 106 26.823895215988159 2 29.407822608947754 23.146335492134096 0 0 0 0 0
43 2.1499999999999999 2.2000000000000002 336.06400000000002 6454 283389 8539 277 1 32712 117.78627444070483 126 122.38841356549945 118.18245181613499 48610 119.84610175055427 185 122.87256362502639 119.67637355000267 108 25.773678243160248 2 26.292747378349304 21.039747569561005 0 0 0 0 0
44 2.2000000000000002 2.25 338.07400000000001 6563 289952 8555 277 1 33468 119.56354510594927 126 121.89765064300053 118.24042198302257 49719 120.1653553318333 185 123.11718098408467 119.5757997733451 111 29.380866527557373 2 32.44064474105835 26.428766037225724 0 0 0 0 0
45 2.25 2.3000000000000003 337.16399999999999 6496 296448 8569 277 1 34184 115.01918393089657 126 122.09622137887138 118.14984306577657 50794 116.87118212725665 185 122.68182426658836 119.47753621446763 114 35.719668388366699 2 37.177414894104004 23.724374158382417 0 0 0 0 0
46 2.3000000000000003 2.3500000000000001 335.72699999999998 6612 303060 8584 277 1 34960 119.99124121287512 126 122.28015778556703 118.2520738825722 51939 121.09863512193834 185 122.81309509277344 119.59843783816773 116 28.422578811645508 2 35.012372016906738 27.224364271163939 0 0 0 0 0
47 2.3500000000000001 2.3999999999999999 339.44299999999998 6500 309560 8597 277 1 35684 116.69585370260572 126 122.36768801250155 118.18315959264362 53032 119.6625138153901 185 122.9534383412954 119.58394716252509 118 25.250894904136658 2 28.205841064453125 23.140075275897981 0 0 0 0 0
48 2.3999999999999999 2.4500000000000002 337.221 6471 316031 8605 277 1 36434 117.44517050849066 126 122.4495598929269 118.30574946206715 54135 119.24465591843064 185 123.16670750798406 119.65691391073692 121 28.21989917755127 2 35.096571922302246 27.060587716102599 0 0 0 0 0
49 2.4500000000000002 2.5 335.57400000000001 6497 322528 8615 277 1 37190 119.39954824296255 126 122.24852468097021 118.06507983253121 55238 119.02542460673564 185 122.98396936365076 119.46026642093146 123 24.596220135688782 2 28.81702709197998 23.587563886642457 0 0 0 0 0
50 2.5 2.5500000000000003 341.35199999999998 6538 329066 8621 277 1 37930 118.78849338349842 126 122.32701522584945 118.06526122320271 56358 120.47436671901393 185 123.30182123957454 119.64655314842432 125 23.263145506381989 2 26.388000011444092 21.319791071414947 0 0 0 0 0
51 2.5500000000000003 2.6000000000000001 338.08199999999999 6518 335584 8634 277 1 38689 121.17603283836728 126 122.36151879931253 118.11242289346359 57482 122.38705798999683 185 123.33069066228093 119.61985981544289 127 22.665141314268112 2 25.80943301320076 20.592047909498216 0 0 0 0 0
52 2.6000000000000001 2.6499999999999999 335.45100000000002 6448 342032 8645 277 1 39405 116.65440168834868 126 121.84035092308407 118.12733920506071 58549 118.14534470841691 185 122.55642939387141 119.55076860500027 130 26.719368934631348 2 33.345947265625 25.986183959841728 0 0 0 0 0
53 2.6499999999999999 2.7000000000000002 335.96699999999998 6520 348552 8651 277 1 40160 118.34653273082915 126 121.91382877410405 118.16598199148025 59659 118.65107421875 185 123.48229992840741 119.49928694853911 132 23.486839413642883 2 28.542131185531616 23.200311210155487 0 0 0 0 0
54 2.7000000000000002 2.75 336.87700000000001 6569 355121 8667 277 1 40904 118.33448101225353 126 122.23337118966239 118.10714793371778 60778 120.17291882489178 185 123.36760583826013 119.4662718497611 135 27.963881969451904 2 33.50861644744873 25.567580893039704 0 0 0 0 0
55 2.75 2.8000000000000003 339.38499999999999 6494 361615 8677 277 1 41657 119.54205903552827 126 121.83274314517067 118.3282393706791 61898 121.54921087316565 185 122.69431082235801 119.71848113188871 137 23.248651504516602 2 30.206607341766357 24.668237776756285 0 0 0 0 0
56 2.8000000000000003 2.8500000000000001 336.01100000000002 6492 368107 8687 277 1 42378 115.84580345759316 126 122.33391813247923 118.10384318154952 62972 118.04711646002693 185 123.27669863314242 119.57527853228598 140 27.069638252258301 2 34.412250518798828 26.217093334197997 0 0 0 0 0
57 2.8500000000000001 2.8999999999999999 337.05900000000003 6549 374656 8704 277 1 43129 116.65229833693732 126 122.18779082525344 118.40786788092724 64077 117.87295082710885 185 123.43997930578283 119.63186565089867 142 22.470246315002441 2 30.772749423980713 24.553552985191345 0 0 0 0 0
58 2.8999999999999999 2.9500000000000002 335.93299999999999 6565 381221 8716 277 1 43907 122.03792257157583 126 122.03792257157583 118.16009004380967 65223 122.20977713095175 185 122.88499644511455 119.59826442409205 144 20.778224289417267 2 27.226381897926331 21.675159014463425 0 0 0 0 0
59 2.9500000000000002 3 337.13200000000001 6485 387706 8729 277 1 44632 118.74725977579753 126 122.31481037442646 118.33721023559571 66314 120.37986243995461 185 123.44484912769215 119.75759609160554 147 23.38447093963623 2 35.012360572814941 27.419725416898729 0 0 0 0 0
60 3 3.0500000000000003 337.26400000000001 6570 394276 8735 277 1 45383 119.74651052081396 126 122.01884042649041 118.21703565688362 67419 120.25782330487226 185 123.29237101786845 119.58026110015044 150 26.386619091033936 2 37.071810722351074 27.027773828506469 0 0 0 0 0
61 3.0500000000000003 3.1000000000000001 338.13400000000001 6452 400728 8750 277 1 46100 115.45795392233228 126 121.6462278214712 118.05531820024763 68490 116.52366345379804 185 123.0811683860985 119.48070580807251 152 20.667365312576294 2 32.840085983276367 25.662257509231566 0 0 0 0 0
62 3.1000000000000001 3.1499999999999999 336.387 6572 407300 8759 277 1 46876 120.5299935113816 126 121.94958629305401 118.15308850485182 69639 121.31019501557222 185 123.26078066439241 119.47736413574219 155 22.323194980621338 2 37.380456924438477 28.360675559043884 0 0 0 0 0
63 3.1499999999999999 3.2000000000000002 335.858 6438 413738 8764 277 1 47602 117.67288740854414 126 121.84748791891431 118.06670582604785 70734 120.11759210534998 185 123.04972315607844 119.55907181940852 157 18.456111788749695 2 30.923854827880859 23.828547239303589 0 0 0 0 0
64 3.2000000000000002 3.25 335.63400000000001 6509 420247 8772 277 1 48349 118.02158028738839 126 122.09238669985817 118.22618650406127 71835 119.54351893244564 185 123.484008087983 119.59535575990418 160 21.950013637542725 2 34.081933975219727 26.540922012329101 0 0 0 0 0
65 3.25 3.3000000000000003 335.40899999999999 6426 426673 8773 277 1 49071 114.6011091565329 126 121.88287995353578 117.98953435383144 72910 116.34043467753642 185 122.46364927549619 119.38735543988203 162 18.605473518371582 2 29.761853694915771 23.311212525367736 0 0 0 0 0
66 3.3000000000000003 3.3500000000000001 335.30500000000001 6559 433232 8784 277 1 49842 118.79708529275561 126 122.08064397176106 118.22677122570225 74053 120.34464923755543 185 123.48442852948163 119.60323498535158 164 17.295375764369965 2 27.075676679611206 21.297042095661162 0 0 0 0 0
67 3.3500000000000001 3.3999999999999999 336.48899999999998 6616 439848 8795 277 1 50602 121.35437907869854 126 121.37300170414032 118.10309118361698 75180 122.63535032530089 185 123.11294720623944 119.56994342123498 167 21.173984527587891 2 33.305461883544922 26.16005131840706 0 0 0 0 0
68 3.3999999999999999 3.4500000000000002 336.65100000000001 6496 446344 8800 277 1 51322 117.35336745731415 126 121.18498151264494 118.24682988000295 76256 119.24485696328652 185 122.93286322516364 119.68100559131517 169 18.240279674530029 2 29.446710586547852 22.904470539093019 0 0 0 0 0
69 3.4500000000000002 3.5 336.44200000000001 6435 452779 8804 277 1 52074 118.57767456296891 126 122.16437827216254 118.15295154147675 77358 118.81487472121781 185 123.17168744061445 119.56080750336515 172 24.481791973114014 2 33.714557647705078 23.820688089132307 0 0 0 0 0
70 3.5 3.5500000000000003 336.06200000000001 6531 459310 8810 277 1 52820 118.8449944390191 126 121.63964510720874 118.14802103315084 78475 119.99195651492558 185 122.90712651433171 119.59138431940852 174 19.328344583511353 2 32.500202655792236 25.1020929479599 0 0 0 0 0
71 3.5500000000000003 3.6000000000000001 338.62900000000002 6554 465864 8820 277 1 53573 120.20909348745195 126 122.03629902430943 118.1732827080621 79599 121.82005536878431 185 122.75223322687923 119.70361096603806 177 25.791152000427246 2 30.266196250915527 23.601604611873626 0 0 0 0 0
72 3.6000000000000001 3.6499999999999999 337.464 6491 472355 8829 277 1 54296 116.82586433773949 126 121.82591907561772 118.11139469570583 80675 118.57213802853146 185 122.76723554456557 119.53985222398913 179 19.529059171676636 2 34.680526733398438 26.199683818817139 0 0 0 0 0
73 3.6499999999999999 3.7000000000000002 338.01100000000002 6491 478846 8833 277 1 55044 117.43752821664961 126 121.28995180886889 118.12456894647502 81779 118.31644802609006 185 122.77624499346759 119.60447063961544 181 17.225359916687012 2 28.66397500038147 22.280738241672516 0 0 0 0 0
74 3.7000000000000002 3.75 338.13200000000001 6550 485396 8837 277 1 55785 117.09959617493645 126 121.55209647284613 117.95359049115865 82900 119.97913286363756 185 122.72957054344383 119.54305281438056 184 22.014314651489258 2 34.181781768798828 25.258767821788787 0 0 0 0 0
75 3.75 3.8000000000000003 335.72699999999998 6515 491911 8847 277 1 56542 119.10582817925348 126 121.38130757165334 118.17246851482091 84019 121.17790849015519 185 123.0621276443069 119.78612005945153 186 18.342476844787598 2 30.632960319519043 23.635242395401001 0 0 0 0 0
76 3.8000000000000003 3.8500000000000001 335.76900000000001 6520 498431 8852 277 1 57295 120.59686376178075 126 122.22509069291372 118.04761329650881 85119 120.4469387569943 185 122.96084339038745 119.64258420047241 188 16.865422964096069 2 27.174955129623413 21.462332712411879 0 0 0 0 0
77 3.8500000000000001 3.8999999999999999 336.01600000000002 6412 504843 8860 277 1 58012 116.20093493991428 126 122.26241066342308 118.16161966717432 86201 117.79593398635451 185 122.91919943319785 119.59753313136744 190 16.046643853187561 2 26.432126104831696 20.810627219080924 0 0 0 0 0
78 3.8999999999999999 3.9500000000000002 337.53699999999998 6610 511453 8867 277 1 58789 121.42141305832635 126 121.73775488232809 118.16486213199673 87341 121.53535869701489 185 122.21988224338841 119.5410589797561 193 19.770734786987305 2 33.559724807739258 26.313021872639656 0 0 0 0 0
79 3.9500000000000002 4 339.12099999999998 6455 517908 8874 277 1 59512 118.01523753574916 126 121.93419138590495 118.1341128346277 88435 120.11191517597921 185 122.80401520600191 119.67950311196817 196 26.894797921180725 2 29.279906749725342 22.946945130825043 0 0 0 0 0
80 4 4.0499999999999998 336.14400000000001 6454 524362 8878 277 1 60263 119.05102078876799 126 122.12978120834109 118.1808681621249 89545 120.47999263454128 185 123.01912239693307 119.63557086923961 198 25.292641639709473 2 26.542717933654785 21.586188813447951 0 0 0 0 0
81 4.0499999999999998 4.0999999999999996 336.16899999999998 6529 530891 8885 277 1 60983 115.26876485915412 126 121.48423482501317 118.03025855412561 90621 117.20437399374472 185 122.60870023160368 119.56727483718458 200 24.2840835750103 2 26.190047889947891 20.998507636785508 0 0 0 0 0
82 4.0999999999999996 4.1500000000000004 335.57999999999998 6547 537438 8888 277 1 61756 119.71071491544208 126 121.98840998089503 118.30071048433818 91763 121.05046799118455 185 122.59789337983003 119.65167305033918 203 32.408297538757324 2 34.412313461303711 21.956761362254621 0 0 0 0 0
83 4.1500000000000004 4.2000000000000002 336.75999999999999 6505 543943 8891 277 1 62485 117.28202426244341 126 121.63120796566918 118.11875282772 92858 119.87188931026974 185 122.42732935725031 119.54518599309148 205 27.016035079956055 2 31.766571044921875 25.33852391242981 0 0 0 0 0
84 4.2000000000000002 4.25 337.45999999999998 6520 550463 8900 277 1 63235 118.02797008696056 126 121.60859940544007 118.30909007238961 93966 120.09087738861909 185 122.48973726839633 119.56695732322903 207 24.263111233711243 2 27.651464462280273 22.725489289760588 0 0 0 0 0
85 4.25 4.2999999999999998 339.76900000000001 6553 557016 8906 277 1 63987 119.39369044228205 126 121.11069779168992 118.01295106675887 95059 118.86898131499419 185 122.18562428242451 119.37185993009 210 30.507341384887695 2 33.715825080871582 23.81799648165703 0 0 0 0 0
86 4.2999999999999998 4.3500000000000005 339.54399999999998 6515 563531 8910 277 1 64725 118.34647817460318 126 122.12372110760401 118.17961110796246 96178 120.42070613551785 185 122.72151192330026 119.43668914217558 212 25.796087741851807 2 30.350344181060791 24.664298763275145 0 0 0 0 0
87 4.3500000000000005 4.4000000000000004 336.62099999999998 6521 570052 8916 277 1 65482 120.36952693878658 126 122.03242268638006 118.15582042754642 97295 121.67768628919447 185 122.5306374214791 119.51227784852721 214 23.881941318511963 2 27.192298054695129 21.895071725845337 0 0 0 0 0
88 4.4000000000000004 4.4500000000000002 338.86000000000001 6460 576512 8921 277 1 66202 116.39686772179982 126 121.33108175368537 118.21876098753916 98372 118.53145933408994 185 122.17755770296664 119.54728377058701 217 28.96903133392334 2 33.322314739227295 24.963610273599624 0 0 0 0 0
89 4.4500000000000002 4.5 339.74900000000002 6486 582998 8925 277 1 66958 118.16304900154235 126 122.24887708633665 118.25140005323625 99476 118.34058033711202 185 123.38768384778822 119.54030378599427 219 24.044013023376465 2 30.519959449768066 24.875935807228089 0 0 0 0 0
90 4.5 4.5499999999999998 337.512 6548 589546 8928 277 1 67701 117.95832334245954 126 122.02804959009565 118.13917196727931 100593 119.56174056594436 185 123.19044878160631 119.54774373564844 221 21.298392415046692 2 28.072736978530884 22.718258370161056 0 0 0 0 0
91 4.5499999999999998 4.6000000000000005 336.92500000000001 6581 596127 8932 277 1 68458 119.80192995828295 126 120.99939425029451 118.3334769270155 101721 121.72555418272276 185 122.98341258280986 119.80367304868957 224 27.042947292327881 2 36.504158020019531 24.312699255943297 0 0 0 0 0
92 4.6000000000000005 4.6500000000000004 338.63400000000001 6365 602492 8938 277 1 69177 115.90837896437873 126 121.79418672834124 117.98171103704546 102798 118.63425829088365 185 123.3237713375607 119.49289916332351 226 21.586562871932983 2 32.04155445098877 25.402011413574218 0 0 0 0 0
93 4.6500000000000004 4.7000000000000002 338.78300000000002 6550 609042 8952 277 1 69932 117.60477877420092 126 121.5819453284854 118.16175555880109 103898 117.95738500646642 185 123.07832497261666 119.58902249805342 229 26.127789974212646 2 35.98129940032959 25.504034674167634 0 0 0 0 0
94 4.7000000000000002 4.75 336.39499999999998 6520 615562 8956 277 1 70703 121.98195835900685 126 121.98195835900685 118.04737416585287 105041 122.01727934141417 185 122.3708606204471 119.54811196487015 231 21.395124912261963 2 31.292286396026611 24.685497155189513 0 0 0 0 0
95 4.75 4.7999999999999998 337.10300000000001 6501 622063 8961 277 1 71425 118.25097898453001 126 121.62382301451667 118.29694766211129 106137 120.70807783796981 185 122.91923250765414 119.78261472134976 234 29.792773246765137 2 29.792773246765137 21.686049203872681 0 0 0 0 0
96 4.7999999999999998 4.8500000000000005 336.20800000000003 6502 628565 8966 277 1 72179 119.69319655403258 126 121.73059935796829 118.25467465597487 107245 120.91176572232634 185 123.29461768897804 119.58210293331661 236 22.833263397216797 2 33.809922218322754 26.890146656036379 0 0 0 0 0
97 4.8500000000000005 4.9000000000000004 336.197 6453 635018 8971 277 1 72897 115.51926924690368 126 121.38923051622179 118.10056177532863 108315 117.08533428295239 185 123.0188759881097 119.46394925916515 238 20.183133840560913 2 28.594958066940308 22.62371603012085 0 0 0 0 0
98 4.9000000000000004 4.9500000000000002 337.17200000000003 6560 641578 8975 277 1 73671 120.4093876793271 126 121.06733842880007 118.01573910304474 109459 121.21166188008077 185 123.0530521702122 119.59044724912907 241 23.22674560546875 2 36.083121299743652 26.986724810600279 0 0 0 0 0
99 4.9500000000000002 5 336.68400000000003 6490 648068 8980 277 1 74392 116.73314793904622 126 121.74471058921209 118.08402562822616 110554 119.92504396180848 185 122.67443893020217 119.65214741062468 243 20.094569444656372 2 29.301266193389893 23.100962545871734 0 0 0 0 0
100 5 5.0499999999999998 341.11399999999998 6507 654575 8985 277 1 75152 119.12505528283498 126 121.74082910446893 118.26683216518826 111659 119.75105252652556 185 123.23398911759661 119.63169309049037 246 22.906572341918945 2 36.009146690368652 27.21602686405182 0 0 0 0 0
101 5.0499999999999998 5.1000000000000005 336.202 6463 661038 8991 277 1 75868 114.70857662624783 126 121.06116758074079 118.02323672097826 112740 117.17383604307433 185 121.96835859144056 119.41637327451967 249 28.93262767791748 2 30.721719741821289 24.034003365039826 0 0 0 0 0
102 5.1000000000000005 5.1500000000000004 336.601 6603 667641 8994 277 1 76643 119.52384385608491 126 121.60087343246218 118.24857384696837 113878 120.66907208416913 185 122.97749089421453 119.56660127794423 251 21.603987693786621 2 35.053481101989746 27.255601511001586 0 0 0 0 0
103 5.1500000000000004 5.2000000000000002 337.642 6575 674216 8996 277 1 77396 120.99155964927068 126 121.98234328012617 118.07070178077335 114994 121.74496674408783 185 122.84183242385451 119.58345222679345 253 18.82497227191925 2 29.06168007850647 22.751321058273316 0 0 0 0 0
104 5.2000000000000002 5.25 337.36700000000002 6442 680658 9000 277 1 78121 117.75504920596168 126 121.43315699743846 118.2835986146473 116075 118.99204480970228 185 122.33462330586201 119.59032953705662 256 21.454714775085449 2 36.446648597717285 27.396460857391357 0 0 0 0 0
105 5.25 5.2999999999999998 338.01799999999997 6511 687169 9009 277 1 78870 118.47888486347502 126 122.06945310320172 118.17224382309689 117181 118.91846214500633 185 122.67007363809121 119.64039298805032 258 18.343548178672791 2 29.705855846405029 23.080154626369477 0 0 0 0 0
106 5.2999999999999998 5.3500000000000005 344.935 6542 693711 9012 277 1 79616 118.76484207879929 126 121.71680190071227 118.12957039242697 118300 120.2848429087046 185 123.32029274605416 119.62018766248553 261 26.469897270202637 2 28.674494743347168 21.954648333787919 0 0 0 0 0
107 5.3500000000000005 5.4000000000000004 336.10599999999999 6513 700224 9015 277 1 80370 120.11455487448072 126 121.62048509385851 118.34625706748355 119423 122.00507127916491 185 123.15937961887668 119.702296891496 263 20.319947719573975 2 34.335453987121582 26.088653936386109 0 0 0 0 0
108 5.4000000000000004 5.4500000000000002 336.185 6466 706690 9017 277 1 81095 116.86627039833674 126 121.73171385507734 118.29525540306457 120502 118.97308675405141 185 122.44426298399229 119.65039482157941 265 18.13721239566803 2 28.286909818649292 22.160977177619934 0 0 0 0 0
109 5.4500000000000002 5.5 336.78500000000003 6512 713202 9029 277 1 81841 117.01011948358445 126 121.55309150332496 118.27026138911171 121605 118.5278846122123 185 122.72751316379856 119.68398356174777 268 21.926560401916504 2 33.371379852294922 26.248417856693269 0 0 0 0 0
110 5.5 5.5499999999999998 336.94400000000002 6500 719702 9033 277 1 82585 117.06146906292628 126 121.51337051391602 118.04437697758749 122719 119.43642928664748 185 123.06231330665382 119.53291942699539 270 18.183936953544617 2 30.55031681060791 23.7053276348114 0 0 0 0 0
111 5.5499999999999998 5.6000000000000005 339.44400000000002 6525 726227 9038 277 1 83335 117.90138075086806 126 121.18678223140655 118.21605394878087 123837 120.60245682999894 185 122.67696924982845 119.71043173382733 273 22.150123119354248 2 35.796239852905273 26.07334445953369 0 0 0 0 0
112 5.6000000000000005 5.6500000000000004 337.97199999999998 6554 732781 9047 277 1 84092 120.00042282588898 126 121.94925774468317 118.08058729868085 124942 120.45718495136983 185 122.50705941689981 119.60326266314534 276 27.770124197006226 2 31.612181186676025 24.436015315055847 0 0 0 0 0
113 5.6500000000000004 5.7000000000000002 336.22899999999998 6427 739208 9054 277 1 84817 116.90182767595563 126 121.676270984468 118.14705743577743 126021 117.46331733497414 185 122.65259976773649 119.612654042012 278 26.047038733959198 2 27.220238924026489 21.705909527540207 0 0 0 0 0
114 5.7000000000000002 5.75 337.32799999999997 6581 745789 9056 277 1 85591 121.6302131168426 126 121.6302131168426 118.17585865202402 127169 122.01234312315245 185 122.04667358398437 119.60439530656146 281 34.188310623168945 2 35.583559989929199 21.939871641993523 0 0 0 0 0
115 5.75 5.7999999999999998 336.75900000000001 6556 752345 9059 277 1 86314 118.13746667286706 126 121.93493591792999 118.2198179565914 128264 120.67958275047508 185 123.03425325960727 119.69783207248994 283 27.975777626037598 2 33.511336326599121 26.150615725517273 0 0 0 0 0
116 5.7999999999999998 5.8500000000000005 337.11500000000001 6524 758869 9061 277 1 87065 119.15669208102756 126 121.45546722412109 118.1972587440127 129368 120.52398277488915 185 122.58411114666913 119.50537677826748 285 25.57375955581665 2 27.561315536499023 22.378079636096956 0 0 0 0 0
117 5.8500000000000005 5.9000000000000004 335.40800000000002 6443 765312 9065 277 1 87788 115.81422866336884 126 121.1331777421255 118.07103377569291 130446 117.55500059385558 185 121.8689778095967 119.4799107575288 287 24.387500822544098 2 26.371091544628143 21.174433292150496 0 0 0 0 0
118 5.9000000000000004 5.9500000000000002 336.68200000000002 6613 771925 9075 277 1 88561 120.30334720914325 126 121.63276018415179 118.25400965009413 131583 120.98416228423247 185 122.33739727123364 119.52390921350427 290 31.910305023193359 2 35.266338348388672 22.552172688245772 0 0 0 0 0
119 5.9500000000000002 6 336.56299999999999 6400 778325 9076 277 1 89280 116.2238640558152 126 121.36973602052718 118.16578820849224 132676 119.54096935375317 185 122.50686876451647 119.5909491041029 292 25.953848361968994 2 31.290781497955322 25.89709722518921 0 0 0 0 0
120 6 6.0499999999999998 335.97500000000002 6597 784922 9079 277 1 90039 118.32911742679657 126 121.6971817622109 118.3918970550053 133782 119.45587426262932 185 122.70893670159417 119.65179306277714 294 23.205222249031067 2 28.008050918579102 22.721235101222991 0 0 0 0 0
121 6.0499999999999998 6.1000000000000005 334.37599999999998 6492 791414 9082 277 1 90789 119.35185035826667 126 121.71609993586465 118.03505895826551 134877 118.33436031857052 185 122.62586814261772 119.48869401921452 297 25.374373912811279 2 34.085700988769531 27.852465305328369 0 0 0 0 0
122 6.1000000000000005 6.1500000000000004 336.32100000000003 6526 797940 9087 277 1 91529 118.58268441094293 126 121.89565967378162 118.22179672846718 136004 120.72425120585673 185 122.74954128780881 119.47174244731178 299 21.942023634910583 2 29.078203916549683 23.39815013885498 0 0 0 0 0
123 6.1500000000000004 6.2000000000000002 341.18700000000001 6499 804439 9090 277 1 92285 120.37240939670139 126 121.8777595398918 118.22808948456291 137117 121.58757361334723 185 122.62425190693624 119.46958059197506 301 20.836656868457794 2 26.484087109565735 21.094349312782288 0 0 0 0 0
124 6.2000000000000002 6.25 338.52100000000002 6447 810886 9093 277 1 93012 117.52687278626458 126 121.02268776061042 118.21398390149315 138196 118.84644800134608 185 121.67156714362068 119.3624340366673 303 20.590525031089783 2 25.648668825626373 20.243679417967797 0 0 0 0 0
125 6.25 6.2999999999999998 338.89699999999999 6486 817372 9095 277 1 93758 117.67223455035497 126 121.93980074685717 118.26876402960883 139297 118.41832502210463 185 122.73073878932644 119.45086116893873 306 24.622639656066895 2 33.260475158691406 26.00807029813528 0 0 0 0 0
126 6.2999999999999998 6.3500000000000005 335.483 6505 823877 9099 277 1 94505 118.13819733877031 126 121.22227072337317 118.11008839319628 140418 120.09150254533098 185 122.6574345769109 119.53266512566648 308 21.822803735733032 2 28.51005482673645 22.771935408115386 0 0 0 0 0
127 6.3500000000000005 6.4000000000000004 336.07100000000003 6568 830445 9102 277 1 95253 118.62124518742637 126 121.20148346916078 118.25190024602981 141538 121.53651898358319 185 122.35377316861539 119.65044025482999 311 24.56535816192627 2 35.163955688476562 27.284788169860839 0 0 0 0 0
128 6.4000000000000004 6.4500000000000002 337.23000000000002 6426 836871 9109 277 1 95982 116.17327717372349 126 121.50269741482205 118.13783944629488 142614 118.28680572509765 185 122.79728579134554 119.54162838827601 313 21.394758105278015 2 28.841819047927856 23.138999812602997 0 0 0 0 0
129 6.4500000000000002 6.5 337.16899999999998 6523 843394 9114 277 1 96733 117.07932747734918 126 121.75124365185934 118.30930752829902 143718 118.01632678057696 185 122.56924619932433 119.61911026743297 315 19.891978025436401 2 27.070355176925659 21.487804676294328 0 0 0 0 0
130 6.5 6.5499999999999998 336.74299999999999 6569 849963 9117 277 1 97506 121.65579883635991 126 121.65579883635991 118.16753020150325 144854 121.30068895494615 185 122.2074517327386 119.55915623432882 318 24.772731304168701 2 32.777537822723389 25.167888348698614 0 0 0 0 0
131 6.5499999999999998 6.6000000000000005 338.01999999999998 6435 856398 9120 277 1 98232 118.61948970007518 126 121.47717739286877 118.24412362356037 145957 120.78431021200645 185 122.54820569012617 119.75444982497753 320 21.134664297103882 2 29.781243324279785 23.601809825897217 0 0 0 0 0
132 6.6000000000000005 6.6500000000000004 336.19799999999998 6572 862970 9124 277 1 98984 119.82384575737848 126 121.48092397054036 118.17270436362617 147058 120.10807359025286 185 122.66670598210516 119.69650037115974 322 19.413021385669708 2 27.204262256622314 21.704485162496567 0 0 0 0 0
133 6.6500000000000004 6.7000000000000002 343.94400000000002 6427 869397 9130 277 1 99706 116.22788196139865 126 121.44592672681051 118.16327816796677 148144 117.88466850486961 185 122.53744259396115 119.60662757997252 324 18.924899339675903 2 25.794698119163513 20.483257896900177 0 0 0 0 0
134 6.7000000000000002 6.75 340.20100000000002 6544 875941 9135 277 1 100479 120.75338757227338 126 121.26029774499318 118.21798575507272 149282 121.30294395652977 185 122.54457277865023 119.64279535242029 326 18.512008555233479 2 25.708067089319229 20.408782867938282 0 0 0 0 0
135 6.75 6.7999999999999998 336.82100000000003 6460 882401 9138 277 1 101199 116.84274612911163 126 121.7308473738413 118.15735971117778 150378 120.15781654151711 185 122.48912308151658 119.62017607735297 329 25.928031921386719 2 34.999174118041992 22.657899520397187 0 0 0 0 0
136 6.7999999999999998 6.8500000000000005 335.83300000000003 6493 888894 9143 277 1 101953 118.40551788087875 126 121.49007548983136 118.13532230558853 151480 119.81979234025285 185 122.6564121143238 119.46976746017869 331 21.088317632675171 2 31.557574272155762 24.791484432220457 0 0 0 0 0
137 6.8500000000000005 6.9000000000000004 341.07600000000002 6507 895401 9148 277 1 102675 115.09047323559957 126 120.66736409020803 117.88516057332357 152556 116.73885597022804 185 122.29670529752164 119.37453195272909 333 19.307879567146301 2 27.515105247497559 21.762690534591673 0 0 0 0 0
138 6.9000000000000004 6.9500000000000002 338.07600000000002 6595 901996 9150 277 1 103449 119.92403629847935 126 121.36551357450939 118.07172944326253 153699 120.7553387203732 185 122.78971871040963 119.59109151149435 336 22.369793891906738 2 35.493209838867188 26.968600406646729 0 0 0 0 0
139 6.9500000000000002 7 339.79500000000002 6551 908547 9157 277 1 104194 120.22873415265765 126 121.18152061341301 117.95228832547622 154816 121.84265433646537 185 122.77114628972234 119.6802526698757 339 25.926993370056152 2 36.426064491271973 26.478252940177917 0 0 0 0 0
140 7 7.0499999999999998 338.75 6474 915021 9163 277 1 104921 117.49900987413194 126 120.84511608547635 118.09932509164959 155895 118.83206061285895 185 122.28285617312869 119.62921627807617 341 21.001586198806763 2 31.994187355041504 24.876317038536072 0 0 0 0 0
141 7.0499999999999998 7.1000000000000005 335.53300000000002 6498 921519 9168 277 1 105671 118.5630247933524 126 121.50664913843549 117.99418772258456 157003 119.08291691960515 185 122.54453595135664 119.53540487753378 344 28.186728477478027 2 30.534320831298828 22.886461868286133 0 0 0 0 0
142 7.1000000000000005 7.1500000000000004 337.99000000000001 6488 928007 9168 277 1 106420 119.29455723838201 126 122.11330613635835 118.16462844606428 158121 120.37354558996252 185 122.82082779343064 119.58707667005385 346 21.919244527816772 2 33.444197654724121 26.205024437904356 0 0 0 0 0
143 7.1500000000000004 7.2000000000000002 336.94 6535 934542 9174 277 1 107167 119.6582766336108 126 121.95370332021562 118.2113123260982 159241 121.82049577042864 185 122.51069913297086 119.64852757964265 349 27.036242485046387 2 36.495108604431152 24.934000942707062 0 0 0 0 0
144 7.2000000000000002 7.25 338.73099999999999 6512 941054 9176 277 1 107890 116.33853076753162 126 121.44882299029638 118.04854795183452 160318 118.64115365518106 185 122.44965939908414 119.5800664400668 351 21.584096908569336 2 32.036063194274902 25.397815060615539 0 0 0 0 0
145 7.25 7.2999999999999998 338.07299999999998 6459 947513 9178 277 1 108643 117.77331797281902 126 121.26517989143493 118.10330136374822 161415 117.73166322450381 185 122.88350582638303 119.49499756684176 354 23.311609745025635 2 37.998027801513672 28.289702215194701 0 0 0 0 0
146 7.2999999999999998 7.3500000000000005 336.69900000000001 6562 954075 9184 277 1 109385 117.46867788405646 126 121.7748159378294 118.07936074029833 162532 119.08707568194416 185 122.58608951053104 119.41483005668022 356 19.319100618362427 2 30.576203346252441 23.95271450996399 0 0 0 0 0
147 7.3500000000000005 7.4000000000000004 337.58600000000001 6527 960602 9190 277 1 110140 119.01817261226593 126 121.11446804470486 118.30719578092061 163653 120.65347867398648 185 122.40180264034787 119.63837191854938 359 22.972455978393555 2 35.669492721557617 26.383054583072663 0 0 0 0 0
148 7.4000000000000004 7.4500000000000002 339.78300000000002 6487 967089 9194 277 1 110886 119.27808513338604 126 121.42973242865668 118.15535978286989 164756 120.41666898985167 185 122.62065194619669 119.47767234101164 361 18.444931983947754 2 31.535304546356201 24.482394604682924 0 0 0 0 0
149 7.4500000000000002 7.5 335.46600000000001 6497 973586 9196 277 1 111616 117.06716616191561 126 121.49806691729833 118.06188186040006 165834 117.41323110219595 185 122.72832777693465 119.51402346636802 365 31.544216156005859 2 34.977588653564453 27.031275887489318 0 0 0 0 0
150 7.5 7.5499999999999998 336.43200000000002 6552 980138 9198 277 1 112386 121.25973195878287 126 121.25973195878287 118.0714202759758 166974 121.20099417196738 185 121.97237775647963 119.49320584601328 367 27.003074407577515 2 30.919600009918213 24.495891718864442 0 0 0 0 0
151 7.5499999999999998 7.6000000000000005 337.19299999999998 6444 986582 9199 277 1 113112 118.20201558915396 126 121.43735982501317 118.2653177642822 168075 120.62743728225296 185 122.62602101918813 119.59484327409075 369 24.728691339492798 2 27.2916259765625 22.251718769073488 0 0 0 0 0
152 7.6000000000000005 7.6500000000000004 338.07499999999999 6549 993131 9202 277 1 113863 119.20363798595611 126 121.20056479317802 118.21469200860889 169175 119.92736469990498 185 122.51758476463525 119.61199241184543 372 30.251285076141357 2 34.10822868347168 24.532454506158828 0 0 0 0 0
153 7.6500000000000004 7.7000000000000002 337.15600000000001 6425 999556 9206 277 1 114584 115.44597583346896 126 121.42517804342603 118.16463724772129 170253 116.92014131288271 185 122.62912379084406 119.5177721169962 374 25.062059164047241 2 30.588350772857666 25.137513585090637 0 0 0 0 0
154 7.7000000000000002 7.75 337.798 6622 1006178 9211 277 1 115360 120.35793794904437 126 121.74418301052518 118.31157226320298 171395 120.7645742055532 185 123.08792139001795 119.65331711805189 376 23.047581970691681 2 27.385868191719055 21.994397989511491 0 0 0 0 0
155 7.75 7.7999999999999998 337.97399999999999 6455 1012633 9214 277 1 116083 116.96058364141555 126 121.96253034803603 118.12538165622287 172491 119.69651142842061 185 122.63120678051098 119.54388217493005 379 28.432862758636475 2 32.705575466156006 24.668388181924819 0 0 0 0 0
156 7.7999999999999998 7.8500000000000005 337.39699999999999 6514 1019147 9215 277 1 116833 117.72479835389153 126 121.76770328340076 118.29100069802905 173601 120.0508099942594 185 122.7704706965266 119.64921155280035 381 24.287632703781128 2 29.737597465515137 24.103915371894836 0 0 0 0 0
157 7.8500000000000005 7.9000000000000004 338.02499999999998 6523 1025670 9216 277 1 117586 119.19723541017562 126 121.2382449801006 118.06602542695543 174696 118.8452989732897 185 122.78155979465794 119.57185166312551 384 31.902151107788086 2 34.559186935424805 22.461372333765031 0 0 0 0 0
158 7.9000000000000004 7.9500000000000002 336.84800000000001 6510 1032180 9218 277 1 118335 119.81872861347502 126 122.2265116373698 118.27356661841982 175817 120.47066394702809 185 122.77285073770059 119.57999892446156 386 25.563916683197021 2 32.158041000366211 26.275069885253906 0 0 0 0 0
159 7.9500000000000002 8 336.70100000000002 6548 1038728 9218 277 1 119084 120.51852671305339 126 122.17947502741738 118.19604303511363 176935 121.7716752335832 185 122.4132035538957 119.57679727420287 388 23.061773419380188 2 27.735999345779419 22.477206189632415 0 0 0 0 0
160 8 8.0500000000000007 337.54300000000001 6417 1045145 9225 277 1 119806 116.85050903804718 126 121.3232674977136 118.23461566380092 178019 119.36860475282411 185 122.06371501200908 119.5682898097683 391 26.486565589904785 2 34.922568321228027 26.609337749481202 0 0 0 0 0
161 8.0500000000000007 8.0999999999999996 337.56200000000001 6540 1051685 9229 277 1 120561 118.517091054765 126 122.22776104155041 118.19127441648453 179116 118.422254448968 185 122.54142039530986 119.53148909202778 393 23.196495175361633 2 29.133852958679199 23.257277181148527 0 0 0 0 0
162 8.0999999999999996 8.1500000000000004 337.99099999999999 6550 1058235 9230 277 1 121303 118.21283715868753 126 122.08892180427672 118.07897817702522 180232 119.5970962524414 185 122.33546369397962 119.48549224523595 395 22.087476789951324 2 26.411239504814148 21.097970521450044 0 0 0 0 0
163 8.1500000000000004 8.1999999999999993 340.65100000000001 6500 1064735 9231 277 1 122059 119.91431003146701 126 121.08169549608988 118.31546094500828 181351 120.96484671927787 185 122.64412355165224 119.61882842357734 398 26.67703914642334 2 34.269057273864746 25.456176698207855 0 0 0 0 0
164 8.1999999999999993 8.25 339.036 6513 1071248 9234 277 1 122779 116.02568005758619 126 121.56693606906467 118.13556908138216 182426 117.62455378351984 185 122.80509441478833 119.52319803763729 401 33.242939949035645 2 33.914491653442383 23.499533669948576 0 0 0 0 0
165 8.25 8.3000000000000007 336.93900000000002 6486 1077734 9236 277 1 123530 117.05296676877946 126 121.50392738221184 118.18927857293023 183535 117.99368706780511 185 122.93956962791648 119.5264145788244 403 25.616298198699951 2 33.562002182006836 27.550636215209963 0 0 0 0 0
166 8.3000000000000007 8.3499999999999996 336.07100000000003 6524 1084258 9240 277 1 124304 121.88370120336138 126 121.88370120336138 118.07453205169189 184672 121.54244603337469 185 122.8413384514886 119.40550340229757 405 22.609960556030273 2 28.877684354782104 22.976373271942137 0 0 0 0 0
167 8.3499999999999996 8.4000000000000004 337.96899999999999 6496 1090754 9243 277 1 125030 118.84910002208892 126 121.07665634155273 118.24243039812362 185766 120.18470050708667 185 122.66787006275074 119.61446072552653 408 27.175168991088867 2 34.546407699584961 25.480282319784166 0 0 0 0 0
168 8.4000000000000004 8.4499999999999993 337.37 6536 1097290 9244 277 1 125775 119.0235099186973 126 121.60399464198521 118.08127534775507 186874 120.4126012853674 185 123.30668669004699 119.55813242319468 410 22.761821269989014 2 30.439212322235107 24.369356918334962 0 0 0 0 0
169 8.4499999999999993 8.5 338.29000000000002 6490 1103780 9247 277 1 126502 116.29884992327008 126 121.53511362227182 118.09430925520637 187954 117.61745069349135 185 123.12879036568306 119.52402744932429 412 21.138243973255157 2 27.103673458099365 21.6073947763443 0 0 0 0 0
170 8.5 8.5500000000000007 337.95699999999999 6512 1110292 9251 277 1 127275 120.91031180487738 126 121.18834268479119 118.13288809397864 189098 121.66568892195419 185 123.02956452240815 119.66775825046851 415 24.477796077728271 2 34.980434417724609 26.693734239339829 0 0 0 0 0
171 8.5500000000000007 8.5999999999999996 337.52199999999999 6534 1116826 9253 277 1 127997 117.37299019949776 126 121.91964776175362 118.10522144257077 190189 119.93241465800517 185 123.10603452115446 119.66191993672139 417 21.362544417381287 2 28.774307012557983 23.08420415878296 0 0 0 0 0
172 8.5999999999999996 8.6500000000000004 337.20600000000002 6458 1123284 9255 277 1 128748 118.33137718079583 126 121.88284107995412 118.25749327160067 191292 119.6260570629223 185 122.90760316591005 119.54652686371675 420 23.990447998046875 2 34.974764823913574 27.39829171180725 0 0 0 0 0
173 8.6500000000000004 8.7000000000000011 336.17399999999998 6476 1129760 9258 277 1 129472 115.19084173535543 126 121.08773567563011 118.02985047718833 192373 116.99371234790699 185 122.10951711293814 119.47095179129936 423 29.805365562438965 2 32.940021514892578 24.243035995960234 0 0 0 0 0
174 8.7000000000000011 8.75 336.57999999999998 6616 1136376 9258 277 1 130245 119.57838918292333 126 121.87416760883634 118.35457197280155 193522 121.54239180281355 185 122.77402483965899 119.71284269260717 425 22.748028993606567 2 34.303230285644531 26.986999535560606 0 0 0 0 0
175 8.75 8.8000000000000007 365.36700000000002 6509 1142885 9261 277 1 130996 120.57309190053789 126 122.07890840560671 118.22153833177357 194631 121.8539602331213 185 123.0508201805321 119.58340445606127 428 25.477789402008057 2 34.391406059265137 27.297447314262389 0 0 0 0 0
176 8.8000000000000007 8.8499999999999996 346.18000000000001 6446 1149331 9265 277 1 131724 117.72652138604059 126 121.71973625062004 118.37373718140621 195707 118.62504643620672 185 123.06800091717695 119.52103529729071 430 21.156003713607788 2 30.760110855102539 24.278715219497681 0 0 0 0 0
177 8.8499999999999996 8.9000000000000004 335.86599999999999 6488 1155819 9272 277 1 132472 118.19858690292116 126 122.34796596708752 118.26277656676278 196810 118.56519313502956 185 123.02089262266416 119.30247547376476 433 26.467868328094482 2 36.44963264465332 24.741075744628905 0 0 0 0 0
178 8.9000000000000004 8.9500000000000011 335.48700000000002 6584 1162403 9276 277 1 133224 119.30908124409025 126 122.16073130047511 118.26563363332598 197926 119.83677446520007 185 123.09887460244668 119.38971595805403 435 21.144551277160645 2 32.008479595184326 25.270263104438783 0 0 0 0 0
179 8.9500000000000011 9 337.99900000000002 6541 1168944 9277 277 1 133975 120.25829545278398 126 122.08103064885215 118.26657604399183 199053 122.08634936358477 185 123.24229959023965 119.61065813136747 438 25.928268432617188 2 35.706534385681152 25.263957102298736 0 0 0 0 0
180 9 9.0500000000000007 336.75999999999999 6419 1175363 9280 277 1 134696 116.58539490472702 126 121.41274691384936 118.08072230021156 200127 118.6256646233636 185 122.83666876715583 119.53428142238306 440 19.940178155899048 2 33.36152982711792 25.928416581153868 0 0 0 0 0
181 9.0500000000000007 9.0999999999999996 336.17899999999997 6498 1181861 9280 277 1 135445 117.29454948788597 126 121.34872872488839 118.18677876305959 201227 118.03904122017525 185 123.0952236278637 119.49967291342244 442 17.786380767822266 2 28.307763814926147 22.132327451705933 0 0 0 0 0
182 9.0999999999999996 9.1500000000000004 336.38499999999999 6562 1188423 9283 277 1 136192 117.82550073048425 126 121.48999943808904 118.04574825468521 202345 119.43115382838893 185 122.5109951122387 119.48660418783649 444 16.865236818790436 2 26.31955885887146 20.911965858340263 0 0 0 0 0
183 9.1500000000000004 9.2000000000000011 335.61399999999998 6558 1194981 9289 277 1 136948 119.57518138582745 126 121.02994827997117 118.26773794507227 203468 121.10850409430427 185 122.68148589263092 119.74474772025447 446 16.321976661682129 2 25.855214864015579 20.537846885323525 0 0 0 0 0
184 9.2000000000000011 9.25 340.00200000000001 6462 1201443 9290 277 1 137694 119.82663696531266 126 121.66126196725028 118.16373088533923 204567 120.39527530154666 185 123.03868799982844 119.51691264302025 450 29.737093925476074 2 35.483303070068359 26.71858177512884 0 0 0 0 0
185 9.25 9.3000000000000007 337.47699999999998 6490 1207933 9294 277 1 138418 116.58694621494838 126 121.3344222780258 118.12801615639339 205644 117.26572212013039 185 122.65463091876056 119.53077464500635 453 33.577425956726074 2 34.255735397338867 26.197940745353698 0 0 0 0 0
186 9.3000000000000007 9.3499999999999996 338.86700000000002 6552 1214485 9295 277 1 139190 121.06541339934819 126 121.06541339934819 118.10582535032239 206789 121.6265832849451 185 122.12666848672403 119.46636054044151 455 28.139256954193115 2 32.912549018859863 25.383972334861756 0 0 0 0 0
187 9.3499999999999996 9.4000000000000004 341.63900000000001 6435 1220920 9297 277 1 139917 118.19431359427315 126 121.55413491385323 118.23929132128519 207881 119.98446292361697 185 122.55504080282675 119.67978572866079 457 26.257573366165161 2 27.582062959671021 21.862929546833037 0 0 0 0 0
188 9.4000000000000004 9.4500000000000011 344.37400000000002 6582 1227502 9298 277 1 140666 118.96350273253425 126 121.40581960526724 118.12734576149596 208988 120.07760636613176 185 122.662850168589 119.58344080249684 460 31.456240653991699 2 34.835418701171875 24.853140903711321 0 0 0 0 0
189 9.4500000000000011 9.5 358.91899999999998 6396 1233898 9299 277 1 141386 115.26758466448102 126 120.89772433326358 117.94477850898862 210061 116.64007943643107 185 122.98140341269003 119.40324444497597 462 26.970701694488525 2 30.833364963531494 24.440829157829285 0 0 0 0 0
190 9.5 9.5500000000000007 350.09500000000003 6586 1240484 9299 277 1 142161 120.15346260676309 126 121.25536849006774 118.17866836305647 211212 121.50775975407781 185 123.12023476265573 119.61324071440826 464 24.423819124698639 2 27.621673226356506 22.5214934527874 0 0 0 0 0
191 9.5500000000000007 9.5999999999999996 341.03300000000002 6499 1246983 9303 277 1 142884 116.78402655465263 126 121.28229171510726 118.09773874918621 212303 119.81027935131176 185 123.20046621786581 119.6264850703059 467 27.278814792633057 2 34.709146499633789 27.173458265066145 0 0 0 0 0
192 9.5999999999999996 9.6500000000000004 343.91500000000002 6493 1253476 9306 277 1 143638 118.22936642359174 126 121.47286950974237 118.25158395313078 213404 119.26970594251478 185 122.63836715285842 119.56219217331342 469 23.422211647033691 2 29.316912412643433 23.818161606788635 0 0 0 0 0
193 9.6500000000000004 9.7000000000000011 339.995 6447 1259923 9308 277 1 144387 119.12755397009471 126 120.81847575354197 117.99963386656749 214497 118.1018963375607 185 122.57075999491923 119.31831005611932 472 30.860603332519531 2 34.106241226196289 22.635728650093078 0 0 0 0 0
194 9.7000000000000011 9.75 338.45499999999998 6550 1266473 9309 277 1 145133 119.40345764160156 126 121.39661292424277 118.13952486795095 215624 120.49544925174197 185 122.88394585686761 119.46811569048904 474 24.638557195663452 2 32.310056209564209 26.160034532546998 0 0 0 0 0
195 9.75 9.8000000000000007 346.47000000000003 6527 1273000 9310 277 1 145881 120.06586898319306 126 121.0534902905661 118.07432906862294 216744 122.00890737997518 185 122.69486517004064 119.58268158371384 477 29.569279670715332 2 36.115998268127441 25.118420758247375 0 0 0 0 0
196 9.8000000000000007 9.8499999999999996 344.96300000000002 6458 1279458 9312 277 1 146604 116.63919890873017 126 120.76173370603532 118.15440451606869 217822 118.87895017056852 185 122.10542808738914 119.63928209294501 479 23.900434494018555 2 31.806122303009033 25.612349290847778 0 0 0 0 0
197 9.8499999999999996 9.9000000000000004 338.565 6495 1285953 9316 277 1 147359 118.20232875763423 126 121.86158552623931 118.29370006500727 218924 118.47063413052946 185 122.99963877909892 119.53935911106413 481 21.65447461605072 2 27.606541633605957 22.223582284450529 0 0 0 0 0
198 9.9000000000000004 9.9500000000000011 339.96899999999999 6559 1292512 9319 277 1 148103 118.05677014305478 126 121.80561810448056 118.23932483128138 220041 119.7383106953389 185 123.14139338312923 119.50168981768631 483 20.323898494243622 2 26.597374856472015 21.317307345867157 0 0 0 0 0
199 9.9500000000000011 10 339.39499999999998 6598 1299110 9320 277 1 148857 119.42308613610646 126 121.54210832383897 118.32981851971338 221162 121.19734187770534 185 122.44453001280088 119.74467331262535 485 19.803403913974762 2 26.210970669984818 20.515303531885149 0 0 0 0 0
200 10 10.050000000000001 338.65600000000001 6384 1305494 9323 277 1 149585 116.8435808212038 126 122.20428902762276 118.10933533562556 222242 118.30205428664749 185 123.1019185246648 119.62317099163985 487 19.642932672053576 2 25.475508347153664 20.158874545022844 0 0 0 0 0
201 10.050000000000001 10.1 344.459 6557 1312051 9327 277 1 150331 116.99148983425565 126 121.49745814005534 118.26624235486226 223345 117.88382555987384 185 122.79988300220387 119.65728076089394 490 26.246657848358154 2 34.727733612060547 23.462093179225921 0 0 0 0 0
202 10.1 10.15 350.279 6552 1318603 9330 277 1 151106 122.0302375309051 126 122.0302375309051 118.02732528928728 224487 121.79846100678316 185 122.16301723170925 119.58381247278162 492 21.676888704299927 2 30.96409797668457 24.524222569465636 0 0 0 0 0
203 10.15 10.200000000000001 341.267 6520 1325123 9332 277 1 151825 117.86996768769764 126 121.68458623734732 118.2457714432005 225586 120.93526499980204 185 122.73318601041227 119.66537977146461 495 25.046090126037598 2 34.491665840148926 26.664373264312744 0 0 0 0 0
204 10.200000000000001 10.25 339.017 6534 1331657 9332 277 1 152578 119.28392095414419 126 121.90915474059089 118.12392924233092 226684 120.15535199964368 185 122.61918058653136 119.47482209901553 497 20.535160779953003 2 31.2435302734375 24.465969638824461 0 0 0 0 0
205 10.25 10.300000000000001 339.70600000000002 6450 1338107 9336 277 1 153307 116.76750946044922 126 122.29664036584279 118.20559672764374 227766 117.6031927985114 185 122.80165479505385 119.49967466612117 499 18.514733493328094 2 27.753072738647461 22.000295442342757 0 0 0 0 0
206 10.300000000000001 10.35 339.36500000000001 6619 1344726 9337 277 1 154077 120.83960318186926 126 121.77441497076126 118.1906895240905 228910 121.74267969904719 185 122.60478816676785 119.57741949957769 501 17.473113119602203 2 26.653483688831329 21.031237666606902 0 0 0 0 0
207 10.35 10.4 338.58100000000002 6445 1351171 9339 277 1 154796 116.87182035900298 126 121.83038493565151 118.05520181201754 230002 120.15669844343856 185 123.21736149143528 119.62420622872015 503 16.958509922027588 2 25.810190230607986 20.50947420746088 0 0 0 0 0
208 10.4 10.450000000000001 341.30399999999997 6530 1357701 9339 277 1 155548 118.12609312269423 126 121.6681046864343 118.12328705439494 231104 119.72650497024124 185 122.76369892842061 119.56101972177868 506 20.635091781616211 2 35.455996513366699 26.360056859999894 0 0 0 0 0
209 10.450000000000001 10.5 337.96499999999997 6436 1364137 9342 277 1 156275 115.51407611180865 126 120.86365309215728 117.98278981284487 232178 116.44602768356735 185 122.00036282925993 119.3558682696368 508 17.913217306137085 2 28.949250221252441 22.69474615097046 0 0 0 0 0
210 10.5 10.550000000000001 338.23700000000002 6565 1370702 9346 277 1 157049 120.08415022350493 126 121.43414766826326 118.33259387667212 233327 121.12982008650496 185 122.80988204543655 119.57907875514675 511 25.440994262695312 2 29.264107704162598 22.54725474715233 0 0 0 0 0
211 10.550000000000001 10.6 339.44299999999998 6524 1377226 9347 277 1 157797 120.63871813577319 126 121.65052595592681 118.18109815325053 234439 121.72076147955818 185 122.81954766350823 119.63114150176182 513 19.276488065719604 2 34.344099998474121 26.103080186843872 0 0 0 0 0
212 10.6 10.65 335.51900000000001 6411 1383637 9348 277 1 158519 116.99270430065337 126 121.62209550161211 118.21283267914305 235522 119.16113037934174 185 122.73030675939611 119.61518156804263 516 26.83428168296814 2 28.795448064804077 22.517533183097839 0 0 0 0 0
213 10.65 10.700000000000001 342.98000000000002 6582 1390219 9349 277 1 159273 118.58461313399057 126 122.13293784005302 118.10647597539993 236628 119.20409657246358 185 122.96855250178157 119.52500548079212 518 25.462546557188034 2 26.505274295806885 21.358068692088128 0 0 0 0 0
214 10.700000000000001 10.75 339.09399999999999 6498 1396717 9351 277 1 160012 117.76372915600973 126 121.66106669108073 118.11426983909001 237741 120.0127879374736 185 123.13160425134608 119.52367022375161 521 29.009758949279785 2 33.457508087158203 26.488140452504158 0 0 0 0 0
215 10.75 10.800000000000001 339.07799999999997 6530 1403247 9354 277 1 160768 119.59753520905025 126 121.89372144426618 118.18444979713077 238863 121.70649463550464 185 122.96396777178791 119.62044748667122 523 25.954137086868286 2 28.43532657623291 23.025164098739623 0 0 0 0 0
216 10.800000000000001 10.85 337.11000000000001 6498 1409745 9355 277 1 161492 116.41712612575955 126 121.55486158340696 118.06932725815544 239936 118.14566930822424 185 122.78594888223184 119.52531675184095 526 30.075277328491211 2 35.609173774719238 25.919929733276366 0 0 0 0 0
217 10.85 10.9 338.65699999999998 6495 1416240 9357 277 1 162241 117.17093840099517 126 121.80079820421007 118.14256858583479 241042 118.18402054245408 185 123.25296346303578 119.52957576277447 528 25.746910095214844 2 29.661524057388306 24.285233850479127 0 0 0 0 0
218 10.9 10.950000000000001 337.29899999999998 6566 1422806 9359 277 1 162991 118.17903772989909 126 121.66203423151894 118.04954579671227 242168 120.43162986136771 185 123.47916808257231 119.50449622901708 531 30.610227108001709 2 33.829530715942383 25.185153357982635 0 0 0 0 0
219 10.950000000000001 11 338.18200000000002 6586 1429392 9364 277 1 163738 118.55774180094402 126 121.65360829186818 118.19647464933848 243281 121.12681913633604 185 123.50566451613967 119.63603966872755 533 25.652965545654297 2 30.419313907623291 24.907860565185548 0 0 0 0 0
220 11 11.050000000000001 338.98399999999998 6478 1435870 9365 277 1 164490 119.93350698077489 126 121.65991889105902 118.00300397479343 244376 120.03557034054317 185 122.95330398147171 119.45873210020322 536 28.590975284576416 2 37.148349761962891 27.091275498867034 0 0 0 0 0
221 11.050000000000001 11.1 338.19400000000002 6410 1442280 9368 277 1 165214 116.72241053505549 126 121.47217935229105 118.09970842633929 245461 117.83265182907517 185 122.9156228967615 119.47823878437765 538 24.345798492431641 2 29.847908496856689 24.20286448955536 0 0 0 0 0
222 11.1 11.15 337.80599999999998 6567 1448847 9372 277 1 165987 121.40657249329583 126 121.40657249329583 118.06091110471692 246606 122.08187371331292 185 122.32598876953125 119.57688755592145 541 31.468771934509277 2 34.77836799621582 22.94802575826645 0 0 0 0 0
223 11.15 11.200000000000001 338.51400000000001 6461 1455308 9372 277 1 166706 117.35569575476268 126 121.9234509543767 118.13746877397813 247700 120.62846502355627 185 123.10511755041173 119.70916999033335 543 24.963618040084839 2 32.299203872680664 26.440325336456297 0 0 0 0 0
224 11.200000000000001 11.25 336.62099999999998 6517 1461825 9374 277 1 167460 118.87181339566669 126 121.63364319574265 118.18150933401921 248802 120.19179526664115 185 123.34320480759079 119.56742973946236 545 22.045595645904541 2 28.394166469573975 22.88894240140915 0 0 0 0 0
225 11.25 11.300000000000001 337.87900000000002 6478 1468303 9376 277 1 168181 115.20817136007642 126 121.30078851609002 118.07155307709222 249880 117.18762355495143 185 122.46548808329814 119.51474974596178 548 25.937975883483887 2 34.420812606811523 26.146416299343109 0 0 0 0 0
226 11.300000000000001 11.35 337.58199999999999 6564 1474867 9378 277 1 168956 120.13648665897431 126 121.80822650969975 118.1366517554389 251023 121.20303732382284 185 122.49776421624262 119.59214751619906 550 21.748554229736328 2 29.900178909301758 24.147669801712038 0 0 0 0 0
227 11.35 11.4 337.18400000000003 6471 1481338 9382 277 1 169677 116.72649183727447 126 121.70860611446319 117.820433884878 252116 119.77463605726088 185 123.02900143185177 119.57630627111486 553 25.072458744049072 2 34.527972221374512 26.709224603176118 0 0 0 0 0
228 11.4 11.450000000000001 338.02100000000002 6537 1487875 9383 277 1 170428 117.75614541674418 126 121.76167745438833 118.18693715534513 253220 119.50125105574324 185 122.53444857210727 119.62199007436395 555 20.631207942962646 2 30.84293794631958 24.396988534927367 0 0 0 0 0
229 11.450000000000001 11.5 336.62400000000002 6533 1494408 9383 277 1 171182 119.43376298934695 126 120.95519625951373 118.02162304832818 254321 118.89883290883657 185 122.44230462151604 119.62341776749898 557 18.826388537883759 2 27.836573600769043 21.786842778921127 0 0 0 0 0
230 11.5 11.550000000000001 336.83600000000001 6494 1500902 9384 277 1 171923 118.87987603081598 126 121.54872627863809 118.16739388723227 255448 121.1372132997255 185 122.93999761632971 119.62174281352277 560 23.572741508483887 2 34.47005558013916 25.300949807167054 0 0 0 0 0
231 11.550000000000001 11.6 339.99799999999999 6548 1507450 9387 277 1 172673 119.76776619563027 126 121.72317825801788 118.16855841863726 256558 121.51062226166596 185 122.63924515182907 119.63028881176101 562 19.415168523788452 2 30.80780553817749 24.116138167381287 0 0 0 0 0
232 11.6 11.65 336.935 6452 1513902 9390 277 1 173400 116.98097519647507 126 121.2327515738351 118.15582508632113 257635 118.34539889773806 185 122.31428746403874 119.56609034770241 565 25.075041770935059 2 34.531526565551758 24.396541185379029 0 0 0 0 0
233 11.65 11.700000000000001 337.14499999999998 6539 1520441 9392 277 1 174153 118.30788040161133 126 121.87812902056982 118.21010776701426 258743 118.48356240762247 185 123.28848237733582 119.64697408727696 567 19.886516809463501 2 32.589496612548828 25.136813235282897 0 0 0 0 0
234 11.700000000000001 11.75 337.149 6499 1526940 9393 277 1 174897 118.30778666904995 126 121.68210026574513 118.09531083969841 259867 120.41683304245407 185 123.09784533526447 119.59948844043633 570 25.249403953552246 2 33.408236503601074 24.690564465522765 0 0 0 0 0
235 11.75 11.800000000000001 339.08499999999998 6524 1533464 9395 277 1 175644 118.72033043513223 126 121.13456774514819 118.16297456044998 260984 121.53414496344489 185 122.89733305235167 119.65055546528583 572 19.870954751968384 2 33.208797931671143 25.324848036766053 0 0 0 0 0
236 11.800000000000001 11.85 336.00599999999997 6451 1539915 9395 277 1 176369 115.86459435356988 126 121.97063016134595 117.90662084306992 262057 118.08182653478674 185 123.35350943900444 119.41789091780383 574 17.892331480979919 2 28.243863582611084 21.958901247978211 0 0 0 0 0
237 11.85 11.9 338.40600000000001 6543 1546458 9395 277 1 177120 116.97708765665691 126 121.68577690730019 118.10492340693401 263159 117.76316829372097 185 122.89145916088208 119.45059469192094 577 24.978488922119141 2 31.125114440917969 22.984464588165284 0 0 0 0 0
238 11.9 11.950000000000001 337.99000000000001 6634 1553092 9398 277 1 177895 122.00090698968796 126 122.00090698968796 118.04210191999162 264301 121.79545976793443 185 122.35027325604413 119.46733206919075 579 19.639879703521729 2 32.958711624145508 25.285407013893128 0 0 0 0 0
239 11.950000000000001 12 336.86000000000001 6438 1559530 9400 277 1 178612 117.56103376358274 126 121.18525017632379 118.20512668306867 265400 120.9267989699905 185 122.83454420759871 119.67078933220941 581 17.675911903381348 2 28.030555009841919 21.944396255016326 0 0 0 0 0
240 12 12.050000000000001 340.00099999999998 6553 1566083 9401 277 1 179363 118.70727781265501 126 122.19701597425673 118.07150937398278 266493 119.578621652964 185 122.66742834142737 119.49688367194099 584 21.946215629577637 2 34.764420509338379 25.77225779891014 0 0 0 0 0
241 12.050000000000001 12.1 339.75 6491 1572574 9404 277 1 180094 116.65684460836744 126 121.68163899012974 118.06172383989606 267573 116.87580632390203 185 122.77050917341903 119.43261323341159 586 17.915757894515991 2 31.41231107711792 23.990288043022154 0 0 0 0 0
242 12.1 12.15 339.24000000000001 6520 1579094 9405 277 1 180863 120.62592376224579 126 121.20209309411428 118.13394615657742 268720 121.50192083410315 185 122.32063887312606 119.4199675763104 589 26.212380230426788 2 27.461661338806152 21.786057077646255 0 0 0 0 0
243 12.15 12.200000000000001 337.87200000000001 6479 1585573 9409 277 1 181586 117.26941620357452 126 121.31285609896221 118.08493990459139 269811 119.95306412980364 185 122.76332867596601 119.4793429705645 591 25.352668195962906 2 25.864826112985611 20.851144214272498 0 0 0 0 0
244 12.200000000000001 12.25 338.39600000000002 6533 1592106 9412 277 1 182338 118.41878097776383 126 121.37404027060857 118.22714866395984 270913 119.57344649031356 185 122.70709409971495 119.51094980353275 594 29.355533599853516 2 33.376607894897461 26.037029553353786 0 0 0 0 0
245 12.25 12.300000000000001 338.12200000000001 6476 1598582 9413 277 1 183061 115.11690418303959 126 120.99289285568963 118.03085576012023 271989 116.54763497017525 185 122.20802740148596 119.31995920954523 596 25.89298677444458 2 28.774255752563477 23.428040421009065 0 0 0 0 0
246 12.300000000000001 12.35 338.14999999999998 6539 1605121 9417 277 1 183832 119.28083686223106 126 121.84195333813864 118.25849715944325 273132 120.53800964355469 185 122.71589178136877 119.61693838006094 599 28.499583721160889 2 34.248159408569336 27.419385025501253 0 0 0 0 0
247 12.35 12.4 338.25400000000002 6490 1611611 9421 277 1 184579 119.70856100415426 126 121.32736514863514 118.14794683305048 274251 121.85306862496041 185 122.65987008584513 119.67099649377769 601 24.98626971244812 2 28.626224994659424 23.478303928375244 0 0 0 0 0
248 12.4 12.450000000000001 341.38600000000002 6498 1618109 9426 277 1 185312 117.8121689690484 126 121.00102918110197 118.22667944408596 275335 119.40701314565298 185 122.33851091539537 119.61084675886825 603 23.125168204307556 2 26.987810373306274 21.842558391094208 0 0 0 0 0
249 12.450000000000001 12.5 339.17700000000002 6546 1624655 9427 277 1 186062 118.76776437910776 126 121.65346690586635 118.10152567545576 276429 118.21513102763407 185 122.79137956773913 119.45025031919741 606 26.250820159912109 2 34.466445922851562 26.905502104759215 0 0 0 0 0
250 12.5 12.550000000000001 342.73000000000002 6498 1631153 9427 277 1 186806 118.70099167596726 126 121.95766709342836 118.1613246760293 277556 120.51369876346072 185 122.67646566854941 119.56215408407675 608 22.942709445953369 2 28.962666988372803 23.275138483047485 0 0 0 0 0
251 12.550000000000001 12.6 342.38799999999998 6542 1637695 9428 277 1 187558 119.95941912938677 126 121.28249516562811 118.11917226276699 278674 121.75243905557168 185 122.90164399018158 119.63844464688691 611 29.831699371337891 2 35.715025901794434 23.179667550325394 0 0 0 0 0
252 12.6 12.65 338.43700000000001 6511 1644206 9429 277 1 188276 115.89139738537017 126 120.81311374240451 117.9957133604988 279752 118.74305490029825 185 122.59070686134132 119.51991256878827 613 24.260046243667603 2 31.562924861907959 25.516129841804503 0 0 0 0 0
253 12.65 12.700000000000001 337.87799999999999 6445 1650651 9431 277 1 189033 117.95917286948553 126 121.44949679904514 118.11154041350829 280853 118.29418120513091 185 122.57450693491343 119.47140359744512 615 22.046596765518188 2 27.517072916030884 22.191393187046049 0 0 0 0 0
254 12.700000000000001 12.75 337.63600000000002 6573 1657224 9432 277 1 189778 118.13122292170449 126 121.64758530874101 118.08361544048979 281972 119.82331122321051 185 122.56534935203759 119.45906006931611 618 25.733644962310791 2 35.422225952148438 26.349701722860335 0 0 0 0 0
255 12.75 12.800000000000001 338.077 6474 1663698 9437 277 1 190525 118.34131634424604 126 121.29243390522306 118.3634080723354 283093 121.33193412986961 185 122.58828904435441 119.69557692079286 620 21.978757858276367 2 29.742629528045654 23.717461190223695 0 0 0 0 0
256 12.800000000000001 12.85 340.87599999999998 6493 1670191 9442 277 1 191279 119.96455607338557 126 121.56741393558563 118.07545955597406 284191 120.47206301302523 185 122.60716239310599 119.55398341328392 622 20.754749715328217 2 26.847418665885925 21.211815674304962 0 0 0 0 0
257 12.85 12.9 337.995 6562 1676753 9444 277 1 192005 117.02876481555757 126 121.95349581279451 118.14460646129784 285275 118.10301443563925 185 122.33994082889042 119.53460578877213 624 20.147129774093628 2 25.903645515441895 20.601567144393922 0 0 0 0 0
258 12.9 12.950000000000001 337.67599999999999 6576 1683329 9446 277 1 192775 121.14895520891461 126 121.14895520891461 118.14307315644764 286413 121.61433530240446 185 121.76170402733055 119.55067738136084 627 27.659110546112061 2 34.465372085571289 22.562883281111716 0 0 0 0 0
259 12.950000000000001 13 338.197 6403 1689732 9448 277 1 193498 117.64793087187267 126 121.63316375490218 118.22801624116443 287511 120.61347940805796 185 122.76443572173247 119.69356013859935 629 22.782530546188354 2 30.804969310760498 24.827983894348144 0 0 0 0 0
260 13 13.050000000000001 337.971 6548 1696280 9450 277 1 194252 119.26695372566344 126 121.53263739934043 118.07963430737691 288611 119.95036790177629 185 122.98271942138672 119.57540141420108 631 20.494193911552429 2 27.822034120559692 22.265530242919922 0 0 0 0 0
261 13.050000000000001 13.1 336.75700000000001 6461 1702741 9452 277 1 194974 115.76655736045232 126 121.71043305169968 118.06866418626566 289686 116.69591192297034 185 122.48812198123416 119.43821646118165 634 26.953565120697021 2 35.663061141967773 23.605002076625823 0 0 0 0 0
262 13.1 13.15 336.73000000000002 6590 1709331 9457 277 1 195748 120.39236147441561 126 121.88881816561261 118.27741886804974 290834 121.26717739620725 185 122.65855156151024 119.5823764087574 636 22.088111639022827 2 31.531402111053467 24.816964945793153 0 0 0 0 0
263 13.15 13.200000000000001 337.94900000000001 6520 1715851 9458 277 1 196469 116.73439770653134 126 121.87705569797092 118.0659327128577 291928 119.96562702075855 185 122.6487110859639 119.55882496849266 638 20.090558052062988 2 27.275786638259888 21.977641236782073 0 0 0 0 0
264 13.200000000000001 13.25 337.43000000000001 6461 1722312 9464 277 1 197222 117.96269123137944 126 121.654724302746 118.30773915729826 293028 119.24152625831398 185 123.1610005559148 119.63578286990605 641 26.275420188903809 2 35.468098640441895 23.876781675815582 0 0 0 0 0
265 13.25 13.300000000000001 336.11799999999999 6524 1728836 9466 277 1 197972 118.96253289116754 126 121.00037159995428 118.05772288367859 294126 118.4938600694811 185 122.74213067132074 119.44289592681062 643 21.073760032653809 2 31.847738742828369 25.149830317497255 0 0 0 0 0
266 13.300000000000001 13.35 337.85700000000003 6509 1735345 9467 277 1 198717 119.09094419933501 126 121.23494326879107 118.12682013133214 295249 120.39660186767578 185 122.70948461584143 119.52160425959404 646 25.354846954345703 2 36.341840744018555 25.76157999277115 0 0 0 0 0
267 13.35 13.4 337.334 6524 1741869 9467 277 1 199471 120.69108012365916 126 121.86306738475012 118.0983316827199 296367 121.63057803592166 185 122.66812496700803 119.64316386537296 648 20.0707688331604 2 32.388391494750977 25.231414308547972 0 0 0 0 0
268 13.4 13.450000000000001 336.649 6436 1748305 9469 277 1 200193 117.12302404736715 126 121.18547851320297 118.13565139649407 297447 118.81606874208192 185 122.03636317897487 119.54319621895455 651 24.816232204437256 2 36.28838062286377 25.301838502883911 0 0 0 0 0
269 13.450000000000001 13.5 336.79199999999997 6522 1754827 9471 277 1 200946 118.53931875077505 126 121.72387780083551 118.12161012558708 298545 118.06077373607738 185 122.66146062902502 119.45044894574137 653 19.580184936523438 2 32.808928966522217 25.183863859176636 0 0 0 0 0
270 13.5 13.550000000000001 335.76299999999998 6535 1761362 9474 277 1 201691 118.64013538663349 126 121.75199199858166 118.15413638765847 299666 119.80765574687236 185 122.35969362001161 119.45969593274917 656 23.111370086669922 2 34.478105545043945 26.504004502296446 0 0 0 0 0
271 13.550000000000001 13.6 338.32499999999999 6461 1767823 9474 277 1 202434 118.24978498428587 126 121.61974231780522 118.32294511825322 300784 121.07193347827808 185 122.09819492649387 119.61316425880226 658 19.164120674133301 2 30.812689304351807 23.907905507087708 0 0 0 0 0
272 13.6 13.65 335.404 6506 1774329 9478 277 1 203166 116.18475923084077 126 121.93832112872411 118.23490270221041 301862 118.00417092813028 185 122.67914898846601 119.57771076841613 661 23.748467445373535 2 36.874407768249512 25.461346988677978 0 0 0 0 0
273 13.65 13.700000000000001 335.97199999999998 6515 1780844 9478 277 1 203924 118.16937122647724 126 121.71524750240265 118.35260632106234 302967 117.80015081457189 185 123.12383402231578 119.66142371265306 663 18.777592420578003 2 32.71793794631958 24.921329112052916 0 0 0 0 0
274 13.700000000000001 13.75 339.06299999999999 6548 1787392 9482 277 1 204690 121.66819175841316 126 121.66819175841316 118.12333238753062 304108 121.708782092945 185 122.69630027977196 119.48165213425091 666 24.159740447998047 2 32.612237930297852 24.671492214202882 0 0 0 0 0
275 13.75 13.800000000000001 341.892 6497 1793889 9483 277 1 205412 117.95119185674758 126 120.9883058336046 118.28310928829131 305206 120.77577836320206 185 123.15201481999577 119.6263847977922 669 28.434680700302124 2 33.582004547119141 25.767662439346314 0 0 0 0 0
276 13.800000000000001 13.85 338.45100000000002 6533 1800422 9484 277 1 206166 119.56259336925689 126 122.11149560837518 118.0871778070359 306306 120.1623240702861 185 122.82408100849874 119.52623922482057 672 33.048484802246094 2 34.397220611572266 25.432174088954927 0 0 0 0 0
277 13.85 13.9 340.19299999999998 6439 1806861 9486 277 1 206887 115.90581367129371 126 122.18973141624814 118.06476119631812 307384 117.31597422006968 185 122.27097666972392 119.35850070602827 674 26.952672243118286 2 32.394082069396973 26.035062112808227 0 0 0 0 0
278 13.9 13.950000000000001 337.80799999999999 6565 1813426 9486 277 1 207661 120.73111839899941 126 121.41910940503317 118.0799083358522 308521 120.90323684279983 185 122.21674817059491 119.36738412228144 676 24.417192816734314 2 27.609831809997559 22.510214664936065 0 0 0 0 0
279 13.950000000000001 14 338.17399999999998 6471 1819897 9486 277 1 208379 116.5550770835271 126 122.03750168331085 118.10265716673831 309623 120.44040704675623 185 122.63143355910843 119.5933282899599 678 22.91581529378891 2 26.598641157150269 21.486419085264206 0 0 0 0 0
280 14 14.050000000000001 339.30200000000002 6461 1826358 9488 277 1 209134 118.22804302639432 126 122.42408389136905 118.18495702713257 310720 119.45046085666966 185 122.47921262174039 119.57465344898117 680 21.817158415913582 2 26.21145886182785 21.087708276510238 0 0 0 0 0
281 14.050000000000001 14.1 340.899 6472 1832830 9489 277 1 209859 115.22505708724734 126 121.59051537892175 118.05240357171918 311800 116.72963504275761 185 122.18411795126426 119.45044605234507 682 21.048582784831524 2 26.063207015395164 20.760911109372973 0 0 0 0 0
282 14.1 14.15 337.66300000000001 6540 1839370 9493 277 1 210632 119.67228595794194 126 122.08612363300627 118.29548375326493 312942 120.72687192349821 185 122.87835050015836 119.502037902832 684 20.507977474480867 2 25.808836292475462 20.535214158892632 0 0 0 0 0
283 14.15 14.200000000000001 339.78399999999999 6591 1845961 9494 277 1 211381 120.4885992625403 126 122.09593037196568 118.08069284590465 314059 121.9871789880701 185 122.34775159681166 119.50898722468197 687 24.245928287506104 2 34.49446964263916 26.299299378432334 0 0 0 0 0
284 14.200000000000001 14.25 337.79000000000002 6412 1852373 9497 277 1 212107 117.54998973059276 126 121.21419046795558 118.14740025717111 315139 119.12864680934597 185 122.04627813390783 119.58678053902295 689 21.277244567871094 2 28.595519781112671 22.939093899726867 0 0 0 0 0
285 14.25 14.300000000000001 337.25900000000001 6549 1858922 9500 277 1 212862 119.18636134314158 126 121.86453961569165 118.22118539113848 316240 118.65009728509027 185 122.51653871278505 119.50078424649627 692 25.158513069152832 2 35.686273574829102 26.157414627075195 0 0 0 0 0
286 14.300000000000001 14.35 336.25999999999999 6520 1865442 9502 277 1 213602 118.41487272958906 126 121.86777417621916 118.22409762549019 317366 120.84585769240921 185 122.54328695761191 119.55583043113917 694 21.767181634902954 2 29.299170970916748 23.357530231475831 0 0 0 0 0
287 14.35 14.4 336.94400000000002 6505 1871947 9505 277 1 214355 119.66106572226873 126 122.26499987405444 118.29001593332445 318474 120.95478899156726 185 122.63386226344753 119.67591429674303 696 20.365367650985718 2 26.684285044670105 21.387848393917082 0 0 0 0 0
288 14.4 14.450000000000001 338.65600000000001 6438 1878385 9505 277 1 215080 116.62801009889633 126 121.31121462867374 118.08217389424647 319563 119.091300222036 185 122.657421875 119.57462636834221 699 24.873299121856689 2 33.354612350463867 25.536992648839952 0 0 0 0 0
289 14.450000000000001 14.5 338.46699999999998 6506 1884891 9507 277 1 215831 117.54286290728857 126 121.96243607051788 118.30059359474791 320661 118.23756507667335 185 122.22983390189506 119.547905732026 701 21.662256479263306 2 29.079256534576416 23.179039239883423 0 0 0 0 0
290 14.5 14.550000000000001 337.63400000000001 6559 1891450 9509 277 1 216580 118.37157064770895 126 121.86916442144485 118.06842053973486 321778 119.48917966275602 185 122.35954239304002 119.51759357019377 704 24.507453918457031 2 36.080256462097168 27.183164248466493 0 0 0 0 0
291 14.550000000000001 14.6 336.18299999999999 6568 1898018 9510 277 1 217324 118.15544970073397 126 121.52802228170728 118.30918213253932 322900 121.04553519584037 185 122.2607738597973 119.75642831915775 707 29.56554126739502 2 34.69548225402832 24.992318229675291 0 0 0 0 0
292 14.6 14.65 336.13999999999999 6433 1904451 9511 277 1 218077 119.62542228093223 126 122.02235915168883 118.06846781412759 323997 120.11870983226879 185 122.317180530445 119.51216256301468 709 22.749671936035156 2 33.627562522888184 26.747938756942748 0 0 0 0 0
293 14.65 14.700000000000001 338.096 6467 1910918 9514 277 1 218805 116.98230410379077 126 121.28200712658111 118.17230892968557 325085 118.14699979215055 185 122.35784874993402 119.57365768267658 712 28.258358955383301 2 34.514832496643066 24.546213185787202 0 0 0 0 0
294 14.700000000000001 14.75 336.613 6571 1917489 9515 277 1 219579 121.7013428703187 126 121.7013428703187 118.18511343940855 326220 121.34088246113545 185 122.02958171947583 119.54062703478012 714 22.033685445785522 2 33.036652565002441 26.162643260955811 0 0 0 0 0
295 14.75 14.800000000000001 337.71100000000001 6471 1923960 9516 277 1 220296 117.31779225667317 126 122.03755569458008 118.14936545114666 327320 120.54798588108372 185 122.59934943946632 119.70388970204948 716 19.655661940574646 2 28.304742097854614 22.354320812225343 0 0 0 0 0
296 14.800000000000001 14.85 335.79899999999998 6523 1930483 9517 277 1 221049 118.70425984216115 126 122.08910805838448 118.15113875495062 328417 119.61154776908256 185 122.41231879156989 119.52167862928238 719 25.014867305755615 2 35.144570350646973 24.694208755493165 0 0 0 0 0
297 14.85 14.9 335.404 6474 1936957 9518 277 1 221779 116.5447159418984 126 121.50437176416791 118.01101591443259 329496 116.79299217430321 185 122.39732018548089 119.43908949156065 721 20.299499988555908 2 31.647543430328369 24.668373165130614 0 0 0 0 0
298 14.9 14.950000000000001 335.99900000000002 6520 1943477 9518 277 1 222541 119.35822532290504 126 122.1712278941321 118.16688956972158 330637 120.69800575874947 185 122.42479899638408 119.48523247961097 724 24.097155094146729 2 35.948726654052734 26.240192437171935 0 0 0 0 0
299 14.950000000000001 15 336.59399999999999 6514 1949991 9518 277 1 223269 116.83463584052191 126 121.45495859781902 118.05397268386116 331736 119.92235247637774 185 122.12307508313978 119.57871173508101 727 27.103778839111328 2 34.455657005310059 27.023329353332521 0 0 0 0 0
300 15 15.050000000000001 336.03699999999998 6491 1956482 9521 277 1 224025 118.44784491402763 126 121.82975339132642 118.40284955342615 332841 119.6909599510399 185 122.74025581978462 119.68852337976406 729 20.088531255722046 2 35.42603874206543 26.945337314605712 0 0 0 0 0
301 15.050000000000001 15.1 340.69900000000001 6585 1963067 9522 277 1 224775 119.38100802709185 126 121.61469377790179 118.12373564099504 333938 118.75843910011085 185 122.75211622908309 119.51780037132467 731 17.431179642677307 2 29.201507806777954 22.63086680173874 0 0 0 0 0
302 15.1 15.15 339.54599999999999 6499 1969566 9522 277 1 225517 119.03115360320561 126 121.332030038985 118.12412275041854 335063 120.81626108530405 185 122.28668765506229 119.58428648582667 735 30.468278408050537 2 34.233489990234375 27.09283158302307 0 0 0 0 0
303 15.15 15.200000000000001 338.00599999999997 6574 1976140 9522 277 1 226266 119.814208257766 126 121.75957271030971 118.11361425975015 336176 121.46797060579867 185 123.0482145567198 119.67908804898649 737 26.79941987991333 2 29.864967346191406 23.632297353744505 0 0 0 0 0
304 15.200000000000001 15.25 338.27100000000002 6458 1982598 9525 277 1 226993 117.00585416763548 126 120.94545800345284 118.1771710447281 337260 118.97642847009607 185 122.007520933409 119.65588056162241 740 33.014666557312012 2 35.056177139282227 23.846701623201369 0 0 0 0 0
305 15.25 15.300000000000001 337.74400000000003 6496 1989094 9526 277 1 227747 118.53967981489878 126 121.89505658830915 118.16397678799096 338354 117.75468048920503 185 122.4713957915435 119.47981949347421 742 27.124861478805542 2 32.360932350158691 25.831108727455138 0 0 0 0 0
306 15.300000000000001 15.35 336.40300000000002 6517 1995611 9527 277 1 228491 118.56520165337457 126 122.27036594209217 118.06995013887921 339478 119.80407108616184 185 122.54016389589052 119.48452475387985 744 25.260726094245911 2 27.024142742156982 21.845557723045349 0 0 0 0 0
307 15.35 15.4 339.05099999999999 6530 2002141 9532 277 1 229236 118.54455378698924 126 121.92006326100183 118.274387672061 340592 120.69378414669552 185 122.10927726127007 119.5515640102077 746 24.272341400384903 2 26.169488310813904 20.97853098332882 0 0 0 0 0
308 15.4 15.450000000000001 337.07499999999999 6466 2008607 9535 277 1 229966 116.403869447254 126 121.95980132572235 117.99234724862234 341675 118.20406007508974 185 122.29528507541966 119.54597349012221 748 23.32138492166996 2 26.170897781848907 20.941478123366831 0 0 0 0 0
309 15.450000000000001 15.5 337.07499999999999 6538 2015145 9538 277 1 230713 116.79906518118722 126 122.499086713034 118.18015020582413 342780 118.17902477367504 185 121.96510290197423 119.4842224888157 750 22.863956674933434 2 25.849257826805115 20.452873050868511 0 0 0 0 0
310 15.5 15.550000000000001 337.50299999999999 6577 2021722 9540 277 1 231488 121.91225633167085 126 121.91225633167085 117.95362009805343 343913 121.27704678097287 185 122.0385465879698 119.41931754777239 753 26.060241937637329 2 32.443899631500244 26.835576252937315 0 0 0 0 0
311 15.550000000000001 15.6 337.32299999999998 6408 2028130 9543 277 1 232208 117.99271029517764 126 121.42130200825041 118.16617496914336 345017 120.95003154857739 185 122.53700969799145 119.67508631195895 756 30.359355926513672 2 34.230076789855957 25.743738627433778 0 0 0 0 0
312 15.6 15.65 338.61399999999998 6550 2034680 9544 277 1 232960 119.26248508029514 126 122.16109575544085 118.10793887668186 346116 120.15092055862014 185 122.6546729835304 119.60193901185727 758 25.27569317817688 2 30.662254333496094 25.03300090789795 0 0 0 0 0
313 15.65 15.700000000000001 336.81299999999999 6498 2041178 9546 277 1 233680 115.47305982075041 126 121.79310547359405 118.03735140119278 347198 117.50518312196473 185 122.49638036779456 119.59232195137645 761 28.121429443359375 2 35.622518539428711 27.18262634754181 0 0 0 0 0
314 15.700000000000001 15.75 336.37900000000002 6532 2047710 9547 277 1 234456 120.53316025506882 126 121.77572565230112 118.1649108753507 348339 121.24084142736487 185 122.6006135682802 119.6529006595096 763 24.737389087677002 2 28.751022577285767 23.350320262908937 0 0 0 0 0
315 15.75 15.800000000000001 336.49900000000002 6526 2054236 9547 277 1 235180 117.33030664353143 126 121.67084539504279 118.09154572502015 349437 120.20377114785684 185 122.78660830935917 119.72941515206001 766 27.100701332092285 2 34.148215293884277 27.660238037109377 0 0 0 0 0
316 15.800000000000001 15.85 336.27499999999998 6455 2060691 9547 277 1 235931 118.39677302042644 126 121.77352118113684 118.15049076746382 350542 120.04805334967536 185 122.50766246898755 119.61360542998446 768 23.903024554252625 2 28.433788299560547 23.165813097953798 0 0 0 0 0
317 15.85 15.9 336.81999999999999 6469 2067160 9549 277 1 236660 116.0424336024693 126 120.80127165052626 118.0451419164264 351620 117.05174618282834 185 122.08782897124419 119.50696422597524 770 22.795076847076416 2 26.577235579490662 21.096906034946443 0 0 0 0 0
318 15.9 15.950000000000001 336.78100000000001 6615 2073775 9550 277 1 237429 119.80151536729601 126 121.92196467566112 118.34185210697233 352766 121.36974656388567 185 122.63566110971811 119.61690372941302 773 30.926291465759277 2 35.573699951171875 21.949824754595756 0 0 0 0 0
319 15.950000000000001 16 339.13799999999998 6515 2080290 9552 277 1 238182 121.16174782647028 126 121.99724936106848 118.17711043827117 353874 121.56968919908678 185 122.77436065673828 119.58581257588152 775 25.10154128074646 2 31.913076877593994 25.76669770717621 0 0 0 0 0
320 16 16.050000000000001 337.33199999999999 6463 2086753 9554 277 1 238905 117.6999982803587 126 120.88949421473912 118.1891345880902 354957 119.06112134778822 185 122.61010305043813 119.56462689703864 777 22.621241569519043 2 27.767196416854858 22.455582215785981 0 0 0 0 0
321 16.050000000000001 16.100000000000001 339.99000000000001 6512 2093265 9554 277 1 239650 117.89895466395787 126 121.69493193853469 118.05697195022822 356061 118.90480330183699 185 122.57595429291597 119.506088207348 779 21.344390273094177 2 26.658891975879669 21.264125399589538 0 0 0 0 0
322 16.100000000000001 16.149999999999999 337.024 6559 2099824 9556 277 1 240399 118.56580498105004 126 121.42157376001752 118.2286661299448 357180 120.3123261735246 185 122.59579162597656 119.5794557759053 781 20.616802111268044 2 26.032404750585556 20.720339131653308 0 0 0 0 0
323 16.149999999999999 16.199999999999999 338.90800000000002 6570 2106394 9556 277 1 241149 119.3718024359809 126 121.4887318081326 118.24963285779195 358296 121.32143179403769 185 122.68032255430479 119.64957585432718 784 27.831893444061279 2 34.680670738220215 22.856812707185746 0 0 0 0 0
324 16.199999999999999 16.25 339.51999999999998 6380 2112774 9556 277 1 241877 116.65364873976935 126 121.03485567607576 118.24659950982959 359377 118.59674909437025 185 122.59592722299936 119.56237308481573 786 23.003421545028687 2 30.935552597045898 24.78035045146942 0 0 0 0 0
325 16.25 16.300000000000001 337.69099999999997 6555 2119329 9559 277 1 242632 118.23396379985506 126 121.67293009682307 118.27668293423119 360484 118.70883937526393 185 122.41040834993929 119.5646801526869 788 20.82015597820282 2 27.637487649917603 22.16151100873947 0 0 0 0 0
326 16.300000000000001 16.350000000000001 337.53699999999998 6485 2125814 9560 277 1 243373 117.74568485078358 126 121.58035659790039 118.10244011288597 361597 119.54217706628748 185 122.41010828791438 119.49926940835492 790 19.772277861833572 2 26.278375446796417 21.037436648011209 0 0 0 0 0
327 16.350000000000001 16.399999999999999 338.31 6546 2132360 9560 277 1 244122 118.34672152806841 126 121.39997869824606 118.29381974477612 362717 120.91693465774124 185 122.6338240752349 119.72000016825906 793 25.042135238647461 2 33.133989810943604 24.782669130861759 0 0 0 0 0
328 16.399999999999999 16.449999999999999 336.36099999999999 6526 2138886 9563 277 1 244875 119.76281720116025 126 121.89073380969819 118.1218076312353 363812 119.74439037426097 185 122.15941009521484 119.53921569989176 795 20.850502252578735 2 30.403426170349121 24.149860134124754 0 0 0 0 0
329 16.449999999999999 16.5 336.62099999999998 6452 2145338 9563 277 1 245599 116.52446201869419 126 121.40760597350105 118.12669625055223 364901 117.93180034740551 185 122.39886416873416 119.52423375969965 798 26.958125114440918 2 32.926728248596191 23.95324511051178 0 0 0 0 0
330 16.5 16.550000000000001 345.49799999999999 6596 2151934 9564 277 1 246372 121.19794040256076 126 121.3339606391059 118.07148789663162 366035 121.06392541833826 185 122.39572201290646 119.49366067834804 800 21.014378070831299 2 33.336927890777588 25.884496755599976 0 0 0 0 0
331 16.550000000000001 16.600000000000001 338.87400000000002 6507 2158441 9565 277 1 247088 116.55308823358445 126 121.37236404418945 118.24933234320748 367134 120.22047201620566 185 122.23179407893001 119.64583472834406 802 18.691028475761414 2 28.169684410095215 22.300198464393617 0 0 0 0 0
332 16.600000000000001 16.649999999999999 339.86500000000001 6522 2164963 9565 277 1 247850 119.29730769566127 126 121.61927353389679 118.23549016195629 368232 119.30502962679476 185 122.53877233556798 119.60900115884317 805 24.445426464080811 2 35.03834342956543 24.302953662872316 0 0 0 0 0
333 16.649999999999999 16.699999999999999 336.50200000000001 6544 2171507 9566 277 1 248571 115.60333875625852 126 121.54527900332496 118.10157884385845 369317 117.07484848434861 185 122.12304831839897 119.5052293321764 807 19.523481369018555 2 32.019797801971436 24.872893714904784 0 0 0 0 0
334 16.699999999999999 16.75 338.935 6557 2178064 9568 277 1 249345 120.27083690582759 126 121.72266339498853 118.23613860115171 370462 121.35266496812974 185 122.06687886006124 119.54857696285764 809 17.426151156425476 2 28.287181615829468 22.076427454948426 0 0 0 0 0
335 16.75 16.800000000000001 338.52699999999999 6506 2184570 9571 277 1 250067 116.76163355509441 126 121.73601877121698 118.07738386245005 371550 119.31937363083298 185 122.50678001610008 119.63462693910341 812 21.798547267913818 2 33.846758842468262 25.67117851138115 0 0 0 0 0
336 16.800000000000001 16.850000000000001 338.12799999999999 6482 2191052 9573 277 1 250818 117.74344871157692 126 121.60748811752077 118.23429957314146 372659 119.57569423366238 185 122.2533224157385 119.63810639582452 814 18.186517953872681 2 30.844472885131836 23.576026988029479 0 0 0 0 0
337 16.850000000000001 16.899999999999999 336.98599999999999 6492 2197544 9574 277 1 251570 119.09796772305927 126 121.43030112130302 118.02403803265288 373753 118.34182042302312 185 122.52616205988704 119.49182437051311 817 25.766532897949219 2 28.476421356201172 22.495524014234544 0 0 0 0 0
338 16.899999999999999 16.949999999999999 344.93200000000002 6527 2204071 9576 277 1 252310 118.45900017874581 126 121.55203652760339 118.09289741152804 374881 120.70408073631492 185 122.66641528155353 119.60720782388222 819 19.520002841949463 2 34.656871795654297 26.184277648925782 0 0 0 0 0
339 16.949999999999999 17 340.49599999999998 6539 2210610 9578 277 1 253063 119.88216606019036 126 122.01139014107841 118.1148065318759 375995 121.5598603532121 185 122.86045874518317 119.58515772804056 821 17.222030878067017 2 28.655274152755737 22.275072524547578 0 0 0 0 0
340 17 17.050000000000001 337.95999999999998 6494 2217104 9579 277 1 253787 116.63627721392919 126 121.19963146391369 118.13415567791648 377081 119.29057625435495 185 122.21721430598079 119.65205267333985 823 16.177827268838882 2 26.781672954559326 21.033799252510072 0 0 0 0 0
341 17.050000000000001 17.100000000000001 337.40800000000002 6472 2223576 9580 277 1 254543 118.5190903194367 126 121.87743474566747 118.13593027024042 378177 118.16464901485959 185 122.10544957341375 119.60116840094486 826 20.736617088317871 2 32.848325729370117 25.486642551422118 0 0 0 0 0
342 17.100000000000001 17.150000000000002 337.07600000000002 6485 2230061 9581 277 1 255285 118.2353879535009 126 121.62201012505426 118.05863357422842 379299 119.90220505997941 185 122.78315755483267 119.57703401390283 828 17.59453547000885 2 30.226663112640381 23.110768992900848 0 0 0 0 0
343 17.150000000000002 17.199999999999999 338.94099999999997 6580 2236641 9584 277 1 256036 119.21327681768508 126 121.16664729042658 118.23818536304294 380420 121.45704518911 185 122.25218584215318 119.64982029352964 832 32.730824947357178 2 34.058599472045898 25.014562871456146 0 0 0 0 0
344 17.199999999999999 17.25 336.49700000000001 6475 2243116 9585 277 1 256759 115.87511213998945 126 121.98106093633743 118.06678244212317 381495 118.15575186239707 185 122.20616735509924 119.48458591110639 834 27.439599275588989 2 32.082710742950439 25.238491597175599 0 0 0 0 0
345 17.25 17.300000000000001 336.69799999999998 6457 2249573 9588 277 1 257513 117.28706499130007 126 121.78869114224872 118.28463774787059 382603 118.38159649823163 185 122.46141679093644 119.56016624904323 836 25.073905050754547 2 27.572762727737427 22.342114282846453 0 0 0 0 0
346 17.300000000000001 17.350000000000001 339.709 6611 2256184 9588 277 1 258285 121.66729161095998 126 121.66729161095998 118.20308881123867 383737 121.52753988729941 185 122.6362621410473 119.47998057679871 839 30.524179458618164 2 33.066448211669922 24.604035668373108 0 0 0 0 0
347 17.350000000000001 17.400000000000002 340.68099999999998 6472 2262656 9591 277 1 259009 118.29911295572917 126 121.16210465204148 118.25522661481591 384840 120.95936419512775 185 122.52933304245407 119.80573482286607 841 25.621308088302612 2 30.361635684967041 24.854009037017821 0 0 0 0 0
348 17.400000000000002 17.449999999999999 336.14499999999998 6518 2269174 9591 277 1 259759 119.3109612843347 126 121.37114140344045 118.04583445473321 385937 119.88107687460409 185 123.07458030082084 119.66211330929322 844 29.328926563262939 2 36.059151649475098 26.329333322048186 0 0 0 0 0
349 17.449999999999999 17.5 338.30099999999999 6435 2275609 9594 277 1 260483 116.12245686848958 126 121.98361315046039 118.07734158954925 387021 117.42159312480204 185 122.71055570035368 119.62413856300151 846 25.472334623336792 2 29.171136856079102 23.818149399757385 0 0 0 0 0
350 17.5 17.550000000000001 336.23899999999998 6586 2282195 9596 277 1 261259 121.21974975343734 126 121.33036616491893 118.12808997502403 388166 121.66214682089316 185 122.29947192217853 119.58546890341269 849 29.379580020904541 2 36.149624824523926 26.131689929962157 0 0 0 0 0
351 17.550000000000001 17.600000000000001 336.12599999999998 6415 2288610 9597 277 1 261979 117.36295385209341 126 121.91636609274244 118.10405332777238 389256 119.8005025090398 185 122.58457253945841 119.68090396118163 851 25.310002088546753 2 29.204424858093262 24.029024419784545 0 0 0 0 0
352 17.600000000000001 17.650000000000002 338.12099999999998 6548 2295158 9599 277 1 262731 118.45774538554842 126 121.54173478626069 118.28117923191614 390363 119.86550136256862 185 122.92131273424303 119.61130289851008 854 27.692359447479248 2 35.1546630859375 27.641390063762664 0 0 0 0 0
353 17.650000000000002 17.699999999999999 337.15100000000001 6420 2301578 9600 277 1 263455 115.31545711698986 126 120.87467841496543 118.0315874602303 391436 116.4315585986988 185 122.10959810824008 119.39969827930346 856 23.844784021377563 2 29.220963716506958 23.809229247570038 0 0 0 0 0
354 17.699999999999999 17.75 335.93900000000002 6662 2308240 9602 277 1 264228 119.70566383240715 126 121.85184951055618 118.3519386327834 392584 121.00195234144056 185 122.28519814980997 119.58324077131941 859 26.184215068817139 2 34.660810470581055 27.683886332511904 0 0 0 0 0
355 17.75 17.800000000000001 337.75599999999997 6436 2314676 9603 277 1 264980 120.91616112845284 126 122.06706310453869 118.16662643311514 393695 121.42191124993401 185 122.68304307267472 119.69231116959853 861 22.818882822990417 2 29.298403024673462 23.331784183979035 0 0 0 0 0
356 17.800000000000001 17.850000000000001 337.62200000000001 6458 2321134 9606 277 1 265702 117.31695211501349 126 121.12220346359979 118.16649289812362 394786 119.61819301295925 185 122.56639404296875 119.73166846198006 863 21.680173933506012 2 26.470572948455811 21.12736447930336 0 0 0 0 0
357 17.850000000000001 17.900000000000002 337.411 6545 2327679 9606 277 1 266455 118.82060411241319 126 121.96384769015842 118.03512313358365 395881 118.37545483563397 185 122.44008537498681 119.60870954441376 865 21.261263519525528 2 25.643696874380112 20.414735635519026 0 0 0 0 0
358 17.900000000000002 17.949999999999999 336.31900000000002 6530 2334209 9608 277 1 267202 119.24954490056113 126 121.91339843992203 118.14674194335937 397005 120.30155796360326 185 122.73156602189347 119.60658462606894 867 20.428889513015747 2 25.970205172896385 20.824077053815127 0 0 0 0 0
359 17.949999999999999 18 340.291 6547 2340756 9610 277 1 267951 119.86434785146562 126 121.1835440983848 118.28019173637273 398121 121.31211910763302 185 122.56162538270692 119.64813545020849 870 26.968852043151855 2 34.976711273193359 23.52521090835333 0 0 0 0 0
360 18 18.050000000000001 337.64699999999999 6469 2347225 9610 277 1 268674 116.52999726552812 126 120.53340161035932 118.06300418914316 399201 118.50712284397434 185 122.35835925952809 119.53377844568203 872 21.942572832107544 2 31.543670177459717 24.976187257766725 0 0 0 0 0
361 18.050000000000001 18.100000000000001 337.02699999999999 6495 2353720 9611 277 1 269428 118.00504726833768 126 121.86183057512555 118.22216814798027 400309 118.75716185698639 185 122.61291767842062 119.53621407503697 875 25.365584850311279 2 34.931643486022949 26.611108026504517 0 0 0 0 0
362 18.100000000000001 18.150000000000002 337.20499999999998 6468 2360188 9614 277 1 270172 118.08716008019826 126 121.89032073248001 118.01392242189435 401422 119.64403191643792 185 122.38707390862542 119.44627042780692 877 20.513157606124878 2 31.515787601470947 24.80406472682953 0 0 0 0 0
363 18.150000000000002 18.199999999999999 337.053 6554 2366742 9616 277 1 270917 118.14084758455792 126 121.2492432367234 118.20079290238637 402538 120.62339795086835 185 122.4125597154772 119.67901822971652 879 18.643411815166473 2 27.733941555023193 21.851107053756714 0 0 0 0 0
364 18.199999999999999 18.25 340.02499999999998 6444 2373186 9618 277 1 271671 119.75229335966564 126 121.83465576171875 118.08713343544612 403635 119.6905995961782 185 122.7583842097102 119.51807842357739 881 17.955577999353409 2 26.108463287353516 20.680986985564232 0 0 0 0 0
365 18.25 18.300000000000001 338.26600000000002 6498 2379684 9620 277 1 272395 116.51339104062035 126 121.91099275861468 118.12723704504587 404722 117.61040740141998 185 122.78800275647963 119.5729510638263 884 23.36894416809082 2 34.172040939331055 24.640586461424828 0 0 0 0 0
366 18.300000000000001 18.350000000000001 337.78199999999998 6594 2386278 9621 277 1 273166 120.84316956050812 126 120.98535174415225 118.09430211506192 405866 121.76652774295292 185 122.34576106715846 119.56095324129672 886 19.258877515792847 2 31.045755386352539 24.069103593826295 0 0 0 0 0
367 18.350000000000001 18.400000000000002 341.14100000000002 6426 2392704 9624 277 1 273889 117.42929834032816 126 121.51049332391648 118.14172844780815 406961 120.33224854340425 185 122.89140422924145 119.79833922185121 889 26.907158851623535 2 28.037986278533936 22.427940285205842 0 0 0 0 0
368 18.400000000000002 18.449999999999999 338.00900000000001 6555 2399259 9625 277 1 274645 119.31554969908699 126 121.73910074385385 118.132524778578 408066 120.10629742596601 185 122.74222379117398 119.68313818276894 892 29.520141839981079 2 36.275021553039551 27.413065061569213 0 0 0 0 0
369 18.449999999999999 18.5 335.99599999999998 6491 2405750 9627 277 1 275370 116.26790982200986 126 121.42005526830279 118.096608180697 409145 117.1721629374736 185 122.6622015875739 119.55351843344195 894 26.569530248641968 2 28.935604810714722 22.921210682392122 0 0 0 0 0
370 18.5 18.550000000000001 337.07900000000001 6621 2412371 9629 277 1 276143 120.74060682266477 126 121.58785671657986 118.27026960342651 410292 121.56487055598079 185 122.66658799454973 119.65104859223239 897 30.873128414154053 2 35.52834415435791 25.73929323911667 0 0 0 0 0
371 18.550000000000001 18.600000000000001 335.97800000000001 6506 2418877 9630 277 1 276862 116.75447112794906 126 121.87367672390408 118.07337254842122 411381 119.63229147421347 185 122.89299411258182 119.64302538732582 899 25.859441041946411 2 30.261799812316895 24.963712615966799 0 0 0 0 0
372 18.600000000000001 18.650000000000002 336.06799999999998 6529 2425406 9630 277 1 277613 117.85278229486374 126 121.52393232073102 118.11896463303337 412486 119.56834399249102 185 122.68609392320788 119.52274980534736 901 23.620262026786804 2 27.584932565689087 22.216858417987822 0 0 0 0 0
373 18.650000000000002 18.699999999999999 336.62400000000002 6441 2431847 9635 277 1 278360 118.38956051781064 126 120.74035353887649 118.03997990078396 413580 118.48725928229254 185 122.33200262946052 119.34056023840002 904 25.867199420928955 2 34.047449588775635 27.775450224876405 0 0 0 0 0
374 18.699999999999999 18.75 336.25799999999998 6559 2438406 9637 277 1 279111 119.40869195120675 126 121.28810555594308 118.19735246325295 414707 120.90094233332454 185 122.51183117015941 119.44818942508181 907 30.323472023010254 2 37.785371780395508 25.58814385652542 0 0 0 0 0
375 18.75 18.800000000000001 337.51100000000002 6506 2444912 9637 277 1 279858 119.8167005266462 126 121.61002628386967 118.16746321784129 415819 121.62012547673406 185 122.32987213134766 119.50417975018472 909 24.080527305603027 2 32.818650245666504 26.180721411705019 0 0 0 0 0
376 18.800000000000001 18.850000000000001 339.18799999999999 6475 2451387 9640 277 1 280584 116.87569064185733 126 121.14169874645415 118.14977479601664 416902 119.09580296696844 185 121.99698218268317 119.58022671178871 911 21.881238579750061 2 27.739959716796875 22.177380170822143 0 0 0 0 0
377 18.850000000000001 18.900000000000002 339.72699999999998 6488 2457875 9640 277 1 281339 118.71740214029948 126 121.18312799362909 118.01789224170506 418004 118.66601859427787 185 122.78863818194415 119.56061436008763 913 21.072158664464951 2 26.110686421394348 20.801016861796381 0 0 0 0 0
378 18.900000000000002 18.949999999999999 337.01499999999999 6503 2464378 9641 277 1 282081 118.43805282834977 126 121.50533700367761 118.05432432628815 419125 120.2832876669394 185 122.74849371007971 119.58801568026156 915 20.359329029917717 2 25.881772190332413 20.705734740197659 0 0 0 0 0
379 18.949999999999999 19 338.226 6569 2470947 9643 277 1 282833 119.50560978480748 126 121.4738409254286 118.30814040047784 420240 121.0846494107633 185 122.76634587468328 119.74714130875873 917 20.001662082970142 2 25.598754346370697 20.354105407148598 0 0 0 0 0
380 19 19.050000000000001 340.11099999999999 6462 2477409 9646 277 1 283553 115.59178912450396 126 121.7692392742823 118.16051335168264 421324 118.58246175405141 185 122.97536200446052 119.66642156157626 920 29.10064697265625 2 30.900127410888672 20.991715202108026 0 0 0 0 0
381 19.050000000000001 19.100000000000001 338.14699999999999 6502 2483911 9648 277 1 284308 117.28283527919224 126 121.2344961015005 118.16705514332605 422425 117.9615827405775 185 122.64590697417388 119.64169645319754 922 22.969660043716431 2 32.792042255401611 26.069882602691649 0 0 0 0 0
382 19.100000000000001 19.150000000000002 339.96199999999999 6584 2490495 9649 277 1 285079 121.70352947901166 126 121.70352947901166 118.00429711720298 423561 121.28739158011771 185 122.93147207724081 119.51812498845283 924 19.945724248886108 2 28.706626653671265 22.993803286552428 0 0 0 0 0
383 19.150000000000002 19.199999999999999 338.02600000000001 6484 2496979 9650 277 1 285805 118.8089353773329 126 120.58271844046456 118.10381925068202 424661 120.56355331008498 185 122.5248998281118 119.63552063895563 927 22.836408138275146 2 35.046937942504883 27.138117327690125 0 0 0 0 0
384 19.199999999999999 19.25 335.53699999999998 6505 2503484 9650 277 1 286550 119.03440130324591 126 121.42814387972393 118.0307288469587 425761 119.93252666576488 185 122.82761193352776 119.54363469469224 929 18.723038673400879 2 30.981320381164551 24.072374820709229 0 0 0 0 0
385 19.25 19.300000000000001 337.93200000000002 6408 2509892 9651 277 1 287277 116.31115559169224 126 121.67315443735274 118.09291219559931 426846 117.65091474378431 185 122.72241722313133 119.55614719947607 931 17.260496318340302 2 27.533353447914124 21.447965786457061 0 0 0 0 0
386 19.300000000000001 19.350000000000001 336.37099999999998 6596 2516488 9651 277 1 288051 121.09063121250698 126 121.09063121250698 118.12527933151003 427985 121.24664298392631 185 122.63506271774705 119.57521741629935 934 24.057044506072998 2 32.473611831665039 23.271186036467551 0 0 0 0 0
387 19.350000000000001 19.400000000000002 338.13900000000001 6518 2523006 9651 277 1 288767 116.53176988874164 126 122.04381070818219 118.16420106433688 429077 119.58564073717272 185 122.81425451330236 119.69847986664644 936 19.300894975662231 2 32.108111381530762 24.708746376037599 0 0 0 0 0
388 19.400000000000002 19.449999999999999 337.69200000000001 6498 2529504 9652 277 1 289527 118.88332748413086 126 122.14367203485398 118.30678047059075 430184 119.66644856220967 185 122.89960182808541 119.59565129790434 938 17.47308075428009 2 28.077558994293213 21.809603312015533 0 0 0 0 0
389 19.449999999999999 19.5 337.06099999999998 6406 2535910 9655 277 1 290249 115.34914815993537 126 121.39985802060082 118.10211081974089 431261 116.64738691175306 185 121.97142358728357 119.42138389546164 941 23.437277793884277 2 34.964302062988281 24.095250087976456 0 0 0 0 0
390 19.5 19.550000000000001 336.61099999999999 6612 2542522 9657 277 1 291023 119.85243703448583 126 122.33859828161815 118.39871442764523 432406 120.89956722775021 185 122.88668518066406 119.57395948172905 943 18.865959167480469 2 31.973057270050049 24.525763373374939 0 0 0 0 0
391 19.550000000000001 19.600000000000001 342.61399999999998 6508 2549030 9657 277 1 291771 120.33869613163056 126 122.02619177197653 118.24872624109661 433510 120.70421018858214 185 122.55761030042494 119.54473823258684 946 24.51884937286377 2 33.096982002258301 24.403443853855133 0 0 0 0 0
392 19.600000000000001 19.650000000000002 338.20100000000002 6551 2555581 9657 277 1 292498 117.45447503952752 126 121.76525134132022 118.25228127736898 434600 118.89286082499736 185 122.89114685058594 119.63111451844912 949 28.914484977722168 2 32.99164342880249 25.648177022933961 0 0 0 0 0
393 19.650000000000002 19.699999999999999 340.69900000000001 6489 2562070 9658 277 1 293246 118.10572064112104 126 121.93065443493072 118.08538249908933 435706 118.99307263348554 185 122.91531763850031 119.46833317937079 951 24.397336006164551 2 31.641633033752441 24.472133219242096 0 0 0 0 0
394 19.699999999999999 19.75 337.83999999999997 6486 2568556 9660 277 1 293994 118.69510226779514 126 121.49758771866087 118.14663121056935 436830 120.91598135458456 185 122.85006684999207 119.60974636016019 953 18.817472219467163 2 33.814896583557129 25.524247708320619 0 0 0 0 0
395 19.75 19.800000000000001 337.48099999999999 6518 2575074 9661 277 1 294744 119.58998216901507 126 121.549009958903 118.16163616119867 437944 121.70322649156725 185 122.96063339645798 119.65300874699773 956 26.348058581352234 2 28.345519781112671 22.544460000991823 0 0 0 0 0
396 19.800000000000001 19.850000000000001 336.90699999999998 6493 2581567 9664 277 1 295466 116.06658844720749 126 121.39391520666697 118.09143366495772 439019 118.37986322351404 185 122.44063419651341 119.50643860770559 959 34.049994468688965 2 35.439600944519043 22.374822586774826 0 0 0 0 0
397 19.850000000000001 19.900000000000002 338.84300000000002 6498 2588065 9664 277 1 296220 117.55387460617791 126 122.36799948556083 118.2100561123803 440123 118.31715355950433 185 122.41236060889992 119.41341522546716 961 27.505738973617554 2 33.375759124755859 26.479039630889893 0 0 0 0 0
398 19.900000000000002 19.949999999999999 340.03300000000002 6580 2594645 9666 277 1 296965 117.81145562065973 126 121.62535470629496 117.99893481905499 441240 119.65807189941407 185 122.83499166127798 119.42917986153266 963 24.620649695396423 2 27.973216772079468 22.856330482959748 0 0 0 0 0
399 19.949999999999999 20 341.53800000000001 6513 2601158 9668 277 1 297719 119.20781035650344 126 121.154479677715 118.30007990398106 442356 120.63735211346601 185 122.74742394524651 119.67910529719177 966 27.139602184295654 2 33.451369762420654 27.506145946979522 0 0 0 0 0
