0 0 0.050000000000000003 326.81999999999999 1828 1828 1444 141 1 1 0.1450708025977725 1 0.15715332636757504 0.015105166056799511 3 0.26565158431594438 3 0.26565158431594438 0.061320277342925195 0 0 0 0 0 0 0 0 0 0
1 0.050000000000000003 0.10000000000000001 333.62299999999999 5193 7021 4890 147 1 6 0.47039804761371917 5 0.61310787049550863 0.4715657888139998 9 0.5328228460775839 6 0.55456775459083352 0.38414005867210593 1 3.7158288955688477 1 9.9006595611572266 6.3212036180496218 0 0 0 0 0
2 0.10000000000000001 0.14999999999999999 332.65600000000001 5003 12024 5914 147 1 11 0.70136023892296684 6 0.75977447676280185 0.56499046700341349 16 0.62545798791421425 8 0.88831601014008388 0.66504479691788976 2 5.5565609931945801 1 13.131046295166016 8.1776103830337519 0 0 0 0 0
3 0.14999999999999999 0.20000000000000001 331.04399999999998 5092 17116 6376 147 1 16 0.80935593635316883 6 0.85940368213350815 0.68673149335952044 24 0.71469874124269228 9 0.89504192197645027 0.77651355678970735 3 7.3701519966125488 1 13.700578689575195 8.2044848871231082 0 0 0 0 0
4 0.20000000000000001 0.25 341.47000000000003 8571 25687 7539 236 1 725 70.607788449242008 126 71.545976699344692 43.436874927187738 494 31.754052126085437 185 31.754052126085437 20.080802999960405 5 15.447511672973633 1 18.867633819580078 12.003143634796142 0 0 0 0 0
5 0.25 0.29999999999999999 340.19799999999998 8986 34673 7811 237 1 1461 100.0994863358755 126 100.3580198136587 87.627632768419062 1044 49.180459048296953 185 49.180459048296953 42.206730605151193 7 20.042831420898438 1 21.712139129638672 15.450482120513916 0 0 0 0 0
6 0.29999999999999999 0.35000000000000003 338.98399999999998 9136 43809 7963 243 1 2254 116.25803593226841 126 117.27620424543109 109.87549550374347 1677 61.434703991864176 185 61.69299948408797 56.300316714931185 9 22.240804672241211 1 23.616098403930664 17.823934040069581 0 0 0 0 0
7 0.35000000000000003 0.40000000000000002 340.95400000000001 9630 53439 8140 243 1 3145 132.23009224543495 126 132.23009224543495 125.61569470117962 2428 74.063363379401125 185 74.063363379401125 68.686390301060044 11 23.463979721069336 1 24.421562194824219 18.789014320373536 0 0 0 0 0
8 0.40000000000000002 0.45000000000000001 343.16199999999998 9879 63318 8263 243 1 4087 142.65692471701001 126 144.83376312255859 139.20089149838404 3312 87.67738375277132 185 87.67738375277132 82.089230312862924 14 29.51015567779541 2 32.61376428604126 24.014079236984252 0 0 0 0 0
9 0.45000000000000001 0.5 343.74900000000002 10451 73769 8395 278 1 5158 159.76118372357081 126 159.76118372357081 153.06618041386679 4378 105.23436106089 185 105.23436106089 97.861246636055583 17 32.452427864074707 2 38.852607727050781 27.087049503326416 0 0 0 0 0
10 0.5 0.55000000000000004 341.32799999999997 10837 84606 8507 278 1 6246 168.34610070122613 126 168.56525166829428 164.19903137449231 5589 121.19268720472181 185 121.94948322193042 115.11964269277212 20 31.392068862915039 2 40.713315963745117 31.049792919158936 0 0 0 0 0
11 0.55000000000000004 0.59999999999999998 342.803 10985 95591 8589 284 1 7331 170.59835028269933 126 171.76724061511811 169.99238475496804 6912 134.72072997222077 185 134.77292843380491 129.63381592539193 24 37.93055534362793 2 42.394821166992188 33.526680126190186 0 0 0 0 0
12 0.59999999999999998 0.65000000000000002 348.17599999999999 11174 106765 8655 291 1 8439 173.98736475384425 126 173.98736475384425 172.51774823869974 8293 144.15553209459461 185 144.15553209459461 139.95651337082322 27 32.875617980957031 2 45.740568161010742 35.004563083648684 0 0 0 0 0
13 0.65000000000000002 0.70000000000000007 350.88 11372 118137 8719 291 1 9534 174.45494224911644 126 174.45494224911644 173.34657663012308 9838 158.93634420858848 185 158.93634420858848 152.39349723114842 30 28.262139320373535 2 45.662193298339844 34.567494812011716 0 0 0 0 0
14 0.70000000000000007 0.75 345.89699999999999 11262 129399 8759 298 1 10617 172.70777154347255 126 175.15307084340898 173.63449331374395 11376 163.40745428961677 185 165.12489871463259 161.84369409179689 35 40.800786018371582 2 46.029390335083008 37.586319103240967 0 0 0 0 0
15 0.75 0.80000000000000004 344.33100000000002 11537 140936 8809 298 1 11723 174.3856930202908 126 174.94649239191932 173.89432461693178 13036 173.21837842786636 185 173.89680876860749 169.74628518099394 38 33.897504806518555 2 45.7568359375 36.834486465454098 1 6.2501249313354492 1 9.9006595611572266 3.8121646404266358
16 0.80000000000000004 0.84999999999999998 345.53100000000001 11453 152389 8861 298 1 12817 174.10231139167908 126 174.79155573769222 173.9313252815368 14689 176.54450766073691 185 176.90423765440244 175.4096917246226 42 37.063194274902344 2 45.126825332641602 36.865859737396242 1 2.2992939949035645 1 6.1263642311096191 3.9114566707611083
17 0.84999999999999998 0.90000000000000002 346.15699999999998 11412 163801 8902 298 1 13909 173.53674122643849 126 175.07140301901197 173.89323651510571 16345 178.10107941498629 185 178.41955978805953 177.48593741092165 46 38.428431510925293 2 46.007179260253906 38.648370380401609 2 8.7913303375244141 1 10.954669952392578 3.5726662707328796
18 0.90000000000000002 0.95000000000000007 344.10500000000002 11484 175285 8943 298 1 15010 174.43174259246342 126 174.88893248542908 173.87579469953266 17997 178.40028851483319 185 178.9836361446896 178.2983382931271 50 40.28016471862793 2 45.536563873291016 38.166717624664308 2 3.2341504096984863 1 8.6172504425048828 5.5017944526672364
19 0.95000000000000007 1 344.53699999999998 11538 186823 8994 298 1 16102 173.69277651347812 126 175.31453825935486 174.06490745423332 19653 178.7671015559016 185 179.31671282794025 178.66383923999686 53 32.86021900177002 2 45.325107574462891 37.346000289916994 2 1.1897783279418945 1 3.1701099872589111 2.0239979934692385
20 1 1.05 344.38299999999998 11520 198343 9035 305 1 17194 173.14781479608445 126 175.0402305239723 173.87284203423391 21305 178.50237707189612 185 179.56539851008236 178.85665709954333 58 46.11876106262207 2 46.11876106262207 36.87359910964966 2 0.43769505620002747 1 1.1662191152572632 0.74458761155605313
21 1.05 1.1000000000000001 336.83600000000001 7273 205616 9064 305 1 17329 77.791592401171485 126 170.6621803404793 115.83445253039162 21480 78.480919214197101 185 175.50296622611381 117.94353451373128 59 24.754284858703613 2 45.205549240112305 31.151550788879394 2 0.16101905703544617 1 0.42902812361717224 0.27391852766275404
22 1.1000000000000001 1.1500000000000001 334.31599999999997 7449 213065 9095 305 1 17483 44.247068435426741 126 76.722675928993837 57.654656339978416 21701 44.003415246911949 185 77.890200888144008 58.025785266566928 60 16.153591871261597 2 24.264117240905762 18.51497507572174 2 0.059235617518424988 1 0.15783067047595978 0.10076903648674489
23 1.1500000000000001 1.2 332.37299999999999 7427 220492 9112 305 1 17637 32.0720399826292 126 43.842378086513946 36.498134641798714 21916 30.890436422502674 185 43.560226357949745 36.225535050108633 61 12.318964242935181 2 19.12773859500885 13.796411693096161 2 0.021791573613882065 1 0.05806267261505127 0.037070861831307408
24 1.2 1.25 333.09899999999999 7418 227910 9142 305 1 17790 27.449066515952822 126 32.065584682282946 28.862614383697508 22130 25.878360234080134 185 30.599867503707472 28.097259858286055 62 10.301488488912582 2 17.677420139312744 11.997367962002754 2 0.0080166738480329514 1 0.021360071375966072 0.013637613747268915
25 1.25 1.3 333.56700000000001 7470 235380 9169 305 1 17943 25.575011660182287 126 27.466623361148532 26.141092718253063 22351 24.483334312567841 185 26.21798868437071 25.273014744243113 63 9.0102491825819016 2 17.087764710187912 11.278367151916028 2 0.0029491707682609558 1 0.0078579327091574669 0.0050169989513233308
26 1.3 1.3500000000000001 332.77499999999998 7450 242830 9195 305 1 18094 24.556640737113497 126 25.754955509352307 24.976476805924428 22567 23.67768630530383 185 25.064679384875941 24.14897058318434 65 17.575911041349173 2 17.575911041349173 11.519705384224654 2 0.0010849398095160723 1 0.0028907733503729105 0.0018456516601145266
27 1.3500000000000001 1.4000000000000001 332.80799999999999 7567 250397 9249 305 1 18243 23.9493454341141 126 24.992582090553782 24.252037116133028 22780 23.253012389830641 185 24.020964749278249 23.447469333186341 66 15.246918259188533 2 17.227885466068983 12.305784769058228 2 0.00039912722422741354 1 0.0010634565260261297 0.00067897755303420121
28 1.4000000000000001 1.45 336.53500000000003 7546 257943 9266 305 1 18391 23.447418879658457 126 24.666178775921701 23.988988707112895 22994 23.218641969722672 185 24.33289437821588 23.169163920995757 67 12.79838551627472 2 17.625008837319911 12.424130679666996 2 0.00014683074550703168 1 0.00039122399175539613 0.00024978201632620768
29 1.45 1.5 335.77199999999999 7567 265510 9285 305 1 18543 24.171630227879163 126 24.499601396983341 23.409991799435684 23193 22.220941414673987 185 23.508121429041431 22.501271594863091 68 11.478946222225204 2 16.785484274616465 11.306292485990561 2 5.4016021749703214e-05 1 0.00014392330194823444 9.1889680770691488e-05
30 1.5 1.55 332.53300000000002 7576 273086 9295 305 1 18670 21.366157477898966 126 24.615840723605029 22.936242995568151 23392 21.819759653838403 185 22.607454413180616 21.910698114462846 69 10.728067774849478 2 16.327704439288937 10.743394877845422 2 1.9871389667969197e-05 1 5.2946434152545407e-05 3.3804332779254765e-05
31 1.55 1.6000000000000001 336.40699999999998 7561 280647 9319 305 1 18823 23.270482227671891 126 23.419920906184299 22.400369133348466 23585 21.234705942129164 185 22.206856704486938 21.444088387317482 70 9.7162293336295988 2 16.673114571312908 11.001753271819325 2 7.31027876099688e-06 1 1.9477909518172964e-05 1.243592388163961e-05
32 1.6000000000000001 1.6500000000000001 331.45499999999998 7550 288197 9331 305 1 18953 21.971431633626622 126 23.153932480252394 21.921024648608437 23767 20.559824203264057 185 21.410932813304779 20.343831744471309 71 8.3935695431282511 2 17.244025707361288 11.309473186571267 2 2.6893021640717052e-06 1 7.1655254032521043e-06 4.5749224909741312e-06
33 1.6500000000000001 1.7 335.88499999999999 7531 295728 9343 305 1 19075 20.312281074198488 126 22.007828268185552 21.007694590829633 23932 18.747480276881912 185 20.473815005692035 19.632119717065386 72 7.5364765037375037 2 16.772733159443305 10.84854917186458 2 9.8933958270208677e-07 1 2.6360503397881985e-06 1.6830205595397274e-06
34 1.7 1.75 332.70999999999998 5070 300798 9358 305 1 19079 7.9775896108591935 126 19.910071022333188 12.846681212537238 23937 7.2969615541479547 185 18.376255436920612 11.876940396318611 73 6.6399905939370001 2 16.99824561011701 10.887551325970435 2 3.6395789493326447e-07 1 9.6974940788641106e-07 6.1914905927551442e-07
35 1.75 1.8 329.96100000000001 5112 305910 9376 305 1 19082 3.2035390702498376 126 7.8196228097537341 5.2026613932469949 23944 3.2229025398236519 185 7.1524720735248568 4.7902125788139829 74 7.7687237778154667 2 14.441493787098807 8.8825173507572259 2 1.3389271202868258e-07 1 3.5675105891641579e-07 2.2777235074045165e-07
36 1.8 1.8500000000000001 330.85700000000003 5044 310954 9389 305 1 19089 1.9028291743445642 126 3.2972580809257037 2.3988578536917156 23950 1.5813051706709844 185 3.1590848336288486 2.2738855241839442 75 8.4013196327111928 2 15.005075276880916 9.3737090037263489 2 4.9256410505904569e-08 1 1.3124146391874092e-07 8.379281716486276e-08
37 1.8500000000000001 1.9000000000000001 332.80599999999998 4970 315924 9403 305 1 19094 1.2283651268245908 126 1.9136860784242995 1.4613929209776821 23956 0.94797539030653732 185 1.6675638629313529 1.2756664852488293 76 10.425263200276277 2 14.072632847122577 7.9962268316704801 2 1.8120429601253818e-08 1 4.8281069808808752e-08 3.0825674670609262e-08
38 1.9000000000000001 1.95 330.339 5064 320988 9415 305 1 19099 0.98372890752703379 126 1.3139840828359901 1.0358489470846148 23962 0.67291900664444548 185 1.1780604810739164 0.92096386291058152 77 12.272028244940685 2 14.401357974153314 8.1716415134217169 2 6.6661374198417889e-09 1 1.7761621506906522e-08 1.134013839276804e-08
39 1.95 2 329.93599999999998 5040 326028 9430 305 1 19104 0.92791498986762699 126 1.0472681129589101 0.84890846833801847 23970 0.72464558637997889 185 0.95149918737608918 0.81365379080217581 77 4.5146294653940302 2 12.02902630161762 7.6800879486479028 2 2.4523356678685104e-09 1 6.5341390076412154e-09 4.171805669805906e-09
40 2 2.0499999999999998 331.83499999999998 4987 331015 9444 305 1 19107 0.57645224721928423 126 0.99676554553819696 0.824150530910711 23976 0.60835953552557598 185 0.90015886464269179 0.7637757138835124 78 6.7780094519686109 2 13.11403949324108 7.7591760268476992 2 9.0216434323053818e-10 1 2.4037762891282455e-09 1.5347221948847078e-09
41 2.0499999999999998 2.1000000000000001 336.18599999999998 5076 336091 9453 305 1 19112 0.62694172648000779 126 0.91592480472734639 0.7436645621136263 23986 0.87275697001593311 185 0.99437796316577909 0.81931872839280262 79 8.6198568481319686 2 13.930326483965091 8.1765100712530483 2 3.3188779502424381e-10 1 8.843002996528071e-10 5.6459294794919398e-10
42 2.1000000000000001 2.1499999999999999 334.22899999999998 5013 341104 9460 305 1 19117 0.71583548497347771 126 0.84545375686545299 0.70564312096346526 23993 0.85882353880318274 185 0.93319975478255501 0.77055137202184876 80 11.440795903484936 2 13.697118765198152 7.2071748437915524 2 1.2209473709834384e-10 1 3.2531596860785328e-10 2.0770216740961801e-10
43 2.1499999999999999 2.2000000000000002 337.05399999999997 5074 346178 9472 305 1 19121 0.60220420967529298 126 1.0333863935778671 0.7474193963224971 23997 0.54283705697618112 185 1.0090947543251991 0.74526974993871209 80 4.2088360805006477 2 11.214253430545634 7.1598851140138926 2 4.4916157598828832e-11 1 1.1967710156213229e-10 7.6409392424370288e-11
44 2.2000000000000002 2.25 330.404 5064 351242 9484 305 1 19127 0.8165113525376303 126 1.0174462107872917 0.74020966070453142 24007 0.83263116570950724 185 0.97710173021218305 0.79417500781811512 81 5.2641730315363686 2 14.026155473621838 8.9551798641381257 2 1.6523732035422789e-11 1 4.4026757933801619e-11 2.8109447616775363e-11
45 2.25 2.3000000000000003 329.65499999999997 5056 356298 9498 305 1 19131 0.65649188473921238 126 1.0823719137607644 0.79334533394171869 24012 0.64703242215603152 185 0.86303168990997281 0.72428958149636269 82 6.5667891504893348 2 14.041604996264882 8.710366335342659 2 6.0787434114084604e-12 1 1.6196540636448375e-11 1.0340890747861931e-11
46 2.3000000000000003 2.3500000000000001 329.34800000000001 5044 361342 9511 305 1 19137 0.80871851431682673 126 1.0106409385048578 0.80167153955875681 24020 0.81070553580032856 185 0.87702861636203555 0.70282302254344498 83 8.1853809357613923 2 14.046167373815866 8.397540178456218 2 2.2362452601482063e-12 1 5.9583761535808577e-12 3.8042020748807469e-12
47 2.3500000000000001 2.3999999999999999 329.57999999999998 5106 366448 9524 305 1 19143 0.93744849628708726 126 1.0912052265031611 0.82493390894646401 24029 0.92546658539819193 185 1.0404314514484851 0.85935558150219293 84 9.5164308548313734 2 14.483640670828128 8.6822127152067825 2 8.2266897287464058e-13 1 2.1919647087004224e-12 1.3994883388008388e-12
48 2.3999999999999999 2.4500000000000002 330.07299999999998 5011 371459 9533 305 1 19147 0.79199288731570694 126 0.91888579199759268 0.77892668053106706 24033 0.64273935391565518 185 0.90714113529272544 0.71234187913968272 85 10.983657836926573 2 14.532804489152296 8.5473943138335375 2 3.0264311022543122e-13 1 8.0637905207348037e-13 5.1484309870897254e-13
49 2.4500000000000002 2.5 335.59100000000001 4989 376448 9544 305 1 19152 0.75011035224108513 126 0.96887643804614598 0.83511598743980742 24041 0.87040178493615028 185 0.94289498500323676 0.63947131006170244 86 12.647885322575403 2 14.548529624944258 8.3523605251390567 2 1.1133623997782241e-13 1 2.9665037245239778e-13 1.8940027701037053e-13
50 2.5 2.5500000000000003 329.34800000000001 4527 380975 9548 305 1 19158 0.95853727975545511 126 0.99765594451684148 0.74603121970967534 24049 0.89687296170065622 185 0.98743526211481714 0.83865746918940931 86 4.6528992652909995 2 12.397440910343867 7.9153065109281728 2 4.0958328986458528e-14 1 1.0913163683281754e-13 6.9676503133245427e-14
51 2.5500000000000003 2.6000000000000001 332.89600000000002 4486 385461 9557 305 1 19162 0.79795689824800475 126 0.93955698140433563 0.79390066897708211 24056 0.86417367156321023 185 0.95505958095010379 0.78913014423596328 87 5.4275364875799683 2 14.461425781251659 9.2330850696574309 2 1.5067730185303399e-14 1 4.0147301715726114e-14 2.563256139460901e-14
52 2.6000000000000001 2.6499999999999999 330.85199999999998 4495 389956 9565 305 1 19168 0.90036122089686998 126 1.1036547010543936 0.85099726121338637 24063 0.82394454868238642 185 0.91059948143981018 0.79658502864502534 88 6.5352020263674167 2 14.256361007690929 8.9033733367923809 2 5.5431098147412823e-15 1 1.476936960589665e-14 9.4296940149677084e-15
53 2.6499999999999999 2.7000000000000002 332.90499999999997 4518 394474 9572 305 1 19174 0.96693429359549155 126 1.1169047056878956 0.8864714415166739 24071 0.90444730090455971 185 0.95467681096651835 0.78516442986511303 89 8.4092226028443218 2 13.864459991455217 8.1446565818788095 2 2.0391968804056538e-15 1 5.4333487443372283e-15 3.4689915235136994e-15
54 2.7000000000000002 2.75 328.87299999999999 4573 399047 9588 305 1 19178 0.70712564312955584 126 1.2079705078994285 0.89213998852420806 24079 0.94394605824482447 185 0.97880820654027079 0.82575980468825805 90 10.140578269958526 2 14.246978759765669 8.2859000301361689 2 7.5017885902138896e-16 1 1.9988181845353309e-15 1.2761711489062242e-15
55 2.75 2.8000000000000003 330.709 4439 403486 9597 305 1 19184 0.79347738644703236 126 1.0973984351321522 0.86688982821635374 24086 0.83354085948851786 185 1.1028826337021864 0.86606163618582155 91 10.777508735656749 2 15.141832351684586 9.3694177150726503 2 2.7597545737450863e-16 1 7.3532433634627189e-16 4.6947728655586404e-16
56 2.8000000000000003 2.8500000000000001 331.48599999999999 4561 408047 9608 305 1 19189 0.84552875739135525 126 0.9344537588087849 0.74211820286518848 24092 0.72087472372407191 185 0.92504124075356098 0.76019191848582435 92 12.07080173492432 2 14.743309020996099 8.7195983695983923 2 1.0152571978248016e-16 1 2.7051077137573831e-16 1.7271110148557982e-16
57 2.8500000000000001 2.8999999999999999 337.23399999999998 4555 412602 9622 305 1 19193 0.72191975465661629 126 0.98593949196200037 0.75729767911662649 24100 0.81866195423318022 185 0.92930258272810562 0.7680520685410176 92 4.4406027793884295 2 11.831784248352054 7.5541565704345714 2 3.734923621235363e-17 1 9.9515379726400685e-17 6.3536875227369411e-17
58 2.8999999999999999 2.9500000000000002 330.35000000000002 4486 417088 9634 305 1 19199 0.89857658384104655 126 0.99308065990831951 0.77748470283203019 24106 0.70839805914972553 185 0.86275440622455546 0.75781358450433511 93 5.3494348526000985 2 14.253332138061525 9.1002238082885754 2 1.37400175680713e-17 1 3.6609670570282219e-17 2.337391418193684e-17
59 2.9500000000000002 3 330.84199999999998 4524 421612 9647 305 1 19203 0.80049580459234959 126 0.90255644827538295 0.73202389115393585 24117 1.017470342927989 185 1.0684066702528501 0.88319727247208402 94 6.2421684265136719 2 14.459146499633789 9.1161636447906496 2 5.0546720078721812e-18 1 1.3467947111254646e-17 8.5987850382033539e-18
60 3 3.0500000000000003 331.22300000000001 5114 426726 9654 305 1 19209 0.97000102951409017 126 1.00958752024888 0.7845650091576819 24122 0.74374583722926901 185 0.99732308057384378 0.8115369877962777 95 7.2128901481628418 2 14.524972915649414 9.0389536380767819 2 1.8595109092107912e-18 1 4.9545827401629586e-18 3.1633177552772015e-18
61 3.0500000000000003 3.1000000000000001 330.55700000000002 5065 431791 9665 305 1 19214 0.98935701694485223 126 1.0093433454231999 0.77448777939987712 24129 0.76620580341653544 185 0.91430379971882136 0.73452065638683006 96 8.903599739074707 2 14.103960037231445 8.3261397743225096 2 6.8407593673830451e-19 1 1.822690205013912e-18 1.1637199691445615e-18
62 3.1000000000000001 3.1499999999999999 331.63099999999997 5032 436823 9674 305 1 19218 0.84210370292636449 126 1.0523605935510187 0.78070650189746926 24136 0.72553224158749974 185 0.9151322903967708 0.79702505855176786 97 9.5255775451660156 2 15.089218139648438 9.3842202568054205 2 2.516575521540118e-19 1 6.7053033721986584e-19 4.2810876428710957e-19
63 3.1499999999999999 3.2000000000000002 330.61900000000003 5006 441829 9680 305 1 19223 0.79707445083434947 126 1.070111539038529 0.83823120714309562 24143 0.67620500737722722 185 0.95835907716497859 0.80559232512368306 98 13.016716003417969 2 13.547937393188477 6.5436574792861935 2 9.2579676206417286e-20 1 2.4667440934883922e-19 1.574924776748858e-19
64 3.2000000000000002 3.25 336.589 8572 450401 9688 305 1 19930 70.326567120022247 126 71.420084090459909 43.385674036419623 24611 31.50206029737318 185 31.50206029737318 20.075957176517942 99 11.293784141540527 2 17.188699722290039 11.705763158798218 2 3.4058163289022169e-20 1 9.0746475947937851e-20 5.7938254167305082e-20
65 3.25 3.3000000000000003 336.26600000000002 8903 459304 9690 305 1 20663 99.486519889226031 126 99.572342887757316 87.479878266349658 25161 48.861166629275758 185 48.974656213296427 42.273360327746431 101 15.849905967712402 2 21.395135879516602 15.489284248352051 2 1.2529299891579309e-20 1 3.33837655205471e-20 2.1314293360469716e-20
66 3.3000000000000003 3.3500000000000001 337.37599999999998 9218 468522 9698 305 1 21461 116.50728080386207 126 116.77661865476578 109.81553220355322 25797 61.423073670670796 185 61.423073670670796 56.320044591955238 103 18.249198913574219 2 23.199275970458984 17.624616928100586 2 4.6092729202731639e-21 1 1.2281203061156653e-20 7.8410923889362202e-21
67 3.3500000000000001 3.3999999999999999 338.95600000000002 9658 478180 9709 305 1 22347 131.60561280023484 126 132.11780408828977 125.68705537462989 26545 73.658863005767003 185 73.788330325564829 68.751021672635474 105 19.382715225219727 2 24.152347564697266 18.87777593612671 2 1.6956574497838767e-21 1 4.518003152421384e-21 2.8845777757227857e-21
68 3.3999999999999999 3.4500000000000002 341.10700000000003 9955 488135 9717 305 1 23297 143.36341809469556 126 144.51358371310764 139.15302264501176 27435 87.95470244948929 185 87.95470244948929 82.062853756878852 107 19.992494583129883 2 24.912178039550781 19.39629774093628 2 6.2379768041574786e-22 1 1.6620812072511654e-21 1.0611771720045004e-21
69 3.4500000000000002 3.5 339.43900000000002 10323 498458 9721 305 1 24363 159.71107688782706 126 159.71107688782706 153.02158587137856 28489 104.25410106762035 185 104.53360208047403 97.808991660040789 110 23.858153820037842 2 35.331925392150879 26.172870006561279 2 2.2948241411917871e-22 1 6.1144565849647381e-22 3.9038539098305366e-22
70 3.5 3.5500000000000003 341.19499999999999 10837 509295 9728 305 1 25449 167.80608053056019 126 169.3554464673239 164.36660062517439 29710 121.32350030847498 185 121.8042367471231 115.1007236691037 114 34.164680480957031 2 37.979317665100098 29.796187314987183 2 8.4421912458158768e-23 1 2.2493834811316498e-22 1.4361480815551452e-22
71 3.5500000000000003 3.6000000000000001 343.55500000000001 10996 520291 9737 305 1 26537 170.4105756244962 126 172.26431322854663 170.11984255593919 31039 135.40880724932697 185 135.40880724932697 129.73074932448927 117 30.738268852233887 2 41.238719940185547 33.392262887954715 2 3.1057100428865696e-23 1 8.2750246780235785e-23 5.2832962574972917e-23
72 3.6000000000000001 3.6499999999999999 341.70299999999997 11151 531442 9747 305 1 27645 174.08516668894933 126 174.09259287516275 172.2350214470757 32402 142.93979945827175 185 143.53359284272065 139.89540508950714 121 36.404176712036133 2 43.175921440124512 34.390560007095338 2 1.1425273649846745e-23 1 3.0442129710704362e-23 1.9436172676890694e-23
73 3.6499999999999999 3.7000000000000002 344.64999999999998 11306 542748 9751 305 1 28727 172.8402621556842 126 174.28998747326079 172.97849567716079 33957 158.86442904085726 185 158.86442904085726 152.34215568171319 125 39.742620468139648 2 45.714893341064453 36.694836673736575 3 8.781097412109375 1 9.9006595611572266 1.3064171600341796
74 3.7000000000000002 3.75 345.59199999999998 11348 554096 9760 305 1 29817 172.34035770476811 126 174.99020894368491 173.5107719469828 35503 164.30139399348079 185 164.9346814954603 161.75232887226829 128 33.410870552062988 2 45.099949836730957 36.268646192550662 3 3.23038649559021 1 8.6072196960449219 5.495390658378601
75 3.75 3.8000000000000003 360.63900000000001 11451 565547 9771 305 1 30931 175.23233952597965 126 175.6856928023081 173.9622124154227 37159 173.60613485800252 185 173.60613485800252 169.81498902027025 132 36.606030464172363 2 45.583087921142578 36.836678657531735 4 7.6935925483703613 1 11.709348678588867 5.5812777185440066
76 3.8000000000000003 3.8500000000000001 359.13200000000001 11446 576993 9778 305 1 32016 173.48706987169055 126 175.62072317940849 173.95007283286438 38812 176.8571849926098 185 177.51840498640732 175.48402119734482 135 30.347934722900391 2 46.343166351318359 36.195729618072512 4 2.8303153514862061 1 7.5412492752075195 4.8148075628280642
77 3.8500000000000001 3.8999999999999999 345.67500000000001 11413 588406 9789 305 1 33109 172.77196345253597 126 175.9963900853717 174.20000934661388 40458 177.30325977222338 185 178.4049013704867 177.50428404442044 140 42.906201362609863 2 46.684698104858398 37.56689293861389 5 10.745828628540039 1 10.962908744812012 2.1633750224113464
78 3.8999999999999999 3.9500000000000002 343.80500000000001 11507 599913 9799 305 1 34217 174.49552578396268 126 176.20221964518228 174.16660489521328 42113 178.10708106788428 185 178.95744488690352 178.12308364620728 143 35.20475959777832 2 45.658105850219727 37.624687080383303 5 3.9531712532043457 1 10.533046722412109 6.7249599647521974
79 3.9500000000000002 4 346.88299999999998 11409 611322 9805 305 1 35304 173.05487932477678 126 175.29422941662017 173.96594433254666 43773 179.07224863413217 185 179.35520580394848 178.50388045687291 147 38.040923118591309 2 45.489580154418945 37.192109889984131 5 1.4542908668518066 1 3.8748931884765625 2.4739757180213928
80 4 4.0499999999999998 346.553 11410 622732 9810 305 1 36399 172.97836231050036 126 175.30023762536428 173.88525497436524 45419 178.20032810520482 185 179.59448514371306 178.80915096633501 151 40.259244918823242 2 45.083038330078125 37.803786029815676 6 8.8047313690185547 1 10.541175842285156 2.7228170144557953
81 4.0499999999999998 4.0999999999999996 333.827 7458 630190 9816 305 1 36536 77.768181149921716 126 170.18177625868054 116.00732805282348 45592 78.064616043503221 185 174.88579538706188 117.84043370715992 152 19.349076747894287 2 42.209460258483887 30.701768712997435 6 3.2390816211700439 1 8.6303863525390625 5.5101823902130125
82 4.0999999999999996 4.1500000000000004 334.14699999999999 7394 637584 9820 305 1 36692 44.439995553758408 126 76.699728466215589 57.757935867309598 45814 43.781829339104732 185 76.732902073215797 57.941115813590393 153 11.063733577728271 2 27.762109756469727 18.202770376205443 6 1.1915920972824097 1 3.1749434471130371 2.0270836782455444
83 4.1500000000000004 4.2000000000000002 333.54599999999999 7406 644990 9825 305 1 36844 31.92736491702852 126 44.345791846986799 36.514910456188154 46023 30.20555773039122 185 43.450062169255439 36.035561996975467 155 16.567049503326416 2 20.745316743850708 14.55153466105461 6 0.43836253881454468 1 1.1679970026016235 0.74572293162345882
84 4.2000000000000002 4.25 333.35599999999999 7473 652463 9834 305 1 37003 28.037786883021159 126 31.766620904680284 29.088908846567548 46243 25.76074607952221 185 30.18796021229512 28.184298348426815 156 13.429269641637802 2 18.12761390209198 13.106508549451828 6 0.16126461327075958 1 0.42968237400054932 0.2743362832069397
85 4.25 4.2999999999999998 334.55500000000001 7468 659931 9841 305 1 37151 25.368178349638743 126 27.954867658160982 26.135066453521219 46457 23.959653574067193 185 25.950174429609969 24.918278121574513 157 11.576967239379883 2 17.270801514387131 11.833843864649534 6 0.059325948357582092 1 0.15807135403156281 0.10092268578708172
86 4.2999999999999998 4.3500000000000005 335.67700000000002 7498 667429 9844 305 1 37301 24.159078293139974 126 26.135254254889865 25.006575060344876 46682 24.48983771591573 185 24.982073238733651 23.799424422115891 158 10.385294288396835 2 16.783406920731068 11.179796327799558 6 0.021824806928634644 1 0.058151215314865112 0.037127397470176217
87 4.3500000000000005 4.4000000000000004 333.70400000000001 7534 674963 9849 305 1 37453 23.939975468885329 126 25.115125638151927 24.343904148969383 46893 23.99250567547373 185 24.49157276040799 23.303186564669414 159 9.2541352026164532 2 16.862131658941507 11.11988449126482 6 0.0080289030447602272 1 0.021392647176980972 0.01365841282531619
88 4.4000000000000004 4.4500000000000002 332.88499999999999 7578 682541 9853 305 1 37602 23.687984766586432 126 24.913889438091289 23.900273594189251 47092 22.436955873547372 185 24.024208758811692 23.053560364086881 160 8.4202547394670546 2 16.620542849414051 10.825575149133801 6 0.0029536692891269922 1 0.0078699197620153427 0.0050246521225199101
89 4.4500000000000002 4.5 333.07499999999999 7565 690106 9858 305 1 37749 23.445873093584346 126 24.382667580619454 23.573032976732783 47298 22.462571177994079 185 23.28771582787504 22.244911360263419 161 7.5462925615720451 2 16.794581913854927 10.865249171657489 6 0.001086594769731164 1 0.0028951826971024275 0.0018484670412726701
90 4.5 4.5499999999999998 334.07400000000001 7578 697684 9861 305 1 37891 22.845289338040093 126 23.936685699939964 23.134281196086601 47489 21.244555319674514 185 22.641546107546702 21.854526131003741 163 15.424700889270753 2 17.391297669266351 12.20011193825747 6 0.00039973616367205977 1 0.0010650787735357881 0.00068001343868672847
91 4.5499999999999998 4.6000000000000005 335.51499999999999 7566 705250 9865 305 1 38031 22.454319375365721 126 23.718610105330182 22.609296444071571 47687 21.403733240974109 185 22.241559522191213 21.247814665670731 164 13.157190910773352 2 17.408670191245619 12.244911752073676 6 0.00014705478679388762 1 0.00039182085311040282 0.00025016308645717797
92 4.6000000000000005 4.6500000000000004 334.36200000000002 7476 712726 9871 305 1 38158 20.689506777736824 126 22.691708920157648 21.905954790742875 47869 20.710682898633358 185 21.515081899530077 20.361819497682017 165 11.747719374303415 2 16.838346970369457 11.395424701615848 6 5.4098458349471912e-05 1 0.00014414290490094572 9.2029909064876851e-05
93 4.6500000000000004 4.7000000000000002 339.89699999999999 7569 720295 9884 305 1 38295 21.279682240276578 126 22.078289972835346 21.161738612101768 48038 19.197910893797037 185 20.835754879964579 19.767965879418281 166 10.698130306274834 2 16.611064119704679 11.039125537762594 6 1.9901719497283921e-05 1 5.3027237299829721e-05 3.3855930050776804e-05
94 4.7000000000000002 4.75 345.654 5066 725361 9889 305 1 38300 8.4123162772196505 126 20.858316536114362 13.532777415418209 48043 7.396778189433924 185 18.924801177795931 12.224060546300171 167 11.270214049169226 2 15.21319408711679 9.4336177166930426 6 7.3214373514929321e-06 1 1.9507639080984518e-05 1.2454905454433173e-05
95 4.75 4.7999999999999998 347.68099999999998 5047 730408 9895 305 1 38303 3.4359092317819946 126 8.2457413681758993 5.4030016743183493 48048 3.0570713426810028 185 7.2503122395971893 4.8369970007765852 167 4.1460824069868067 2 11.047049208124918 7.053131805939211 6 2.6934073957818327e-06 1 7.1764634412829764e-06 4.5819060596841157e-06
96 4.7999999999999998 4.8500000000000005 338.73399999999998 5001 735409 9899 305 1 38307 1.6045938807564097 126 3.6154920177113601 2.4479847170119897 48055 1.5562770491625013 185 2.9965372889558508 2.2425937401262415 168 5.7994795089155105 2 13.433717433828406 8.3630804069141824 6 9.90849684967543e-07 1 2.6400743990961928e-06 1.6855897843015554e-06
97 4.8500000000000005 4.9000000000000004 333.22399999999999 5105 740514 9903 305 1 38312 0.99441190302585325 126 1.7924217010181782 1.3977516528454295 48063 1.0721804804379815 185 1.6683766588061484 1.3441368839824455 169 7.3540561152982491 2 13.946820653125542 8.4609198356864681 6 3.6451342566579115e-07 1 9.712296105135465e-07 6.2009415216834893e-07
98 4.9000000000000004 4.9500000000000002 331.61399999999998 5008 745522 9906 305 1 38319 1.1388252073668788 126 1.2232383017113491 0.96813722347248488 48068 0.69648862618426854 185 1.0600286978452054 0.91248819156036021 170 9.8947632542870281 2 13.626349809177668 7.484615269978792 6 1.340970783303419e-07 1 3.572955904473929e-07 2.2812001873262489e-07
99 4.9500000000000002 5 328.63600000000002 5061 750583 9911 305 1 38323 0.9684336638235701 126 1.11627496726738 0.80361400487627521 48076 0.80002821859652917 185 0.93616715597494404 0.76235730378654354 170 3.6400810249765811 2 9.6988337218276968 6.1923455777687879 6 4.9331582374634309e-08 1 1.3144178012680641e-07 8.3920704128104256e-08
100 5 5.0499999999999998 329.80599999999998 5013 755596 9917 305 1 38328 0.88602060175928876 126 1.0709622020391398 0.87524257290680785 48083 0.76813131346533048 185 0.89122076390515947 0.78833577529292198 171 5.0549407359114866 2 13.468662356232606 8.5992422705758926 6 1.814808570088644e-08 1 4.8354753090507074e-08 3.0872719563035387e-08
101 5.0499999999999998 5.1000000000000005 332.08499999999998 5063 760659 9923 305 1 38333 0.87691678534197426 126 1.0256295473028612 0.80266395149166958 48089 0.68808576972926705 185 0.83645479401529532 0.72789641633346958 172 6.3082647453765937 2 14.039296179174606 8.7591681892560835 6 6.6763101713718243e-09 1 1.7788730488632609e-08 1.1357444931192617e-08
102 5.1000000000000005 5.1500000000000004 332.22300000000001 5078 765737 9926 305 1 38337 0.74981350665061552 126 0.90441259542253016 0.76075721123812945 48099 0.93014564436196057 185 1.0699221049758858 0.84143369469162732 173 7.5412254381378396 2 14.301786431810276 8.7793261609470363 6 2.4560788958183366e-09 1 6.5441105867591887e-09 4.1781725057532527e-09
103 5.1500000000000004 5.2000000000000002 331.07400000000001 5055 770792 9927 305 1 38343 0.80379653860224509 126 1.1651607882068611 0.89893609861293844 48104 0.68256783047774483 185 0.95563203605762848 0.78565091676199583 174 8.6604099291296563 2 14.56704521475487 8.8919695693417857 6 9.0354151938143445e-10 1 2.4074453541800267e-09 1.5370648309698253e-09
104 5.2000000000000002 5.25 330.07499999999999 5013 775805 9930 305 1 38347 0.63031884568856023 126 1.103481563144509 0.8066694086499886 48111 0.79213709424103562 185 0.82446479249826909 0.64827953947927941 175 9.0721349722666691 2 15.259578705923968 9.5923788844641891 6 3.3239441754595589e-10 1 8.8565021982844883e-10 5.6545479187875008e-10
105 5.25 5.2999999999999998 329.19 5045 780850 9939 305 1 38353 0.72429565628990911 126 1.1353313135784064 0.85934071732094441 48118 0.76075445395743069 185 1.0065768472815226 0.78782663196327429 176 11.607179641962025 2 13.89631652860572 7.4902203087093753 6 1.2228111578860279e-10 1 3.2581257136676811e-10 2.0801924793811821e-10
106 5.2999999999999998 5.3500000000000005 330.55500000000001 5047 785897 9942 305 1 38358 0.7915146754221638 126 0.89806916149635141 0.72710171818081148 48125 0.69653536074248357 185 1.018532749824038 0.82033590187357608 177 13.782494545070611 2 14.344968795867645 7.8463662339748739 6 4.4984724278940291e-11 1 1.1985978876083436e-10 7.652602995733559e-11
107 5.3500000000000005 5.4000000000000004 331.89299999999997 5010 790907 9944 305 1 38363 0.75749120920234159 126 1.0047264451524878 0.82733511576810459 48134 0.90361241334981846 185 0.9788715792339534 0.76795983465612239 177 5.0702977180803588 2 13.509582519617213 8.6253668881011496 6 1.6548965323104348e-11 1 4.4093968060154864e-11 2.8152364883737845e-11
108 5.4000000000000004 5.4500000000000002 329.90800000000002 5078 795985 9945 305 1 38369 0.9431166294797082 126 0.9431166294797082 0.76860553622180061 48140 0.74669351893134184 185 0.93043730554587745 0.80400369235214941 178 6.7817826271175816 2 13.656828880333959 8.3055722332202624 6 6.0880259167284123e-12 1 1.6221274323768853e-11 1.0356681918316513e-11
109 5.4500000000000002 5.5 329.28899999999999 5066 801051 9957 305 1 38373 0.74639324968283427 126 1.0009021838885661 0.82968335955996053 48146 0.64461291111532748 185 0.9908897319299026 0.74971181151250865 179 8.3810272216840538 2 14.097116470344258 8.416695880897322 6 2.2396604969915357e-12 1 5.9674747782123561e-12 3.8100118459477582e-12
110 5.5 5.5499999999999998 329.178 4480 805531 9960 305 1 38378 0.70650484849620698 126 1.0643105720084796 0.83314165759717651 48155 0.83238864877951724 185 0.92309627752306767 0.78706860750934793 180 9.588407516481098 2 14.593184471132815 8.8046538543728499 6 8.2392540056222541e-13 1 2.1953122913281886e-12 1.4016255267968596e-12
111 5.5499999999999998 5.6000000000000005 329.30500000000001 4498 810029 9964 305 1 38382 0.62513827526331112 126 0.9474166142431153 0.71547628363638116 48159 0.60505059152752694 185 0.81590624639078524 0.65750477239549998 181 10.298061370850201 2 15.05869293212977 9.2974217224131142 6 3.0310538692672473e-13 1 8.0761059732120666e-13 5.1562947054467627e-13
112 5.6000000000000005 5.6500000000000004 330.35500000000002 4549 814578 9974 305 1 38388 0.78494842806075149 126 0.96393677274474554 0.7941635191200479 48167 0.70784535450133712 185 0.94788373390036562 0.76309454473574201 182 12.058173179626682 2 14.436253547668718 8.2574296665195348 6 1.1150633096989465e-13 1 2.9710348764533379e-13 1.8968960083243225e-13
113 5.6500000000000004 5.7000000000000002 329.21600000000001 4447 819025 9983 305 1 38392 0.70486673577837988 126 0.89638994312725651 0.71420422659794081 48172 0.55567150394405307 185 0.88026597919005312 0.69119772855549177 183 13.57541561126717 2 14.706071853637782 8.4978767871858096 6 4.1020904392469887e-14 1 1.092983600218915e-13 6.9782947730847796e-14
114 5.7000000000000002 5.75 328.34300000000002 4529 823554 9986 305 1 38399 1.0646385217553276 126 1.2003765623581413 0.75492489459890733 48182 0.85948803762800652 185 0.93761521855133967 0.78029250179234788 183 4.9941172599792774 2 13.306604385376055 8.4957728672028185 6 1.509075592894156e-14 1 4.0208637065502692e-14 2.5671726910599969e-14
115 5.75 5.7999999999999998 330.92000000000002 4584 828138 9991 305 1 38402 0.70778793777133953 126 1.0435572775803892 0.82948460774360977 48189 0.8221745443512043 185 0.93599837489308657 0.79369841542335506 184 7.4925818443298446 2 13.117053031921406 7.5264363002777257 6 5.5515818382797198e-15 1 1.4791939645809188e-14 9.4441058146971187e-15
116 5.7999999999999998 5.8500000000000005 331.69499999999999 4515 832653 9994 305 1 38407 0.76303192809210485 126 1.0936758771452153 0.73895750657140558 48196 0.78074405122650414 185 0.89697081742123175 0.79777439468871147 185 9.1327562332153356 2 14.180492401123052 8.3761748504638724 6 2.0423141734097865e-15 1 5.4416530553521095e-15 3.4742942801063605e-15
117 5.8500000000000005 5.9000000000000004 328.738 4457 837110 9998 305 1 38411 0.75076886427007306 126 0.88103540854045714 0.64706143069807909 48204 0.84523904934693106 185 0.93413357482378423 0.80101266949332062 186 10.694343566894533 2 14.435853004455568 8.4539749336242682 6 7.5132584751108969e-16 1 2.001873644134314e-15 1.2781223570628601e-15
118 5.9000000000000004 5.9500000000000002 329.928 4550 841660 10006 305 1 38415 0.70196381943175878 126 0.8923708369615253 0.68323923292395594 48209 0.6779194359011147 185 0.85669399643395183 0.70619258574473454 187 12.715330123901367 2 14.336492538452148 7.9991568374633797 6 2.7639751801025768e-16 1 7.3644861376507436e-16 4.7019518085997988e-16
119 5.9500000000000002 6 329.86000000000001 4429 846089 10007 305 1 38421 0.95632273177576854 126 0.99535098959034429 0.70055701490489408 48216 0.7167455294284405 185 0.92956872029489612 0.71831762470154714 187 4.6777100563049316 2 12.463549613952637 7.9575139522552494 6 1.0168101797940332e-16 1 2.7092449403091283e-16 1.7297525718051056e-16
120 6 6.0499999999999998 329.69299999999998 5134 851223 10010 305 1 38426 0.94691808870823679 126 1.0945395887201232 0.80296172626406703 48223 0.73488753942538987 185 0.86239841500584691 0.73879563943706172 188 5.4366645812988281 2 14.485744476318359 9.2486127376556393 6 3.7406361305456542e-17 1 9.9667600811445144e-17 6.3634059883444883e-17
121 6.0499999999999998 6.1000000000000005 332.80900000000003 5052 856275 10012 305 1 38429 0.65300225563503489 126 0.92816785078691089 0.76717706578693001 48231 0.83535110950849101 185 0.88700631392830231 0.76540259443895065 189 5.9456415176391602 2 14.919333457946777 9.496097021102905 6 1.3761033745894435e-17 1 3.6665667389029609e-17 2.3409666764352341e-17
122 6.1000000000000005 6.1500000000000004 332.83499999999998 5041 861316 10015 305 1 38434 0.60870754995346921 126 1.1114581453641428 0.83750398451368424 48238 0.79941491915117135 185 0.95927629811312987 0.79233479474848589 190 6.7258028984069824 2 14.672149658203125 9.2276133060455319 6 5.0624036650577144e-18 1 1.3488547217229666e-17 8.6119376069896414e-18
123 6.1500000000000004 6.2000000000000002 328.91199999999998 4990 866306 10019 305 1 38439 0.73597176955398103 126 0.8903177080049911 0.66765492965763784 48244 0.64774805071189667 185 1.0049511227662906 0.7988039386917426 191 8.3604335784912109 2 14.062477111816406 8.3816626548767097 6 1.8623549629519016e-18 1 4.9621613689351694e-18 3.1681561993778204e-18
124 6.2000000000000002 6.25 337.73399999999998 8569 874875 10023 305 1 39144 70.014198969280912 126 71.575952075776598 43.316974986697048 48714 31.690993133751121 185 31.690993133751121 20.076950363777936 193 16.236160278320312 2 19.053310394287109 12.202761745452881 6 6.8512237191197238e-19 1 1.8254778036782157e-18 1.1655000245996481e-18
125 6.25 6.2999999999999998 336.45999999999998 8936 883811 10025 305 1 39882 100.13314437866211 126 100.13314437866211 87.324097466241753 49260 48.688798832248999 185 49.017199026571738 42.198628143722942 195 20.918996810913086 2 21.772716522216797 15.363830299377442 6 2.5204250133157866e-19 1 6.7155604117943159e-19 4.2876362508349188e-19
126 6.2999999999999998 6.3500000000000005 338.30399999999997 9203 893014 10028 305 1 40676 116.6039058140346 126 117.03552385360476 109.72512925889755 49899 61.477899633871544 185 61.477899633871544 56.419441217577123 196 13.700725555419922 2 22.588672637939453 17.146329441070556 6 9.2721298574574314e-20 1 2.4705173295513411e-19 1.5773337283178866e-19
127 6.3500000000000005 6.4000000000000004 339.72699999999998 9603 902617 10030 305 1 41559 131.29049379863437 126 131.80314188154918 125.6185055190798 50648 73.767441661937823 185 74.456145745354732 68.805915079065258 198 15.006173133850098 2 23.770881652832031 18.70756456375122 6 3.4110269205264474e-20 1 9.0885293656830442e-20 5.8026887410045449e-20
128 6.4000000000000004 6.4500000000000002 339.96699999999998 9899 912516 10036 305 1 42516 144.03035366724407 126 144.61195603628008 139.29186733548605 51538 87.953354747875323 185 87.953354747875323 82.17168730039856 202 31.875858783721924 2 33.176736831665039 23.298441495895386 6 1.2548471256303645e-20 1 3.3434840692197981e-20 2.1346904843028519e-20
129 6.4500000000000002 6.5 339.91800000000001 10396 922912 10043 305 1 43581 160.0205549209837 126 160.0205549209837 153.21674775986446 52595 104.60512204556852 185 104.60512204556852 97.784461683531063 205 35.301477432250977 2 36.014614105224609 26.608525495529175 6 4.6163257659061722e-21 1 1.2299994762904526e-20 7.8530899328629631e-21
130 6.5 6.5499999999999998 345.51900000000001 10880 933792 10048 305 1 44668 168.23429555741566 126 169.27967289515905 164.40777891855387 53819 122.00345957988017 185 122.12051832869246 115.09938826194964 208 34.247110366821289 2 37.848906517028809 31.043860158920289 6 1.6982516788241248e-21 1 4.5249162497673105e-21 2.8889914103307704e-21
131 6.5499999999999998 6.6000000000000005 345.31999999999999 10889 944681 10051 305 1 45752 170.26537189786396 126 172.37147158668154 170.05262737213616 55134 134.61354023701435 185 134.88161769557644 129.67776323803054 212 41.010909080505371 2 41.010909080505371 33.303607225418091 7 5.7695927619934082 1 9.9006595611572266 4.2879077816009525
132 6.6000000000000005 6.6500000000000004 341.67099999999999 11176 955857 10055 305 1 46859 173.58155217246403 126 174.04189821273562 172.43112862238803 56507 143.17341325089737 185 143.71808244859849 139.95785849163983 215 35.979762077331543 2 43.075589179992676 34.981010847091675 7 2.1225159168243408 1 5.6553473472595215 3.610729765892029
133 6.6500000000000004 6.7000000000000002 342.61500000000001 11300 967157 10061 305 1 47954 173.98592388819134 126 174.36790890163846 173.40915743388825 58062 159.00026888460727 185 159.00026888460727 152.43896160476274 218 30.918481826782227 2 43.438837051391602 35.010841617584227 7 0.78083044290542603 1 2.0804872512817383 1.328314254283905
134 6.7000000000000002 6.75 346.90300000000002 11287 978444 10066 305 1 49041 172.72330050998264 126 174.70567588200646 173.78970001220702 59609 164.46190103066934 185 165.33116001438449 161.83601556066569 222 34.634406089782715 2 44.662820816040039 36.321101675033567 8 5.8306164741516113 1 10.413702011108398 5.0005425214767456
135 6.75 6.7999999999999998 343.07600000000002 11472 989916 10071 305 1 50148 174.5337673368908 126 175.09547097342355 173.92183232625328 61258 173.11738660657727 185 173.44425230283994 169.70102094000737 226 37.982526779174805 2 44.857882499694824 36.68525245666504 8 2.1449651718139648 1 5.7151627540588379 3.6489197206497193
136 6.7999999999999998 6.8500000000000005 343.077 11377 1001293 10081 305 1 51238 173.63974798293341 126 175.02670142764137 173.90096095736061 62917 177.21828308105469 185 177.23922869708088 175.29129676777612 230 40.216733932495117 2 44.962953567504883 37.788063316345216 8 0.78908896446228027 1 2.102492094039917 1.3423632383346558
137 6.8500000000000005 6.9000000000000004 343.07600000000002 11535 1012828 10086 305 1 52331 173.16362701900422 126 174.87952374655103 173.96341233510822 64571 178.69758853396854 185 179.14082336425781 177.34621632014097 233 33.179662704467773 2 43.900995254516602 36.966934642791749 9 6.0598831176757812 1 10.398798942565918 4.7817367815971377
138 6.9000000000000004 6.9500000000000002 344.077 11505 1024333 10090 305 1 53440 174.90084342351037 126 175.20735446990483 174.31181629968071 66223 178.93873802391258 185 179.84885113690351 178.35582439855634 238 46.202976226806641 2 46.202976226806641 37.106481781005861 9 2.2293074131011963 1 5.9398894309997559 3.7923992633819581
139 6.9500000000000002 7 342.654 11451 1035784 10098 305 1 54533 174.40801142132472 126 174.93739730592759 173.97995520455493 67879 179.24007164207666 185 179.82260387523755 178.72866237166119 241 36.978495597839355 2 48.927339553833008 39.132552223205565 9 0.82011663913726807 1 2.185164213180542 1.3951462733745574
140 7 7.0499999999999998 343.10899999999998 11455 1047239 10103 305 1 55614 172.08076913016183 126 175.18907553052145 173.89132961454843 69525 178.36514867834143 185 179.94117596600506 178.81212344772757 245 39.170626640319824 2 47.279111862182617 37.829726066589359 10 5.3175487518310547 1 10.496186256408691 5.5473917043209076
141 7.0499999999999998 7.1000000000000005 332.58999999999997 7309 1054548 10107 305 1 55753 77.243664908030681 126 170.24487692212301 115.95542869083465 69687 77.270621304898654 185 175.15438636573586 117.60050345797156 246 22.043993473052979 2 38.39499568939209 26.955943098068236 10 1.9562181234359741 1 5.2122540473937988 3.3278315758705137
142 7.1000000000000005 7.1500000000000004 334.351 7416 1061964 10108 305 1 55903 43.116009757632298 126 75.871291690402558 57.597056783343106 69903 42.532209901551944 185 76.275732030095284 57.743551797402887 247 15.016993761062622 2 21.607492923736572 16.95696930885315 10 0.71965271234512329 1 1.9174823760986328 1.2242414116859437
143 7.1500000000000004 7.2000000000000002 332.39499999999998 7417 1069381 10114 305 1 56065 32.028256715290134 126 43.04802242157951 36.691536387564639 70124 30.382357476208661 185 41.904084386052311 35.920655960650059 248 11.774573445320129 2 18.651788711547852 13.210108733177185 10 0.2647455632686615 1 0.70540261268615723 0.45037346839904785
144 7.2000000000000002 7.25 332.82299999999998 7475 1076856 10115 305 1 56222 28.081730730949886 126 31.708361629455808 28.82782919020881 70345 26.100782680511475 185 29.994815029969086 28.130796942581995 249 10.336679428815842 2 17.04230198264122 11.423562882840633 10 0.097394481301307678 1 0.25950324535369873 0.16568319648504257
145 7.25 7.2999999999999998 333.98000000000002 7421 1084277 10117 305 1 56365 24.850639735895491 126 27.839982027099246 25.897302523548639 70564 24.489309452031108 185 26.396787531311446 25.27108946570835 250 8.8184958174824715 2 17.406630545854568 11.50305167362094 10 0.035829450935125351 1 0.095465943217277527 0.060951472669839857
146 7.2999999999999998 7.3500000000000005 334.78399999999999 7534 1091811 10121 305 1 56523 24.85452880249137 126 25.900680362941728 25.075514958079843 70782 23.772589118255151 185 25.417378293179176 24.277145258565206 251 7.6047079712152481 2 17.266486555337906 11.201687928736209 10 0.013180923648178577 1 0.035119980573654175 0.02242280598729849
147 7.3500000000000005 7.4000000000000004 332.31700000000001 7518 1099329 10127 305 1 56673 24.338772102953897 126 25.502668750191493 24.320140854822736 70995 23.467257988533458 185 24.158133716035533 23.329315439419165 253 15.546998676843941 2 17.207182643935084 12.136866871397942 10 0.0048489919863641262 1 0.012919924221932888 0.0082488924451172355
148 7.4000000000000004 7.4500000000000002 336.565 7547 1106876 10131 305 1 56814 22.788985296433406 126 25.476438259971992 23.915294218799541 71208 23.448642239196076 185 23.896982898019456 23.045458337542176 254 12.908781456528232 2 17.777037078514695 12.611928115636111 10 0.0017838447820395231 1 0.0047529754228889942 0.0030345984431914986
149 7.4500000000000002 7.5 335.18299999999999 7668 1114544 10135 305 1 56968 23.414650190488569 126 25.307313144739187 23.82501554815601 71406 22.36935767085367 185 23.412464867048971 22.473934406533637 255 11.254075732664205 2 17.128266600659117 11.63821486975532 10 0.00065624003764241934 1 0.0017485222779214382 0.0011163666343782096
150 7.5 7.5499999999999998 334.06799999999998 7480 1122024 10136 305 1 57106 22.469720913847496 126 24.018717571043425 22.840274561845387 71600 21.481132108277667 185 22.675654005380096 21.852346181053164 256 9.6835080275777727 2 17.295115078741219 11.554913489123573 10 0.00024141732137650251 1 0.00064324564300477505 0.00041068847989663484
151 7.5499999999999998 7.6000000000000005 335.30000000000001 7552 1129576 10137 305 1 57245 21.740763103885072 126 24.159078256626213 22.785185802684104 71801 21.767950662725127 185 22.440030454333268 21.445769935026739 257 8.2861064775788691 2 17.367143169394694 11.38347136667173 10 8.8812506874091923e-05 1 0.00023663694446440786 0.00015108391991816461
152 7.6000000000000005 7.6500000000000004 335.07400000000001 7570 1137146 10140 305 1 57378 21.097609437183969 126 22.709861960363693 21.747854617139932 71979 20.61913927778243 185 21.658019032637664 20.380606164456953 258 7.3225115570603521 2 16.96161508258956 10.953995024174802 10 3.2672309316694736e-05 1 8.7053900642786175e-05 5.5580686967005023e-05
153 7.6500000000000004 7.7000000000000002 337.38900000000001 7514 1144660 10144 305 1 57511 20.907315286752972 126 21.9512819832335 21.299508928453555 72146 19.165773019570437 185 20.553532456464097 19.492935856086085 259 7.0543651033640344 2 16.016935384701355 10.265470164319304 10 1.2019475434499327e-05 1 3.2025352993514389e-05 2.044700046099024e-05
154 7.7000000000000002 7.75 331.61799999999999 5144 1149804 10149 305 1 57514 8.0113802394588998 126 20.493322866290182 13.243601318090368 72152 7.4728263885583539 185 18.786265372225348 12.225060188788687 260 6.4626319195758697 2 16.544209387517185 10.585835741363661 10 4.4217190406925511e-06 1 1.1781474313465878e-05 7.5220337748760354e-06
155 7.75 7.7999999999999998 331.911 5027 1154831 10151 305 1 57520 3.5425655178726645 126 8.0098976732395908 5.3766583505260686 72161 3.3829423621128356 185 7.3248545634919759 5.0220960943315198 261 7.007679537414333 2 14.984347011644786 9.460387332721707 10 1.6266600368908257e-06 1 4.3341633499949239e-06 2.7672026044456288e-06
156 7.7999999999999998 7.8500000000000005 331.90699999999998 5040 1159871 10152 305 1 57525 1.8362897241535363 126 3.4724180502366329 2.4829213214390129 72166 1.5321417202366099 185 3.3159556483602892 2.3728956447332084 262 8.4641287961028411 2 14.236895765679265 8.5580657573470198 10 5.9841511301783612e-07 1 1.594450054653862e-06 1.0179973946833342e-06
157 7.8500000000000005 7.9000000000000004 330.12400000000002 5059 1164930 10153 305 1 57528 0.97534724889898816 126 1.7999287568538911 1.3285525558029929 72176 1.2407553322646128 185 1.6860785894367074 1.3695633637765732 263 11.059246525110666 2 13.780668834202743 7.4307465495055531 10 2.2014468470388238e-07 1 5.8656570445236866e-07 3.7450048807841084e-07
158 7.9000000000000004 7.9500000000000002 331.32400000000001 5045 1169975 10157 305 1 57533 0.77356033305220495 126 1.2055137634425477 0.99342669760457525 72182 0.88851976157750112 185 1.2161867344067301 0.99737377209717626 264 13.969131639642143 2 13.969131639642143 7.119117062658229 10 8.0986744421807089e-08 1 2.1578553344170359e-07 1.3777107440660075e-07
159 7.9500000000000002 8 332.303 5037 1175012 10157 305 1 57538 0.81704015856084267 126 0.94583504132403129 0.75060438636722837 72187 0.68144185914082367 185 0.89093373644911567 0.7455545797586296 264 5.1389580398033701 2 13.692524122849861 8.7421685805340221 10 2.9793369549224735e-08 1 7.9383099205188046e-08 5.0683162200471089e-08
160 8 8.0500000000000007 330.77300000000002 5017 1180029 10163 305 1 57541 0.61698475088069971 126 0.80086167079637893 0.67425204050123899 72197 0.91472246260605172 185 1.0521812253267449 0.85012541531132257 265 6.1647367707372833 2 14.279790931562086 8.9844426737015901 10 1.0960369500878642e-08 1 2.9203421902934679e-08 1.8645300219333195e-08
161 8.0500000000000007 8.0999999999999996 330.80000000000001 5058 1185087 10166 305 1 57546 0.63055429983850286 126 1.0820353017222064 0.78021641787234997 72203 0.75070775253637745 185 0.99514838260222216 0.81102885484390685 266 7.4884243096070673 2 14.201650635550314 8.6895037508870789 10 4.0320951022465579e-09 1 1.0743339551311237e-08 6.8592234736541971e-09
162 8.0999999999999996 8.1500000000000004 330.88400000000001 5068 1190155 10166 305 1 57551 0.61469492205672827 126 1.0095155038771217 0.80935212872092421 72211 0.80279313019445586 185 0.9134410325865483 0.81329855597675549 267 8.8812036545403394 2 14.352683072351189 8.6211019950402878 10 1.4833255734814088e-09 1 3.9522545236536644e-09 2.5233678480063304e-09
163 8.1500000000000004 8.1999999999999993 329.827 4984 1195139 10168 305 1 57558 0.88051086287247349 126 1.2125758281242431 0.84794437269834577 72220 0.95235701135273643 185 1.0391472007043985 0.82489975761543466 268 11.212679864120959 2 13.971857072349465 7.6917599029943791 10 5.4568499718854468e-10 1 1.4539537351865306e-09 9.282954938072408e-10
164 8.1999999999999993 8.25 331.56400000000002 5107 1200246 10172 305 1 57563 0.87081833130608577 126 1.0016794839474481 0.80324678378838821 72225 0.72346789468590145 185 0.93349908735195619 0.76714848651228595 268 4.1249156002441776 2 10.990653992821432 7.0171250159752834 10 2.0074640560974188e-10 1 5.3487969609022912e-10 3.4150089450735166e-10
165 8.25 8.3000000000000007 330.18000000000001 5049 1205295 10175 305 1 57569 1.010553208953763 126 1.0730422989953434 0.81403871542849127 72231 0.66964375328681536 185 0.87377010137349898 0.70193646460015957 269 5.8780384065270139 2 13.346078873032463 8.264350600506198 10 7.3850515980300457e-11 1 1.9677136309237397e-10 1.2563123361064576e-10
166 8.3000000000000007 8.3499999999999996 331.48399999999998 5000 1210295 10181 305 1 57574 0.93087122268320954 126 1.183687550092742 0.8725387337465631 72240 0.80720515951341765 185 0.99526502512001225 0.83678249625240098 270 6.7926197052571959 2 14.524488449218563 9.094535999395065 10 2.716808895908418e-11 1 7.2388178784521529e-11 4.6217168356288419e-11
167 8.3499999999999996 8.4000000000000004 331.07299999999998 5020 1215315 10184 305 1 57578 0.71971028138274151 126 1.1534819398920915 0.84397718149112777 72246 0.72507529636594237 185 0.85217845758074551 0.7299600932443947 271 7.9324650764675022 2 14.453889846839967 8.8715157223104537 10 9.9945858880734484e-12 1 2.6630125188331633e-11 1.700234956297786e-11
168 8.4000000000000004 8.4499999999999993 332.07499999999999 5058 1220373 10185 305 1 57584 0.83298612266462768 126 1.0945914445881033 0.84023414416553877 72253 0.70499995164397977 185 0.93499435692015997 0.77663202861174097 272 9.8256511688309569 2 14.083391189586253 8.1256857299935916 10 3.6768027858458119e-12 1 9.7966799603166344e-12 6.2548160227604569e-12
169 8.4499999999999993 8.5 339.15199999999999 5091 1225464 10188 305 1 57588 0.67956144385312867 126 0.96856530173637156 0.78681620321972456 72261 0.88250164684403221 185 0.88250164684403221 0.68913227137930344 273 12.754117012026764 2 13.816369056704735 7.1007195997286416 10 1.3526210316736065e-12 1 3.6039973089208033e-12 2.3010190085791248e-12
170 8.5 8.5500000000000007 332.95299999999997 4505 1229969 10192 305 1 57594 0.86581553799724842 126 0.94449193468378756 0.7679830953188157 72267 0.68641006866063825 185 1.0074258143406805 0.84278604664259915 273 4.6919794082652038 2 12.50156879425327 7.9817880535143493 10 4.9760158016623479e-13 1 1.3258373348853936e-12 8.4649800081819384e-13
171 8.5500000000000007 8.5999999999999996 330.74599999999998 4530 1234499 10193 305 1 57598 0.66958510246919267 126 1.0730642612396546 0.82919542114899625 72275 0.74949886740614169 185 0.90127008533457809 0.80240489569308682 274 5.751392841339495 2 14.14613819122409 8.9511450672156201 10 1.8305744019144615e-13 1 4.8774840503279515e-13 3.1140927591591024e-13
172 8.5999999999999996 8.6500000000000004 328.99900000000002 4447 1238946 10195 305 1 57605 0.97130110310091089 126 1.0521978567120764 0.81240215381891123 72280 0.57801926637375212 185 0.86230322776698465 0.71031111844578942 275 6.3900408744813424 2 14.801673889160483 9.3677186298372792 10 6.7343083420910027e-14 1 1.7943266772575683e-13 1.1456109512094672e-13
173 8.6500000000000004 8.7000000000000011 330.60000000000002 4556 1243502 10198 305 1 57609 0.77088628961308447 126 1.0637439313872279 0.83333805600323174 72290 0.84512683966645652 185 1.0226350558994064 0.81663556018246253 276 7.0745086669922399 2 14.827711105346788 9.3223522663117286 10 2.4774143308104075e-14 1 6.6009602840179371e-14 4.2144683908365305e-14
174 8.7000000000000011 8.75 328.327 4542 1248044 10198 305 1 57613 0.69723301862787401 126 0.85468007872769536 0.70783987820102967 72298 0.87171210323834802 185 0.95807688983599615 0.8385445591916002 277 7.6184101104736524 2 15.037807464599647 9.4615179252624735 10 9.1139017177350318e-15 1 2.4283582482635853e-14 1.550416838371014e-14
175 8.75 8.8000000000000007 330.72699999999998 4497 1252541 10200 305 1 57619 0.90024983685201665 126 0.97522896989421182 0.75138750852437941 72304 0.72353339477948553 185 0.90763426897934008 0.79535062040770876 278 9.5733385086059641 2 13.9989414215088 8.064555864334114 10 3.3528187736879328e-15 1 8.933434572058925e-15 5.7036672434691045e-15
176 8.8000000000000007 8.8499999999999996 333.24299999999999 4483 1257024 10202 305 1 57624 0.98866472481716139 126 1.0710076906132096 0.70611705826433979 72312 0.8625090860734751 185 0.89770873082207903 0.72727423409903746 279 11.467301368713381 2 14.289136886596683 8.1249129199981702 10 1.2334332841657143e-15 1 3.2864285430403775e-15 2.0982625630484171e-15
177 8.8499999999999996 8.9000000000000004 328.31400000000002 4476 1261500 10207 305 1 57628 0.80920498337812197 126 1.0017758012661462 0.81259186332953037 72319 0.81815169111197195 185 0.92246343428944211 0.8006721411458565 280 13.542675018310549 2 14.380107879638674 7.9453092002868662 10 4.5375496750897745e-16 1 1.209009724406347e-15 7.7190785980356579e-16
178 8.9000000000000004 8.9500000000000011 329.072 4586 1266086 10210 305 1 57634 0.91852011223040653 126 0.98514991783016415 0.84415525654631651 72326 0.82167535157561955 185 0.89011028985484975 0.75326813983307761 280 4.9820737838745117 2 13.274512290954592 8.4752849388122566 10 1.6692717843045892e-16 1 4.4477001258141826e-16 2.8396917411312585e-16
179 8.9500000000000011 9 331.53100000000001 4516 1270602 10212 305 1 57640 0.996620152511979 126 1.1463860518967643 0.87505921357417793 72333 0.81181002917234002 185 0.87942326518149938 0.76652376966421498 281 5.5486330986022949 2 14.784082412719727 9.439089670181275 10 6.1409101199993624e-17 1 1.6362180440736643e-16 1.0446644969519992e-16
180 9 9.0500000000000007 332.38099999999997 5022 1275624 10215 305 1 57645 0.98138578890098982 126 1.0631224902163074 0.8087332564301688 72341 0.76248494281052381 185 1.0917096066935297 0.91369839832760036 282 5.9868326187133789 2 15.022693634033203 9.5661693286895755 10 2.259115287049289e-17 1 6.0193119229761072e-17 3.8431077280498664e-17
181 9.0500000000000007 9.0999999999999996 329.91800000000001 5028 1280652 10215 305 1 57650 0.84255273669275133 126 1.1191063898886819 0.93110014505033134 72351 1.1418848788241287 185 1.1418848788241287 0.70546242442583951 283 6.8326401710510254 2 14.610069274902344 9.162620754241944 10 8.3108217534825654e-18 1 2.2143818558307888e-17 1.4138005328936042e-17
182 9.0999999999999996 9.1500000000000004 330.45600000000002 5087 1285739 10217 305 1 57655 0.82693439060226392 126 1.0100198849222681 0.80911344165962451 72356 0.78517879849608374 185 1.1192740493201483 0.89369158745757571 284 7.9471879005432129 2 14.480716705322266 8.8965613746643069 10 3.0573825871121075e-18 1 8.1462566521569782e-18 5.2010838365619042e-18
183 9.1500000000000004 9.2000000000000011 330.04399999999998 5049 1290788 10222 305 1 57661 1.0181220453658435 126 1.1029184250811368 0.76309862395909989 72364 0.88237094280663408 185 0.91838117278046782 0.76864136212763157 285 9.5602188110351562 2 14.262168884277344 8.4030434131622318 10 1.1247487049564756e-18 1 2.9968424788502703e-18 1.9133728140882605e-18
184 9.2000000000000011 9.25 336.73399999999998 8522 1299310 10224 305 1 58365 70.12013980320522 126 70.895347807142471 43.332699256775911 72836 32.069339540842414 185 32.069339540842414 20.150874963296584 287 17.31395149230957 2 19.52142333984375 12.323543968200683 10 4.1377200166793994e-19 1 1.102477177156215e-18 7.0389075414590698e-19
185 9.25 9.3000000000000007 336.94200000000001 8959 1308269 10227 305 1 59101 99.925732385544549 126 99.925732385544549 87.31686707330131 73381 48.927883127573374 185 49.15191664824615 42.228394233085012 289 21.617425918579102 2 22.054126739501953 15.739413986206054 10 1.5221826746049686e-19 1 4.055787777006022e-19 2.5894700039353167e-19
186 9.3000000000000007 9.3499999999999996 338.07499999999999 9187 1317456 10227 305 1 59893 116.03675818064856 126 117.17239525204613 109.76381955827985 74014 61.101024947295315 185 61.243382850853173 56.38061253934292 290 14.202735900878906 2 22.498176574707031 17.340792751312257 10 5.59979884324747e-20 1 1.4920415055532433e-19 9.5261305537928639e-20
187 9.3499999999999996 9.4000000000000004 339.74200000000002 9587 1327043 10230 305 1 60778 131.09356550186399 126 132.70807714310902 125.56944006178114 74768 73.997729987067146 185 73.997729987067146 68.745342702917142 292 16.020883560180664 2 23.427089691162109 18.199969177246093 10 2.0600521180914012e-20 1 5.4889152821347366e-20 3.5044692976441436e-20
188 9.4000000000000004 9.4500000000000011 342 9976 1337019 10232 305 1 61735 143.82261239914666 126 144.89158860463945 139.30257503448976 75652 87.684648462243985 185 87.684648462243985 82.017060234276016 295 22.292336940765381 2 33.256257057189941 23.791043815612792 10 7.5785140655243332e-21 1 2.0192603201064595e-20 1.2892231363009345e-20
189 9.4500000000000011 9.5 341.77800000000002 10358 1347377 10233 305 1 62801 160.09634157211062 126 160.09634157211062 153.09477823772127 76714 104.89270093763197 185 104.89270093763197 97.774261597092107 299 32.786988735198975 2 39.775786399841309 29.609938359260561 10 2.7879813565060441e-21 1 7.4284494467991491e-21 4.7427905138194674e-21
190 9.5 9.5500000000000007 342.74299999999999 10819 1358196 10233 305 1 63885 168.07633657304066 126 168.62456803094773 164.16300561329678 77931 121.49707348797773 185 121.98594129407728 115.12868359210044 302 30.972017288208008 2 39.373149871826172 31.796871957778929 10 1.025641355564316e-21 1 2.7327757343989742e-21 1.7447759979932883e-21
191 9.5500000000000007 9.5999999999999996 347.89699999999999 11000 1369196 10238 305 1 64975 171.0916287861173 126 173.04303099617127 170.03060273670013 79252 134.77013673524598 185 135.03522940970757 129.67003372109903 306 37.835168838500977 2 41.673385620117188 33.205240812301639 10 3.7731260010754239e-22 1 1.005332314575131e-21 6.4186749340355058e-22
192 9.5999999999999996 9.6500000000000004 342.80700000000002 11116 1380312 10242 305 1 66082 174.3040513538179 126 174.3040513538179 172.53385613577709 80623 143.21300844759554 185 144.21032252956081 139.85747948393953 309 32.252321720123291 2 43.699123382568359 35.527213087081911 10 1.3880566771973323e-22 1 3.6984131740685591e-22 2.361300217789572e-22
193 9.6500000000000004 9.7000000000000011 342.63 11319 1391631 10245 305 1 67172 173.97470443967788 126 174.4811302063957 173.34190555875261 82174 158.76145167995145 185 158.91114650417018 152.28216494421056 313 36.926151275634766 2 43.549966812133789 35.372763910293578 11 4.6302065849304199 1 9.9006595611572266 5.4159380245208739
194 9.7000000000000011 9.75 347.697 11310 1402941 10248 305 1 68257 172.780154879131 126 174.9943564278739 173.40483958895246 83717 163.85858278016786 185 164.86824975915857 161.76445012932854 317 41.329863548278809 2 43.885560035705566 35.640170965194699 12 8.8927154541015625 1 12.246402740478516 5.7799750232696532
195 9.75 9.8000000000000007 343.13099999999997 11429 1414370 10248 305 1 69362 174.68405345129588 126 175.03933522057912 173.51186812627878 85372 173.18442663244298 185 173.73468058818096 169.68598860127216 320 34.59211540222168 2 44.863547325134277 36.67059610366821 12 3.2714483737945557 1 8.7166280746459961 5.565243940353394
196 9.8000000000000007 9.8499999999999996 351.952 11450 1425820 10253 305 1 70450 173.70781514001271 126 175.03815775068981 173.66489506070576 87031 177.10652556548249 185 177.10652556548249 175.46831142941031 324 38.130155563354492 2 44.434913635253906 36.497214698791502 13 10.908111572265625 1 11.128470420837402 2.4394448208808899
197 9.8499999999999996 9.9000000000000004 342.87799999999999 11465 1437285 10257 305 1 71539 173.03365277487134 126 174.912966410319 173.52455517481241 88686 178.57940211940456 185 178.57940211940456 177.4606898655247 328 40.466699600219727 2 44.291305541992188 37.68674140930176 13 4.0128722190856934 1 10.692116737365723 6.8265206527709958
198 9.9000000000000004 9.9500000000000011 343.58199999999999 11428 1448713 10259 305 1 72643 174.72087472582621 126 175.07416679745629 173.5676607549758 90322 177.31865712758656 185 178.94703938252218 178.11302039563975 332 42.495491981506348 2 45.123264312744141 37.991430034637453 13 1.4762537479400635 1 3.9334120750427246 2.5113377404212951
199 9.9500000000000011 10 345.86500000000001 11551 1460264 10262 305 1 73730 173.44611709836929 126 175.44241659981864 173.80170660594155 91993 179.5843800312764 185 179.5843800312764 178.40547654105524 335 34.543588638305664 2 44.112272262573242 37.872659931182859 14 5.2668266296386719 1 11.03892707824707 6.247203528881073
200 10 10.050000000000001 343.83199999999999 11369 1471633 10264 305 1 74826 173.51590825640966 126 175.2662622360956 173.8991372922867 93635 178.49786154257285 185 179.6378137536951 178.58917782675258 339 37.886781692504883 2 44.057021141052246 36.690127029418946 14 1.9375585317611694 1 5.16253662109375 3.2960891413688658
201 10.050000000000001 10.1 332.46100000000001 7374 1479007 10267 305 1 74952 76.797153805929511 126 170.86583237420945 115.75483612423849 93808 78.139026023246146 185 175.49853977512669 118.06133660105115 340 21.571690797805786 2 37.136573791503906 26.152486462593078 14 0.71278822422027588 1 1.8991923332214355 1.2125638103485108
202 10.1 10.15 336.07999999999998 7402 1486409 10270 305 1 75109 43.71999858674549 126 75.905082248506091 57.668136510394859 94019 42.899357604980466 185 77.019907069850618 57.69927370906521 341 14.843244552612305 2 21.275252819061279 16.661393511295319 14 0.26222032308578491 1 0.69867408275604248 0.44607759773731231
203 10.15 10.200000000000001 333.58300000000003 7439 1493848 10272 305 1 75264 31.653669281611368 126 43.482898363991389 36.549248621350245 94239 30.410671203200881 185 42.370996269019876 36.14800497560244 342 11.710652261972427 2 18.550539135932922 13.101373541355134 14 0.09646548330783844 1 0.2570280134677887 0.16410284563899041
204 10.200000000000001 10.25 332.33300000000003 7464 1501312 10272 305 1 75418 27.107945890653703 126 31.976584158246478 28.944864744685944 94464 26.594353229935106 185 30.557738832525306 28.102608908498606 343 9.7417092174291611 2 17.750547796487808 11.949321843981743 14 0.03548768162727356 1 0.094555340707302094 0.06037007987499237
205 10.25 10.300000000000001 333.10899999999998 7494 1508806 10275 305 1 75569 24.849826216697693 126 27.703601137040152 26.203869459458762 94686 25.19096648435335 185 26.401489207551286 25.389400738703237 344 8.1223006695508957 2 17.718564987182617 11.603271754235029 14 0.013055193237960339 1 0.034784980118274689 0.022208919953554868
206 10.300000000000001 10.35 335.41500000000002 7448 1516254 10276 305 1 75726 24.763253860293872 126 26.038789475721025 25.00634485754702 94887 22.883774576960384 185 24.907098029755257 24.013928517737909 346 16.638242078945041 2 17.398489113897085 11.568927582725882 14 0.0048027387820184231 1 0.012796683236956596 0.0081702081207185983
207 10.35 10.4 338.04300000000001 7585 1523839 10278 305 1 75868 22.981656408853947 126 25.067296279091682 24.303523866186534 95107 23.366470033896935 185 23.864897412222785 23.305898840728645 347 14.901968245394528 2 16.801921029575169 11.718971008751542 14 0.0017668295186012983 1 0.0047076381742954254 0.0030056524090468885
208 10.4 10.450000000000001 337.08600000000001 7564 1531403 10278 305 1 76025 24.11528621897811 126 24.892350969983944 23.798304053817596 95311 22.35952062653126 185 23.792113074378388 23.050968533678635 348 13.427595601184294 2 16.73181204078719 11.459677922772244 14 0.00064998050220310688 1 0.0017318439204245806 0.0011057181982323527
209 10.450000000000001 10.5 334.17000000000002 7588 1538991 10281 305 1 76168 23.188575152854717 126 24.560577211990243 23.615888499387861 95521 22.665644882649588 185 23.198831217131904 22.399629795011432 349 11.710417870664969 2 17.123961220029742 11.700063535065857 14 0.00023911456810310483 1 0.00063711003167554736 0.00040677117212908345
210 10.5 10.550000000000001 334.63799999999998 7552 1546543 10282 305 1 76312 23.04175834574308 126 23.753687111823449 23.002496666305113 95714 21.748903526989995 185 23.050725296502179 21.772470798425378 350 10.558150682103587 2 16.724888375087176 11.140786473635817 14 8.796538895694539e-05 1 0.00023437978234142065 0.00014964281304855832
211 10.550000000000001 10.6 334.81799999999998 7505 1554048 10283 305 1 76443 21.331233990474768 126 23.430322795496544 22.487127817697338 95900 20.709127227337778 185 21.746032123808824 21.137522339563112 351 9.4274944711505668 2 16.837860842177179 11.119390665670508 14 3.2360661862185225e-05 1 8.6223561083897948e-05 5.5050544033292682e-05
212 10.6 10.65 333.52100000000002 7540 1561588 10285 305 1 76582 21.406216175701942 126 23.000889348115638 21.989258629770895 96084 20.311456015058855 185 21.061032099074154 20.285600616244455 352 8.3847071224845422 2 16.884719961126393 11.03239594690749 14 1.1904829079867341e-05 1 3.1719879189040512e-05 2.0251966798241483e-05
213 10.65 10.700000000000001 333.11200000000002 7589 1569177 10289 305 1 76720 21.885648437090115 126 22.279078138391636 21.430108331618705 96254 19.185932674551715 185 20.260033075522152 19.492684900083567 353 7.5332160742000269 2 16.765476248932828 10.843003461761327 14 4.3795448618766386e-06 1 1.1669098057609517e-05 7.450288076142897e-06
214 10.700000000000001 10.75 328.851 5118 1574295 10291 305 1 76723 8.3770399683704628 126 21.609437135546209 13.850168385863133 96260 7.4601243481810071 185 18.806025887835407 12.257594569205999 354 7.4015235311385368 2 15.826497053176354 10.13037966164954 14 1.6111461036416586e-06 1 4.292824087315239e-06 2.7408098048908869e-06
215 10.75 10.800000000000001 330.63 5039 1579334 10293 305 1 76728 3.530280558051706 126 8.3683168452236778 5.5921061156483836 96267 3.2030478037563208 185 7.4194382264071956 4.9714061210786182 355 8.2662333682028475 2 14.763808456193146 9.1439079932023972 14 5.9270752217344125e-07 1 1.5792433032402187e-06 1.0082881351536344e-06
216 10.800000000000001 10.85 329.26900000000001 5066 1584400 10294 305 1 76733 1.8053123692129629 126 3.4603763456921044 2.5014274986837761 96274 1.6198189023579903 185 3.1396232351154363 2.324206859443211 356 9.2911034339118714 2 14.71779413394745 8.9853438831153287 14 2.1804500249800185e-07 1 5.8097111832466908e-07 3.7092854825004908e-07
217 10.85 10.9 329.41699999999997 5028 1589428 10295 305 1 76739 1.3754209188982534 126 1.7695647938769923 1.3779880590514375 96280 0.97392990652802292 185 1.6325221679867772 1.2881005664222642 357 10.465004344195933 2 14.702780299437165 8.8377986357974994 14 8.0214313413762284e-08 1 2.1372741798586503e-07 1.3645703603515358e-07
218 10.9 10.950000000000001 329.41500000000002 5079 1594507 10297 305 1 76743 1.035095837922239 126 1.3481857690238406 0.97185398548675284 96288 0.92664990936221059 185 1.0616789626977865 0.91167372050324946 358 12.119588036912162 2 14.509781049792537 8.3619069550862442 14 2.9509214627410074e-08 1 7.8625966182244156e-08 5.0199768288905486e-08
219 10.950000000000001 11 329.56700000000001 5067 1599574 10303 305 1 76746 0.68605195284114084 126 1.1516624945674525 0.82175586343875806 96294 0.74583097580304392 185 0.97984228119334194 0.82766553936130649 358 4.4585500273582426 2 11.879604475511769 7.5846885023022148 14 1.0855838006307295e-08 1 2.8924892703230398e-08 1.8467472546745968e-08
220 11 11.050000000000001 333.697 5028 1604602 10304 305 1 76750 0.57267101432421263 126 0.97558597938703562 0.74717159951700396 96303 0.9643051961145751 185 0.98378545873488199 0.75667619272179376 359 5.5858121105926983 2 14.016420411467461 8.8839722380384298 14 3.9936427498332705e-09 1 1.0640878400636211e-08 6.7938073122775218e-09
221 11.050000000000001 11.1 332.30799999999999 5008 1609610 10307 305 1 76756 0.79982763581271765 126 0.95756748837437777 0.72748826065467265 96308 0.67383178367079366 185 1.0522448369361492 0.82811919299951431 360 7.2754516670596221 2 13.797749532440253 8.3272015736715037 14 1.4691795557908449e-09 1 3.91456334014606e-09 2.4993034042353203e-09
222 11.1 11.15 334.73599999999999 5054 1614664 10310 305 1 76761 0.78934589310533332 126 0.96230069818413977 0.80402806273393612 96317 0.79772686249917291 185 0.93269759799703134 0.85031264806050511 361 9.447173121130918 2 13.814450267690681 7.8499267478276558 14 5.4048115982752165e-10 1 1.4400878267650796e-09 9.1944274527300249e-10
223 11.15 11.200000000000001 334.03199999999998 5000 1619664 10310 305 1 76767 0.98526134745055438 126 1.046186486241198 0.75841803248816031 96324 0.72852205930565117 185 1.0666332621299617 0.8252717402058668 362 10.958181382159857 2 14.499094010635575 8.5040525261559914 14 1.9883197865944169e-10 1 5.2977894293704253e-10 3.382442068100566e-10
224 11.200000000000001 11.25 330.65199999999999 5034 1624698 10312 305 1 76771 0.84164263931911865 126 0.96575188909772469 0.77710800885078224 96331 0.73682087443317479 185 0.92537647340240547 0.74854066674306674 363 11.976756096229929 2 14.923955917786675 8.9915746408587349 14 7.3146218249053874e-11 1 1.9489483638057692e-10 1.2443311991905404e-10
225 11.25 11.300000000000001 330.81 5053 1629751 10313 305 1 76776 0.86331865241756089 126 1.0131137275175144 0.77219085117901409 96337 0.6574485329540174 185 0.8965894750051876 0.72722996236575033 364 12.511977195866185 2 15.282163620149552 9.4701108076339189 14 2.690900106905314e-11 1 7.1697828230021798e-11 4.5776408150177694e-11
226 11.300000000000001 11.35 330.79599999999999 5058 1634809 10315 305 1 76781 0.79274182490878176 126 1.0077722508953018 0.8635242018596766 96346 0.85264520705252611 185 1.0297202785396953 0.77972169521997037 365 13.039688110398076 2 15.302214622552144 9.4775500489072542 14 9.8992715066859027e-12 1 2.6376166875619056e-11 1.6840204387219561e-11
227 11.35 11.4 329.80700000000002 5016 1639825 10319 305 1 76786 0.82068934109755454 126 1.0023921298502056 0.76598190245488562 96354 0.88237238442773702 185 1.0074066597728983 0.83543403986050579 366 13.404255867021506 2 15.418561935444488 9.6390655613236618 14 3.6417401212684997e-12 1 9.7032529580709515e-12 6.1951673045040903e-12
228 11.4 11.450000000000001 330.04399999999998 5034 1644859 10320 305 1 76790 0.79099408253652481 126 0.82327515241298033 0.66431994038882247 96360 0.72036900489828593 185 0.91395960830028511 0.80903742516812982 367 14.070615768438913 2 15.242515563971663 9.3402863693344429 14 1.3397220615871119e-12 1 3.5696289674147508e-12 2.2790760641558384e-12
229 11.450000000000001 11.5 329.298 5116 1649975 10320 305 1 76794 0.63760983141084959 126 0.99002117533594913 0.78677631079809307 96368 0.84844890586540866 185 0.93454835747701492 0.73806141610206533 367 5.1762924194359092 2 13.791998863226386 8.8056794929543791 14 4.9285624409770024e-13 1 1.3131938028307366e-12 8.384254835541727e-13
230 11.5 11.550000000000001 330.71199999999999 4496 1654471 10322 305 1 76799 0.76765271753559328 126 0.85333891435556064 0.66490389932214722 96373 0.63025797135395623 185 0.89025124726085347 0.75655683826031694 368 5.6951465606697971 2 14.873987197878202 9.4863183975234229 14 1.8131175272100009e-13 1 4.8309701508250646e-13 3.0843951172440308e-13
231 11.550000000000001 11.6 329.14600000000002 4515 1658986 10324 305 1 76802 0.57122838155126354 126 0.78665435665564276 0.67065724530913418 96382 0.90928938097463841 185 0.94639815757989298 0.6967224032276611 369 7.0116500854495323 2 14.119728088379537 8.6966146087651826 14 6.6700896921619707e-14 1 1.7772153919955874e-13 1.1346861858853134e-13
232 11.6 11.65 330.38099999999997 4495 1663481 10327 305 1 76808 0.76233028277211701 126 1.0290381166192135 0.76318364728890631 96389 0.86805140433454031 185 0.92172868483548731 0.79758382655596738 370 8.8295688629151545 2 13.986687660217468 8.2001997947694818 14 2.4537902430983062e-14 1 6.5380128611361443e-14 4.1742794218760629e-14
233 11.65 11.700000000000001 330.96699999999998 4522 1668003 10329 305 1 76813 0.82637174434348859 126 0.93173150058965504 0.73024755681544407 96395 0.72590573317924734 185 0.92280692907804251 0.78937767258241509 371 10.882138252258343 2 14.113369941711481 7.9678862190247317 14 9.026994443280846e-15 1 2.4052018921449578e-14 1.5356323848023927e-14
234 11.700000000000001 11.75 332.161 4483 1672486 10330 305 1 76819 0.96281853531414263 126 0.96716182759295743 0.81729396290161271 96403 0.83728013662378309 185 1.0226561888016907 0.7546004948621301 372 13.903975486755387 2 13.903975486755387 7.008278484344503 14 3.3208466680608719e-15 1 8.8482484685535601e-15 5.6492780551391209e-15
235 11.75 11.800000000000001 330.36700000000002 4469 1676955 10331 305 1 76821 0.52885714768925507 126 0.94375346146075378 0.74709677058442336 96409 0.73721059396970057 185 0.92773503571574456 0.74772080781849981 372 5.1149897575378471 2 13.62865829467775 8.7013935852050821 14 1.2216714905392595e-15 1 3.2550895945413893e-15 2.0782539211222228e-15
236 11.800000000000001 11.85 330.774 4529 1681484 10331 305 1 76825 0.52794623434732735 126 0.80351378921934546 0.63582244731780324 96416 0.71948935030045613 185 0.92283405622973547 0.7743012679840986 373 6.4202232360839862 2 14.005536079406744 8.7077746391296404 14 4.4942805851660647e-16 1 1.1974807589612687e-15 7.6454712443368454e-16
237 11.85 11.9 328.928 4536 1686020 10331 305 1 76831 0.79712713264692281 126 0.93543731614749281 0.68588277415552656 96423 0.70106283124416535 185 0.91810836943046548 0.77499960949815294 374 7.6878762245178232 2 14.291202545166017 8.7449818229675298 14 1.6533539176433128e-16 1 4.4052878626561797e-16 2.8126128257264775e-16
238 11.9 11.950000000000001 332.22300000000001 4570 1690590 10334 305 1 76836 0.83635160099990213 126 0.94873772456564076 0.75481725653920195 96430 0.66320022023328895 185 0.96782636226837004 0.79424204802697529 375 9.8752079010009766 2 13.874149322509766 7.8344659614562993 14 6.0823523500755085e-17 1 1.620615300138546e-16 1.0347028945074102e-16
239 11.950000000000001 12 330.05900000000003 4508 1695098 10336 305 1 76840 0.71166919852836319 126 0.94163070513919056 0.75836036022041564 96437 0.74978065635570201 185 0.82665053534872535 0.67103924033937346 376 12.413985252380371 2 13.99672794342041 7.4865246009826656 14 2.237573187792693e-17 1 5.9619135293988076e-17 3.8064608806741334e-17
240 12 12.050000000000001 331.50200000000001 5094 1700192 10337 305 1 76845 0.68956627222900535 126 1.0426724704569603 0.8155334127340127 96443 0.70080615097521992 185 0.86377694007359729 0.69713503426427825 377 13.34794807434082 2 15.049770355224609 9.0753444099426268 14 8.2315745420775351e-18 1 2.1932662508980252e-17 1.4003192871996417e-17
241 12.050000000000001 12.1 330.32400000000001 5116 1705308 10340 305 1 76851 0.80761963728700248 126 1.058141797665566 0.83550413187776329 96450 0.7071504242393698 185 0.95455309645909558 0.7504757429390867 377 4.910438060760498 2 13.083641052246094 8.3534206485748292 14 3.028228399627523e-18 1 8.068578602373961e-18 5.1514883907312307e-18
242 12.1 12.15 329.80099999999999 4969 1710277 10342 305 1 76857 1.0430918505929498 126 1.0641636953365388 0.71925546060864476 96456 0.67312641398452067 185 0.79849687897575172 0.68233357107851234 378 6.2551045417785645 2 13.920986175537109 8.6687353134155281 14 1.1140233777365365e-18 1 2.9682654566380946e-18 1.8951276520260994e-18
243 12.15 12.200000000000001 331.06999999999999 5041 1715318 10345 305 1 76860 0.61869340449277066 126 1.1795905568122762 0.89635919150527388 96464 0.82693676173715858 185 0.95120359588880332 0.71258762690248001 379 7.4182963371276855 2 14.35285758972168 8.8484018039703365 14 4.0982645354363857e-19 1 1.0919642285585489e-18 6.971786704776248e-19
244 12.200000000000001 12.25 337.15499999999997 8587 1723905 10348 305 1 77568 70.325546355474557 126 71.572872101314488 43.368812113262408 96933 31.763479758597708 185 31.763479758597708 20.074480785679434 381 14.486017227172852 2 19.166881561279297 13.002716341018676 14 1.507667852053165e-19 1 4.017113464453988e-19 2.5647780034910585e-19
245 12.25 12.300000000000001 338.14299999999997 8946 1732851 10349 305 1 78304 99.973881978837269 126 100.22987795632983 87.47255666399758 97482 49.085787932937208 185 49.085787932937208 42.201683418273923 383 18.68242073059082 2 21.924022674560547 15.845421695709229 14 5.5464017497677578e-20 1 1.4778139990173313e-19 9.4352941284156603e-20
246 12.300000000000001 12.35 339.22500000000002 9210 1742061 10353 305 1 79096 116.04214659191314 126 117.04826542687795 109.80615143306672 98119 61.681389391100083 185 61.681389391100083 56.394794792587675 385 21.417520523071289 2 22.934947967529297 17.292167911529543 14 2.0404077094542605e-20 1 5.4365754288754438e-20 3.4710516338743531e-20
247 12.35 12.4 339.17099999999999 9521 1751582 10356 305 1 79983 131.38407807123093 126 132.68567348661878 125.60461575704903 98868 73.929724574733427 185 74.042404195424666 68.846708960249615 387 22.85850715637207 2 24.271997451782227 18.573375949859621 14 7.5062423906767802e-21 1 2.0000049448511601e-20 1.2769289511893634e-20
248 12.4 12.450000000000001 339.50900000000001 9965 1761547 10361 305 1 80937 143.68209554278661 126 144.89742509145586 139.25311550685333 99753 87.632825366870776 185 87.632825366870776 82.109147969013932 390 28.277004718780518 2 34.820430755615234 24.635504102706911 14 2.7613928312500061e-21 1 7.357609182152225e-21 4.6975601204053218e-21
249 12.450000000000001 12.5 347.60599999999999 10442 1771989 10362 305 1 82000 159.5511985657707 126 159.5511985657707 153.01917822338285 100811 104.35408465411211 185 104.60583739409576 97.823769755183037 393 31.099089622497559 2 38.751848220825195 27.20604121208191 14 1.0158601871589465e-21 1 2.7067136886001934e-21 1.7281364521782174e-21
250 12.5 12.550000000000001 345.40800000000002 10800 1782789 10362 305 1 83087 167.83200884622241 126 168.69740150088356 164.3413762628465 102043 122.57089352994352 185 122.57089352994352 115.15393640631599 396 30.85589599609375 2 37.687479019165039 30.240768489837645 14 3.7371420793293312e-22 1 9.9574481467743695e-22 6.3574618925349304e-22
251 12.550000000000001 12.6 349.28800000000001 10971 1793760 10364 305 1 84179 171.03913104344929 126 172.24428667340959 170.15813705202135 103355 134.84394947773703 185 134.84394947773703 129.68709943369274 400 37.697832107543945 2 40.837573051452637 33.226248483657834 14 1.3748184552480202e-22 1 3.6631416252743172e-22 2.3387803770741098e-22
252 12.6 12.65 350.54700000000003 11203 1804963 10364 305 1 85283 173.88924928695437 126 173.88924928695437 172.41636124626038 104723 143.01629448968012 185 143.28470124940614 139.80098715457399 403 33.149957656860352 2 42.141851425170898 34.502553606033324 15 8.2697257995605469 1 9.9006595611572266 1.8126917839050294
253 12.65 12.700000000000001 349.57299999999998 11274 1816237 10367 305 1 86375 173.92305573962983 126 174.24196418883309 173.29983270069911 106270 158.13458251953125 185 158.16241727261931 152.27559747479415 407 38.526626586914062 2 42.704919815063477 34.67691553115845 15 3.0422635078430176 1 8.1059741973876953 5.1753641462326048
254 12.700000000000001 12.75 346.42200000000003 11351 1827588 10368 305 1 87462 172.81950438968718 126 174.96471635122148 173.63220648629326 107826 164.70771228687184 185 164.86833207413957 161.70856712217591 411 41.837589263916016 2 43.831809997558594 36.722037801742552 15 1.1191871166229248 1 2.982022762298584 1.9039113736152649
255 12.75 12.800000000000001 357.738 11412 1839000 10373 305 1 88575 175.60843283032614 126 175.60843283032614 173.90550410679404 109478 173.54933818095438 185 173.779374983504 169.84105734830288 414 34.263449668884277 2 46.250812530517578 37.498653717041016 16 6.6618518829345703 1 10.552864074707031 4.5125753533840181
256 12.800000000000001 12.85 357.26600000000002 11467 1850467 10379 305 1 89661 174.10048990401012 126 175.21200246659535 173.87384253850058 111128 176.61318499590899 185 177.1794111097181 175.34503797871355 418 36.663341522216797 2 46.256711959838867 37.62403022766113 16 2.4507596492767334 1 6.5299382209777832 4.1691236639022824
257 12.85 12.9 356.53100000000001 11521 1861988 10381 305 1 90751 173.27336435469371 126 175.85204024541946 173.83471919468468 112788 178.67278046479097 185 178.67278046479097 177.42035658552845 421 30.174962997436523 2 46.573986053466797 36.423720531463623 16 0.9015846848487854 1 2.4022314548492432 1.5337359273433686
258 12.9 12.950000000000001 346.58199999999999 11484 1873472 10383 305 1 91858 175.0896461123512 126 175.33512551443917 173.91607738918731 114435 178.39493911330766 185 179.39426665434965 178.32910067666543 426 42.427448272705078 2 47.836811065673828 37.869628448486331 17 4.2772769927978516 1 10.732927322387695 6.6579501807689665
259 12.950000000000001 13 343.036 11381 1884853 10386 305 1 92947 173.88059937007844 126 175.51495361328125 174.05411352490628 116085 178.41661896576753 185 179.3526480185019 178.35688393092801 429 35.048657417297363 2 47.310733795166016 37.305246295928953 17 1.5735232830047607 1 4.1925811767578125 2.676808145046234
260 13 13.050000000000001 345.30399999999997 11517 1896370 10386 305 1 94039 173.29987892271981 126 175.62005469912575 173.90824201553588 117745 179.43338499326964 185 179.43338499326964 178.4528040309597 433 37.537887573242188 2 47.119451522827148 37.535582332611085 18 5.027522087097168 1 11.18895149230957 6.5804254436492924
261 13.050000000000001 13.1 334.32999999999998 7341 1903711 10387 305 1 94165 76.664184267558753 126 170.968386332194 115.67260405888638 117911 78.539890598606419 185 176.09443672798776 117.83390820477462 434 21.292178630828857 2 36.794588088989258 26.083795909881591 18 1.8495230674743652 1 4.9279704093933105 3.1463266682624815
262 13.1 13.15 334.495 7472 1911183 10392 305 1 94324 43.890641136774939 126 76.246205466134214 57.685010759565564 118120 43.051454152287661 185 77.412833878800669 57.72934643492826 435 14.603637337684631 2 21.354670763015747 16.621880531311035 18 0.68040198087692261 1 1.8129000663757324 1.1574696218967437
263 13.15 13.200000000000001 333.41300000000001 7446 1918629 10393 305 1 94482 32.337004850781156 126 43.964468622964525 36.517855157095291 118344 31.101824860959439 185 42.534400620331638 36.046752986340906 436 11.141973614692688 2 19.119697213172913 13.4271631026268 18 0.25030604004859924 1 0.66692912578582764 0.42580958068370817
264 13.200000000000001 13.25 333.61799999999999 7387 1926016 10399 305 1 94634 27.428319109810722 126 32.325302824141488 28.986749649010005 118562 26.528975199364329 185 30.734339827460211 28.094843683938731 437 8.6374283134937286 2 18.842304080724716 12.47958528637886 18 0.092082507908344269 1 0.24534964561462402 0.15664667576551439
265 13.25 13.300000000000001 334.44400000000002 7432 1933448 10400 305 1 94792 26.386329921465073 126 27.449801089271666 26.110969130860429 118773 24.03111746633375 185 26.431803131103514 25.28377438378979 439 16.342302314937115 2 17.716127544641495 12.371911822110414 18 0.033875271677970886 1 0.090259149670600891 0.057627116367220878
266 13.300000000000001 13.35 334.61099999999999 7472 1940920 10401 305 1 94936 24.391929107762518 126 26.129042620223665 24.831667740586258 118991 23.660331447865513 185 24.876144102135221 23.934658386124138 440 13.957466481253505 2 17.392072405666113 12.361070015728474 18 0.01246202178299427 1 0.033204495906829834 0.021199840568006039
267 13.35 13.4 334.89800000000002 7552 1948472 10401 305 1 95089 24.174210910404486 126 25.770399927265114 24.501262945925447 119200 22.87264363097178 185 24.25379870211756 23.374432618895092 441 11.639863401651382 2 17.715421607717872 12.294502667095513 18 0.0045845233835279942 1 0.012215257622301579 0.007798989629372954
268 13.4 13.450000000000001 334.49599999999998 7526 1955998 10405 305 1 95235 23.492484800990614 126 24.67636581463 23.849535817979355 119408 22.630663313535418 185 23.619097446630128 22.72605530633999 442 9.9374182289466262 2 17.397158073727041 11.685482037621551 18 0.0016865526558831334 1 0.004493743646889925 0.0028690888895653186
269 13.450000000000001 13.5 332.95699999999999 7598 1963596 10407 305 1 95381 23.487419621161525 126 24.079014218072334 23.179618499923258 119609 21.957615971444426 185 23.206698631314008 22.396069631171795 443 8.3795162461465225 2 17.562922678655013 11.542374279121868 18 0.00062044832156971097 1 0.0016531567089259624 0.0010554792545735836
270 13.5 13.550000000000001 333.25799999999998 7535 1971131 10410 305 1 95525 23.1511595662395 126 24.322496393577211 23.190052517072658 119809 21.826722557125361 185 22.31006680064004 21.751211035170723 444 7.2722385784145445 2 17.185460716718808 11.096243146475171 18 0.00022825023916084319 1 0.00060816260520368814 0.0003882892630645074
271 13.550000000000001 13.6 334.30000000000001 7522 1978653 10410 305 1 95667 23.221192726978131 126 23.439716011853076 22.470348364427014 120005 22.105898414372241 185 22.344054905916689 20.91279602612487 446 16.40523083586595 2 16.736638100090204 10.958029633659754 18 8.3968603576067835e-05 1 0.00022373058891389519 0.00014284369623055682
272 13.6 13.65 336.19099999999997 7579 1986232 10415 305 1 95795 21.57300931016179 126 23.07568914382275 21.949217115212161 120181 20.344998431633339 185 22.524445753015982 20.770377712598101 447 14.304876749985851 2 17.12604593650758 12.079422837284655 18 3.0890332709532231e-05 1 8.2305916293989867e-05 5.2549278334481644e-05
273 13.65 13.700000000000001 334.20499999999998 7576 1993808 10415 305 1 95931 21.876958517261617 126 21.958417033016477 21.286382164213236 120352 19.310912480925971 185 20.290140798979287 19.510266636729771 448 13.050606547256393 2 16.590571919276044 11.241768967828175 18 1.1363925295881927e-05 1 3.0278662961791269e-05 1.9331806597620017e-05
274 13.700000000000001 13.75 332.63799999999998 5058 1998866 10416 305 1 95934 8.3675607605579732 126 21.443765834897352 13.850949848774299 120357 7.4362195310163202 185 18.928530920836351 12.296887200406454 449 13.582148673461234 2 15.313828745976025 9.4737538310705354 18 4.1805556065810379e-06 1 1.1138904483232182e-05 7.1117771767603701e-06
275 13.75 13.800000000000001 330.81599999999997 5106 2003972 10418 305 1 95940 3.7431872354080706 126 8.2018720096344211 5.5306669673946764 120367 3.4410994384659226 185 7.2889725701984123 5.0363847737759269 450 14.320684774201482 2 15.206226888110677 9.2688237782756282 18 1.5379409887827933e-06 1 4.0977752178150695e-06 2.6162775589000377e-06
276 13.800000000000001 13.85 331.15699999999998 5040 2009012 10419 305 1 95944 1.9351298521216651 126 3.6690672114339016 2.4249584445903873 120373 1.7565382778265426 185 3.3729611342672356 2.316421111704666 450 5.268287406218974 2 14.037116328529692 8.9621786988980361 18 5.6577709983685054e-07 1 1.507487695562304e-06 9.6247496799151118e-07
277 13.85 13.9 330.09300000000002 5016 2014028 10422 305 1 95948 1.1933552390029534 126 1.8968117230623835 1.3693026520875489 120379 1.0365139569939168 185 1.7217565104948507 1.3614970017857215 451 5.7289881271633192 2 14.96237486536802 9.5438890200170139 18 2.0813784828987991e-07 1 5.5457394410041161e-07 3.5407491736805243e-07
278 13.9 13.950000000000001 334.32499999999999 5062 2019090 10422 305 1 95953 0.94955820354028131 126 1.3268785773383469 1.0350180533536864 120388 0.99087121803520839 185 1.2340916496473575 1.0181608585786628 452 6.5562326118230203 2 14.591158268026845 9.1810004276186206 18 7.6569683926663856e-08 1 2.0401644462708646e-07 1.3025695025703498e-07
279 13.950000000000001 14 332.59199999999998 4992 2024082 10422 305 1 95956 0.6232129390602702 126 1.0767841174883401 0.7992832900904473 120393 0.68131857667814055 185 0.97125067088225825 0.84700816212094798 453 7.5290747275354839 2 14.567191237440269 9.0368538137641039 18 2.8168416932317086e-08 1 7.5053506520816882e-08 4.7918881200814669e-08
280 14 14.050000000000001 332.17599999999999 4977 2029059 10424 305 1 95961 0.66743571837529247 126 0.99518835279598628 0.74986877518429074 120403 1.0280900536179141 185 1.0280900536179141 0.73776563578291954 454 8.4251404024359537 2 14.749658622368244 9.1128649029618405 18 1.0362584568213151e-08 1 2.7610644437459086e-08 1.7628372770417401e-08
281 14.050000000000001 14.1 330.31900000000002 5082 2034141 10425 305 1 95968 1.0082320157720701 126 1.0285996448384069 0.77371123624509308 120409 0.82528442795175405 185 1.012607029162897 0.84943308768691439 455 10.887572296450767 2 13.840816507893379 7.5621090261068256 18 3.8121825696180167e-09 1 1.015739137244509e-08 6.4851173142699285e-09
282 14.1 14.15 329.96899999999999 5041 2039182 10428 305 1 95972 0.88206155531746133 126 0.98826767991297326 0.75983369305195358 120416 0.78465102852444413 185 0.89920699275676053 0.79698518427525389 456 13.144776347219391 2 14.239565852467479 7.7652915813530008 18 1.402424176788486e-09 1 3.7366962857277031e-09 2.3857421460604654e-09
283 14.15 14.200000000000001 335.26600000000002 5057 2044239 10429 305 1 95977 0.93159774886294833 126 0.96961694215095484 0.744608330761652 120424 0.83083808247559099 185 0.98530284231578724 0.81913814743006785 456 4.835696221472185 2 12.88449287700776 8.2262720889246097 18 5.1592330407856934e-10 1 1.3746542792958394e-09 8.7766582557158298e-10
284 14.200000000000001 14.25 329.68700000000001 4986 2049225 10432 305 1 95980 0.57637512078445163 126 1.1711679724387898 0.82787294950043044 120431 0.80229733276732862 185 0.99440273388761458 0.78501301984906302 457 6.1395187381881584 2 13.939772606793273 8.7091707331704509 18 1.8979767757443256e-10 1 5.0570736487287604e-10 3.2287542861553218e-10
285 14.25 14.300000000000001 332.25299999999999 5079 2054304 10434 305 1 95986 0.74908058164082658 126 0.95226798334916862 0.78139677260115947 120438 0.85419466413691114 185 0.87145053090961766 0.70537669323551033 458 7.4791483880543179 2 14.184057235993487 8.6737221815675074 18 6.9822675419217717e-11 1 1.8603943385819832e-10 1.1877927197367911e-10
286 14.300000000000001 14.35 331.00900000000001 5044 2059348 10436 305 1 95990 0.64634210368982981 126 0.86261084607320504 0.73663518696578978 120444 0.75596617334766059 185 0.99626119658785761 0.7458981817103818 459 9.1278114319382482 2 14.172818183981969 8.3677669812158584 18 2.5686338472885595e-11 1 6.8440093869970298e-11 4.369646644519776e-11
287 14.35 14.4 329.68900000000002 5000 2064348 10439 305 1 95995 0.70624808641497994 126 0.89781719091340317 0.73434183252285801 120451 0.75572614388725112 185 0.90899969902380651 0.75699439528397494 460 10.128615379353171 2 14.810916900663537 9.0091705036498038 18 9.4494793934085664e-12 1 2.5177715815005719e-11 1.6075038401092146e-11
288 14.4 14.450000000000001 332.58499999999998 5006 2069354 10441 305 1 95999 0.60354113334937576 126 0.88254873552551782 0.7366040432694535 120457 0.72243702118264563 185 0.80434675910481612 0.68160608299884562 461 11.671576499946203 2 14.543680191049058 8.4724172496918797 18 3.4762700530655e-12 1 9.26236691511928e-12 5.9136778763832494e-12
289 14.450000000000001 14.5 329.69499999999999 5069 2074423 10442 305 1 96005 0.79007771426257201 126 1.0595938319569846 0.7677034246204798 120464 0.71365817682985133 185 0.91669170023387747 0.765448106056271 462 13.074832916262428 2 14.741830825808666 8.61072913170314 18 1.2788492053522615e-12 1 3.4074353581770023e-12 2.1755213949758988e-12
290 14.5 14.550000000000001 329.67000000000002 4534 2078957 10444 305 1 96010 0.84871752369012365 126 0.99597919351654385 0.73559543162087759 120473 0.85416507986157075 185 1.0556136695058054 0.83386639671429852 462 4.8099646568308136 2 12.815934181215988 8.1824990367906061 18 4.7046248190588114e-13 1 1.2535262541510384e-12 8.003300702285471e-13
291 14.550000000000001 14.6 329.262 4564 2083521 10445 305 1 96014 0.69222130903966217 126 1.0221278608293844 0.78985718310267072 120479 0.73073977988386785 185 0.89552793879278336 0.77084383586404281 463 6.3996930122379094 2 13.684312820435341 8.4261122560507218 18 1.7307356448611338e-13 1 4.6114669157923394e-13 2.9442509628246907e-13
292 14.6 14.65 329.13299999999998 4457 2087978 10446 305 1 96019 0.7440428925823942 126 0.88918919233997418 0.7423456947046142 120486 0.71820195967652678 185 0.84755762289254366 0.76916962557548818 464 7.7879157066346538 2 14.190502166748288 8.6256133556368226 18 6.3670240141398132e-14 1 1.6964648273404964e-13 1.0831301296403833e-13
293 14.65 14.700000000000001 328.63499999999999 4499 2092477 10449 305 1 96024 0.74400855745177896 126 0.92021739700467498 0.79368494237690757 120494 0.84533908822888215 185 0.93834909703309677 0.73899487261595664 465 8.9913816452026847 2 14.530736923217852 8.8085304641724456 18 2.3422985149764222e-14 1 6.2409482421386941e-14 3.9846147215083508e-14
294 14.700000000000001 14.75 330.23200000000003 4524 2097001 10451 305 1 96031 1.112817741899272 126 1.1582326765742836 0.74597763007605966 120499 0.60399638161536362 185 0.90831852020489667 0.77947807474720432 466 10.215203285217303 2 14.641748428344751 8.7883759880066155 18 8.6168399143966325e-15 1 2.2959178706967974e-14 1.4658585590742856e-14
295 14.75 14.800000000000001 329.59800000000001 4504 2101505 10452 305 1 96034 0.70176367309737964 126 1.0907825033231551 0.88314795011693026 120508 0.84259147173526128 185 1.0087650792612572 0.73675582492530733 467 11.092555999755866 2 14.973381042480478 9.1313935089111382 18 3.1699596069687799e-15 1 8.4462152915676207e-15 5.3925956726097129e-15
296 14.800000000000001 14.85 329.59800000000001 4535 2106040 10454 305 1 96039 0.63161545242233597 126 1.1507868922321924 0.86309992460233698 120514 0.70264818875661195 185 0.9005569534643163 0.78719723392228846 468 12.350452423095705 2 14.786173820495609 8.7546411895751959 18 1.1661638333189091e-15 1 3.1071902304125e-15 1.9838261333557327e-15
297 14.85 14.9 329.613 4512 2110552 10455 305 1 96045 0.75699642325567296 126 1.0633258900360201 0.82824958984757369 120522 0.80733615530473546 185 0.9474177530797504 0.76122024773930108 469 13.324578285217287 2 15.023418426513674 9.0355841255188007 18 4.2900797351265701e-16 1 1.1430722328690992e-15 7.2980934929592886e-16
298 14.9 14.950000000000001 334.04399999999998 4455 2115007 10455 305 1 96049 0.62879217241586138 126 0.91947297625210644 0.76184723244586028 120528 0.69734496288538372 185 0.92591437577331537 0.75754361119658653 470 14.225931167602539 2 15.105613708496094 9.1076315402984616 18 1.578232550784799e-16 1 4.2051305361486403e-16 2.6848198717723235e-16
299 14.950000000000001 15 330.00599999999997 4519 2119526 10456 305 1 96054 0.65937884386415879 126 0.91165123403297044 0.7633690102784928 120535 0.69219222047298068 185 0.88906324123872715 0.76185812019665056 470 5.233426570892334 2 13.944238662719727 8.902877502441406 18 5.8059932926550121e-17 1 1.5469814025447496e-16 9.8769017041974249e-17
300 15 15.050000000000001 331.11099999999999 5069 2124595 10459 305 1 96061 0.936164883666596 126 1.0555228804835983 0.83708358668944527 120541 0.69951080480726247 185 0.73568092496688431 0.64140301177769476 471 6.1994919776916504 2 14.360292434692383 9.0435648441314704 18 2.135905907628903e-17 1 5.691027098910962e-17 3.633509537748353e-17
301 15.050000000000001 15.1 330.43099999999998 5140 2129735 10460 305 1 96065 0.73804126041121432 126 0.95718773623191078 0.83106972052469086 120549 0.80035682489664217 185 0.88346494209330917 0.7650239028221667 472 7.1971907615661621 2 14.493356704711914 9.0122457122802739 18 7.8575631737504586e-18 1 2.0936121629090667e-17 1.3366938912059326e-17
302 15.1 15.15 330.33699999999999 4990 2134725 10460 305 1 96071 0.90513216108866301 126 1.0836398519914761 0.78695528055489961 120554 0.64676247267864084 185 0.80882029047592863 0.69260420499299746 473 8.5338478088378906 2 14.354162216186523 8.6766661262512201 18 2.8906374512821368e-18 1 7.7019729820710717e-18 4.9174245876351882e-18
303 15.15 15.200000000000001 330.32400000000001 5100 2139825 10460 305 1 96074 0.63312904562403716 126 0.97786014600256244 0.74548271654585652 120563 0.83299842400296153 185 0.89981866077136119 0.78859304838757605 474 10.622186660766602 2 14.054530143737793 7.9324741363525391 18 1.0634063348980385e-18 1 2.833399034435305e-18 1.809020083794011e-18
304 15.200000000000001 15.25 335.95600000000002 8559 2148384 10463 305 1 96779 69.877543403988795 126 71.276630310785208 43.350451184832906 121027 31.2069797722069 185 31.2069797722069 20.09089564658515 476 18.665374755859375 2 19.819576263427734 12.036973628997803 18 3.9120545473233351e-19 1 1.042349521827312e-18 6.6550149371982545e-19
305 15.25 15.300000000000001 338.06200000000001 8939 2157323 10464 305 1 97517 99.935069795638796 126 99.935069795638796 87.384904773651613 121583 49.317840916401629 185 49.317840916401629 42.177745721353055 477 12.87166690826416 2 21.221786499023438 15.735970573425293 18 1.4391646311306446e-19 1 3.8345906339213926e-19 2.4482437363844888e-19
306 15.300000000000001 15.35 339.37700000000001 9195 2166518 10465 305 1 98309 116.02280407860165 126 116.70423840719556 109.78687686738515 122217 61.6762087022936 185 61.6762087022936 56.305341299520933 479 15.031310081481934 2 22.877079010009766 17.861874313354491 18 5.2943930982178085e-20 1 1.4106672250524271e-19 9.0065877943783818e-20
307 15.35 15.4 338.84699999999998 9561 2176079 10467 305 1 99199 131.8040368821886 126 131.8040368821886 125.64588110182021 122961 73.451893904402453 185 73.907121627395213 68.774107411977411 481 16.19163703918457 2 24.15507698059082 18.851244163513183 18 1.9476990189216791e-20 1 5.189557002864662e-20 3.3133395268221374e-20
308 15.4 15.450000000000001 339.70699999999999 9946 2186025 10471 305 1 100147 143.20447001381527 126 144.07898427569677 139.18937693399093 123849 87.459193090490388 185 87.459193090490388 82.132302562816719 484 22.142432689666748 2 33.699922561645508 24.108519973754884 18 7.1651887155377777e-21 1 1.9091320459788209e-20 1.2189101992945129e-20
309 15.450000000000001 15.5 341.959 10368 2196393 10474 305 1 101211 159.35362231542194 126 159.35362231542194 152.90065642705045 124917 105.24345703125 185 105.24345703125 97.852442486324833 488 33.783496856689453 2 36.489137649536133 28.474962911605836 18 2.6359275461222547e-21 1 7.0233086612328937e-21 4.4841228038834924e-21
310 15.5 15.550000000000001 341.62599999999998 10868 2207261 10476 305 1 102303 168.55660586886935 126 168.59478517562624 164.22204193115235 126135 121.97501884666649 185 122.09312306996938 115.11087102859082 491 31.97065544128418 2 39.837886810302734 31.794774255752564 18 9.6970387248559269e-22 1 2.5837327725875854e-21 1.6496176492351353e-21
311 15.550000000000001 15.6 342.13600000000002 10887 2218148 10480 305 1 103390 170.86981588696676 126 172.53152502150763 170.24950039818177 127450 134.63340351001636 185 134.69820519524652 129.62993948199298 494 28.63603401184082 2 41.874027252197266 33.301389026641843 18 3.5673438715572156e-22 1 9.5050241745088702e-22 6.0686071359213381e-22
312 15.6 15.65 342.22500000000002 11231 2229379 10483 305 1 104497 173.93199375697546 126 174.25237492152624 172.68259735834033 128833 144.32899842133392 185 144.32899842133392 139.91454042259429 498 34.363885879516602 2 42.732576370239258 34.329222564697268 18 1.3123534195467445e-22 1 3.4967058582246156e-22 2.232517334579792e-22
313 15.65 15.700000000000001 342.572 11330 2240709 10485 305 1 105589 173.80961390904017 126 175.1520018804641 173.45445637536432 130373 158.52566586056273 185 158.52566586056273 152.43128447579045 502 39.466419219970703 2 43.290755271911621 34.948326663970946 18 4.8278792270505264e-23 1 1.286367079151316e-22 8.2129756560092803e-23
314 15.700000000000001 15.75 343.76999999999998 11251 2251960 10487 305 1 106678 172.77302248515781 126 175.253786238413 173.88337944151863 131920 164.02254580935917 185 164.6532763506915 161.8011190878378 506 43.144433975219727 2 43.531726837158203 36.358642272949218 18 1.7760788340214935e-23 1 4.732280960479137e-23 3.0213865076941793e-23
315 15.75 15.800000000000001 343.51900000000001 11543 2263503 10487 305 1 107789 175.03373451838416 126 175.73067389594183 174.11099532112235 133577 173.41154595452386 185 173.5298176533467 169.83967608312659 509 35.825412750244141 2 43.650232315063477 37.246087322235105 19 4.0253090858459473 1 9.9006595611572266 6.0148076248168945
316 15.800000000000001 15.85 352.14400000000001 11369 2274872 10489 305 1 108879 174.02958097912017 126 175.56529659695096 174.00999118865482 135234 177.07342603528821 185 177.09788859599345 175.50972071797136 512 29.605815887451172 2 44.181230545043945 36.157618465423582 20 11.185442924499512 1 11.411403656005859 2.9112268042564393
317 15.85 15.9 343.98599999999999 11475 2286347 10491 305 1 109968 173.17151532854353 126 175.51970067099919 173.70663090054953 136883 177.88796551678632 185 178.42404117068727 177.46381448446738 517 42.554431915283203 2 45.185850143432617 37.180440864562989 20 4.1148958206176758 1 10.963956832885742 7.0000796318054199
318 15.9 15.950000000000001 346.35399999999998 11483 2297830 10492 305 1 111075 174.88370344373914 126 175.08570365300255 174.01913490658717 138538 178.67085604281039 185 178.77820418074324 178.14380461161844 520 34.760239601135254 2 46.921405792236328 37.716516494750977 20 1.5137865543365479 1 4.0334153175354004 2.5751865458488465
319 15.950000000000001 16 343.12799999999999 11460 2309290 10493 305 1 112165 173.78540475027901 126 175.58845713781932 174.10319969056141 140188 178.56178720835092 185 179.10935124577702 178.48632842687661 524 37.269287109375 2 47.619533538818359 37.515960922241213 21 7.4643473625183105 1 10.698867797851562 4.1087434852123259
320 16 16.050000000000001 343.32600000000002 11486 2320776 10496 305 1 113264 174.10456036764478 126 175.64105091397724 174.12844445122613 141843 178.92315046980573 185 179.26174448374155 178.56112325967322 528 40.114988327026367 2 46.468917846679688 37.182655830383304 21 2.7459807395935059 1 7.3165435791015625 4.6713418292999265
321 16.050000000000001 16.100000000000001 332.75799999999998 7353 2328129 10497 305 1 113390 77.282397739470952 126 170.97136760893324 115.85721592433873 142012 78.094830755285315 185 175.91540741791596 118.09370847093733 530 27.922256469726562 2 46.198205947875977 32.071218318939209 21 1.0101903676986694 1 2.6916067600250244 1.7184913182258605
322 16.100000000000001 16.149999999999999 331.85700000000003 7462 2335591 10497 305 1 113551 44.832058512975301 126 76.223564480978339 57.682488434503945 142231 43.44662543631889 185 76.976586646002687 57.978567571691549 531 18.708815574645996 2 27.369359493255615 19.121619877815245 21 0.37162849307060242 1 0.99018728733062744 0.6321979439258576
323 16.149999999999999 16.199999999999999 332.125 7465 2343056 10497 305 1 113706 32.593637636729646 126 44.258631176418731 36.719623464781137 142450 31.050231794408848 185 43.12149570568188 35.948523963309619 532 14.67072582244873 2 18.650146484375 13.997843908071518 21 0.13671454787254333 1 0.36426976323127747 0.2325727391242981
324 16.199999999999999 16.25 332.80000000000001 7331 2350387 10497 305 1 113852 26.909764751555429 126 32.262547209149318 28.801828993918413 142665 26.102564506273012 185 30.863532929807096 28.141601316864438 533 12.58641791343689 2 17.333100974559784 12.063538019657136 21 0.050294492393732071 1 0.13400742411613464 0.085558771714568133
325 16.25 16.300000000000001 338.44099999999997 7492 2357879 10500 305 1 114011 25.892976676660872 126 27.897897716552492 26.244749762217214 142880 24.118783159513733 185 26.106235567299095 25.207254419404101 534 10.635340556502342 2 17.534709095954895 11.931632303744555 21 0.018502319231629372 1 0.049298595637083054 0.031475325115025043
326 16.300000000000001 16.350000000000001 333.649 7461 2365340 10501 305 1 114164 25.319818188510244 126 25.694568230046166 24.85316049837877 143107 24.737231713533401 185 24.800171100126729 23.928255807950691 535 8.9283666983246803 2 17.62350157648325 11.689959932640194 21 0.0068066255189478397 1 0.018135948106646538 0.011579130114987492
327 16.350000000000001 16.399999999999999 332.83100000000002 7523 2372863 10501 305 1 114305 23.438231891701147 126 25.439391336743792 24.243786572532532 143306 23.031664264524306 185 24.461470180910986 23.202082975857966 536 8.0083064846694469 2 16.784891281276941 10.910888510979712 21 0.0025040183681994677 1 0.0066718454472720623 0.0042597257532179357
328 16.399999999999999 16.449999999999999 333.38900000000001 7610 2380473 10505 305 1 114460 24.18990927630119 126 24.676996699637836 23.858988904562146 143523 23.391201882970496 185 24.09954003961505 23.103505489619202 538 15.850182842928916 2 17.517161650583148 12.23627840823494 21 0.00092117738677188754 1 0.0024544354528188705 0.0015670661302283407
329 16.449999999999999 16.5 334.59300000000002 7564 2388037 10505 305 1 114603 23.362568382218125 126 24.667132124807392 23.517508015433656 143721 22.485725716340379 185 23.638679502461407 22.30185808712465 539 13.776422979542986 2 17.166478067170829 12.0530886273738 21 0.0003388824115972966 1 0.00090293685207143426 0.0005764917202759534
330 16.5 16.550000000000001 333.40199999999999 7558 2395595 10505 305 1 114742 22.303122770931896 126 24.098194426420839 23.112379448640613 143918 22.065270151195392 185 22.682683604019317 21.713563325662005 540 13.013530447205994 2 16.215856061200611 10.755287878834643 21 0.00012466791667975485 1 0.00033217208692803979 0.0002120795618975535
331 16.550000000000001 16.600000000000001 332.85000000000002 7597 2403192 10505 305 1 114883 22.420810105066582 126 23.343495022694004 22.264438046645378 144113 21.884716068486355 185 22.35422041378412 21.259836279702618 541 12.122001749259653 2 16.362988851964474 10.88264273484412 21 4.5862780098104849e-05 1 0.0001221993297804147 7.8019737484282816e-05
332 16.600000000000001 16.649999999999999 334.62700000000001 7538 2410730 10505 305 1 115018 21.878573215861771 126 23.653931019330649 21.965404614267513 144285 20.058820480365004 185 21.772472255770118 20.402292904497159 542 10.964634918978845 2 16.687749964956311 11.145831716007088 21 1.6871974366949871e-05 1 4.4954635086469352e-05 2.8701866467599759e-05
333 16.649999999999999 16.699999999999999 333.15699999999998 7594 2418324 10505 305 1 115143 20.449482998501193 126 22.419523235326835 21.256118002104522 144458 19.218913006141147 185 20.34755897564354 19.534240111313771 543 9.6890135298090172 2 16.962285393005004 11.262908894087159 21 6.2068534134596121e-06 1 1.6537887859158218e-05 1.0558826015767409e-05
334 16.699999999999999 16.75 332.15300000000002 5141 2423465 10507 305 1 115147 8.0295417523118964 126 20.044556364465812 12.931081675089487 144464 7.4375422012221346 185 18.838353204345832 12.312603449040248 544 8.4809149147022254 2 17.078458683967256 11.196060754989777 21 2.2833746697870083e-06 1 6.0839497564302292e-06 3.8843765742058167e-06
335 16.75 16.800000000000001 330.43099999999998 5094 2428559 10510 305 1 115151 3.4250018169922338 126 7.8705462127127541 5.193570387073108 144474 3.4294631374264024 185 7.2902690462696498 5.049214593967732 545 9.8906362784678095 2 14.462921638250918 8.6043291392275751 21 8.4000708966414095e-07 1 2.2381607323040953e-06 1.4289829448443925e-06
336 16.800000000000001 16.850000000000001 336.44600000000003 4984 2433543 10512 305 1 115156 1.6484497681863755 126 3.5613780227401244 2.5524972476329411 144480 1.6579127085916174 185 3.3615552479701316 2.4025432690220976 546 12.245783942592425 2 14.086002793772423 7.6683247625702684 21 3.0902148751010827e-07 1 8.2337385265418561e-07 5.2569372542166095e-07
337 16.850000000000001 16.899999999999999 331.38900000000001 5016 2438559 10513 305 1 115160 0.98162409148688756 126 1.6251361427153637 1.2951005571292669 144489 1.2010439988174522 185 1.6995914121388842 1.4252884418048359 546 4.5049736867032379 2 12.003301716752958 7.6636626733552076 21 1.1368267394118448e-07 1 3.0290246399999887e-07 1.933919695318309e-07
338 16.899999999999999 16.949999999999999 330.80099999999999 5068 2443627 10514 305 1 115166 0.88138955079803816 126 1.3308720495105775 1.051616648812989 144496 0.906618421697438 185 1.2333337035438907 1.0482479482877922 547 5.5247629071009214 2 14.143284552182593 8.9903754648827707 21 4.1821536456154718e-08 1 1.1143161060545026e-07 7.1144948989854127e-08
339 16.949999999999999 17 329.33600000000001 5069 2448696 10516 305 1 115172 0.90811407547577139 126 1.1368795408022445 0.9259227935495048 144502 0.74833484446889964 185 0.97810355472010879 0.80535466452789051 548 6.9489708964472925 2 13.993505682843974 8.5899859919888257 21 1.538529126321464e-08 1 4.0993416661194715e-08 2.6172776443900146e-08
340 17 17.050000000000001 329.75299999999999 5045 2453741 10517 305 1 115178 0.89303315350136181 126 1.2587866439904853 0.96731157744012375 144512 0.97882465396854446 185 1.0187712182688393 0.85288839771429048 549 9.1929960625243972 2 13.714336451116008 7.7783390920479398 21 5.6599360753750716e-09 1 1.5080642512543818e-08 9.6284325934448129e-09
341 17.050000000000001 17.100000000000001 330.99700000000001 5003 2458744 10519 305 1 115183 0.90976574324946169 126 0.90976574324946169 0.7770850207422646 144518 0.84621942866944477 185 0.95944263875456437 0.77993238847425872 550 11.818702711526925 2 13.869374291370306 7.4004628511125521 21 2.0821748769606074e-09 1 5.5478617255744211e-09 3.5421040411875991e-09
342 17.100000000000001 17.150000000000002 331.31799999999998 5026 2463770 10520 305 1 115187 0.69966463047248184 126 1.0028497150999558 0.84292781424600394 144525 0.81180207026305051 185 0.93379466749950024 0.79083114050666425 551 14.24851990252775 2 14.24851990252775 7.5943998041516645 21 7.6598960507823222e-10 1 2.0409449685843128e-09 1.3030677081804498e-09
343 17.150000000000002 17.199999999999999 332.05000000000001 5032 2468802 10522 305 1 115192 0.76587207585613026 126 0.94122733351718002 0.72810323083379247 144532 0.88417182360223179 185 0.92025553985188924 0.6851083003510845 551 5.2417387980981083 2 13.966380124290215 8.9170159753083666 21 2.8179189537347327e-10 1 7.5082201567155948e-10 4.7937198599523613e-10
344 17.199999999999999 17.25 332.084 5076 2473878 10524 305 1 115197 0.79779749146526058 126 0.89352690697782966 0.76204355695392678 144539 0.84531993563502517 185 0.90733877063174195 0.7952215323723506 552 6.288893700331716 2 14.278928758270792 8.9632812893134872 21 1.0366548591767e-10 1 2.7621205322958531e-10 1.7635115548420012e-10
345 17.25 17.300000000000001 331.30000000000001 4998 2478876 10526 305 1 115203 0.96643808616149518 126 0.98596142823819366 0.78542106331124018 144543 0.58801319947545261 185 0.82858149538748593 0.68717477074036137 553 7.3293976786275064 2 14.467333794138071 8.9698635296344609 21 3.8136417634948572e-11 1 1.0161277375075883e-10 6.4875991939716821e-11
346 17.300000000000001 17.350000000000001 333.11000000000001 5064 2483940 10527 305 1 115208 0.8761071797469262 126 1.1153815738103452 0.88308140537020263 144550 0.62813761896734543 185 0.83243775969419886 0.71703222949611312 554 9.2015323639844038 2 14.004377365253546 8.146521167912999 21 1.4029615143240637e-11 1 3.7381264750280252e-11 2.3866554028223462e-11
347 17.350000000000001 17.400000000000002 332.584 5035 2488975 10530 305 1 115214 0.87915501107787231 126 1.1139036416487857 0.94936358939961929 144557 0.73942885734620467 185 0.78515259319578501 0.64657474251449554 555 11.330522537265585 2 14.118699073834044 7.8922287464722638 21 5.1612104347287246e-12 1 1.3751810454265545e-11 8.7800219265160572e-12
348 17.400000000000002 17.449999999999999 334.34100000000001 5047 2494022 10531 305 1 115220 1.0295295003978917 126 1.0503273540762983 0.80350509517662616 144564 0.71500620157478445 185 0.91926403176139482 0.7809360514906879 555 4.1682691574222277 2 11.106163024935809 7.0908749389862074 21 1.8987038503948117e-12 1 5.059011803226765e-12 3.2299916257264029e-12
349 17.449999999999999 17.5 332.57999999999998 5054 2499076 10533 305 1 115224 0.85649470195305522 126 1.0091434556831143 0.80623093260890111 144572 0.88565487528498343 185 0.88565487528498343 0.69591697977774924 556 5.5587320327804992 2 13.67226600648109 8.6233973407823949 21 6.9849464753857227e-13 1 1.8611069716595319e-12 1.1882479201974495e-12
350 17.5 17.550000000000001 334.09199999999998 4490 2503566 10534 305 1 115230 0.88509291353126429 126 1.1947503271844517 0.92406775112805439 144579 0.85253588992396234 185 0.90307594121159485 0.78954570754568243 557 7.7002897262590242 2 13.480686187747116 7.8797831153898548 21 2.569618237809046e-13 1 6.8466353463428331e-13 4.3713226343788243e-13
351 17.550000000000001 17.600000000000001 345.15899999999999 4456 2508022 10535 305 1 115235 0.76950388943739279 126 1.0593812230569037 0.90808776549071335 144586 0.7765280073723797 185 0.89650908551111796 0.8320071437889287 558 9.6034593582159573 2 14.042989730835876 8.1157988548289435 21 9.4530991107816265e-14 1 2.5187363588037581e-13 1.6081196636363697e-13
352 17.600000000000001 17.650000000000002 336.60199999999998 4553 2512575 10536 305 1 115240 0.78036147617606599 126 0.93426227624433045 0.78290142794998274 144593 0.78720381718367882 185 0.87075482815698613 0.74618736108430139 559 10.440373420715561 2 14.964492797851893 9.171427259445581 21 3.4776018463565997e-14 1 9.2659149938337931e-14 5.9159430080960895e-14
353 17.650000000000002 17.699999999999999 331.13900000000001 4465 2517040 10537 305 1 115245 0.83161972379261595 126 0.86137074689788784 0.742903403178512 144600 0.72660168444032713 185 0.96138824661703948 0.81675500651447619 560 11.786265373230066 2 14.686590194702253 8.6675196552278084 21 1.2793387429619295e-14 1 3.4087407782502563e-14 2.1763545758851471e-14
354 17.699999999999999 17.75 332.02100000000002 4592 2521632 10540 305 1 115250 0.790781816735594 126 1.0463069018283775 0.83408163388789136 144609 0.95102361463537211 185 0.95102361463537211 0.7507877020710183 561 13.66001605987552 2 14.504703521728549 8.1449223136902464 21 4.7064263395530086e-15 1 1.2540061897952162e-14 8.0063642873021101e-15
355 17.75 17.800000000000001 331.42399999999998 4415 2526047 10540 305 1 115254 0.62619247009440904 126 1.0962576720368264 0.79786960181729061 144616 0.86520529254406575 185 1.0554311665222356 0.84171972840271014 561 5.0252423286438104 2 13.389530181884796 8.5487193965912009 21 1.7313974952302947e-15 1 4.6132328100807751e-15 2.945377592030471e-15
356 17.800000000000001 17.850000000000001 329.673 4497 2530544 10542 305 1 115260 0.81045441698391718 126 1.0255460293831513 0.76995541761840014 144621 0.74383110080921344 185 0.84807307330611459 0.66070516491607534 562 6.8645272254943892 2 13.549734115600595 8.1790452146530193 21 6.3694564174786197e-16 1 1.6971135190528217e-15 1.0835439971805436e-15
357 17.850000000000001 17.900000000000002 330.28500000000003 4545 2535089 10542 305 1 115266 0.94276884631800517 126 1.0844422112111798 0.82138521562926736 144628 0.76637231780024961 185 0.94937150076766474 0.73444018013446932 563 8.5303745269775408 2 14.064207077026369 8.3507554626464859 21 2.343193034708282e-16 1 6.2433326822368624e-16 3.986136610380396e-16
358 17.900000000000002 17.949999999999999 330.14999999999998 4520 2539609 10543 305 1 115270 0.72953756543879755 126 0.96527283409083275 0.84602683352406316 144636 0.90493747805782576 185 0.96526545824048471 0.7276806663944031 564 9.6433477401733398 2 14.676802635192871 8.8981172370910642 21 8.6201292344983965e-17 1 2.2967946874400595e-16 1.4664183664843182e-16
359 17.949999999999999 18 330.36200000000002 4537 2544146 10544 305 1 115276 0.91320860272109594 126 1.1153954165957527 0.77054044560494817 144641 0.69095788368405664 185 0.88701851975794921 0.75238757245172816 565 11.984376907348633 2 14.06379508972168 7.6823017215728759 21 3.1711702552784227e-17 1 8.4494395224813442e-17 5.3946544330395247e-17
360 18 18.050000000000001 330.80900000000003 5073 2549219 10544 305 1 115280 0.79816898814988657 126 0.95105879267841154 0.74881380114085727 144649 0.82364483228133833 185 0.91026830005524728 0.73350028940360512 566 13.548267364501953 2 14.676662445068359 8.4516929435729988 21 1.1666088829582422e-17 1 3.1083769897460522e-17 1.9845836800514366e-17
361 18.050000000000001 18.100000000000001 331.685 5045 2554264 10544 305 1 115284 0.64897279045584588 126 1.0449474286657199 0.78262984277646008 144656 0.83347563207059971 185 0.98059334860333969 0.7470239130861972 566 4.9841313362121582 2 13.279994010925293 8.4787835788726813 21 4.2917161796196083e-18 1 1.1435084581456576e-17 7.300877908963468e-18
362 18.100000000000001 18.150000000000002 331.32799999999997 4977 2559241 10546 305 1 115291 0.95642663702347497 126 1.015568770513235 0.80672140599801623 144663 0.80972123982924926 185 0.93261374949498788 0.78027435383764554 567 6.0231451988220215 2 14.233654975891113 8.9713413906097408 21 1.5788348788914417e-18 1 4.2067345386180541e-18 2.685844168284077e-18
363 18.150000000000002 18.199999999999999 332.08699999999999 5040 2564281 10548 305 1 115293 0.49223838506239342 126 1.0225639469809329 0.77702234138166959 144672 0.97214845709054942 185 1.0960942906319995 0.81216456661563219 568 7.2316384315490723 2 14.274361610412598 8.8035547637939455 21 5.8082110052362974e-19 1 1.5475718978327298e-18 9.8806727064591293e-19
364 18.199999999999999 18.25 337.26999999999998 8511 2572792 10550 305 1 115999 69.904466144622319 126 71.304651593405097 43.343041176871694 145140 31.774359419539167 185 31.774359419539167 20.099366061703741 570 14.809073448181152 2 18.826019287109375 12.498084907531739 21 2.1367222935344622e-19 1 5.6932008468426901e-19 3.6348979120164572e-19
365 18.25 18.300000000000001 338.11399999999998 8963 2581755 10552 305 1 116736 99.82751779707651 126 99.82751779707651 87.35930865635946 145691 49.286436410852382 185 49.286436410852382 42.230022035753407 572 18.971702575683594 2 21.822650909423828 15.878862075805664 21 7.860567467885857e-20 1 2.094412392943287e-19 1.3372048909215289e-19
366 18.300000000000001 18.350000000000001 338.27699999999999 9221 2590976 10553 305 1 117530 116.31471652076358 126 117.00806414891802 109.70885188390338 146323 61.369894780339422 185 61.845273858147699 56.361294961671575 574 21.263790130615234 2 23.500123977661133 17.730746097564698 21 2.8917429652461169e-20 1 7.7049179259975195e-20 4.9193049346036437e-20
367 18.350000000000001 18.400000000000002 340.67399999999998 9526 2600502 10556 305 1 118413 131.01690800984701 126 132.47482009161087 125.6030625261579 147079 74.382533429120045 185 74.382533429120045 68.846780384579219 576 22.214595794677734 2 24.550926208496094 19.058664703369139 21 1.0638133982322941e-20 1 2.8344826798118407e-20 1.8097122307258566e-20
368 18.400000000000002 18.449999999999999 340.572 9979 2610481 10557 305 1 119369 143.75501656910731 126 145.10449321686275 139.13487428574336 147958 87.330970722920185 185 87.478973471151818 82.207638172458957 579 26.295110702514648 2 32.880505561828613 25.96015751838684 21 3.9135518250114128e-21 1 1.0427484846076783e-20 6.6575626754569034e-21
369 18.449999999999999 18.5 345.53399999999999 10393 2620874 10559 305 1 120433 159.84407527863033 126 159.84407527863033 152.96015200054831 149023 104.84984427787163 185 104.84984427787163 97.79086213312921 582 27.008303165435791 2 38.704646110534668 29.293917756080628 21 1.4397157321358224e-21 1 3.8360581686503353e-21 2.4491812113535265e-21
370 18.5 18.550000000000001 342.81999999999999 10932 2631806 10561 305 1 121518 167.9109838576544 126 168.89808872767858 164.23568662613158 150245 122.09183184649493 185 122.09183184649493 115.03796541946002 585 25.849507331848145 2 38.69000244140625 31.147251653671265 21 5.296419185847584e-22 1 1.4112074854679365e-21 9.0100358426396405e-22
371 18.550000000000001 18.600000000000001 341.91199999999998 10983 2642789 10563 305 1 122610 171.08606126573352 126 172.46121143159411 170.18986962454662 151558 134.52966452933646 185 134.92671364449166 129.63207464269686 589 31.83568811416626 2 41.791336059570312 34.073473005294801 22 5.4335980415344238 1 9.9006595611572266 4.6205539703369141
372 18.600000000000001 18.650000000000002 345.05099999999999 11129 2653918 10563 305 1 123715 174.08613707527283 126 174.36006043449279 172.42662013704819 152931 143.01805057010134 185 143.79059011098502 140.02863701815218 592 27.756662845611572 2 43.406107902526855 34.038376884460448 22 1.9989103078842163 1 5.3260054588317871 3.4004573464393615
373 18.650000000000002 18.699999999999999 345.34399999999999 11308 2665226 10567 305 1 124800 172.97251298692493 126 175.32708037845671 173.3247131541419 154487 158.95870955183699 185 158.95870955183699 152.43440013411239 597 40.664200782775879 2 46.774965286254883 37.221102304458618 23 9.8748197555541992 1 10.697263717651367 2.2025848066806795
374 18.699999999999999 18.75 344.25 11323 2676549 10570 305 1 125896 173.46159278021918 126 175.36049204024059 173.48401898096472 156035 164.57394697859482 185 165.11136631321261 161.79205165553734 600 33.777267456054688 2 47.455286026000977 36.818298759460447 23 3.6327450275421143 1 9.6792850494384766 6.179864897727966
375 18.75 18.800000000000001 344.709 11415 2687964 10570 305 1 127002 175.21095614963107 126 175.29192945692273 173.8235976179819 157684 173.11961059570314 185 173.79794179555532 169.80974111526072 604 36.55640983581543 2 47.01129150390625 37.248568363189698 23 1.336412787437439 1 3.5608119964599609 2.2734465074539183
376 18.800000000000001 18.850000000000001 345.35599999999999 11456 2699420 10572 305 1 128085 173.32505386594741 126 175.48491220625621 173.77183341132269 159348 177.67028470425993 185 177.67028470425993 175.38654293905725 607 30.038268089294434 2 47.234016418457031 36.453183937072751 23 0.49163892865180969 1 1.3099499940872192 0.83635448276996616
377 18.850000000000001 18.900000000000002 344.03100000000001 11408 2710828 10572 305 1 129174 172.44180358402312 126 175.06539384145586 173.73155785939048 160987 177.46995519689611 185 178.97707371067355 177.3874901238519 612 42.198846817016602 2 47.334089279174805 37.960618038177493 23 0.18086391687393188 1 0.48190382122993469 0.30767771542072297
378 18.900000000000002 18.949999999999999 347.07799999999997 11471 2722299 10573 305 1 130286 175.17659275115483 126 175.86981516035777 173.8003759620303 162642 178.01288897540118 185 179.82281980772277 178.38137511877119 615 34.94343376159668 2 44.421804428100586 37.183108615875241 24 6.703148365020752 1 9.9999198913574219 3.5427191825211048
379 18.949999999999999 19 349.18000000000001 11460 2733759 10575 305 1 131368 173.18141392299108 126 175.27654217916822 173.72129799979078 164306 179.16216950287691 185 179.59513434332771 178.75403875237541 619 37.158557891845703 2 45.22743034362793 37.806946926116943 24 2.4659512042999268 1 6.5704174041748047 4.1949677133560179
380 19 19.050000000000001 344.57999999999998 11485 2745244 10579 305 1 132466 173.55380454895987 126 175.73830837673611 173.91700944446382 165960 179.07074164313238 185 179.61102666081609 178.90130241435276 622 30.700150489807129 2 45.488487243652344 36.394051342010499 25 4.7746500968933105 1 12.223005294799805 7.7143148183822632
381 19.050000000000001 19.100000000000001 332.95100000000002 7339 2752583 10581 305 1 132598 77.721114749000179 126 170.90297832186261 115.82998218960232 166128 78.120507173280458 185 175.84600755846179 118.10629841778729 624 24.752013921737671 2 38.240472793579102 25.888860111236571 25 1.7564959526062012 1 4.6801056861877441 2.9880739450454712
382 19.100000000000001 19.150000000000002 333.10700000000003 7418 2760001 10582 305 1 132750 43.910461713397311 126 76.967900442698649 57.600672587742878 166349 43.705120787749422 185 77.001754781362166 57.964287667351797 625 17.051227331161499 2 24.261892080307007 17.624040443897247 25 0.6461789608001709 1 1.721714973449707 1.0992511701583862
383 19.150000000000002 19.199999999999999 331.99099999999999 7466 2767467 10583 305 1 132908 32.453095178755504 126 43.512436564006499 36.422545179488175 166573 31.6595658482732 185 43.267838297663509 36.141722845335266 626 12.909410357475281 2 19.258573353290558 14.100539692640304 25 0.23771603405475616 1 0.63338375091552734 0.40439206540584566
384 19.199999999999999 19.25 333.584 7382 2774849 10584 305 1 133056 26.953273604786585 126 32.124787648518883 28.937073123795638 166793 27.093923865137874 185 31.480040880151698 28.303923743119114 627 10.075116410851479 2 18.728908240795135 12.806049520075321 25 0.087450869381427765 1 0.23300893604755402 0.14876756548881531
385 19.25 19.300000000000001 334.51799999999997 7406 2782255 10584 305 1 133212 25.647653071653274 126 27.301465668375531 26.054514000131967 167000 24.254290654852582 185 27.004642017467603 25.189711381873568 628 8.2449544854462147 2 17.986130475997925 11.811923583969474 25 0.032171387225389481 1 0.08571922779083252 0.054728544130921361
386 19.300000000000001 19.350000000000001 335.71499999999997 7508 2789763 10584 305 1 133361 24.324254234158804 126 26.267570109594438 24.961004010495685 167225 24.417812753529162 185 25.364028664859564 24.162432694187043 630 16.148131567984819 2 17.82232453674078 12.175584165602922 25 0.011835197918117046 1 0.031534351408481598 0.020133515372872352
387 19.350000000000001 19.400000000000002 334.24799999999999 7604 2797367 10584 305 1 133509 23.38928241933149 126 25.057210914199313 24.417717814111992 167432 23.406586168827236 185 24.6835469540712 23.379527711594427 631 14.210293396376073 2 17.012809809297323 11.918523798771202 25 0.0043539288453757763 1 0.011600845493376255 0.0074067107960581781
388 19.400000000000002 19.449999999999999 336.91500000000002 7539 2804906 10585 305 1 133659 23.262072323629308 126 24.687102384214835 23.935466124729984 167639 23.003923863575267 185 23.424175674246776 22.777027952133395 632 12.710436321562156 2 16.817553859669715 11.48491102182772 25 0.0016017213929444551 1 0.0042677153833210468 0.0027247781655751167
389 19.449999999999999 19.5 336.18700000000001 7570 2812476 10588 305 1 133806 22.947153894600294 126 24.636938403700551 23.645113812799728 167842 22.572208708403885 185 23.117949125231117 22.373359113014025 633 11.722904997528531 2 16.470065783360042 10.977687014448456 25 0.00058924051700159907 1 0.001570005202665925 0.0010023901250679045
390 19.5 19.550000000000001 333.93299999999999 7588 2820064 10590 305 1 133952 23.024536354644667 126 23.606469422371852 23.097992779897258 168038 21.760426319304955 185 22.660420021998721 21.992881739199625 634 10.689006226748461 2 16.596890787477605 11.02359786862973 25 0.00021676960750482976 1 0.00057757279137149453 0.0003687588623142801
391 19.550000000000001 19.600000000000001 335.524 7516 2827580 10590 305 1 134094 22.838601667870073 126 23.619712802818015 22.723764083331325 168226 20.856133475225118 185 22.060048576361325 21.219605274973286 635 10.182392482354771 2 16.12966081732884 10.50156460088736 25 7.9745121183805168e-05 1 0.00021247728727757931 0.00013565886867581868
392 19.600000000000001 19.650000000000002 335.36500000000001 7615 2835195 10590 305 1 134224 21.503113695142222 126 23.052297044817049 21.957099012841013 168412 20.546229593495436 185 21.099142429878231 20.414923337791876 636 9.1794936524784134 2 16.726122709580522 10.992905292973155 25 2.9336595616769046e-05 1 7.8166063758544624e-05 4.9906122585525735e-05
393 19.650000000000002 19.699999999999999 332.839 7526 2842721 10590 305 1 134354 20.727658119424071 126 22.815424300940421 21.402648666380319 168583 19.506926013511997 185 20.390362600677623 19.515433137589174 637 8.5974931485216075 2 16.3049752011284 10.576201051809731 25 1.0792336979648098e-05 1 2.8755692255799659e-05 1.835944603953976e-05
394 19.699999999999999 19.75 330.38299999999998 5147 2847868 10591 305 1 134359 8.1449882226870471 126 20.474376417277011 13.250918375542152 168587 7.4312124632228942 185 19.120663196459173 12.3877962546047 638 8.1786852687928331 2 16.143722493777204 10.414633038372486 25 3.9702804315311369e-06 1 1.0578634828561917e-05 6.7540661711973371e-06
395 19.75 19.800000000000001 331.01799999999997 5012 2852880 10592 305 1 134364 3.5046154030079624 126 7.9837066776339531 5.3877765907917263 168597 3.4560376797151844 185 7.2840646488230201 5.0166382593963155 639 8.4423713436974595 2 15.382996958867807 9.7389440721407485 25 1.4605851674787118e-06 1 3.8916637095098849e-06 2.4846827886904067e-06
396 19.800000000000001 19.850000000000001 330.42200000000003 5068 2857948 10594 305 1 134369 1.8016378559701653 126 3.4352194023168048 2.4796560053524881 168602 1.6007260845652767 185 3.3876035686186281 2.3773615034941553 640 9.3559008542125639 2 14.820438130517232 9.0955746185739379 25 5.3731952220914536e-07 1 1.4316636907096836e-06 9.1406429646667676e-07
397 19.850000000000001 19.900000000000002 331.101 5033 2862981 10594 305 1 134373 1.0820738778697236 126 1.7659630529630257 1.3473133162230315 168611 1.1890519988717692 185 1.6101277851580833 1.3805442565072932 641 11.22997989892923 2 14.276102554013505 8.1445983168740614 25 1.9766893899486604e-07 1 5.2667991212729248e-07 3.3626564061250974e-07
398 19.900000000000002 19.949999999999999 332.476 5103 2868084 10594 305 1 134378 0.88533477398183302 126 1.2902957764515541 0.98842904882554583 168618 0.94400786360837674 185 1.2624296677596003 0.99935870774898561 642 12.401007793494571 2 14.846701791070572 8.8406455439496145 25 7.2718364663160173e-08 1 1.9375482906980324e-07 1.2370527485927596e-07
399 19.949999999999999 20 333.83100000000002 4983 2873067 10595 305 1 134383 0.82777722963057421 126 0.97434254593900149 0.8506346576340077 168623 0.7246057073970642 185 1.0140269522680387 0.75775610684403594 643 13.343176893684799 2 15.044387875955103 9.067223169962018 25 2.6751594717211447e-08 1 7.1278442703714973e-08 4.5508642756431073e-08
